scene_id,sensor,time_utc,nirmap_mean0,nirmap_median0,nirmap_std0,swirmap1_mean0,swirmap1_median0,swirmap1_std0,swirmap2_mean0,swirmap2_median0,swirmap2_std0,hotmap_mean0,hotmap_median0,hotmap_std0,whitenessmap_mean0,whitenessmap_median0,whitenessmap_std0,ndsimap1_mean0,ndsimap1_median0,ndsimap1_std0,ndsimap2_mean0,ndsimap2_median0,ndsimap2_std0,ndvimap_mean0,ndvimap_median0,ndvimap_std0,ndwimap_mean0,ndwimap_median0,ndwimap_std0,mndwimap1_mean0,mndwimap1_median0,mndwimap1_std0,mndwimap2_mean0,mndwimap2_median0,mndwimap2_std0,waterratiomap1_mean0,waterratiomap1_median0,waterratiomap1_std0,waterratiomap2_mean0,waterratiomap2_median0,waterratiomap2_std0,brtestmap1_mean0,brtestmap1_median0,brtestmap1_std0,brtestmap2_mean0,brtestmap2_median0,brtestmap2_std0,btmap1_mean0,btmap1_median0,btmap1_std0,btmap2_mean0,btmap2_median0,btmap2_std0,raamap_mean0,raamap_median0,raamap_std0,vzamap_mean0,vzamap_median0,vzamap_std0,szamap_mean0,szamap_median0,szamap_std0,nirmap_mean1,nirmap_median1,nirmap_std1,swirmap1_mean1,swirmap1_median1,swirmap1_std1,swirmap2_mean1,swirmap2_median1,swirmap2_std1,hotmap_mean1,hotmap_median1,hotmap_std1,whitenessmap_mean1,whitenessmap_median1,whitenessmap_std1,ndsimap1_mean1,ndsimap1_median1,ndsimap1_std1,ndsimap2_mean1,ndsimap2_median1,ndsimap2_std1,ndvimap_mean1,ndvimap_median1,ndvimap_std1,ndwimap_mean1,ndwimap_median1,ndwimap_std1,mndwimap1_mean1,mndwimap1_median1,mndwimap1_std1,mndwimap2_mean1,mndwimap2_median1,mndwimap2_std1,waterratiomap1_mean1,waterratiomap1_median1,waterratiomap1_std1,waterratiomap2_mean1,waterratiomap2_median1,waterratiomap2_std1,brtestmap1_mean1,brtestmap1_median1,brtestmap1_std1,brtestmap2_mean1,brtestmap2_median1,brtestmap2_std1,btmap1_mean1,btmap1_median1,btmap1_std1,btmap2_mean1,btmap2_median1,btmap2_std1,raamap_mean1,raamap_median1,raamap_std1,vzamap_mean1,vzamap_median1,vzamap_std1,szamap_mean1,szamap_median1,szamap_std1
LC08_L1TP_196028_20160807_20200906_02_T1,LANDSAT_8,20160807,0.016434602439403534,0.016771970316767693,0.0012832984793931246,0.007155395578593016,0.007564299274235964,0.0012428556801751256,0.005188191309571266,0.005510095506906509,0.0008847864810377359,0.08465064316987991,0.0847540870308876,0.0006525021162815392,1.0222736597061157,1.0163936614990234,0.015612546354532242,0.8275434374809265,0.8172798156738281,0.024969903752207756,0.8718414902687073,0.8658429384231567,0.018465852364897728,-0.356121301651001,-0.3514021635055542,0.021077586337924004,0.6427497267723083,0.6375033855438232,0.017673175781965256,0.8275434374809265,0.8172798156738281,0.024969903752207756,0.8718414902687073,0.8658429384231567,0.018465852364897728,4.706431865692139,4.540919780731201,0.42233002185821533,5.127057075500488,4.929579257965088,0.4147294759750366,0.4322010278701782,0.45280203223228455,0.046592921018600464,0.31349432468414307,0.3244003355503082,0.032521918416023254,19.310659408569336,19.311065673828125,0.03269275650382042,18.37246322631836,18.379974365234375,0.03658794239163399,142.33518981933594,142.33999633789062,0.005000877659767866,3.916800022125244,3.9200000762939453,0.004664757288992405,34.150001525878906,34.150001525878906,0.0,0.024529658257961273,0.024595437571406364,0.0008724211947992444,0.014812400564551353,0.014728236943483353,0.0007279483252204955,0.011476900428533554,0.011463353410363197,0.000640078098513186,0.07488961517810822,0.07499554753303528,0.00034581442014314234,0.9021544456481934,0.9005775451660156,0.016685882583260536,0.6184555292129517,0.6181819438934326,0.011852403171360493,0.6911274790763855,0.6923575401306152,0.011686541140079498,-0.20027434825897217,-0.1996753215789795,0.007881004363298416,0.43833184242248535,0.4356271028518677,0.009965622797608376,0.6184555292129517,0.6181819438934326,0.011852403171360493,0.6911274790763855,0.6923575401306152,0.011686541140079498,2.533836841583252,2.526252269744873,0.0625191479921341,2.768763542175293,2.772024393081665,0.07111407071352005,0.6037183403968811,0.6040268540382385,0.01593613624572754,0.4676843583583832,0.46545079350471497,0.0146616967394948,19.79619789123535,19.79779052734375,0.0073860944248735905,18.78203010559082,18.769073486328125,0.02424951083958149,144.9788055419922,144.97999572753906,0.008631404489278793,2.299999952316284,2.299999952316284,0.004898975137621164,34.209999084472656,34.209999084472656,0.0
LC08_L1TP_195028_20160816_20200906_02_T1,LANDSAT_8,20160816,0.01866399496793747,0.018674025312066078,0.00019851115939673036,0.0039383345283567905,0.003935325890779495,0.0001524395920569077,0.0020694276317954063,0.0020804579835385084,0.00013657184899784625,0.08711621165275574,0.08709114789962769,0.0002356995828449726,1.0161888599395752,1.0160839557647705,0.0037914826534688473,0.8923544883728027,0.8924289345741272,0.003947100602090359,0.9419549703598022,0.9418565630912781,0.0037508560344576836,-0.2914094924926758,-0.2912484407424927,0.005265749525278807,0.5753074288368225,0.5751354694366455,0.0036298977211117744,0.8923544883728027,0.8924289345741272,0.003947100602090359,0.9419549703598022,0.9418565630912781,0.0037508560344576836,4.5683674812316895,4.567480087280273,0.052270643413066864,4.980362415313721,4.972325325012207,0.06535746902227402,0.21103841066360474,0.2105262279510498,0.008563491515815258,0.11087489873170853,0.11170908808708191,0.007184415590018034,20.677818298339844,20.673553466796875,0.020841281861066818,19.548885345458984,19.555389404296875,0.046344466507434845,34.93599319458008,34.93999481201172,0.005658062640577555,6.431199550628662,6.429999828338623,0.004308180883526802,37.06999969482422,37.06999969482422,0.0,0.01873798668384552,0.018738986924290657,0.00023451798188034445,0.003981593064963818,0.003988617565482855,0.00018644859665073454,0.002007851842790842,0.0020319323521107435,0.00014392781304195523,0.08744611591100693,0.08747372031211853,0.0002570990181993693,1.03743314743042,1.0375776290893555,0.004393045324832201,0.8891502618789673,0.8888890147209167,0.004971461836248636,0.9425222873687744,0.942205011844635,0.0040255356580019,-0.2899865210056305,-0.28943631052970886,0.007162139751017094,0.5671984553337097,0.567708432674408,0.004477581009268761,0.8891502618789673,0.8888890147209167,0.004971461836248636,0.9425222873687744,0.942205011844635,0.0040255356580019,4.4856672286987305,4.474149227142334,0.06428705900907516,4.912489891052246,4.917777061462402,0.07379104942083359,0.21251358091831207,0.21166880428791046,0.010082079097628593,0.10716349631547928,0.1070948988199234,0.007692932151257992,20.504894256591797,20.5128173828125,0.034055083990097046,19.08731460571289,19.087066650390625,0.015329713933169842,44.02360534667969,44.02000427246094,0.004797364119440317,8.005200386047363,8.010000228881836,0.004996112547814846,37.130001068115234,37.130001068115234,0.0
LC08_L1TP_196028_20160823_20200906_02_T1,LANDSAT_8,20160823,0.010717445984482765,0.010683710686862469,0.0001657549582887441,0.0020539239048957825,0.002019160892814398,0.00015092988905962557,0.001141976099461317,0.0011245955247431993,0.0001357703295070678,0.07460706681013107,0.0746198445558548,0.0001927965640788898,1.0979057550430298,1.0980274677276611,0.005058291833847761,0.9296358227729797,0.9308840036392212,0.0050067114643752575,0.9602549076080322,0.9609411954879761,0.004680439364165068,-0.4103027284145355,-0.41126763820648193,0.006599471904337406,0.6802455186843872,0.6809161305427551,0.004451830871403217,0.9296358227729797,0.9308840036392212,0.0050067114643752575,0.9602549076080322,0.9609411954879761,0.004680439364165068,6.417831897735596,6.404004096984863,0.09611959010362625,6.9124369621276855,6.9245758056640625,0.13245436549186707,0.19176866114139557,0.18536505103111267,0.015483674593269825,0.10655364394187927,0.10426492244005203,0.012490135617554188,19.481739044189453,19.4835205078125,0.01438674796372652,18.47743034362793,18.476593017578125,0.024133948609232903,137.88360595703125,137.8800048828125,0.004797364119440317,3.968400239944458,3.9700000286102295,0.0046303304843604565,38.5099983215332,38.5099983215332,0.0,0.015848301351070404,0.015881039202213287,0.0004425014485605061,0.007752807345241308,0.007825436070561409,0.0003692265891004354,0.005604646168649197,0.005600553937256336,0.00028345437021926045,0.07338779419660568,0.07340825349092484,0.00026799592887982726,1.0090237855911255,1.009211778640747,0.00793533492833376,0.7640649676322937,0.7630147933959961,0.009307348169386387,0.8236721754074097,0.8237426280975342,0.007606608793139458,-0.30616089701652527,-0.30478885769844055,0.009667376056313515,0.5705425143241882,0.570242166519165,0.008290803991258144,0.7640649676322937,0.7630147933959961,0.009307348169386387,0.8236721754074097,0.8237426280975342,0.007606608793139458,3.7222084999084473,3.7202200889587402,0.10000697523355484,4.094815254211426,4.0764665603637695,0.10808881372213364,0.48908504843711853,0.49114328622817993,0.01616690494120121,0.35354888439178467,0.3547855615615845,0.012478026561439037,19.283445358276367,19.2835693359375,0.03510322421789169,18.555870056152344,18.552734375,0.03726566955447197,140.41079711914062,140.41000366210938,0.007961324416100979,2.3523998260498047,2.3499999046325684,0.004270826932042837,38.54999923706055,38.54999923706055,0.0
LC08_L1TP_195028_20160901_20200906_02_T1,LANDSAT_8,20160901,0.019961677491664886,0.01998099312186241,0.0002927721361629665,0.005932606291025877,0.0059540607035160065,0.00028856252902187407,0.0038449277635663748,0.003808454377576709,0.0002495140943210572,0.09244789183139801,0.09235510230064392,0.00048408651491627097,1.0334223508834839,1.033756971359253,0.005103390663862228,0.8474587202072144,0.8472129106521606,0.006402948405593634,0.8984216451644897,0.8992551565170288,0.00591265456750989,-0.2911980152130127,-0.2895354628562927,0.005329541862010956,0.5650835633277893,0.5654191970825195,0.003823657752946019,0.8474587202072144,0.8472129106521606,0.006402948405593634,0.8984216451644897,0.8992551565170288,0.00591265456750989,4.179599285125732,4.171635150909424,0.06977936625480652,4.546209335327148,4.551299095153809,0.07807114720344543,0.2971142828464508,0.29648861289024353,0.01185352262109518,0.1925211399793625,0.19067203998565674,0.010599758476018906,20.298965454101562,20.30224609375,0.06327435374259949,19.218490600585938,19.232696533203125,0.055186234414577484,39.566795349121094,39.56999206542969,0.006142852362245321,6.348800182342529,6.349999904632568,0.004308074712753296,41.779998779296875,41.779998779296875,0.0,0.02513035386800766,0.02517298050224781,0.0007314005051739514,0.010448255576193333,0.010439534671604633,0.0007577135693281889,0.0073265512473881245,0.0072191148065030575,0.0006547578377649188,0.09424100816249847,0.09421083331108093,0.00037310158950276673,1.0063178539276123,1.0070738792419434,0.009041105397045612,0.7511684894561768,0.7512788772583008,0.014352625235915184,0.8188083171844482,0.8204872608184814,0.013675120659172535,-0.23559297621250153,-0.23670314252376556,0.007879636250436306,0.4903041422367096,0.49010032415390015,0.008563326671719551,0.7511684894561768,0.7512788772583008,0.014352625235915184,0.8188083171844482,0.8204872608184814,0.013675120659172535,3.2103159427642822,3.2139618396759033,0.10339350253343582,3.5193467140197754,3.5228986740112305,0.1172163113951683,0.4152912199497223,0.4142075777053833,0.019221840426325798,0.2910722494125366,0.2928958237171173,0.018316438421607018,20.509449005126953,20.522735595703125,0.03928517550230026,19.344890594482422,19.33746337890625,0.04569084569811821,48.808799743652344,48.80999755859375,0.003250310430303216,7.9232001304626465,7.920000076293945,0.004664645995944738,41.820796966552734,41.81999969482422,0.002713513094931841
LC08_L1TP_196028_20160908_20200906_02_T1,LANDSAT_8,20160908,0.014775000512599945,0.014770581386983395,0.0002547996991779655,0.0035482472740113735,0.003506278619170189,0.00014880424714647233,0.0020485506393015385,0.002043032320216298,0.00013637603842653334,0.0799340009689331,0.07991302758455276,0.0002689569955691695,1.0747336149215698,1.0752463340759277,0.007825416512787342,0.8891622424125671,0.890658974647522,0.004181292373687029,0.9344729781150818,0.9349164962768555,0.004217157140374184,-0.33586421608924866,-0.3370649516582489,0.007064542733132839,0.6072929501533508,0.607366681098938,0.005031909327954054,0.8891622424125671,0.890658974647522,0.004181292373687029,0.9344729781150818,0.9349164962768555,0.004217157140374184,4.923263072967529,4.950078964233398,0.078343965113163,5.361922740936279,5.372133731842041,0.07917225360870361,0.2401730865240097,0.23659875988960266,0.009733336977660656,0.1386994570493698,0.13878269493579865,0.009648727253079414,19.058025360107422,19.048095703125,0.04151080176234245,17.87701988220215,17.875030517578125,0.03769144415855408,133.2652130126953,133.27000427246094,0.004993257578462362,4.017600059509277,4.019999980926514,0.004270725417882204,43.58000183105469,43.58000183105469,0.0,0.013444367796182632,0.013564825057983398,0.00022401736350730062,0.0031715671066194773,0.0031494665890932083,0.00018090965750161558,0.001631088089197874,0.0016852366970852017,0.00012707865971606225,0.07866770029067993,0.07861244678497314,0.0002564108290243894,1.1141773462295532,1.1135835647583008,0.005590052343904972,0.8958561420440674,0.896504819393158,0.005618625786155462,0.9450480937957764,0.9432032108306885,0.004202916286885738,-0.3554859459400177,-0.35329338908195496,0.008206122554838657,0.6222056746482849,0.6208494305610657,0.005216800607740879,0.8958561420440674,0.896504819393158,0.005618625786155462,0.9450480937957764,0.9432032108306885,0.004202916286885738,5.177628993988037,5.158681869506836,0.10139808058738708,5.7064409255981445,5.675775527954102,0.10657207667827606,0.23591949045658112,0.23347114026546478,0.013170312158763409,0.12134531140327454,0.12298347800970078,0.009573448449373245,19.91718101501465,19.917266845703125,0.021379172801971436,18.8748722076416,18.894622802734375,0.058875441551208496,135.6763916015625,135.67999267578125,0.008427835069596767,2.4020001888275146,2.4000000953674316,0.004898975137621164,43.619998931884766,43.619998931884766,0.0
LC08_L1TP_196028_20160924_20200906_02_T1,LANDSAT_8,20160924,0.022161584347486496,0.02198059856891632,0.0011071264743804932,0.005376834888011217,0.005197080783545971,0.0007312207017093897,0.0025997585617005825,0.0025373948737978935,0.0004842580819968134,0.08667267858982086,0.08668429404497147,0.0002525883901398629,0.9522331953048706,0.955047070980072,0.012659774161875248,0.8585644364356995,0.8627926707267761,0.016496973112225533,0.9290401339530945,0.9300170540809631,0.011969313956797123,-0.27771979570388794,-0.27932417392730713,0.013444350101053715,0.5220662951469421,0.5246875286102295,0.01534780953079462,0.8585644364356995,0.8627926707267761,0.016496973112225533,0.9290401339530945,0.9300170540809631,0.011969313956797123,3.9948770999908447,4.024583339691162,0.17509496212005615,4.44223690032959,4.478752136230469,0.18910659849643707,0.24194540083408356,0.2372410148382187,0.02112152799963951,0.11674101650714874,0.11634314805269241,0.014906683005392551,16.798465728759766,16.806549072265625,0.030317002907395363,15.685318946838379,15.697540283203125,0.03987586870789528,129.10520935058594,129.11001586914062,0.005000877659767866,3.9832000732421875,3.9800000190734863,0.004664756823331118,49.13999938964844,49.13999938964844,0.0,0.02100224792957306,0.02094963937997818,0.0003261432866565883,0.005188167095184326,0.005229759030044079,0.0001753413089318201,0.0022998680360615253,0.0022631711326539516,0.00012565357610583305,0.08285050094127655,0.08288108557462692,0.00023614692327100784,1.0073838233947754,1.0077123641967773,0.004899145103991032,0.850085973739624,0.8490734696388245,0.004608969669789076,0.9306567907333374,0.9316397905349731,0.003523413557559252,-0.2716534733772278,-0.2705006003379822,0.006777339614927769,0.5059900879859924,0.5070270299911499,0.004975343123078346,0.850085973739624,0.8490734696388245,0.004608969669789076,0.9306567907333374,0.9316397905349731,0.003523413557559252,3.8452682495117188,3.8579843044281006,0.05424743518233299,4.322014331817627,4.328064918518066,0.06450556963682175,0.24704578518867493,0.24928730726242065,0.007918667048215866,0.1094927117228508,0.10714255273342133,0.005454725120216608,16.940448760986328,16.93951416015625,0.024607373401522636,15.91169548034668,15.91876220703125,0.07214660942554474,131.54360961914062,131.54000854492188,0.011958267539739609,2.3651998043060303,2.369999885559082,0.0049959938041865826,49.15999984741211,49.15999984741211,0.0
LC08_L1TP_195028_20161003_20200906_02_T1,LANDSAT_8,20161003,0.011506476439535618,0.011490629985928535,0.00029193199588917196,0.002086797496303916,0.0020141552668064833,0.00017793613369576633,0.0012309440644457936,0.0011886769207194448,0.0001894548477139324,0.08376670628786087,0.08375284075737,0.0002932440547738224,1.1368317604064941,1.135620355606079,0.00539024081081152,0.9335014224052429,0.9353815317153931,0.005467785522341728,0.9602407217025757,0.9615592956542969,0.005996229592710733,-0.43279898166656494,-0.43044185638427734,0.010599907487630844,0.681134819984436,0.6805874705314636,0.007044564001262188,0.9335014224052429,0.9353815317153931,0.005467785522341728,0.9602407217025757,0.9615592956542969,0.005996229592710733,6.605403900146484,6.567315578460693,0.18331964313983917,7.049538612365723,7.03627347946167,0.1997929811477661,0.18140242993831635,0.17647039890289307,0.01530764065682888,0.10702221840620041,0.10714202374219894,0.016541700810194016,16.549348831176758,16.535003662109375,0.0361064188182354,15.998786926269531,15.993438720703125,0.04315939173102379,48.021202087402344,48.019996643066406,0.005879908800125122,6.354799747467041,6.349999904632568,0.004996112547814846,52.720001220703125,52.720001220703125,0.0,0.011535541154444218,0.01133072841912508,0.0004768836370203644,0.002226499607786536,0.002213283209130168,0.00030705652898177505,0.0013160762609913945,0.00125529442448169,0.00039944739546626806,0.08142140507698059,0.08136327564716339,0.00028467492666095495,1.177629828453064,1.1787348985671997,0.00989624299108982,0.9244412183761597,0.9242512583732605,0.009778141044080257,0.9547326564788818,0.9565218687057495,0.013122928328812122,-0.4196082055568695,-0.422184020280838,0.011725755408406258,0.6617217063903809,0.6656951308250427,0.010294454172253609,0.9244412183761597,0.9242512583732605,0.009778141044080257,0.9547326564788818,0.9565218687057495,0.013122928328812122,6.180135726928711,6.304675579071045,0.27919188141822815,6.625296592712402,6.770671844482422,0.3612529933452606,0.19248619675636292,0.19354814291000366,0.020794188603758812,0.11313679069280624,0.10850436985492706,0.02998410351574421,16.610977172851562,16.640106201171875,0.056477516889572144,16.096174240112305,16.10980224609375,0.05231700465083122,57.30000305175781,57.30000305175781,0.0,7.928400039672852,7.929999828338623,0.00463026762008667,52.7400016784668,52.7400016784668,0.0
LC08_L1TP_195028_20161206_20200905_02_T1,LANDSAT_8,20161206,0.022611942142248154,0.022422870621085167,0.000453609274700284,0.005570556037127972,0.005575403571128845,0.00026660540606826544,0.0028919330798089504,0.002969507360830903,0.00033786578569561243,0.10441544651985168,0.10435725748538971,0.00031755759846419096,1.0929291248321533,1.0922961235046387,0.006204037927091122,0.859890341758728,0.8603948354721069,0.006405656225979328,0.9247829914093018,0.923137366771698,0.00821223296225071,-0.3376365303993225,-0.33928558230400085,0.009357285685837269,0.5316430926322937,0.534298300743103,0.006712642032653093,0.859890341758728,0.8603948354721069,0.006405656225979328,0.9247829914093018,0.923137366771698,0.00821223296225071,4.245236873626709,4.251618385314941,0.07864335924386978,4.692766189575195,4.710525989532471,0.1200486347079277,0.2464391589164734,0.24793313443660736,0.012574040330946445,0.1277736872434616,0.12793706357479095,0.013618494383990765,7.03327751159668,7.033050537109375,0.029236115515232086,6.433143138885498,6.4495849609375,0.05256228148937225,51.88279724121094,51.87999725341797,0.006646718829870224,6.187199592590332,6.190000057220459,0.004490091931074858,70.7300033569336,70.7300033569336,0.0,0.03631534427404404,0.036179594695568085,0.000677723262924701,0.015834175050258636,0.015817204490303993,0.00036943209124729037,0.011194455437362194,0.011211424134671688,0.00031677045626565814,0.10797886550426483,0.10799340903759003,0.0003905155463144183,0.972291886806488,0.9722223877906799,0.007012817542999983,0.6774328351020813,0.6771025061607361,0.005954273045063019,0.7606342434883118,0.7607720494270325,0.006090110633522272,-0.21642298996448517,-0.21836064755916595,0.00816089753061533,0.38789501786231995,0.3884894549846649,0.007716543506830931,0.6774328351020813,0.6771025061607361,0.005954273045063019,0.7606342434883118,0.7607720494270325,0.006090110633522272,2.660322666168213,2.662764310836792,0.03846425563097,2.919954776763916,2.9271113872528076,0.03792399540543556,0.4361230134963989,0.4365480840206146,0.011376157402992249,0.3084147274494171,0.30845725536346436,0.011874235235154629,5.799722671508789,5.79766845703125,0.03771158307790756,5.063892841339111,5.055419921875,0.05443020164966583,61.49000549316406,61.49000549316406,0.0,7.761199951171875,7.760000228881836,0.004308074712753296,70.7300033569336,70.7300033569336,0.0
LC08_L1TP_195028_20161222_20200905_02_T1,LANDSAT_8,20161222,,,,,,,,,,,,,,,,,,,,,,,,,,,,,,,,,,,,,,,,,,,,,,,,,,,,,,,,,,,,,,,,,,,,,,,,,,,,,,,,,,,,,,,,,,,,,,,,,,,,,,,,,,,,,,,,,,,,,,,,
LC08_L1TP_195028_20170107_20200905_02_T1,LANDSAT_8,20170107,0.02642051875591278,0.02640053816139698,0.00026226407499052584,0.00549729447811842,0.005492310505360365,0.0003826740139629692,0.0025738878175616264,0.002558907028287649,0.0002672980190254748,0.1144997850060463,0.11452727019786835,0.00044338006409816444,1.0948859453201294,1.095172643661499,0.0066628046333789825,0.8720305562019348,0.8729243278503418,0.008376720361411572,0.9379773736000061,0.9381134510040283,0.0062317196279764175,-0.317815899848938,-0.31672048568725586,0.006113023962825537,0.5053101778030396,0.5055138468742371,0.004085249733179808,0.8720305562019348,0.8729243278503418,0.008376720361411572,0.9379773736000061,0.9381134510040283,0.0062317196279764175,4.119143486022949,4.117419719696045,0.073286272585392,4.533495903015137,4.528021335601807,0.04756312817335129,0.2080177515745163,0.20665015280246735,0.01354566216468811,0.09747613221406937,0.09761864691972733,0.010649546049535275,4.376640796661377,4.405426025390625,0.07300051301717758,3.2107043266296387,3.202880859375,0.058939024806022644,48.18959045410156,48.18999481201172,0.0072015393525362015,6.183999538421631,6.179999828338623,0.004899091552942991,71.30999755859375,71.30999755859375,0.0,,,,,,,,,,,,,,,,,,,,,,,,,,,,,,,,,,,,,,,,,,,,,,,,,,,,,,,,,,,,
LC08_L1TP_195028_20170123_20200905_02_T1,LANDSAT_8,20170123,,,,,,,,,,,,,,,,,,,,,,,,,,,,,,,,,,,,,,,,,,,,,,,,,,,,,,,,,,,,,,,,,,,,,,,,,,,,,,,,,,,,,,,,,,,,,,,,,,,,,,,,,,,,,,,,,,,,,,,,
LC08_L1TP_196028_20170215_20200905_02_T1,LANDSAT_8,20170215,0.028277650475502014,0.02838163636624813,0.00039539497811347246,0.009598609060049057,0.009631004184484482,0.00021503733296412975,0.005083118565380573,0.0050711906515061855,0.0001930505968630314,0.09197098761796951,0.09189938008785248,0.0003088870726060122,0.9939188361167908,0.99388587474823,0.00543553102761507,0.7570558786392212,0.7556756734848022,0.0047732386738061905,0.8635559678077698,0.8639999628067017,0.004675818141549826,-0.23906902968883514,-0.2381497025489807,0.006663337349891663,0.42112061381340027,0.42086952924728394,0.00560537027195096,0.7570558786392212,0.7556756734848022,0.0047732386738061905,0.8635559678077698,0.8639999628067017,0.004675818141549826,3.0487618446350098,3.0401792526245117,0.036262817680835724,3.4616494178771973,3.4679505825042725,0.04886225610971451,0.33950579166412354,0.33880579471588135,0.008891905657947063,0.17976251244544983,0.18042773008346558,0.006428712047636509,4.492143630981445,4.489013671875,0.03179571032524109,3.92903208732605,3.918487548828125,0.03541461378335953,131.7912139892578,131.79000854492188,0.0032478359062224627,4.138000011444092,4.139999866485596,0.004898904822766781,62.0099983215332,62.0099983215332,0.0,0.029648389667272568,0.029689336195588112,0.0002540813584346324,0.00998004712164402,0.009981748647987843,0.0002245824143756181,0.005309948697686195,0.005289466120302677,0.000175307912286371,0.09336788207292557,0.09337639063596725,0.0003415214887354523,0.9754254221916199,0.9751174449920654,0.006000925786793232,0.7545796036720276,0.7544599175453186,0.004893480334430933,0.8614746928215027,0.8624518513679504,0.004088619723916054,-0.2355508804321289,-0.2353263646364212,0.0048342011868953705,0.41288116574287415,0.4128596782684326,0.003134355414658785,0.7545796036720276,0.7544599175453186,0.004893480334430933,0.8614746928215027,0.8624518513679504,0.004088619723916054,3.0097856521606445,3.0129876136779785,0.024219704791903496,3.4118990898132324,3.4075894355773926,0.029227178543806076,0.33664393424987793,0.3342895209789276,0.008366348221898079,0.1791096180677414,0.17826059460639954,0.0060757603496313095,4.832620620727539,4.845855712890625,0.05039690062403679,4.515161037445068,4.5113525390625,0.03367578983306885,109.97439575195312,109.97000122070312,0.02384915016591549,2.6480002403259277,2.6500000953674316,0.0039999959990382195,62.040000915527344,62.040000915527344,0.0
LC08_L1TP_195028_20170328_20200904_02_T1,LANDSAT_8,20170328,0.03092315047979355,0.03112676367163658,0.0008275031577795744,0.012173368595540524,0.01237463392317295,0.0010365943890064955,0.008562196046113968,0.008805590681731701,0.0007754452526569366,0.08528617024421692,0.08532068133354187,0.00039845568244345486,0.9029811024665833,0.9028946757316589,0.013833592645823956,0.7056068181991577,0.7020079493522644,0.019532114267349243,0.7834631204605103,0.7772846817970276,0.016117675229907036,-0.17559696733951569,-0.1746402084827423,0.009440897032618523,0.3898489475250244,0.3884583115577698,0.008605674840509892,0.7056068181991577,0.7020079493522644,0.019532114267349243,0.7834631204605103,0.7772846817970276,0.016117675229907036,2.660299062728882,2.660971164703369,0.08313211053609848,2.9030673503875732,2.8909497261047363,0.0828363373875618,0.393319696187973,0.3964383006095886,0.02757251262664795,0.27662402391433716,0.2837463915348053,0.020931439474225044,8.45412826538086,8.455780029296875,0.02538287825882435,7.966696739196777,7.964324951171875,0.09746790677309036,39.74518966674805,39.74999237060547,0.006400642916560173,6.169600009918213,6.170000076293945,0.004454224370419979,46.869998931884766,46.869998931884766,0.0,0.022296302020549774,0.02222486026585102,0.0003219482896383852,0.008395662531256676,0.007847502827644348,0.0013833035482093692,0.0053726122714579105,0.004919331055134535,0.0009934466797858477,0.08131077885627747,0.08131545782089233,0.0004014024161733687,1.0356252193450928,1.0387990474700928,0.015426930971443653,0.7584169507026672,0.771331250667572,0.03217267245054245,0.8383467793464661,0.8503584861755371,0.02513699047267437,-0.2380475401878357,-0.23838384449481964,0.006137711461633444,0.46380719542503357,0.4642098844051361,0.004895726218819618,0.7584169507026672,0.771331250667572,0.03217267245054245,0.8383467793464661,0.8503584861755371,0.02513699047267437,3.170126438140869,3.235581874847412,0.13036848604679108,3.514035940170288,3.5465245246887207,0.11451876908540726,0.3761579096317291,0.351421058177948,0.05866575241088867,0.24067743122577667,0.22279751300811768,0.04212839901447296,7.581717491149902,7.565460205078125,0.10255006700754166,7.480781078338623,7.4786376953125,0.10775944590568542,49.279991149902344,49.279991149902344,0.0,7.743200302124023,7.739999771118164,0.004664868116378784,46.91999816894531,46.91999816894531,0.0
LC08_L1TP_195028_20170413_20200904_02_T1,LANDSAT_8,20170413,0.01219953503459692,0.012234418652951717,0.0001569022861076519,0.0027597418520599604,0.002774542197585106,0.00011771884601330385,0.0015125182690098882,0.001506179221905768,7.295252726180479e-05,0.07567794620990753,0.07570543140172958,0.0001434682053513825,1.170284628868103,1.1715900897979736,0.0048764543607831,0.9009946584701538,0.9008498787879944,0.004011618904769421,0.944496214389801,0.9445526003837585,0.002585714915767312,-0.3662944734096527,-0.364948570728302,0.00550759257748723,0.6257004737854004,0.6251522302627563,0.0038448257837444544,0.9009946584701538,0.9008498787879944,0.004011618904769421,0.944496214389801,0.9445526003837585,0.002585714915767312,5.3012471199035645,5.293808937072754,0.07561607658863068,5.7832255363464355,5.77413272857666,0.07462768256664276,0.22622175514698029,0.22629301249980927,0.009295758791267872,0.12398949265480042,0.12393125891685486,0.005933741573244333,12.345309257507324,12.3450927734375,0.049481187015771866,11.798786163330078,11.788909912109375,0.04384707659482956,43.30039978027344,43.30000305175781,0.0034401414450258017,6.063600063323975,6.059999942779541,0.004800109658390284,40.810001373291016,40.810001373291016,0.0,0.014565442688763142,0.014544283971190453,0.00023114029318094254,0.0036016914527863264,0.003569954540580511,0.00016455017612315714,0.002090142574161291,0.0020626389887183905,0.00015980377793312073,0.0751030221581459,0.07506177574396133,0.00019694480579346418,1.1576972007751465,1.1583402156829834,0.004446360748261213,0.8709215521812439,0.8720382452011108,0.005558756645768881,0.9230132102966309,0.923902690410614,0.0056890398263931274,-0.31578606367111206,-0.31601762771606445,0.007766467984765768,0.5636913776397705,0.56386798620224,0.005399934481829405,0.8709215521812439,0.8720382452011108,0.005558756645768881,0.9230132102966309,0.923902690410614,0.0056890398263931274,4.416156768798828,4.420441627502441,0.07355602085590363,4.81683349609375,4.833333492279053,0.07687512040138245,0.24731826782226562,0.24723215401172638,0.011489348486065865,0.1435592770576477,0.14102549850940704,0.011465232819318771,11.173894882202148,11.170135498046875,0.02245248295366764,10.790426254272461,10.796661376953125,0.04739806801080704,47.7500114440918,47.75000762939453,3.814697265625e-06,7.662800312042236,7.659999847412109,0.004490091931074858,40.86000061035156,40.86000061035156,0.0
LC08_L1TP_196028_20170420_20200904_02_T1,LANDSAT_8,20170420,0.02420113980770111,0.024264834821224213,0.0007875805022194982,0.01084071397781372,0.011068608611822128,0.0007831117254681885,0.008007941767573357,0.008003841154277325,0.0006207528640516102,0.07487896084785461,0.07487145811319351,0.00016632047481834888,0.9528536200523376,0.9520766139030457,0.013254883699119091,0.6916252374649048,0.6862887740135193,0.016608957201242447,0.7626374959945679,0.7632073760032654,0.014464215375483036,-0.20847761631011963,-0.20826438069343567,0.008283509872853756,0.42117172479629517,0.4210526645183563,0.009792215190827847,0.6916252374649048,0.6862887740135193,0.016608957201242447,0.7626374959945679,0.7632073760032654,0.014464215375483036,2.7530319690704346,2.7338080406188965,0.08888284862041473,2.994936227798462,2.971985101699829,0.09385930746793747,0.44744518399238586,0.44806480407714844,0.0198886226862669,0.33046868443489075,0.3280085623264313,0.01628109999001026,7.607914924621582,7.610137939453125,0.033933889120817184,6.929345607757568,6.9266357421875,0.03343779593706131,136.86041259765625,136.86000061035156,0.00195855344645679,4.274799823760986,4.269999980926514,0.004996112547814846,37.85039520263672,37.849998474121094,0.0019600132945924997,0.024846015498042107,0.025067031383514404,0.0008138978737406433,0.01193484291434288,0.012013918720185757,0.0007351624080911279,0.00926339253783226,0.009352607652544975,0.0006298479856923223,0.07463893294334412,0.07459280639886856,0.0003142667992506176,0.953294038772583,0.950019896030426,0.012709795497357845,0.6641426682472229,0.662273108959198,0.014591626822948456,0.7291534543037415,0.725956380367279,0.01384709682315588,-0.19699640572071075,-0.19665978848934174,0.007683117873966694,0.4080641567707062,0.4050975739955902,0.009700392372906208,0.6641426682472229,0.662273108959198,0.014591626822948456,0.7291534543037415,0.725956380367279,0.01384709682315588,2.615954637527466,2.5946695804595947,0.07480648159980774,2.8208436965942383,2.7900524139404297,0.08066463470458984,0.4799765348434448,0.47826066613197327,0.016421187669038773,0.37248286604881287,0.3751222789287567,0.015506879426538944,8.372532844543457,8.36431884765625,0.03928501531481743,8.094712257385254,8.09814453125,0.026631586253643036,116.16838836669922,116.16998291015625,0.02556503936648369,2.7771999835968018,2.7799999713897705,0.00448998436331749,37.900001525878906,37.900001525878906,0.0
LC08_L1TP_195028_20170429_20200904_02_T1,LANDSAT_8,20170429,0.016233675181865692,0.01619337685406208,0.00038174790097400546,0.004470253828912973,0.004521367140114307,0.0003274671908002347,0.002922175917774439,0.0029732834082096815,0.00033497647382318974,0.07596243917942047,0.07583122700452805,0.00025438691955059767,1.095996379852295,1.0972568988800049,0.0056047928519546986,0.8496352434158325,0.8488706946372986,0.009847206063568592,0.8991228342056274,0.8972632884979248,0.010679692961275578,-0.3081247806549072,-0.3091863989830017,0.009427577257156372,0.5439941883087158,0.5448896288871765,0.007010122295469046,0.8496352434158325,0.8488706946372986,0.009847206063568592,0.8991228342056274,0.8972632884979248,0.010679692961275578,4.1403093338012695,4.1130757331848145,0.11769549548625946,4.475584983825684,4.454083442687988,0.13654179871082306,0.27519384026527405,0.27675843238830566,0.01662897877395153,0.1797783076763153,0.1819503903388977,0.018189817667007446,8.849146842956543,8.845611572265625,0.030782684683799744,8.763810157775879,8.77777099609375,0.046595558524131775,36.53839874267578,36.53999328613281,0.006739318370819092,6.431199550628662,6.429999828338623,0.004308180883526802,35.52000045776367,35.52000045776367,0.0,0.019481027498841286,0.01945151947438717,0.00053393718553707,0.005874306429177523,0.005877254996448755,0.0003457697748672217,0.0035656976979225874,0.0036148838698863983,0.00034045943175442517,0.0799046978354454,0.07994550466537476,0.00026743870694190264,1.037095308303833,1.0383340120315552,0.009292619302868843,0.8222320675849915,0.8213085532188416,0.00847172737121582,0.8882298469543457,0.88692307472229,0.009491096250712872,-0.28102338314056396,-0.2781817615032196,0.009080271236598492,0.5109923481941223,0.5088481903076172,0.007997559383511543,0.8222320675849915,0.8213085532188416,0.00847172737121582,0.8882298469543457,0.88692307472229,0.009491096250712872,3.7454216480255127,3.7155351638793945,0.09917636215686798,4.12104606628418,4.1178998947143555,0.1160421296954155,0.30133047699928284,0.30334171652793884,0.010859578847885132,0.18281501531600952,0.18430867791175842,0.014207900501787663,8.485368728637695,8.48626708984375,0.023452233523130417,8.133946418762207,8.14910888671875,0.03037889301776886,45.6099967956543,45.60999298095703,3.814697265625e-06,8.005200386047363,8.010000228881836,0.004996112547814846,35.58000183105469,35.58000183105469,0.0
LC08_L1TP_195028_20170515_20200904_02_T1,LANDSAT_8,20170515,,,,,,,,,,,,,,,,,,,,,,,,,,,,,,,,,,,,,,,,,,,,,,,,,,,,,,,,,,,,,,,,,,,,,,,,,,,,,,,,,,,,,,,,,,,,,,,,,,,,,,,,,,,,,,,,,,,,,,,,
LC08_L1TP_196028_20170522_20200903_02_T1,LANDSAT_8,20170522,0.013889751397073269,0.013919838704168797,0.00018131249817088246,0.0030745617114007473,0.0030553156975656748,0.00015069113578647375,0.0017908870941028,0.0017918344819918275,9.884371684165671e-05,0.07340225577354431,0.07343097031116486,0.00017989940533880144,1.0272058248519897,1.0279285907745361,0.005202721804380417,0.8995110392570496,0.9004151225090027,0.004736901726573706,0.9402141571044922,0.9399308562278748,0.0031692020129412413,-0.3399173617362976,-0.3387978971004486,0.005356889218091965,0.6141929030418396,0.6143959760665894,0.004119760822504759,0.8995110392570496,0.9004151225090027,0.004736901726573706,0.9402141571044922,0.9399308562278748,0.0031692020129412413,5.088587760925293,5.104340076446533,0.0737345963716507,5.505074977874756,5.501465797424316,0.07485579699277878,0.22137704491615295,0.21990345418453217,0.010937890969216824,0.128935307264328,0.12993364036083221,0.006918457802385092,16.082674026489258,16.077423095703125,0.04429394006729126,14.823263168334961,14.8177490234375,0.08430340886116028,142.02000427246094,142.02000427246094,0.0,3.976400136947632,3.9800000190734863,0.004799995571374893,29.468400955200195,29.469999313354492,0.003666144795715809,0.015387021005153656,0.015377581119537354,0.00018844696751330048,0.0043634469620883465,0.0043439012952148914,0.0002396178024355322,0.002591770375147462,0.002620132640004158,0.00016506595420651138,0.06920530647039413,0.06918762624263763,0.00018600666953716427,1.0542484521865845,1.055006980895996,0.005960230249911547,0.8468707799911499,0.8475809097290039,0.007652956992387772,0.9061287641525269,0.9057462215423584,0.005560000892728567,-0.27905747294425964,-0.27854859828948975,0.006070131901651621,0.5474535226821899,0.5473613739013672,0.004292184952646494,0.8468707799911499,0.8475809097290039,0.007652956992387772,0.9061287641525269,0.9057462215423584,0.005560000892728567,4.047095775604248,4.047455787658691,0.06540588289499283,4.44588565826416,4.439898490905762,0.07039453089237213,0.28359559178352356,0.28070178627967834,0.015548854134976864,0.1684112697839737,0.16890880465507507,0.01008386630564928,15.338150978088379,15.335601806640625,0.07767190039157867,14.09315299987793,14.1197509765625,0.10985121130943298,144.6116180419922,144.61001586914062,0.008328676223754883,2.359999895095825,2.359999895095825,0.004898975137621164,29.52560043334961,29.530000686645508,0.004963983315974474
LC08_L1TP_195028_20170616_20200903_02_T1,LANDSAT_8,20170616,0.018424613401293755,0.018400240689516068,0.0002529895573388785,0.004869591444730759,0.004798093810677528,0.00020671046513598412,0.002840819302946329,0.002806425094604492,0.00016410792886745185,0.08247216045856476,0.08247292041778564,0.00023990798217710108,1.0966030359268188,1.0978530645370483,0.005397569853812456,0.8506612181663513,0.8529618978500366,0.005873706191778183,0.9100861549377441,0.9113654494285583,0.004888488445430994,-0.268973171710968,-0.2688659131526947,0.007378114853054285,0.5321637988090515,0.5326305031776428,0.0048528448678553104,0.8506612181663513,0.8529618978500366,0.005873706191778183,0.9100861549377441,0.9113654494285583,0.004888488445430994,3.964177131652832,3.9641830921173096,0.06258665770292282,4.342586994171143,4.339363098144531,0.07575901597738266,0.26430410146713257,0.26108959317207336,0.01069194171577692,0.15415216982364655,0.1519603729248047,0.007966400124132633,20.168176651000977,20.173248291015625,0.05390448868274689,18.859468460083008,18.859588623046875,0.033279258757829666,27.91799545288086,27.919998168945312,0.006325907073915005,6.31879997253418,6.320000171661377,0.004308180883526802,27.90959930419922,27.90999984741211,0.0019596365746110678,0.01939866691827774,0.01954633742570877,0.0006710345624014735,0.007031244691461325,0.007134523708373308,0.0005276885349303484,0.004793493077158928,0.004778995178639889,0.0004769869556184858,0.0813952386379242,0.08146952092647552,0.00029176383395679295,1.1138620376586914,1.1184066534042358,0.011837800033390522,0.7852619886398315,0.7832818627357483,0.01306191086769104,0.8484665155410767,0.8477635383605957,0.013019178993999958,-0.24207253754138947,-0.2411067932844162,0.010256272740662098,0.5014342665672302,0.4991295635700226,0.010149044916033745,0.7852619886398315,0.7832818627357483,0.01306191086769104,0.8484665155410767,0.8477635383605957,0.013019178993999958,3.417099952697754,3.3774070739746094,0.12035796791315079,3.7338974475860596,3.7094671726226807,0.1410101056098938,0.36202698945999146,0.36150243878364563,0.01706148125231266,0.2466062754392624,0.24649500846862793,0.017333433032035828,19.98483657836914,19.98944091796875,0.026142431423068047,18.739852905273438,18.7369384765625,0.014425135217607021,37.08399963378906,37.08000183105469,0.004896288271993399,7.893199920654297,7.889999866485596,0.0046648685820400715,27.989999771118164,27.989999771118164,0.0
LC08_L1TP_196028_20170623_20200903_02_T1,LANDSAT_8,20170623,0.037689898163080215,0.03762594610452652,0.0004282112349756062,0.016947215422987938,0.01706790179014206,0.00029571171035058796,0.011342273093760014,0.01130354031920433,0.0001898404152598232,0.0866113007068634,0.08654420077800751,0.00024168931122403592,0.8788691163063049,0.8793376684188843,0.003995087929069996,0.6229971051216125,0.620905339717865,0.005861806683242321,0.7309039235115051,0.731471598148346,0.004129047971218824,-0.09649541974067688,-0.09789072722196579,0.004525180906057358,0.31874001026153564,0.31893226504325867,0.005775786004960537,0.6229971051216125,0.620905339717865,0.005861806683242321,0.7309039235115051,0.731471598148346,0.004129047971218824,2.1727254390716553,2.171534538269043,0.026543451473116875,2.421053886413574,2.420860528945923,0.02774975262582302,0.4496380686759949,0.4507618844509125,0.005135246552526951,0.300932914018631,0.3006654679775238,0.0033795482013374567,21.20561981201172,21.215972900390625,0.05270345136523247,19.41653823852539,19.418853759765625,0.04067939892411232,147.0723876953125,147.0699920654297,0.0042684865184128284,4.00600004196167,4.010000228881836,0.004899091552942991,27.350000381469727,27.350000381469727,0.0,0.05474560707807541,0.05479607358574867,0.0007580764358863235,0.02712315134704113,0.026992471888661385,0.0004285452305339277,0.01847654953598976,0.01843058317899704,0.0003211463335901499,0.09239629656076431,0.0924796611070633,0.00029292446561157703,0.7463954091072083,0.7463572025299072,0.006399206817150116,0.5192587375640869,0.5194262266159058,0.004619139712303877,0.6453404426574707,0.6459682583808899,0.003902121912688017,-0.0311724990606308,-0.03151635825634003,0.004545298404991627,0.22048982977867126,0.22088748216629028,0.004708967637270689,0.5192587375640869,0.5194262266159058,0.004619139712303877,0.6453404426574707,0.6459682583808899,0.003902121912688017,1.7587984800338745,1.7626838684082031,0.015735279768705368,1.9665073156356812,1.9675825834274292,0.01814228855073452,0.49545904994010925,0.496439129114151,0.005718355067074299,0.3375034034252167,0.3367725610733032,0.0039664460346102715,17.697887420654297,17.69342041015625,0.03767528757452965,15.891031265258789,15.900848388671875,0.043627627193927765,149.62997436523438,149.62998962402344,0.009378296323120594,2.3888001441955566,2.390000104904175,0.004308127798140049,27.420000076293945,27.420000076293945,0.0
LC08_L1TP_195028_20170718_20200903_02_T1,LANDSAT_8,20170718,0.01986510120332241,0.0198241975158453,0.00033196009462699294,0.005273743066936731,0.005345324985682964,0.0002367273555137217,0.0030073244124650955,0.003021272597834468,0.00015844542940612882,0.09209676831960678,0.09206748753786087,0.00024359748931601644,1.0735342502593994,1.0741748809814453,0.0038952287286520004,0.8591919541358948,0.8575853109359741,0.005767796188592911,0.9171985387802124,0.917144775390625,0.00411206902936101,-0.26906895637512207,-0.2693790793418884,0.007038962561637163,0.5560389757156372,0.5571132302284241,0.005863912403583527,0.8591919541358948,0.8575853109359741,0.005767796188592911,0.9171985387802124,0.917144775390625,0.00411206902936101,4.1428985595703125,4.141669273376465,0.0785941630601883,4.553244590759277,4.552285671234131,0.08238337934017181,0.2654416561126709,0.2669680714607239,0.010142750106751919,0.15136362612247467,0.15119007229804993,0.007103424519300461,20.48636245727539,20.48065185546875,0.0711221843957901,19.13918113708496,19.1395263671875,0.026599939912557602,28.229991912841797,28.229995727539062,0.006927040871232748,6.417200088500977,6.420000076293945,0.00449009146541357,30.6200008392334,30.6200008392334,0.0,0.016014840453863144,0.015979483723640442,0.0002241760230390355,0.0037178429774940014,0.0036983066238462925,0.0001512686867499724,0.0020049898885190487,0.0020235960837453604,0.00016888577374629676,0.09005965292453766,0.09010849893093109,0.0003444832982495427,1.136897325515747,1.1376023292541504,0.007181291002780199,0.892325758934021,0.8929904103279114,0.004146722611039877,0.9404653906822205,0.9399381875991821,0.004847885109484196,-0.3190809488296509,-0.3197210729122162,0.005319285672158003,0.606279194355011,0.6065480709075928,0.004324205685406923,0.892325758934021,0.8929904103279114,0.004146722611039877,0.9404653906822205,0.9399381875991821,0.004847885109484196,4.883940696716309,4.907583236694336,0.06322766095399857,5.348621368408203,5.360933780670166,0.08343122154474258,0.23218828439712524,0.23177826404571533,0.009815596044063568,0.12519212067127228,0.12719255685806274,0.01037551835179329,20.196578979492188,20.205535888671875,0.04313280060887337,18.923681259155273,18.923797607421875,0.02955731935799122,37.28800964355469,37.290008544921875,0.0040039075538516045,7.993200302124023,7.989999771118164,0.004664868116378784,30.700002670288086,30.700000762939453,1.9073486328125e-06
LC08_L1TP_196028_20170826_20200903_02_T1,LANDSAT_8,20170826,0.03995148837566376,0.0399535596370697,0.00031569579732604325,0.01387745700776577,0.013860903680324554,0.00017010763986036181,0.007798308506608009,0.007835549302399158,0.00018519429431762546,0.08604006469249725,0.08599714189767838,0.0002007655712077394,0.8422837257385254,0.8428906202316284,0.004247899167239666,0.7022476196289062,0.7023646235466003,0.0032264264300465584,0.8210098743438721,0.8199108839035034,0.004012804478406906,-0.058410901576280594,-0.05803711339831352,0.004097153898328543,0.33017197251319885,0.3307427167892456,0.003951258026063442,0.7022476196289062,0.7023646235466003,0.0032264264300465584,0.8210098743438721,0.8199108839035034,0.004012804478406906,2.3082456588745117,2.308689832687378,0.018071675673127174,2.602173089981079,2.600651502609253,0.024188034236431122,0.34736838936805725,0.3475177586078644,0.004244850017130375,0.19519396126270294,0.1960524618625641,0.004348219837993383,20.407930374145508,20.413787841796875,0.03833415359258652,19.00442123413086,19.01422119140625,0.03352070599794388,137.089599609375,137.08999633789062,0.0019555268809199333,4.022799491882324,4.019999980926514,0.00449009146541357,39.340003967285156,39.34000015258789,3.814697265625e-06,0.0381334125995636,0.03824831172823906,0.00025026631192304194,0.013253891840577126,0.013197991997003555,0.00023905729176476598,0.007144512142986059,0.007116563618183136,0.00014153745723888278,0.08626367896795273,0.08625279366970062,0.00029998403624631464,0.8510892391204834,0.85016930103302,0.004256206564605236,0.7085140347480774,0.7098151445388794,0.004337837919592857,0.8315533995628357,0.8315983414649963,0.0031615521293133497,-0.07192838191986084,-0.07041376084089279,0.004098274279385805,0.34148505330085754,0.341035395860672,0.0032979673705995083,0.7085140347480774,0.7098151445388794,0.004337837919592857,0.8315533995628357,0.8315983414649963,0.0031615521293133497,2.3689584732055664,2.368448257446289,0.019965287297964096,2.6885581016540527,2.6885344982147217,0.02076166868209839,0.34755900502204895,0.34589022397994995,0.005359664559364319,0.18735884130001068,0.18741542100906372,0.0036732503212988377,20.33833885192871,20.33697509765625,0.057827554643154144,18.847915649414062,18.847930908203125,0.018314769491553307,139.51959228515625,139.52000427246094,0.007731392048299313,2.4048001766204834,2.4000000953674316,0.004995993338525295,39.38999938964844,39.38999938964844,0.0
LC08_L1TP_195028_20170920_20200903_02_T1,LANDSAT_8,20170920,0.014327381737530231,0.014360897243022919,0.00019633914052974433,0.002422198886051774,0.0024533194955438375,0.0002066721790470183,0.0013870177790522575,0.001376249361783266,0.0001788879744708538,0.07970418781042099,0.07968803495168686,0.00016233038331847638,1.1561180353164673,1.1556296348571777,0.005303823389112949,0.9162448644638062,0.9149377346038818,0.006725231651216745,0.9511701464653015,0.9517821073532104,0.006098312325775623,-0.3520275056362152,-0.35006800293922424,0.0070769451558589935,0.5890175700187683,0.5874786376953125,0.004469237290322781,0.9162448644638062,0.9149377346038818,0.006725231651216745,0.9511701464653015,0.9517821073532104,0.006098312325775623,5.0933380126953125,5.09515380859375,0.08316568285226822,5.428786754608154,5.426389694213867,0.08550936728715897,0.16908977925777435,0.17336156964302063,0.014576630666851997,0.09682678431272507,0.09603322297334671,0.012531464919447899,14.515242576599121,14.515472412109375,0.01821390725672245,13.61863899230957,13.61572265625,0.04106390103697777,44.82760238647461,44.83000183105469,0.006498872768133879,6.342800140380859,6.340000152587891,0.004489877726882696,48.04999923706055,48.04999923706055,0.0,0.013929805718362331,0.013950165361166,0.0002386964188190177,0.0024008594918996096,0.002394874580204487,0.00012672541197389364,0.001236949348822236,0.001227369299158454,0.000168859216501005,0.08020029217004776,0.08028830587863922,0.00026208473718725145,1.1798650026321411,1.1807714700698853,0.004901450127363205,0.9160091876983643,0.9156564474105835,0.00420501409098506,0.9558349847793579,0.9561968445777893,0.005934692453593016,-0.357149213552475,-0.35724130272865295,0.007191974204033613,0.5944420099258423,0.5949587225914001,0.005303184501826763,0.9160091876983643,0.9156564474105835,0.00420501409098506,0.9558349847793579,0.9561968445777893,0.005934692453593016,5.155340671539307,5.127505302429199,0.08504974842071533,5.551306247711182,5.562383651733398,0.10010696202516556,0.17239370942115784,0.17233994603157043,0.009374373592436314,0.08883330971002579,0.08874421566724777,0.012242247350513935,14.690618515014648,14.67999267578125,0.03302060067653656,13.809076309204102,13.8072509765625,0.014661033637821674,54.11000061035156,54.11000061035156,0.0,7.915599822998047,7.920000076293945,0.004963983315974474,48.08000183105469,48.08000183105469,0.0
LC08_L1TP_195028_20171006_20200903_02_T1,LANDSAT_8,20171006,0.013161860406398773,0.013175378553569317,0.0002189383958466351,0.0026404750533401966,0.0026350682601332664,0.00018172185809817165,0.0015148238744586706,0.0015540155582129955,0.00016291046631522477,0.07964416593313217,0.07969416677951813,0.0002428873413009569,1.1816586256027222,1.1826287508010864,0.0062437765300273895,0.9073265194892883,0.9075284004211426,0.006070257630199194,0.9457728862762451,0.9445115923881531,0.005629257764667273,-0.3772990107536316,-0.3789221942424774,0.00803634524345398,0.6099984645843506,0.6086301803588867,0.005404068157076836,0.9073265194892883,0.9075284004211426,0.006070257630199194,0.9457728862762451,0.9445115923881531,0.005629257764667273,5.2824602127075195,5.2976460456848145,0.10691219568252563,5.687403678894043,5.705071449279785,0.10953947901725769,0.2006288766860962,0.20246917009353638,0.013614377938210964,0.11512196809053421,0.11764683574438095,0.012450429610908031,14.89468002319336,14.90155029296875,0.021048692986369133,13.970449447631836,13.9681396484375,0.026118651032447815,48.372398376464844,48.37000274658203,0.004272031597793102,6.2067999839782715,6.210000038146973,0.0046648685820400715,53.70000076293945,53.70000076293945,0.0,0.014391646720468998,0.014398402534425259,0.00029153478681109846,0.003120326204225421,0.003109509125351906,0.00015257412451319396,0.0017278038430958986,0.0017237529391422868,0.0001339475275017321,0.08152003586292267,0.08159101009368896,0.0002466183213982731,1.1826043128967285,1.1824442148208618,0.007220788858830929,0.8930898904800415,0.893103837966919,0.004958765115588903,0.9393602013587952,0.9396093487739563,0.00452739791944623,-0.356797993183136,-0.35567426681518555,0.009171058423817158,0.586701512336731,0.5873787999153137,0.006413663737475872,0.8930898904800415,0.893103837966919,0.004958765115588903,0.9393602013587952,0.9396093487739563,0.00452739791944623,4.889533519744873,4.88676118850708,0.08149644732475281,5.312274932861328,5.299163818359375,0.09768696874380112,0.21695482730865479,0.21678239107131958,0.012384272180497646,0.12013247609138489,0.11915888637304306,0.01001270767301321,14.29642105102539,14.293060302734375,0.021789781749248505,13.451801300048828,13.442169189453125,0.03499215841293335,57.8800048828125,57.8800048828125,0.0,7.780000686645508,7.78000020980835,0.004898974671959877,53.720001220703125,53.720001220703125,0.0
LC08_L1TP_196028_20171013_20200902_02_T1,LANDSAT_8,20171013,0.013822104781866074,0.013823529705405235,0.00023296719882637262,0.0027932024095207453,0.0027789499145001173,0.00025373234529979527,0.0015234323218464851,0.001531986752524972,0.0001975398772628978,0.076642245054245,0.07659947872161865,0.0003067723591811955,1.1629995107650757,1.1629157066345215,0.0073338402435183525,0.899637758731842,0.9007004499435425,0.008640876039862633,0.9439926743507385,0.9435696005821228,0.007013815455138683,-0.35175415873527527,-0.3504985570907593,0.007500682026147842,0.5853707790374756,0.5846238136291504,0.005610020365566015,0.899637758731842,0.9007004499435425,0.008640876039862633,0.9439926743507385,0.9435696005821228,0.007013815455138683,4.917476177215576,4.927196502685547,0.1047118529677391,5.324458122253418,5.311633586883545,0.1147351935505867,0.20211784541606903,0.1968904435634613,0.01846124976873398,0.11019529402256012,0.11170127987861633,0.013927064836025238,14.248425483703613,14.24853515625,0.029642688110470772,13.180737495422363,13.17987060546875,0.0188702754676342,125.2400131225586,125.24000549316406,7.62939453125e-06,4.184799671173096,4.179999828338623,0.004996112547814846,55.84999465942383,55.849998474121094,3.814697265625e-06,0.01583130471408367,0.015822751447558403,0.0002691991103347391,0.0036406517028808594,0.0036705879028886557,0.0002005009591812268,0.0018844683654606342,0.0018887420883402228,0.00013572792522609234,0.07856212556362152,0.07856140285730362,0.0002868897281587124,1.1342397928237915,1.1349319219589233,0.00699493708088994,0.8760583400726318,0.8752273321151733,0.006477141287177801,0.9338680505752563,0.9342027306556702,0.004617590457201004,-0.3214188814163208,-0.32205989956855774,0.008345715701580048,0.5536319613456726,0.5532020926475525,0.005538377445191145,0.8760583400726318,0.8752273321151733,0.006477141287177801,0.9338680505752563,0.9342027306556702,0.004617590457201004,4.414085865020752,4.401092052459717,0.0770985409617424,4.851316452026367,4.856569766998291,0.07109200954437256,0.23003821074962616,0.23042471706867218,0.013338671065866947,0.11910204589366913,0.11883343756198883,0.009216183796525002,14.228616714477539,14.2197265625,0.024398550391197205,13.269481658935547,13.250091552734375,0.043760791420936584,103.797607421875,103.79998779296875,0.026724347844719887,2.693199872970581,2.690000057220459,0.004664757288992405,55.86000061035156,55.86000061035156,0.0
LC08_L1TP_196028_20171114_20200902_02_T1,LANDSAT_8,20171114,0.02075614407658577,0.020644070580601692,0.0006110008107498288,0.005674164742231369,0.005701697897166014,0.0004585860588122159,0.003515383694320917,0.00358812278136611,0.00028899646713398397,0.093904048204422,0.09397972375154495,0.0004903895896859467,1.0857248306274414,1.087327003479004,0.011064408347010612,0.8449465036392212,0.844068169593811,0.010713908821344376,0.9010096192359924,0.8988922834396362,0.007141478825360537,-0.3194129168987274,-0.31679999828338623,0.010532124899327755,0.5294977426528931,0.5289489030838013,0.00901981070637703,0.8449465036392212,0.844068169593811,0.010713908821344376,0.9010096192359924,0.8988922834396362,0.007141478825360537,4.07795524597168,4.087854862213135,0.10862599313259125,4.440732002258301,4.42449426651001,0.12360966205596924,0.27335935831069946,0.27446243166923523,0.020369891077280045,0.1692758947610855,0.17011477053165436,0.011758649721741676,8.661443710327148,8.649505615234375,0.03448353707790375,7.580285549163818,7.58746337890625,0.04489659145474434,122.5112075805664,122.510009765625,0.0032478307839483023,4.1468000411987305,4.150000095367432,0.0046648685820400715,65.98999786376953,65.98999786376953,0.0,0.0221383199095726,0.021922051906585693,0.0005492789787240326,0.00714874267578125,0.007127117831259966,0.00035637119435705245,0.0046891458332538605,0.004669483285397291,0.00038124166894704103,0.09300357103347778,0.09309498965740204,0.0003618324117269367,1.070193886756897,1.0687828063964844,0.008233592845499516,0.8078752756118774,0.8085809946060181,0.008183639496564865,0.8697248697280884,0.8702189922332764,0.009261080995202065,-0.30024614930152893,-0.30092597007751465,0.008631656877696514,0.5047300457954407,0.5058561563491821,0.007346287835389376,0.8078752756118774,0.8085809946060181,0.008183639496564865,0.8697248697280884,0.8702189922332764,0.009261080995202065,3.702686071395874,3.7068684101104736,0.0808011144399643,4.042886257171631,4.0482401847839355,0.10009948909282684,0.32288411259651184,0.32008814811706543,0.01311016920953989,0.21167604625225067,0.21300393342971802,0.014583563432097435,8.981060028076172,8.99176025390625,0.05614205077290535,8.326977729797363,8.32086181640625,0.05084560066461563,100.7400131225586,100.739990234375,0.02332565374672413,2.6568002700805664,2.6600000858306885,0.004664757288992405,65.98999786376953,65.98999786376953,0.0
LC08_L1TP_195028_20171225_20200902_02_T1,LANDSAT_8,20171225,,,,,,,,,,,,,,,,,,,,,,,,,,,,,,,,,,,,,,,,,,,,,,,,,,,,,,,,,,,,,,,,,,,,,,,,,,,,,,,,,,,,,,,,,,,,,,,,,,,,,,,,,,,,,,,,,,,,,,,,
LC08_L1TP_196028_20180202_20200902_02_T1,LANDSAT_8,20180202,0.017102327197790146,0.01709613762795925,0.00031452925759367645,0.0030369500163942575,0.0029561028350144625,0.00024016461975406855,0.0017401804216206074,0.0018229309935122728,0.00021531197126023471,0.09672339260578156,0.09668935090303421,0.00043091209954582155,1.1807197332382202,1.1799046993255615,0.00795674230903387,0.9108463525772095,0.9118944406509399,0.006765374448150396,0.9479247331619263,0.945588231086731,0.0063350386917591095,-0.36892348527908325,-0.3714806139469147,0.009468506090342999,0.5837867259979248,0.5824310183525085,0.006813288200646639,0.9108463525772095,0.9118944406509399,0.006765374448150396,0.9479247331619263,0.945588231086731,0.0063350386917591095,5.075228214263916,5.100000858306885,0.10428906977176666,5.424972057342529,5.424484729766846,0.12418563663959503,0.17766039073467255,0.17543834447860718,0.014634739607572556,0.10177894681692123,0.10511360317468643,0.012701046653091908,4.151522159576416,4.156982421875,0.02924703247845173,3.4670958518981934,3.44854736328125,0.06999914348125458,130.45359802246094,130.4499969482422,0.004797364119440317,4.039999961853027,4.039999961853027,0.004898975137621164,66.05039978027344,66.05000305175781,0.001958517823368311,0.017090672627091408,0.01711631566286087,0.0003272322937846184,0.0035238834097981453,0.0035515062045305967,0.0002949960471596569,0.001694852369837463,0.0016771038062870502,0.000224044342758134,0.09377974271774292,0.09376988559961319,0.00025649560848250985,1.1967483758926392,1.1968951225280762,0.0065183136612176895,0.8924023509025574,0.8917295336723328,0.008478034287691116,0.9467708468437195,0.9471639394760132,0.006791283842176199,-0.35770392417907715,-0.3597790002822876,0.007849368266761303,0.5675865411758423,0.5684083700180054,0.006026745308190584,0.8924023509025574,0.8917295336723328,0.008478034287691116,0.9467708468437195,0.9471639394760132,0.006791283842176199,4.759352207183838,4.744630336761475,0.090108722448349,5.223516941070557,5.242745399475098,0.11667527258396149,0.2062917947769165,0.20621387660503387,0.018014825880527496,0.09912864863872528,0.09831419587135315,0.01268335897475481,4.31639289855957,4.31304931640625,0.009784367866814137,3.941581964492798,3.94158935546875,0.03325968235731125,132.71681213378906,132.72000122070312,0.00785854086279869,2.4232001304626465,2.4200000762939453,0.004664756823331118,66.08000183105469,66.08000183105469,0.0
LC08_L1TP_195028_20180227_20200902_02_T1,LANDSAT_8,20180227,0.056083954870700836,0.04831311106681824,0.017245762050151825,0.022483602166175842,0.015875931829214096,0.012195770628750324,0.012661179527640343,0.008870722725987434,0.007472769357264042,0.11353283375501633,0.1121024489402771,0.0029153176583349705,0.8223005533218384,0.8573926687240601,0.0962095558643341,0.6453415155410767,0.7070890069007874,0.11754008382558823,0.7829880714416504,0.8262492418289185,0.08690423518419266,-0.1384071409702301,-0.15624995529651642,0.05714251101016998,0.28283044695854187,0.3147949278354645,0.08199665695428848,0.6453415155410767,0.7070890069007874,0.11754008382558823,0.7829880714416504,0.8262492418289185,0.08690423518419266,2.311009407043457,2.499401569366455,0.4317912757396698,2.6243131160736084,2.7882440090179443,0.4601562023162842,0.37953174114227295,0.33757057785987854,0.09172606468200684,0.2106347680091858,0.186549112200737,0.05552723631262779,3.2965590953826904,3.30572509765625,0.0865970030426979,2.249972105026245,2.211395263671875,0.12930187582969666,42.201744079589844,42.20000457763672,0.006358664482831955,6.257391929626465,6.260000228881836,0.004391189198940992,58.3095703125,58.310001373291016,0.002039750339463353,0.03334986791014671,0.03350299969315529,0.0005277866148389876,0.008682716637849808,0.008690187707543373,0.0001656656968407333,0.004338308237493038,0.004267652053385973,0.00019425778009463102,0.1044083759188652,0.10446245968341827,0.00031487512751482427,1.0206588506698608,1.0199438333511353,0.004633062984794378,0.796617865562439,0.7963538765907288,0.003380971495062113,0.8929348587989807,0.895283043384552,0.00463663786649704,-0.21724338829517365,-0.2162528783082962,0.0066679734736680984,0.39392635226249695,0.3914247751235962,0.007136449217796326,0.796617865562439,0.7963538765907288,0.003380971495062113,0.8929348587989807,0.895283043384552,0.00463663786649704,3.058858871459961,3.048649311065674,0.03568268567323685,3.4118599891662598,3.412780523300171,0.05461239069700241,0.26044008135795593,0.2602272927761078,0.007318598683923483,0.13009369373321533,0.12977959215641022,0.005664945114403963,3.7249951362609863,3.7308349609375,0.06489303708076477,3.2726197242736816,3.28924560546875,0.08033681660890579,51.65359878540039,51.650001525878906,0.0047973631881177425,7.832799911499023,7.829999923706055,0.00449009146541357,58.344398498535156,58.34000015258789,0.00496303616091609
LC08_L1TP_196028_20180322_20200901_02_T1,LANDSAT_8,20180322,0.019893886521458626,0.019915783777832985,0.00043219170765951276,0.007285218685865402,0.007236571051180363,0.0003279318625573069,0.0050753261893987656,0.005077762994915247,0.0003816058742813766,0.08126551657915115,0.08122903108596802,0.0002979462151415646,1.0885708332061768,1.0883750915527344,0.006923978216946125,0.7785094380378723,0.7803415656089783,0.0084689324721694,0.8403830528259277,0.8401914238929749,0.01063897367566824,-0.2656244933605194,-0.265921950340271,0.008001917973160744,0.4923999309539795,0.4930340051651001,0.0074035064317286015,0.7785094380378723,0.7803415656089783,0.0084689324721694,0.8403830528259277,0.8401914238929749,0.01063897367566824,3.4149835109710693,3.4201130867004395,0.07681034505367279,3.7182540893554688,3.7186367511749268,0.10275955498218536,0.36610686779022217,0.36363649368286133,0.011427421122789383,0.25488367676734924,0.25454527139663696,0.01469816267490387,3.484970808029175,3.48358154296875,0.02542368695139885,2.529106378555298,2.5228271484375,0.029924282804131508,134.5240020751953,134.52000427246094,0.004896288271993399,4.13640022277832,4.139999866485596,0.0047998810186982155,48.869998931884766,48.869998931884766,0.0,0.016935762017965317,0.016915757209062576,0.0003195529861841351,0.005157641600817442,0.0051416498608887196,0.00017068804299924523,0.003446535672992468,0.0034379141870886087,0.00013031295384280384,0.07924068719148636,0.07922414690256119,0.00024945437326096,1.1313742399215698,1.132176160812378,0.003998883999884129,0.829887330532074,0.8304239511489868,0.0047429525293409824,0.8830122351646423,0.8833247423171997,0.004234713967889547,-0.3020280599594116,-0.3026484251022339,0.008996830321848392,0.5322464108467102,0.5328836441040039,0.005738736595958471,0.829887330532074,0.8304239511489868,0.0047429525293409824,0.8830122351646423,0.8833247423171997,0.004234713967889547,3.9418134689331055,3.942070722579956,0.0653776228427887,4.272417068481445,4.274218559265137,0.06199319660663605,0.30457958579063416,0.3030303120613098,0.009606259874999523,0.20359162986278534,0.2021656483411789,0.008911525830626488,4.023810863494873,4.0238037109375,0.04305972903966904,3.445350408554077,3.44189453125,0.05226810649037361,112.74361419677734,112.74000549316406,0.027403848245739937,2.646400213241577,2.6500000953674316,0.004799995571374893,48.9015998840332,48.900001525878906,0.0036654453724622726
LC08_L1TP_195028_20180518_20200901_02_T1,LANDSAT_8,20180518,0.02415601536631584,0.0240516047924757,0.0003814817173406482,0.006810889113694429,0.00685191061347723,0.0003284243284724653,0.00370935071259737,0.0037522371858358383,0.0002439602540107444,0.08329315483570099,0.0833183228969574,0.00022145740513224155,0.9055287837982178,0.9056152105331421,0.00560480821877718,0.8224509358406067,0.8208955526351929,0.007210751995444298,0.8992306590080261,0.8983264565467834,0.00606492580845952,-0.25011271238327026,-0.25101062655448914,0.005055725574493408,0.48630252480506897,0.48811885714530945,0.005135974381119013,0.8224509358406067,0.8208955526351929,0.007210751995444298,0.8992306590080261,0.8983264565467834,0.00606492580845952,3.558363437652588,3.55180287361145,0.05885053426027298,3.9543511867523193,3.9464144706726074,0.06491453945636749,0.28187334537506104,0.2869565188884735,0.010937746614217758,0.15349607169628143,0.1542145311832428,0.008840580470860004,12.204377174377441,12.214324951171875,0.025037970393896103,11.812617301940918,11.81671142578125,0.043265920132398605,42.970001220703125,42.970001220703125,0.0,5.963200092315674,5.960000038146973,0.004664645995944738,30.889999389648438,30.889999389648438,0.0,0.030313221737742424,0.030343078076839447,0.0005702815251424909,0.01052794698625803,0.010541943833231926,0.00035395551822148263,0.0066414205357432365,0.00657704658806324,0.00021611507690977305,0.08686795830726624,0.08684276044368744,0.00024331030726898462,0.846364438533783,0.8463168144226074,0.006748800631612539,0.756480872631073,0.7565218210220337,0.006727639120072126,0.839144766330719,0.8400914669036865,0.0043484983034431934,-0.20107541978359222,-0.20049427449703217,0.0070293135941028595,0.42937031388282776,0.42788559198379517,0.006722040940076113,0.756480872631073,0.7565218210220337,0.006727639120072126,0.839144766330719,0.8400914669036865,0.0043484983034431934,2.9756691455841064,2.9862546920776367,0.04961550608277321,3.2886483669281006,3.293971538543701,0.0557461678981781,0.34729886054992676,0.3458164632320404,0.009470309130847454,0.2190609723329544,0.21825379133224487,0.004347531124949455,11.707097053527832,11.708282470703125,0.03729569911956787,11.190917015075684,11.160400390625,0.0689324215054512,42.159996032714844,42.159996032714844,0.0,7.5868000984191895,7.590000152587891,0.0046648685820400715,30.959999084472656,30.959999084472656,0.0
LC08_L1TP_196028_20180525_20200901_02_T1,LANDSAT_8,20180525,0.018230954185128212,0.018262075260281563,0.0005042928387410939,0.0048094685189425945,0.004805807024240494,0.00031542443321086466,0.0027727193664759398,0.0027232912834733725,0.00023585138842463493,0.08325815945863724,0.08326639235019684,0.0003412757068872452,0.9941868782043457,0.9955973625183105,0.008478171192109585,0.8811460733413696,0.8815193772315979,0.00721852807328105,0.9297077059745789,0.9305515289306641,0.005741623230278492,-0.32388201355934143,-0.32349100708961487,0.009396257810294628,0.6135111451148987,0.6134821176528931,0.008457797579467297,0.8811460733413696,0.8815193772315979,0.00721852807328105,0.9297077059745789,0.9305515289306641,0.005741623230278492,4.856327056884766,4.896000862121582,0.13971012830734253,5.3277907371521,5.348302841186523,0.1632453203201294,0.26369717717170715,0.2639068365097046,0.01335088349878788,0.1519078016281128,0.14980778098106384,0.009427675046026707,17.443758010864258,17.44439697265625,0.07415890693664551,15.929631233215332,15.945648193359375,0.03592055290937424,142.63998413085938,142.63999938964844,1.52587890625e-05,4.3256001472473145,4.329999923706055,0.004963746294379234,29.079999923706055,29.079999923706055,0.0,0.01641431450843811,0.016395077109336853,0.0002655929420143366,0.0038230724167078733,0.003823991399258375,0.00013807132199872285,0.002091970993205905,0.002106625586748123,0.00014978663239162415,0.07461410760879517,0.0746365487575531,0.00025927304523065686,0.9998654127120972,1.0000001192092896,0.006204200908541679,0.8794443011283875,0.8792480230331421,0.004009867552667856,0.9321819543838501,0.9320031404495239,0.004758418072015047,-0.29374560713768005,-0.29348891973495483,0.0066435313783586025,0.5681167244911194,0.5677458643913269,0.005566662643104792,0.8794443011283875,0.8792480230331421,0.004009867552667856,0.9321819543838501,0.9320031404495239,0.004758418072015047,4.431468963623047,4.4379987716674805,0.06476510316133499,4.846873760223389,4.8495049476623535,0.09684572368860245,0.23295636475086212,0.2324618101119995,0.00881136767566204,0.12738962471485138,0.12704871594905853,0.008005809038877487,17.230998992919922,17.230499267578125,0.03620351478457451,15.997236251831055,15.9993896484375,0.021435359492897987,122.38240051269531,122.3800048828125,0.02486419677734375,2.826399803161621,2.8299999237060547,0.004799995571374893,29.139999389648438,29.139999389648438,0.0
LC08_L1TP_195028_20180619_20200831_02_T1,LANDSAT_8,20180619,0.01679983176290989,0.016922159120440483,0.0005737024475820363,0.005435930099338293,0.005482140928506851,0.00048710667761042714,0.003733293153345585,0.003715173341333866,0.0004474629822652787,0.08063060790300369,0.08049921691417694,0.0004433146968949586,1.0283749103546143,1.028299331665039,0.009229830466210842,0.8428473472595215,0.841830313205719,0.011912133544683456,0.8893861174583435,0.8900067806243896,0.011801793240010738,-0.29551637172698975,-0.294005811214447,0.00958632118999958,0.5825795531272888,0.580129086971283,0.008953483775258064,0.8428473472595215,0.841830313205719,0.011912133544683456,0.8893861174583435,0.8900067806243896,0.011801793240010738,4.259458541870117,4.215728282928467,0.15537723898887634,4.612982749938965,4.597602844238281,0.17204204201698303,0.3230976164340973,0.32331910729408264,0.020387940108776093,0.22177928686141968,0.2152230590581894,0.02145541086792946,19.299358367919922,19.291046142578125,0.03446969389915466,19.102468490600586,19.0958251953125,0.03670303896069527,27.433591842651367,27.42999267578125,0.006248206365853548,6.437199592590332,6.440000057220459,0.004490091931074858,28.010000228881836,28.010000228881836,0.0,0.018143540248274803,0.018181627616286278,0.0008292446727864444,0.007191941142082214,0.007163825910538435,0.0007857773452997208,0.005103547126054764,0.004987471271306276,0.0006275498308241367,0.07598742842674255,0.07599105685949326,0.00024236636818386614,1.0312246084213257,1.033033013343811,0.015671223402023315,0.7815970778465271,0.7813907861709595,0.018907729536294937,0.8399617075920105,0.8432492613792419,0.016270160675048828,-0.26408085227012634,-0.26184991002082825,0.011667286977171898,0.5270291566848755,0.5258774757385254,0.012416980229318142,0.7815970778465271,0.7813907861709595,0.018907729536294937,0.8399617075920105,0.8432492613792419,0.016270160675048828,3.5503089427948,3.5339295864105225,0.16903558373451233,3.868894100189209,3.864574909210205,0.18013277649879456,0.3953756093978882,0.39205920696258545,0.027288902550935745,0.2803725004196167,0.2750639319419861,0.02256784588098526,18.79598045349121,18.8021240234375,0.01977730169892311,18.344797134399414,18.34478759765625,0.03707762807607651,36.430397033691406,36.43000030517578,0.001958517823368311,8.012799263000488,8.010000228881836,0.00449009146541357,28.090002059936523,28.09000015258789,1.9073486328125e-06
LC08_L1TP_196028_20180626_20200831_02_T1,LANDSAT_8,20180626,0.03112357296049595,0.031107338145375252,0.0009228232083842158,0.021413758397102356,0.021452557295560837,0.0007923320517875254,0.017345212399959564,0.017256788909435272,0.0006086757639423013,0.0768723413348198,0.07679835706949234,0.0005672406987287104,0.7784007787704468,0.7821997404098511,0.013391435146331787,0.5591974854469299,0.5585315823554993,0.009797979146242142,0.6273219585418701,0.6284449100494385,0.008096889592707157,-0.1794985979795456,-0.17875263094902039,0.006860112771391869,0.4174763858318329,0.4186144769191742,0.009659863077104092,0.5591974854469299,0.5585315823554993,0.009797979146242142,0.6273219585418701,0.6284449100494385,0.008096889592707157,2.2939929962158203,2.29351544380188,0.04630480706691742,2.4863288402557373,2.4877374172210693,0.0451708547770977,0.6879526376724243,0.6838181018829346,0.011719297617673874,0.5573228597640991,0.5573538541793823,0.01140321884304285,16.269935607910156,16.27301025390625,0.024840008467435837,15.475541114807129,15.46990966796875,0.050398096442222595,147.64999389648438,147.64999389648438,0.0,3.9132001399993896,3.9100000858306885,0.004664756823331118,27.549997329711914,27.549999237060547,1.9073486328125e-06,0.0280779842287302,0.028375964611768723,0.0023015220649540424,0.018790891394019127,0.018804438412189484,0.0019210445461794734,0.014784395694732666,0.015260261483490467,0.0016341471346095204,0.0775686576962471,0.07761064171791077,0.000430342392064631,0.8179833889007568,0.8216562271118164,0.029457012191414833,0.5939621925354004,0.5913044214248657,0.02769385278224945,0.666123628616333,0.6553846001625061,0.026149695739150047,-0.20300546288490295,-0.20127001404762268,0.018646689131855965,0.4483583867549896,0.4446185529232025,0.025913197547197342,0.5939621925354004,0.5913044214248657,0.02769385278224945,0.666123628616333,0.6553846001625061,0.026149695739150047,2.4857208728790283,2.4488418102264404,0.15865793824195862,2.7187137603759766,2.6523783206939697,0.17754524946212769,0.6681892275810242,0.6677823066711426,0.016661187633872032,0.5254124402999878,0.527883768081665,0.019173096865415573,15.704503059387207,15.698089599609375,0.02794818766415119,15.058938026428223,15.07061767578125,0.0382276326417923,150.3612060546875,150.36000061035156,0.008631400763988495,2.295600175857544,2.299999952316284,0.0049638645723462105,27.6299991607666,27.6299991607666,0.0
LC08_L1TP_196028_20180712_20200831_02_T1,LANDSAT_8,20180712,,,,,,,,,,,,,,,,,,,,,,,,,,,,,,,,,,,,,,,,,,,,,,,,,,,,,,,,,,,,,,,,,,,,,,,,,,,,,,,,,,,,,,,,,,,,,,,,,,,,,,,,,,,,,,,,,,,,,,,,
LC08_L1TP_195028_20180806_20200831_02_T1,LANDSAT_8,20180806,0.04199768975377083,0.041915226727724075,0.000637831341009587,0.014256993308663368,0.014287068508565426,0.0002685603394638747,0.008767261169850826,0.008756585419178009,0.0002012073528021574,0.09651125967502594,0.09650446474552155,0.00023547656019218266,0.8108487129211426,0.8129304647445679,0.006867329124361277,0.7164619565010071,0.716288149356842,0.0037444557528942823,0.8155676126480103,0.8153373599052429,0.0036800759844481945,-0.12158305197954178,-0.12150468677282333,0.0044677904807031155,0.3453484773635864,0.3474045395851135,0.005216118413954973,0.7164619565010071,0.716288149356842,0.0037444557528942823,0.8155676126480103,0.8153373599052429,0.0036800759844481945,2.487673759460449,2.486625909805298,0.026893354952335358,2.7566823959350586,2.7587876319885254,0.030345268547534943,0.3394660949707031,0.3387753665447235,0.003346651094034314,0.20876048505306244,0.20991244912147522,0.003844666061922908,20.047456741333008,20.07391357421875,0.05244104564189911,18.227275848388672,18.230438232421875,0.03485443443059921,31.83120346069336,31.830001831054688,0.006525196135044098,6.449199676513672,6.449999809265137,0.004833183716982603,34.459999084472656,34.459999084472656,0.0,0.04375993832945824,0.043752171099185944,0.0004085175460204482,0.013361644931137562,0.013378157280385494,0.0002392478781985119,0.007701542228460312,0.007720964029431343,0.00013066126848571002,0.09683165699243546,0.09675493836402893,0.0003485950583126396,0.8543055653572083,0.8535556793212891,0.0038701666053384542,0.7223153710365295,0.7222782373428345,0.004213591571897268,0.8299397826194763,0.8296157717704773,0.0026021345984190702,-0.09657608717679977,-0.09800940006971359,0.004010607022792101,0.30887043476104736,0.30934152007102966,0.0038892312441021204,0.7223153710365295,0.7222782373428345,0.004213591571897268,0.8299397826194763,0.8296157717704773,0.0026021345984190702,2.3807990550994873,2.3784470558166504,0.019627830013632774,2.6426327228546143,2.6431283950805664,0.01986028626561165,0.3053528368473053,0.3050660490989685,0.005462788976728916,0.17600470781326294,0.1763378381729126,0.0030846770387142897,19.956581115722656,19.967041015625,0.041538305580616,17.75977897644043,17.754364013671875,0.023208623751997948,40.87999725341797,40.87999725341797,0.0,8.02400016784668,8.020000457763672,0.004898624494671822,34.540000915527344,34.540000915527344,0.0
LC08_L1TP_195028_20180923_20200830_02_T1,LANDSAT_8,20180923,,,,,,,,,,,,,,,,,,,,,,,,,,,,,,,,,,,,,,,,,,,,,,,,,,,,,,,,,,,,,,,,,,,,,,,,,,,,,,,,,,,,,,,,,,,,,,,,,,,,,,,,,,,,,,,,,,,,,,,,
LC08_L1TP_195028_20181009_20200830_02_T1,LANDSAT_8,20181009,0.022632557898759842,0.022669941186904907,0.00032598935649730265,0.006486019119620323,0.0065067848190665245,0.00027549752849154174,0.0033904474694281816,0.0033918293192982674,0.00018893224478233606,0.08552625775337219,0.08548817783594131,0.00035299593582749367,0.9981153607368469,0.9985241293907166,0.010074916295707226,0.8203197717666626,0.8198199272155762,0.0066294907592237,0.9018688797950745,0.90175461769104,0.005024722311645746,-0.27651143074035645,-0.2768802344799042,0.005436368752270937,0.48755139112472534,0.48667705059051514,0.004763773176819086,0.8203197717666626,0.8198199272155762,0.0066294907592237,0.9018688797950745,0.90175461769104,0.005024722311645746,3.6284167766571045,3.6407201290130615,0.05605008825659752,4.059757232666016,4.069736957550049,0.053525250405073166,0.2865378260612488,0.2865942418575287,0.010312520898878574,0.14979855716228485,0.15007390081882477,0.007936212234199047,14.731005668640137,14.737396240234375,0.019815746694803238,14.281457901000977,14.28631591796875,0.0130640072748065,48.921607971191406,48.920005798339844,0.003666351782158017,6.316800594329834,6.320000171661377,0.004664868116378784,54.70000076293945,54.70000076293945,0.0,0.023996973410248756,0.023962348699569702,0.0004395396972540766,0.006870124489068985,0.006890900898724794,0.00022505228116642684,0.003371344180777669,0.0033588798251003027,0.0002388827269896865,0.08830265700817108,0.08824864029884338,0.0002329256385564804,1.0225024223327637,1.0229815244674683,0.006604442372918129,0.8116572499275208,0.811608076095581,0.005268975626677275,0.9029284119606018,0.9030486345291138,0.00652196304872632,-0.2640959322452545,-0.2658228874206543,0.007403291761875153,0.46718600392341614,0.4669741094112396,0.006881525740027428,0.8116572499275208,0.811608076095581,0.005268975626677275,0.9029284119606018,0.9030486345291138,0.00652196304872632,3.476966142654419,3.469799757003784,0.057881951332092285,3.9217100143432617,3.922786235809326,0.07453924417495728,0.2862902879714966,0.2875720262527466,0.007774434983730316,0.1404852271080017,0.1397693157196045,0.009568177163600922,14.614928245544434,14.619964599609375,0.03204905614256859,13.889120101928711,13.89227294921875,0.019415169954299927,58.27000045776367,58.269996643066406,3.814697265625e-06,7.8907999992370605,7.889999866485596,0.004833243787288666,54.720001220703125,54.720001220703125,0.0
LC08_L1TP_196028_20181016_20200830_02_T1,LANDSAT_8,20181016,0.02205861359834671,0.021975252777338028,0.0005575589602813125,0.0069516305811703205,0.0068375542759895325,0.0003527386870700866,0.00450034998357296,0.0044608633033931255,0.0002453742199577391,0.07870577275753021,0.07868677377700806,0.0003458579594735056,1.0101864337921143,1.0090705156326294,0.012814510613679886,0.7913845181465149,0.7938258647918701,0.008606101386249065,0.8597797155380249,0.8605191111564636,0.0066162580624222755,-0.2501124441623688,-0.25015223026275635,0.008746663108468056,0.46026092767715454,0.4616071879863739,0.00863991305232048,0.7913845181465149,0.7938258647918701,0.008606101386249065,0.8597797155380249,0.8605191111564636,0.0066162580624222755,3.326096296310425,3.330799102783203,0.07151765376329422,3.632859468460083,3.6369876861572266,0.07351898401975632,0.3151226043701172,0.31410232186317444,0.013435754925012589,0.2040189951658249,0.20491787791252136,0.00979823712259531,13.722150802612305,13.74163818359375,0.05797571688890457,12.484957695007324,12.47564697265625,0.024182522669434547,125.00360107421875,125.0,0.004804688040167093,4.075200080871582,4.079999923706055,0.004995874594897032,56.84000015258789,56.84000015258789,0.0,0.025350334122776985,0.025419095531105995,0.000510187994223088,0.00997159630060196,0.010094480589032173,0.0004631958727259189,0.006555560976266861,0.006583353038877249,0.0003411062352824956,0.08118969947099686,0.08115825057029724,0.0002867523580789566,0.9938932657241821,0.9951025247573853,0.006370381452143192,0.722700297832489,0.7213529944419861,0.010696537792682648,0.8086135387420654,0.8080593943595886,0.008394405245780945,-0.21647100150585175,-0.21517562866210938,0.006859359331429005,0.41913288831710815,0.4165627360343933,0.0071330927312374115,0.722700297832489,0.7213529944419861,0.010696537792682648,0.8086135387420654,0.8080593943595886,0.008394405245780945,2.8685877323150635,2.857435703277588,0.05532689020037651,3.1759581565856934,3.1624720096588135,0.0662359967827797,0.3933335244655609,0.3938955068588257,0.016096411272883415,0.25847944617271423,0.2571837604045868,0.009622742421925068,13.464107513427734,13.464874267578125,0.06771128624677658,12.503868103027344,12.5093994140625,0.021727576851844788,114.99081420898438,114.99000549316406,0.011633248999714851,2.524399995803833,2.5199999809265137,0.0049638645723462105,56.84999465942383,56.849998474121094,3.814697265625e-06
LC08_L1TP_195028_20181025_20200830_02_T1,LANDSAT_8,20181025,0.027826426550745964,0.027897274121642113,0.0005607320345006883,0.012279625982046127,0.012358524836599827,0.0003865375474561006,0.009063991717994213,0.009057548828423023,0.00025298548280261457,0.08680523186922073,0.08687204867601395,0.0003885334881488234,0.9851256012916565,0.9832715392112732,0.011476781219244003,0.6892482042312622,0.6880000829696655,0.007402646820992231,0.7608694434165955,0.7596156001091003,0.005786558613181114,-0.206327423453331,-0.205275297164917,0.007819000631570816,0.411531001329422,0.4115631580352783,0.0078176474198699,0.6892482042312622,0.6880000829696655,0.007402646820992231,0.7608694434165955,0.7596156001091003,0.005786558613181114,2.7189769744873047,2.7161619663238525,0.031508322805166245,2.9561574459075928,2.943845510482788,0.04403176158666611,0.44149041175842285,0.44619786739349365,0.016995783895254135,0.32584354281425476,0.3264702260494232,0.010518434457480907,12.027176856994629,12.021820068359375,0.04605028033256531,11.402397155761719,11.41156005859375,0.03251420706510544,51.293601989746094,51.290008544921875,0.006246097385883331,6.250400543212891,6.25,0.004454313777387142,60.209999084472656,60.209999084472656,0.0,,,,,,,,,,,,,,,,,,,,,,,,,,,,,,,,,,,,,,,,,,,,,,,,,,,,,,,,,,,,
LC08_L1TP_195028_20181212_20200830_02_T1,LANDSAT_8,20181212,0.023564763367176056,0.023364322260022163,0.0009792542550712824,0.0048382217064499855,0.004697907250374556,0.0006405794410966337,0.002583215944468975,0.0025681843981146812,0.0004590286989696324,0.11144345253705978,0.11140335351228714,0.00034564605448395014,1.0925567150115967,1.0953407287597656,0.010990474373102188,0.8851603865623474,0.8883101344108582,0.013766833581030369,0.9370158910751343,0.9368748068809509,0.010557807981967926,-0.342424213886261,-0.3422461450099945,0.014230032451450825,0.5419794917106628,0.5432482957839966,0.013352151028811932,0.8851603865623474,0.8883101344108582,0.013766833581030369,0.9370158910751343,0.9368748068809509,0.010557807981967926,4.495546340942383,4.530338764190674,0.20500323176383972,4.881925106048584,4.883061408996582,0.2112717628479004,0.2048364281654358,0.2060435712337494,0.021343344822525978,0.10931097716093063,0.11253146082162857,0.01702568307518959,6.926236629486084,6.926239013671875,0.02963349036872387,6.35944938659668,6.3687744140625,0.056332409381866455,51.580810546875,51.58000946044922,0.004832438658922911,6.36359977722168,6.360000133514404,0.0047998810186982155,71.37999725341797,71.37999725341797,0.0,0.02680329792201519,0.026635335758328438,0.0006887486670166254,0.0061518121510744095,0.006079118233174086,0.0003352461208123714,0.002825214760378003,0.002820191439241171,0.0004034080484416336,0.1128210723400116,0.11265185475349426,0.00045418826630339026,1.092149257659912,1.0936839580535889,0.007104421500116587,0.856077253818512,0.8575626015663147,0.006840737536549568,0.9312542080879211,0.9311404824256897,0.009456830099225044,-0.30721181631088257,-0.30582526326179504,0.009245086461305618,0.4948817193508148,0.496743768453598,0.008630638010799885,0.856077253818512,0.8575626015663147,0.006840737536549568,0.9312542080879211,0.9311404824256897,0.009456830099225044,3.94337797164917,3.9673101902008057,0.09055057913064957,4.386402130126953,4.3615264892578125,0.10971987992525101,0.22949808835983276,0.22823509573936462,0.010606972500681877,0.10543152689933777,0.10489428788423538,0.015154751017689705,7.265417575836182,7.2659912109375,0.006906596943736076,6.747127532958984,6.759246826171875,0.02681419998407364,60.93000411987305,60.93000030517578,3.814697265625e-06,7.937199592590332,7.940000057220459,0.004490091931074858,71.38999938964844,71.38999938964844,0.0
LC08_L1TP_196028_20190104_20200829_02_T1,LANDSAT_8,20190104,0.01796557381749153,0.017903190106153488,0.000524887174833566,0.0034808199852705,0.0034309166949242353,0.0002681646146811545,0.00163685018196702,0.0016218882519751787,0.00020672593382187188,0.09843645244836807,0.0984676405787468,0.000468805490527302,1.1523826122283936,1.1498339176177979,0.012001494877040386,0.9014133214950562,0.9029129147529602,0.007429434917867184,0.9524223208427429,0.9524681568145752,0.005752814467996359,-0.37751656770706177,-0.379679411649704,0.011017226614058018,0.5777947902679443,0.5788711309432983,0.00940550398081541,0.9014133214950562,0.9029129147529602,0.007429434917867184,0.9524223208427429,0.9524681568145752,0.005752814467996359,4.987435817718506,4.9741435050964355,0.13802918791770935,5.456704139709473,5.434929370880127,0.15100868046283722,0.1937919557094574,0.19133472442626953,0.014310385100543499,0.0911056324839592,0.09152477234601974,0.011152701452374458,4.818264007568359,4.814239501953125,0.03649343177676201,3.846842050552368,3.83258056640625,0.042482584714889526,126.7107925415039,126.70999145507812,0.0027155813295394182,4.000800132751465,4.0,0.004833286162465811,71.30000305175781,71.30000305175781,0.0,0.018973438069224358,0.01897343434393406,0.00042034999933093786,0.004201607778668404,0.004244059324264526,0.0003689075238071382,0.002164459088817239,0.001997197512537241,0.0003224851388949901,0.09839357435703278,0.09839358925819397,0.00044088062713854015,1.1521878242492676,1.1501246690750122,0.009271133691072464,0.8816389441490173,0.8808063268661499,0.00964194256812334,0.9372358918190002,0.9413922429084778,0.009045056067407131,-0.3606097102165222,-0.36161211133003235,0.009934705682098866,0.5574139952659607,0.5574966669082642,0.00749289570376277,0.8816389441490173,0.8808063268661499,0.00964194256812334,0.9372358918190002,0.9413922429084778,0.009045056067407131,4.6251983642578125,4.616219997406006,0.1078886091709137,5.07281494140625,5.113441467285156,0.15295983850955963,0.22154690325260162,0.2197447568178177,0.020058564841747284,0.11392881721258163,0.10884314030408859,0.01569429598748684,5.506875038146973,5.50140380859375,0.02349354885518551,4.766889572143555,4.7410888671875,0.08774206787347794,129.03521728515625,129.04000854492188,0.008543584495782852,2.3836002349853516,2.380000114440918,0.004799995571374893,71.30999755859375,71.30999755859375,0.0
LC08_L1TP_195028_20190129_20200830_02_T1,LANDSAT_8,20190129,0.05599483102560043,0.04904170334339142,0.021157026290893555,0.039626020938158035,0.030703455209732056,0.02779686450958252,0.036155618727207184,0.028922026976943016,0.027401043102145195,0.12259812653064728,0.12163496762514114,0.0031950692646205425,0.874666690826416,0.9042035341262817,0.11265003681182861,0.4800756573677063,0.5220230221748352,0.15680377185344696,0.5192204117774963,0.5434244275093079,0.1648150384426117,-0.15019741654396057,-0.16316509246826172,0.05491093918681145,0.30422329902648926,0.33190587162971497,0.07943765074014664,0.4800756573677063,0.5220230221748352,0.15680377185344696,0.5192204117774963,0.5434244275093079,0.1648150384426117,2.010446548461914,2.080815315246582,0.40591052174568176,2.100238800048828,2.1283607482910156,0.44270026683807373,0.6574193239212036,0.6260682940483093,0.1625579446554184,0.5912426710128784,0.5746190547943115,0.16898082196712494,1.7748502492904663,1.868133544921875,0.45035451650619507,0.2955411970615387,0.45391845703125,0.6201562285423279,45.52588653564453,45.52000427246094,0.006908238399773836,6.387646675109863,6.389999866485596,0.00545499799773097,67.55999755859375,67.55999755859375,0.0,0.09272047132253647,0.09180761873722076,0.015303585678339005,0.09078148752450943,0.08960425853729248,0.01859934628009796,0.07844674587249756,0.07795781642198563,0.018498273566365242,0.12287534773349762,0.12281239032745361,0.0037756585516035557,0.6739199757575989,0.6786457300186157,0.07387661933898926,0.13295212388038635,0.12971758842468262,0.058097030967473984,0.20668090879917145,0.19610483944416046,0.07269708067178726,-0.029593195766210556,-0.0314466618001461,0.01923784799873829,0.11909283697605133,0.11742889136075974,0.03600301221013069,0.13295212388038635,0.12971758842468262,0.058097030967473984,0.20668090879917145,0.19610483944416046,0.07269708067178726,1.1860301494598389,1.1789568662643433,0.09377327561378479,1.2764172554016113,1.261191487312317,0.12014371156692505,0.9731771349906921,0.975350022315979,0.055351074784994125,0.8363330960273743,0.8506497144699097,0.06911402940750122,1.347570776939392,1.407928466796875,0.3868010342121124,-0.25978636741638184,-0.1507568359375,0.49364280700683594,54.829994201660156,54.829994201660156,0.0,7.9636006355285645,7.960000038146973,0.0047998810186982155,67.58999633789062,67.58999633789062,0.0
LC08_L1TP_196028_20190205_20200829_02_T1,LANDSAT_8,20190205,0.025550581514835358,0.025548670440912247,0.0006574647268280387,0.006464667152613401,0.006506775040179491,0.00035166364978067577,0.003035212168470025,0.003062001196667552,0.00022362402523867786,0.10226071625947952,0.1022186130285263,0.00034700921969488263,1.062293529510498,1.0637304782867432,0.009978617541491985,0.8385633230209351,0.837643027305603,0.007916934788227081,0.9208229780197144,0.9202991724014282,0.005358400754630566,-0.29656079411506653,-0.2959789037704468,0.008580584079027176,0.4846998155117035,0.4835909307003021,0.00846036896109581,0.8385633230209351,0.837643027305603,0.007916934788227081,0.9208229780197144,0.9202991724014282,0.005358400754630566,3.771951913833618,3.7731354236602783,0.08523678779602051,4.224610805511475,4.212730884552002,0.09650105983018875,0.25301697850227356,0.25598517060279846,0.012452943250536919,0.11873769015073776,0.11918018758296967,0.007438534405082464,4.085422515869141,4.09332275390625,0.04409237951040268,3.60734486579895,3.6142578125,0.02688646875321865,130.86521911621094,130.87001037597656,0.004993257578462362,3.9768002033233643,3.9800000190734863,0.004664757288992405,65.29000091552734,65.29000091552734,0.0,0.03041743114590645,0.030415523797273636,0.0006281048408709466,0.009474305436015129,0.009531784802675247,0.00040823451126925647,0.004565672017633915,0.004550341982394457,0.00031590095022693276,0.10511414706707001,0.10494552552700043,0.000676143157761544,1.0037373304367065,1.0032694339752197,0.010915467515587807,0.7851017117500305,0.7841342091560364,0.007106377277523279,0.8903471231460571,0.8898552656173706,0.006798581685870886,-0.26405200362205505,-0.2640000879764557,0.00644424743950367,0.44238898158073425,0.4431474804878235,0.006090559996664524,0.7851017117500305,0.7841342091560364,0.007106377277523279,0.8903471231460571,0.8898552656173706,0.006798581685870886,3.282827377319336,3.285538911819458,0.052335817366838455,3.7436962127685547,3.75276255607605,0.0683201402425766,0.31143486499786377,0.3110416531562805,0.01081488560885191,0.1500319540500641,0.15085522830486298,0.008902225643396378,4.384746074676514,4.37945556640625,0.029055066406726837,4.184990406036377,4.1790771484375,0.0322967953979969,133.2552032470703,133.25999450683594,0.008540233597159386,2.359999895095825,2.359999895095825,0.004898975137621164,65.31999206542969,65.31999969482422,7.62939453125e-06
LC08_L1TP_195028_20190214_20200829_02_T1,LANDSAT_8,20190214,0.018819261342287064,0.01886676624417305,0.00029169960180297494,0.004075916949659586,0.004046009853482246,0.00026757459272630513,0.0019526343094184995,0.0018910706276074052,0.00018366127915214747,0.09747829288244247,0.09747830033302307,0.0004493576707318425,1.1261025667190552,1.128798484802246,0.010395600460469723,0.887239396572113,0.8880100250244141,0.006873050704598427,0.944355309009552,0.9459460973739624,0.004919205792248249,-0.3560969829559326,-0.3546470105648041,0.007886347360908985,0.5674731731414795,0.5667508244514465,0.005949647165834904,0.887239396572113,0.8880100250244141,0.006873050704598427,0.944355309009552,0.9459460973739624,0.004919205792248249,4.711958408355713,4.680612087249756,0.10084671527147293,5.19316291809082,5.186840534210205,0.09857986122369766,0.21651670336723328,0.21563969552516937,0.012653893791139126,0.10371820628643036,0.10070239752531052,0.009047344326972961,5.026166915893555,5.026641845703125,0.03527868166565895,4.734791278839111,4.73126220703125,0.016583265736699104,43.581600189208984,43.58000183105469,0.006740260403603315,6.3379998207092285,6.340000152587891,0.0048990449868142605,62.95000076293945,62.95000076293945,0.0,0.01701302081346512,0.01695489138364792,0.00026995938969776034,0.0034033041447401047,0.0034350077621638775,0.00020104717987123877,0.0014920223038643599,0.0014092327328398824,0.00025046151131391525,0.09296215325593948,0.09298771619796753,0.00029703715699724853,1.1721853017807007,1.1735954284667969,0.00807384867221117,0.8968154788017273,0.8953022956848145,0.005905617494136095,0.953440248966217,0.956164538860321,0.007629450876265764,-0.3659602701663971,-0.3657331168651581,0.007949719205498695,0.5723839998245239,0.5725362300872803,0.005327614489942789,0.8968154788017273,0.8953022956848145,0.005905617494136095,0.953440248966217,0.956164538860321,0.007629450876265764,4.860297203063965,4.84881591796875,0.07803220301866531,5.363329887390137,5.373818397521973,0.11240249127149582,0.20012854039669037,0.20312438905239105,0.012808583676815033,0.08770213276147842,0.08247394859790802,0.014658489264547825,4.91682243347168,4.914764404296875,0.014162242412567139,4.697795391082764,4.69189453125,0.05459970980882645,52.93999099731445,52.93999481201172,3.814697265625e-06,7.9131999015808105,7.909999847412109,0.0046648685820400715,62.9900016784668,62.9900016784668,0.0
LC08_L1TP_196028_20190221_20200829_02_T1,LANDSAT_8,20190221,0.03554617986083031,0.035057857632637024,0.0020220361184328794,0.017826898023486137,0.017348220571875572,0.002085334388539195,0.01128758117556572,0.011043420992791653,0.0011356051545590162,0.08690334111452103,0.08686158806085587,0.0004307929193601012,0.8780438899993896,0.8849958181381226,0.027397824451327324,0.602120578289032,0.6079674959182739,0.028166957199573517,0.7279537320137024,0.7316356897354126,0.018213467672467232,-0.16691194474697113,-0.1686459481716156,0.01078795175999403,0.3365691304206848,0.33912375569343567,0.01636369153857231,0.602120578289032,0.6079674959182739,0.028166957199573517,0.7279537320137024,0.7316356897354126,0.018213467672467232,2.279294490814209,2.3029134273529053,0.09235930442810059,2.5954842567443848,2.6114985942840576,0.09000053256750107,0.5003623366355896,0.4931507706642151,0.033114802092313766,0.31706732511520386,0.3150056004524231,0.017737839370965958,5.126225471496582,5.1097412109375,0.053319044411182404,4.813586235046387,4.813201904296875,0.0134091442450881,132.42001342773438,132.42001342773438,0.0,4.0308003425598145,4.03000020980835,0.004833183716982603,60.130001068115234,60.130001068115234,0.0,0.03593876212835312,0.035974133759737015,0.0004018364707008004,0.01779814437031746,0.01772579923272133,0.00034595251781865954,0.011223923414945602,0.011174081824719906,0.00020345905795693398,0.08740708976984024,0.0874231830239296,0.0003061099268961698,0.8792685866355896,0.8798356056213379,0.005977869965136051,0.6025991439819336,0.6045047044754028,0.006263843737542629,0.7295343279838562,0.7308065891265869,0.004117612261325121,-0.16500356793403625,-0.16449810564517975,0.00434744730591774,0.3326839506626129,0.3320951461791992,0.004751210566610098,0.6025991439819336,0.6045047044754028,0.006263843737542629,0.7295343279838562,0.7308065891265869,0.004117612261325121,2.2689390182495117,2.269115686416626,0.025032535195350647,2.585145950317383,2.5793046951293945,0.02497599460184574,0.4952443838119507,0.4938269555568695,0.008363712579011917,0.3123227655887604,0.3116435706615448,0.005435914266854525,5.135859489440918,5.13836669921875,0.017279447987675667,4.930426120758057,4.924560546875,0.05599945783615112,134.7332000732422,134.73001098632812,0.007853259332478046,2.413599967956543,2.4100000858306885,0.004799995105713606,60.15999984741211,60.15999984741211,0.0
LC08_L1TP_196028_20190325_20200829_02_T1,LANDSAT_8,20190325,,,,,,,,,,,,,,,,,,,,,,,,,,,,,,,,,,,,,,,,,,,,,,,,,,,,,,,,,,,,,0.02169063501060009,0.021705448627471924,0.0003049513616133481,0.005677540320903063,0.005538006778806448,0.00029542986885644495,0.0030978170689195395,0.003066745586693287,0.0002998321142513305,0.08091112226247787,0.0808074027299881,0.0003574910806491971,1.0216326713562012,1.0217853784561157,0.007764159701764584,0.8289969563484192,0.8322059512138367,0.007652346044778824,0.9029475450515747,0.903693437576294,0.008718246594071388,-0.2678529620170593,-0.26766183972358704,0.005305406637489796,0.47351840138435364,0.4738740622997284,0.004743048921227455,0.8289969563484192,0.8322059512138367,0.007652346044778824,0.9029475450515747,0.903693437576294,0.008718246594071388,3.591503858566284,3.5897161960601807,0.055738870054483414,3.965667963027954,3.9536280632019043,0.07386680692434311,0.26169776916503906,0.25941377878189087,0.0119475731626153,0.14273488521575928,0.1426572948694229,0.012681614607572556,7.087548732757568,7.080810546875,0.011751814745366573,6.666033744812012,6.675445556640625,0.03527441993355751,117.68080139160156,112.88999938964844,5.885483264923096,2.611599922180176,2.640000104904175,0.03402125462889671,47.80160140991211,47.79999923706055,0.003666844218969345
LC08_L1TP_196028_20190613_20200828_02_T1,LANDSAT_8,20190613,0.014204536564648151,0.013121504336595535,0.0026550127658993006,0.004200679250061512,0.00292589352466166,0.0030620729085057974,0.0024649493861943483,0.0017330271657556295,0.0017461644019931555,0.07393644005060196,0.07376629114151001,0.001200443715788424,1.0497441291809082,1.0639564990997314,0.049458712339401245,0.8744640946388245,0.9052823185920715,0.0714488998055458,0.9236119985580444,0.9430052638053894,0.04537796974182129,-0.32854652404785156,-0.3412030339241028,0.0390201173722744,0.6186500787734985,0.6350593566894531,0.04134416580200195,0.8744640946388245,0.9052823185920715,0.0714488998055458,0.9236119985580444,0.9430052638053894,0.04537796974182129,5.004838466644287,5.379800796508789,0.8261385560035706,5.458868503570557,5.833073616027832,0.800109326839447,0.2746889293193817,0.22448936104774475,0.1192721426486969,0.1613120436668396,0.1379927098751068,0.0701979324221611,16.851778030395508,16.85003662109375,0.03701786324381828,16.115148544311523,16.115753173828125,0.03244145214557648,145.82000732421875,145.82000732421875,0.0,4.065600395202637,4.070000171661377,0.004963983315974474,27.299997329711914,27.299999237060547,1.9073486328125e-06,0.012397408485412598,0.01236407645046711,0.00017550554184708744,0.0027115358971059322,0.0026800089981406927,0.00014257787552196532,0.0012260440271347761,0.0011710933176800609,0.00014130311319604516,0.06957442313432693,0.06952261924743652,0.0002953768416773528,1.047196865081787,1.045454740524292,0.004328948445618153,0.907642662525177,0.9083911776542664,0.0045042140409350395,0.9571605920791626,0.9589582681655884,0.004810340236872435,-0.3572205603122711,-0.3586450219154358,0.006620869971811771,0.6374785304069519,0.6379764080047607,0.004146900959312916,0.907642662525177,0.9083911776542664,0.0045042140409350395,0.9571605920791626,0.9589582681655884,0.004810340236872435,5.43980598449707,5.446109771728516,0.07790128141641617,6.0329461097717285,6.033169746398926,0.08753910660743713,0.21875415742397308,0.21675771474838257,0.011765427887439728,0.09894626587629318,0.09471741318702698,0.011799894273281097,15.654440879821777,15.656707763671875,0.05006420984864235,15.05181884765625,15.046539306640625,0.07050107419490814,137.94918823242188,135.97999572753906,4.5218329429626465,2.504000186920166,2.5199999809265137,0.028284244239330292,27.3700008392334,27.3700008392334,0.0
LC08_L1TP_196028_20190629_20200827_02_T1,LANDSAT_8,20190629,0.015098631381988525,0.014244414865970612,0.0022091581486165524,0.004671082366257906,0.003657042747363448,0.002829149132594466,0.0026538369711488485,0.0020091133192181587,0.0016258438117802143,0.08420327305793762,0.08428137004375458,0.0007659943657927215,1.118544578552246,1.1300098896026611,0.0404537133872509,0.8874790072441101,0.9062771797180176,0.0558294802904129,0.9340697526931763,0.9475854635238647,0.035034507513046265,-0.3368123769760132,-0.3471871018409729,0.030211014673113823,0.6703826785087585,0.6797335743904114,0.03159700706601143,0.8874790072441101,0.9062771797180176,0.0558294802904129,0.9340697526931763,0.9475854635238647,0.035034507513046265,5.577330112457275,5.771178245544434,0.7878435850143433,6.153169631958008,6.420029163360596,0.7572286128997803,0.2941489517688751,0.25714266300201416,0.10692264884710312,0.1671368032693863,0.14839787781238556,0.06297807395458221,22.72415542602539,22.6822509765625,0.08529045432806015,22.269027709960938,22.251190185546875,0.057073161005973816,147.33480834960938,147.3300018310547,0.004993262235075235,4.018400192260742,4.019999980926514,0.00463026762008667,27.6299991607666,27.6299991607666,0.0,0.019340546801686287,0.018793892115354538,0.0016578285722061992,0.009630966931581497,0.009261414408683777,0.0016045237425714731,0.006961871404200792,0.006505580153316259,0.0013738757697865367,0.07353565096855164,0.07354920357465744,0.0005024171550758183,0.9358929395675659,0.9424433708190918,0.027852384373545647,0.7290629744529724,0.7347995638847351,0.033708833158016205,0.7966832518577576,0.805799126625061,0.031793199479579926,-0.25978460907936096,-0.26292136311531067,0.019781222566962242,0.5199449062347412,0.5271384716033936,0.023109834641218185,0.7290629744529724,0.7347995638847351,0.033708833158016205,0.7966832518577576,0.805799126625061,0.031793199479579926,3.2716355323791504,3.320162773132324,0.2653491795063019,3.605391025543213,3.6114046573638916,0.30040034651756287,0.4947130084037781,0.493757039308548,0.042331475764513016,0.35667741298675537,0.34962376952171326,0.04056927189230919,21.658302307128906,21.670074462890625,0.027574092149734497,21.385435104370117,21.37774658203125,0.04848518967628479,149.8756103515625,149.8699951171875,0.00941638182848692,2.4028000831604004,2.4000000953674316,0.00448998436331749,27.700002670288086,27.700000762939453,1.9073486328125e-06
LC08_L1TP_195028_20190724_20200827_02_T1,LANDSAT_8,20190724,0.028764544054865837,0.02791374921798706,0.003235430223867297,0.00842154398560524,0.007348187733441591,0.003289861138910055,0.004541321657598019,0.003967548254877329,0.0020915179047733545,0.08225378394126892,0.08210963010787964,0.0006473473040387034,0.9099012613296509,0.9197896718978882,0.05307488515973091,0.7846716046333313,0.8046194314956665,0.056819867342710495,0.8779269456863403,0.8889257311820984,0.03966173902153969,-0.17470517754554749,-0.1789037138223648,0.014172538183629513,0.4089480936527252,0.41715696454048157,0.025100616738200188,0.7846716046333313,0.8046194314956665,0.056819867342710495,0.8779269456863403,0.8889257311820984,0.03966173902153969,2.9762537479400635,3.0565924644470215,0.24152293801307678,3.313389301300049,3.3880608081817627,0.228512242436409,0.28645601868629456,0.2641347348690033,0.06538265943527222,0.15354208648204803,0.14334455132484436,0.03971610218286514,24.380521774291992,24.381591796875,0.029371285811066628,23.679906845092773,23.67181396484375,0.04057183489203453,29.154008865356445,29.150009155273438,0.005654502660036087,6.424800395965576,6.420000076293945,0.004995874594897032,31.579999923706055,31.579999923706055,0.0,0.030169958248734474,0.03012295439839363,0.00018115596321877092,0.0089381979778409,0.008999288082122803,0.00019284611335024238,0.0049258749932050705,0.004934335593134165,0.00018187027308158576,0.0830942690372467,0.08314361423254013,0.0001896998583106324,0.9058530330657959,0.9060957431793213,0.0031341249123215675,0.7711142897605896,0.7695077657699585,0.004316636361181736,0.8670336008071899,0.86683589220047,0.004563920199871063,-0.15591125190258026,-0.1566895991563797,0.002930240472778678,0.392532616853714,0.3927049934864044,0.002577126258984208,0.7711142897605896,0.7695077657699585,0.004316636361181736,0.8670336008071899,0.86683589220047,0.004563920199871063,2.824951410293579,2.8259310722351074,0.01649002730846405,3.1479673385620117,3.1501355171203613,0.022483153268694878,0.2962767481803894,0.2978055477142334,0.006831837352365255,0.16327419877052307,0.1629168689250946,0.006031045224517584,22.941465377807617,22.944183349609375,0.03918783739209175,22.30316925048828,22.30804443359375,0.03716458007693291,38.214805603027344,38.21000671386719,0.004993254318833351,7.998800277709961,8.0,0.004308230243623257,31.659997940063477,31.65999984741211,1.9073486328125e-06
LC08_L1TP_195028_20190809_20200827_02_T1,LANDSAT_8,20190809,0.015977496281266212,0.015197583474218845,0.0023720995523035526,0.0041341292671859264,0.0032252043019980192,0.0026562800630927086,0.0020885649137198925,0.0016614716732874513,0.0011381072690710425,0.07855246961116791,0.07841905951499939,0.0008184578618966043,1.1044150590896606,1.119011402130127,0.0343465693295002,0.8708744049072266,0.8928573727607727,0.06408549100160599,0.9317079186439514,0.9439868330955505,0.03163622319698334,-0.2907630205154419,-0.2996595501899719,0.03348568454384804,0.5693076848983765,0.5807213187217712,0.0370163656771183,0.8708744049072266,0.8928573727607727,0.06408549100160599,0.9317079186439514,0.9439868330955505,0.03163622319698334,4.451868057250977,4.686831951141357,0.5705928206443787,4.902072906494141,5.06956672668457,0.524565577507019,0.24628105759620667,0.21406228840351105,0.09427410364151001,0.12556421756744385,0.10894270241260529,0.04243826866149902,19.90035629272461,19.8948974609375,0.029846766963601112,18.531761169433594,18.5263671875,0.03455272316932678,32.75840759277344,32.760009765625,0.006740259472280741,6.400399684906006,6.400000095367432,0.004454189911484718,35.060001373291016,35.060001373291016,0.0,0.014512219466269016,0.014501460827887058,0.00020762653730344027,0.0027476924005895853,0.002763347467407584,0.00016584059630986303,0.001391940750181675,0.0013938993215560913,0.0001084667892428115,0.07508334517478943,0.07507503032684326,0.00022682396229356527,1.1587659120559692,1.160098910331726,0.006270209793001413,0.9010077714920044,0.9007466435432434,0.005696153733879328,0.9485994577407837,0.9484163522720337,0.003856963710859418,-0.29843664169311523,-0.2987626791000366,0.007295651827007532,0.568545401096344,0.5687273740768433,0.004997755400836468,0.9010077714920044,0.9007466435432434,0.005696153733879328,0.9485994577407837,0.9484163522720337,0.003856963710859418,4.614139080047607,4.610481262207031,0.08379656076431274,5.00673770904541,5.013847827911377,0.06710846722126007,0.18932723999023438,0.18896329402923584,0.010924343019723892,0.09596817940473557,0.09661004692316055,0.00802327785640955,19.896652221679688,19.899871826171875,0.08040837943553925,18.267826080322266,18.274444580078125,0.11177150160074234,41.876007080078125,41.8800048828125,0.0049000270664691925,7.974799633026123,7.96999979019165,0.004996112547814846,35.130001068115234,35.130001068115234,0.0
LC08_L1TP_195028_20190825_20200826_02_T1,LANDSAT_8,20190825,0.018049681559205055,0.01718820258975029,0.0035791986156255007,0.004526912700384855,0.0035463564563542604,0.004385111387819052,0.002257241401821375,0.0017084624851122499,0.0018536720890551805,0.07939708232879639,0.07917187362909317,0.0013908717082813382,1.0416970252990723,1.05619215965271,0.04389910772442818,0.8707330226898193,0.8890689611434937,0.08372678607702255,0.9317719340324402,0.9449771642684937,0.04339943826198578,-0.2710028290748596,-0.27680522203445435,0.034966032952070236,0.5482907891273499,0.5568220615386963,0.044431671500205994,0.8707330226898193,0.8890689611434937,0.08372678607702255,0.9317719340324402,0.9449771642684937,0.04339943826198578,4.277641773223877,4.386936187744141,0.5249546766281128,4.6863112449646,4.783968925476074,0.5028692483901978,0.23021097481250763,0.2070547491312027,0.10711897909641266,0.11620936542749405,0.10076314210891724,0.04734822362661362,20.151504516601562,20.155853271484375,0.021450592204928398,19.97747230529785,19.975738525390625,0.055243391543626785,37.34999084472656,37.34999084472656,0.006927040871232748,6.4039998054504395,6.400000095367432,0.004898857790976763,39.409996032714844,39.40999984741211,3.814697265625e-06,0.017408207058906555,0.0174102820456028,0.00022104669187683612,0.0037172979209572077,0.003730774624273181,0.00021997414296492934,0.001858128933236003,0.001839477801695466,0.00017410759755875915,0.0763181746006012,0.07628658413887024,0.00017889865557663143,1.1262404918670654,1.1264474391937256,0.005732101853936911,0.8718376755714417,0.871518611907959,0.006942064967006445,0.9338235259056091,0.934259295463562,0.0059144156984984875,-0.2559519112110138,-0.25537779927253723,0.005161096341907978,0.5143269896507263,0.5137681365013123,0.004334884230047464,0.8718376755714417,0.871518611907959,0.006942064967006445,0.9338235259056091,0.934259295463562,0.0059144156984984875,3.9613046646118164,3.9498186111450195,0.06396624445915222,4.3432698249816895,4.349122047424316,0.060506757348775864,0.21348701417446136,0.21279725432395935,0.011434681713581085,0.10672663897275925,0.10654449462890625,0.00977272354066372,19.83155632019043,19.83514404296875,0.02994718961417675,19.44385528564453,19.43341064453125,0.03983800858259201,46.49000549316406,46.49000549316406,0.0,7.977200508117676,7.980000019073486,0.00449009146541357,39.470001220703125,39.470001220703125,0.0
LC08_L1TP_196028_20190917_20200826_02_T1,LANDSAT_8,20190917,0.02806350775063038,0.027672497555613518,0.00341581623069942,0.011292926035821438,0.010036350227892399,0.0033199272584170103,0.00785155687481165,0.007164676673710346,0.002031416865065694,0.07783571630716324,0.07753521203994751,0.0014076638035476208,1.0432164669036865,1.051611065864563,0.05820207670331001,0.6769381165504456,0.6973164677619934,0.061074189841747284,0.7628328800201416,0.7776778936386108,0.0420701764523983,-0.11581012606620789,-0.11338280141353607,0.025885554030537605,0.3470216393470764,0.34161490201950073,0.036445267498493195,0.6769381165504456,0.6973164677619934,0.061074189841747284,0.7628328800201416,0.7776778936386108,0.0420701764523983,2.3961551189422607,2.400153875350952,0.23084598779678345,2.6182961463928223,2.634347438812256,0.227261483669281,0.39742279052734375,0.3787233531475067,0.07272164523601532,0.276567667722702,0.2663412094116211,0.03916814550757408,16.42841339111328,16.429779052734375,0.4011651575565338,15.667963981628418,15.727447509765625,0.34863772988319397,131.00999450683594,131.00999450683594,0.0,3.9904000759124756,3.990000009536743,0.004454207606613636,46.40999984741211,46.40999984741211,0.0,0.033835917711257935,0.0339856781065464,0.002443112665787339,0.01483179721981287,0.01491770800203085,0.0013171738246455789,0.010157967917621136,0.010303078219294548,0.0009957137517631054,0.07951951771974564,0.07931926101446152,0.0010394384153187275,1.0185245275497437,1.012673020362854,0.02111154980957508,0.6026674509048462,0.599844217300415,0.0234846081584692,0.7097389698028564,0.7051390409469604,0.02027992717921734,-0.04946025460958481,-0.05208782106637955,0.01853334531188011,0.277374804019928,0.27681875228881836,0.025310885161161423,0.6026674509048462,0.599844217300415,0.0234846081584692,0.7097389698028564,0.7051390409469604,0.02027992717921734,1.9995651245117188,1.9869357347488403,0.09609523415565491,2.21264910697937,2.2142391204833984,0.11157148331403732,0.4385448694229126,0.43831464648246765,0.02760072611272335,0.3000525236129761,0.29558682441711426,0.018439460545778275,15.638566970825195,15.67999267578125,0.18591275811195374,14.405352592468262,14.367950439453125,0.16956400871276855,133.4503936767578,133.4499969482422,0.007731383200734854,2.374000072479248,2.369999885559082,0.004899091552942991,46.43999481201172,46.439998626708984,3.814697265625e-06
LC08_L1TP_196028_20191003_20200825_02_T1,LANDSAT_8,20191003,0.015683913603425026,0.014976754784584045,0.0018742987886071205,0.003815809264779091,0.0031255711801350117,0.001900973729789257,0.0019079014891758561,0.0016278994735330343,0.0009291801834478974,0.0750211700797081,0.0749814435839653,0.0006367110181599855,1.1251215934753418,1.1395883560180664,0.04315522313117981,0.8695349097251892,0.8877853155136108,0.053025249391794205,0.9321547150611877,0.9402631521224976,0.028565896674990654,-0.30091536045074463,-0.3098902702331543,0.025215618312358856,0.5471436977386475,0.5579048991203308,0.02924078144133091,0.8695349097251892,0.8877853155136108,0.053025249391794205,0.9321547150611877,0.9402631521224976,0.028565896674990654,4.318385124206543,4.500901222229004,0.4945529103279114,4.754524230957031,4.906069755554199,0.4452313780784607,0.23557403683662415,0.20824219286441803,0.08354662358760834,0.11762512475252151,0.10845932364463806,0.03939739987254143,14.421100616455078,14.4239501953125,0.04496312141418457,13.528181076049805,13.527435302734375,0.04358190298080444,127.19998931884766,127.19999694824219,7.62939453125e-06,4.0624003410339355,4.059999942779541,0.0042709289118647575,52.09999465942383,52.099998474121094,3.814697265625e-06,0.014697610400617123,0.014722890220582485,0.00018789649766404182,0.0032832156866788864,0.003224703250452876,0.00022309560154099017,0.001624656724743545,0.0016612104373052716,0.00018699416250456125,0.07349781692028046,0.07350046187639236,0.00030917045660316944,1.1609578132629395,1.1606829166412354,0.007896867580711842,0.8784394860267639,0.8803625106811523,0.007578435819596052,0.9379419088363647,0.9369202256202698,0.006964780390262604,-0.30775412917137146,-0.3085107207298279,0.0061134276911616325,0.550640881061554,0.5508772730827332,0.0042055449448525906,0.8784394860267639,0.8803625106811523,0.007578435819596052,0.9379419088363647,0.9369202256202698,0.006964780390262604,4.366081237792969,4.365946292877197,0.07394588738679886,4.809615612030029,4.7821807861328125,0.08176694810390472,0.22336284816265106,0.2182622253894806,0.014586936682462692,0.11054165661334991,0.11233482509851456,0.012723090127110481,13.847535133361816,13.84954833984375,0.02425169199705124,13.280584335327148,13.277557373046875,0.0487208217382431,124.57160186767578,129.5,6.045825481414795,2.470399856567383,2.440000057220459,0.03583068028092384,52.118404388427734,52.119998931884766,0.0036654488649219275
LC08_L1TP_195028_20191113_20200825_02_T1,LANDSAT_8,20191113,,,,,,,,,,,,,,,,,,,,,,,,,,,,,,,,,,,,,,,,,,,,,,,,,,,,,,,,,,,,,,,,,,,,,,,,,,,,,,,,,,,,,,,,,,,,,,,,,,,,,,,,,,,,,,,,,,,,,,,,
LC08_L1TP_196028_20191206_20200824_02_T1,LANDSAT_8,20191206,0.028673239052295685,0.02847476489841938,0.0016121311346068978,0.008848262019455433,0.008203570730984211,0.002507852390408516,0.004220815375447273,0.003864009166136384,0.00113370968028903,0.10039564222097397,0.10034537315368652,0.0011296863667666912,0.9991023540496826,1.0021231174468994,0.017300782725214958,0.7923886179924011,0.802817165851593,0.044204164296388626,0.8949168920516968,0.9024755358695984,0.023609545081853867,-0.2684279680252075,-0.2685188353061676,0.01562502607703209,0.4506816864013672,0.452971875667572,0.017052097246050835,0.7923886179924011,0.802817165851593,0.044204164296388626,0.8949168920516968,0.9024755358695984,0.023609545081853867,3.363661289215088,3.3987159729003906,0.22581009566783905,3.825347661972046,3.8540167808532715,0.19766056537628174,0.30575743317604065,0.2904561460018158,0.06216580793261528,0.1460239291191101,0.1392926126718521,0.02857336774468422,7.195868968963623,7.19305419921875,0.03553346171975136,6.461442947387695,6.45281982421875,0.03519492968916893,123.31360626220703,123.30999755859375,0.00480469036847353,4.022799491882324,4.019999980926514,0.00449009146541357,70.3407974243164,70.33999633789062,0.002713511697947979,,,,,,,,,,,,,,,,,,,,,,,,,,,,,,,,,,,,,,,,,,,,,,,,,,,,,,,,,,,,
LC08_L1TP_195028_20191231_20200824_02_T1,LANDSAT_8,20191231,,,,,,,,,,,,,,,,,,,,,,,,,,,,,,,,,,,,,,,,,,,,,,,,,,,,,,,,,,,,,,,,,,,,,,,,,,,,,,,,,,,,,,,,,,,,,,,,,,,,,,,,,,,,,,,,,,,,,,,,
LC08_L1TP_195028_20200116_20200823_02_T1,LANDSAT_8,20200116,0.02052524872124195,0.019758569076657295,0.003445320064201951,0.005009438376873732,0.004022702109068632,0.003376709297299385,0.002510628430172801,0.0019521794747561216,0.0014914305647835135,0.09987547248601913,0.09968025982379913,0.0011133268708363175,1.1622856855392456,1.1738793849945068,0.028252236545085907,0.8658656477928162,0.8862876296043396,0.06893739849328995,0.929463267326355,0.9427087903022766,0.03551478311419487,-0.33447685837745667,-0.3405088186264038,0.03779475390911102,0.5341852307319641,0.542069137096405,0.04358023777604103,0.8658656477928162,0.8862876296043396,0.06893739849328995,0.929463267326355,0.9427087903022766,0.03551478311419487,4.367766857147217,4.493764877319336,0.5399093627929688,4.788475513458252,4.86721658706665,0.4982868731021881,0.2316560000181198,0.2042675018310547,0.08821838349103928,0.11785275489091873,0.10149256139993668,0.046851396560668945,6.294240951538086,6.291412353515625,0.0204571895301342,5.851314544677734,5.840667724609375,0.057453155517578125,47.28440475463867,47.280006408691406,0.004964366089552641,6.325999736785889,6.329999923706055,0.004898857790976763,70.23999786376953,70.23999786376953,0.0,0.020696809515357018,0.020784448832273483,0.0003557327145244926,0.003917652182281017,0.00396738713607192,0.0002942610008176416,0.001965923933312297,0.0018356424989178777,0.0004068205307703465,0.10137603431940079,0.10125760734081268,0.0003463959728833288,1.172216534614563,1.170968770980835,0.006241647060960531,0.8902757167816162,0.8887047171592712,0.007778647355735302,0.9434470534324646,0.9471896290779114,0.01132642850279808,-0.33250388503074646,-0.33205756545066833,0.007444484159350395,0.5305254459381104,0.5306811332702637,0.006203667260706425,0.8902757167816162,0.8887047171592712,0.007778647355735302,0.9434470534324646,0.9471896290779114,0.01132642850279808,4.421348571777344,4.424760341644287,0.09068287163972855,4.804063320159912,4.808905601501465,0.1371670663356781,0.1892777979373932,0.19252800941467285,0.013795958831906319,0.0948420837521553,0.08831807225942612,0.018746793270111084,6.207137584686279,6.20928955078125,0.03200743719935417,5.798712253570557,5.7984619140625,0.03599734976887703,56.68999099731445,56.68999481201172,3.814697265625e-06,7.900399684906006,7.900000095367432,0.004454189911484718,70.26000213623047,70.26000213623047,0.0
LC08_L1TP_196028_20200208_20200823_02_T1,LANDSAT_8,20200208,,,,,,,,,,,,,,,,,,,,,,,,,,,,,,,,,,,,,,,,,,,,,,,,,,,,,,,,,,,,,,,,,,,,,,,,,,,,,,,,,,,,,,,,,,,,,,,,,,,,,,,,,,,,,,,,,,,,,,,,
LC08_L1TP_196028_20200224_20200822_02_T1,LANDSAT_8,20200224,0.017320487648248672,0.01667829044163227,0.0021080828737467527,0.006400095298886299,0.005572413094341755,0.002368570538237691,0.0043581705540418625,0.0039747329428792,0.0015132314292714,0.07744576781988144,0.07737094163894653,0.0007864917861297727,1.1360411643981934,1.1466314792633057,0.03754022344946861,0.7903409004211426,0.8099671006202698,0.05632571876049042,0.8516867756843567,0.8611688017845154,0.039245206862688065,-0.2915712594985962,-0.2949756979942322,0.026093745604157448,0.5136333703994751,0.5226384997367859,0.03227345272898674,0.7903409004211426,0.8099671006202698,0.05632571876049042,0.8516867756843567,0.8611688017845154,0.039245206862688065,3.6575841903686523,3.756056308746338,0.36976632475852966,3.9847092628479004,4.1064677238464355,0.3529767096042633,0.3613850772380829,0.34134599566459656,0.06998332589864731,0.2468818873167038,0.23362378776073456,0.044120173901319504,6.496662616729736,6.48370361328125,0.0755215436220169,6.174346923828125,6.164947509765625,0.12151768058538437,132.52999877929688,132.52999877929688,0.0,4.123600006103516,4.119999885559082,0.004800109658390284,59.119998931884766,59.119998931884766,0.0,0.0275011844933033,0.027535511180758476,0.0005550173809751868,0.015763098374009132,0.015561849810183048,0.0007853807765059173,0.011126522906124592,0.011076599359512329,0.0005184244364500046,0.08190372586250305,0.08186548948287964,0.0004687895125243813,1.0458794832229614,1.046884298324585,0.01574029214680195,0.5840080380439758,0.5860996246337891,0.014830890111625195,0.687198281288147,0.6885967254638672,0.010925852693617344,-0.15734264254570007,-0.1562882512807846,0.009249420836567879,0.3713557720184326,0.37241068482398987,0.008811373263597488,0.5840080380439758,0.5860996246337891,0.014830890111625195,0.687198281288147,0.6885967254638672,0.010925852693617344,2.2603495121002197,2.268383264541626,0.04179831221699715,2.531397819519043,2.530613422393799,0.039578232914209366,0.5733891725540161,0.5693212151527405,0.03037884086370468,0.4047373831272125,0.4040110111236572,0.020336175337433815,4.892899036407471,4.90899658203125,0.17647004127502441,4.000514030456543,4.066986083984375,0.13836801052093506,118.7944107055664,122.63999938964844,5.604167938232422,2.591599941253662,2.569999933242798,0.03330833837389946,59.15000534057617,59.150001525878906,3.814697265625e-06
LC08_L1TP_195028_20200304_20200822_02_T1,LANDSAT_8,20200304,0.01534147746860981,0.014380833134055138,0.002302048495039344,0.004052513744682074,0.0031278221867978573,0.0022253284696489573,0.002206013072282076,0.0016178322257474065,0.0015270421281456947,0.08290699869394302,0.08285164088010788,0.00047180737601593137,1.1826694011688232,1.1945151090621948,0.05066186934709549,0.8681584000587463,0.8921269178390503,0.05632292479276657,0.9262728691101074,0.943146288394928,0.04114171117544174,-0.3518589735031128,-0.36480027437210083,0.031150363385677338,0.5703354477882385,0.5846316814422607,0.03506859391927719,0.8681584000587463,0.8921269178390503,0.05632292479276657,0.9262728691101074,0.943146288394928,0.04114171117544174,4.647405624389648,4.946724891662598,0.6016789078712463,5.112884521484375,5.376396656036377,0.5920968651771545,0.25277969241142273,0.21749937534332275,0.08230031281709671,0.13554678857326508,0.11139195412397385,0.05670906975865364,5.328463077545166,5.32720947265625,0.021960290148854256,4.476510047912598,4.481781005859375,0.061583664268255234,41.69599533081055,41.69999694824219,0.006325907073915005,6.197199821472168,6.199999809265137,0.004489877726882696,56.20000076293945,56.20000076293945,0.0,0.05747104808688164,0.057835355401039124,0.0008356932085007429,0.02825678139925003,0.028251871466636658,0.0006088734953664243,0.02317037433385849,0.023075386881828308,0.0004886065726168454,0.09787598252296448,0.09783787280321121,0.0004057682235725224,0.7957265973091125,0.7937619686126709,0.00950020831078291,0.5015851855278015,0.5011122226715088,0.005831982009112835,0.5720992088317871,0.572809100151062,0.0055474876426160336,-0.049039725214242935,-0.048996370285749435,0.004375775344669819,0.19392311573028564,0.19328996539115906,0.004853185266256332,0.5015851855278015,0.5011122226715088,0.005831982009112835,0.5720992088317871,0.572809100151062,0.0055474876426160336,1.7325797080993652,1.7300591468811035,0.01425300631672144,1.841855764389038,1.8386669158935547,0.015842169523239136,0.49167266488075256,0.4900619089603424,0.007977807894349098,0.40317222476005554,0.4031055271625519,0.0065304902382195,2.095473527908325,2.10186767578125,0.01583191193640232,1.5102916955947876,1.508392333984375,0.02960277535021305,51.23759841918945,51.23999786376953,0.0042684851214289665,7.771999359130859,7.769999980926514,0.0048990449868142605,56.242801666259766,56.2400016784668,0.0044892351143062115
LC08_L1TP_195028_20200405_20200822_02_T1,LANDSAT_8,20200405,0.017064906656742096,0.016283094882965088,0.0027871488127857447,0.004442047793418169,0.003566240891814232,0.0021526003256440163,0.0023310494143515825,0.0019351652590557933,0.0010808078804984689,0.0781882032752037,0.07800131291151047,0.0009880332509055734,1.070103406906128,1.0814995765686035,0.02980513498187065,0.8603785634040833,0.8821382522583008,0.05362493544816971,0.9237247705459595,0.9345185160636902,0.02997254952788353,-0.3107016086578369,-0.31949248909950256,0.035710059106349945,0.546515166759491,0.559894859790802,0.04205453395843506,0.8603785634040833,0.8821382522583008,0.05362493544816971,0.9237247705459595,0.9345185160636902,0.02997254952788353,4.2968316078186035,4.468620777130127,0.5053133368492126,4.732666015625,4.839882850646973,0.48055705428123474,0.2520727813243866,0.22354930639266968,0.07223231345415115,0.13299450278282166,0.11864356696605682,0.0402008518576622,9.50717544555664,9.5167236328125,0.027556845918297768,9.798562049865723,9.80560302734375,0.04159976914525032,39.026405334472656,39.030006408691406,0.00624953443184495,6.152799606323242,6.150000095367432,0.004489877261221409,43.65999984741211,43.65999984741211,0.0,0.01638742722570896,0.016324346885085106,0.00017261544417124242,0.003378859255462885,0.0033755407202988863,0.00017504641436971724,0.0016412839759141207,0.001632425468415022,0.00013949286949355155,0.07887814939022064,0.07884106785058975,0.0001719320862321183,1.1050102710723877,1.104324460029602,0.004518584813922644,0.8872964382171631,0.8879706859588623,0.005414512474089861,0.9436196684837341,0.9438632726669312,0.00467750895768404,-0.31977730989456177,-0.3199079930782318,0.0052423616871237755,0.5507776737213135,0.5511602163314819,0.003824352053925395,0.8872964382171631,0.8879706859588623,0.005414512474089861,0.9436196684837341,0.9438632726669312,0.00467750895768404,4.471249580383301,4.495037078857422,0.05867430567741394,4.902235984802246,4.9013895988464355,0.06738359481096268,0.20619378983974457,0.20408135652542114,0.010614948347210884,0.10014748573303223,0.0989927276968956,0.008338739164173603,8.760019302368164,8.74346923828125,0.06406179070472717,8.791038513183594,8.793609619140625,0.061235032975673676,48.56720733642578,48.56999969482422,0.004487526603043079,7.725200176239014,7.730000019073486,0.004996112547814846,43.709999084472656,43.709999084472656,0.0
LC08_L1TP_196028_20200412_20200822_02_T1,LANDSAT_8,20200412,0.021703625097870827,0.020770655944943428,0.002836916595697403,0.005826310720294714,0.004791199695318937,0.003309783060103655,0.0029926556162536144,0.0025272187776863575,0.001487260335125029,0.0767703652381897,0.07668560743331909,0.0006424565217457712,0.9275549054145813,0.9380725622177124,0.038725778460502625,0.8370366096496582,0.8583106994628906,0.06347411125898361,0.911855936050415,0.9226433038711548,0.03342752158641815,-0.25079432129859924,-0.2578797936439514,0.022368505597114563,0.4924754798412323,0.5031486749649048,0.03313073515892029,0.8370366096496582,0.8583106994628906,0.06347411125898361,0.911855936050415,0.9226433038711548,0.03342752158641815,3.6979663372039795,3.831449508666992,0.37991857528686523,4.090655326843262,4.212600231170654,0.34654176235198975,0.2594619691371918,0.23008829355239868,0.09238163381814957,0.13392271101474762,0.12077881395816803,0.04114098101854324,12.479334831237793,12.483734130859375,0.08176903426647186,11.642810821533203,11.64678955078125,0.03732965141534805,136.02520751953125,136.02000427246094,0.007547828368842602,4.268800258636475,4.269999980926514,0.004308074712753296,40.560001373291016,40.560001373291016,0.0,0.020661909133195877,0.020625032484531403,0.0002827220596373081,0.004613892640918493,0.004609672352671623,0.0001207505411002785,0.0023843853268772364,0.002397032454609871,0.00013183552073314786,0.07724563777446747,0.07717924565076828,0.00025499137700535357,0.9718763828277588,0.9723408222198486,0.006345140747725964,0.8605243563652039,0.8598881363868713,0.0034216945059597492,0.9254119992256165,0.9251028895378113,0.0039834328927099705,-0.25747454166412354,-0.25605714321136475,0.006192876026034355,0.49733054637908936,0.4975845217704773,0.0051605431362986565,0.8605243563652039,0.8598881363868713,0.0034216945059597492,0.9254119992256165,0.9251028895378113,0.0039834328927099705,3.8198394775390625,3.819416046142578,0.0484175980091095,4.1894941329956055,4.186500072479248,0.057921893894672394,0.2233240306377411,0.22402986884117126,0.0058134435676038265,0.11540776491165161,0.11645540595054626,0.006323631852865219,12.103353500366211,12.09405517578125,0.033183082938194275,11.480571746826172,11.4735107421875,0.02529207244515419,115.27800750732422,115.27999877929688,0.023998718708753586,2.7731997966766357,2.7699999809265137,0.004664757288992405,40.599998474121094,40.599998474121094,0.0
LC08_L1TP_195028_20200507_20200820_02_T1,LANDSAT_8,20200507,0.016927074640989304,0.015706926584243774,0.0026137689128518105,0.005119913723319769,0.0040402840822935104,0.0022073937579989433,0.002622112864628434,0.0020320985931903124,0.0011325995437800884,0.07379500567913055,0.07357396185398102,0.0011701100738719106,1.051030158996582,1.0683525800704956,0.03869014233350754,0.8352247476577759,0.862545907497406,0.055521801114082336,0.9116742610931396,0.9283608198165894,0.031875964254140854,-0.28541299700737,-0.3006397485733032,0.0347430557012558,0.536551833152771,0.5548062920570374,0.04000377282500267,0.8352247476577759,0.862545907497406,0.055521801114082336,0.9116742610931396,0.9283608198165894,0.031875964254140854,4.006523609161377,4.236938953399658,0.5064916610717773,4.487341403961182,4.746292591094971,0.48336634039878845,0.29347285628318787,0.25722944736480713,0.07348806411027908,0.1507774293422699,0.1311258226633072,0.042032286524772644,14.301031112670898,14.300933837890625,0.02517598308622837,14.28410530090332,14.295379638671875,0.058848291635513306,45.09479904174805,45.089996337890625,0.005000877659767866,5.9180006980896,5.920000076293945,0.004899044521152973,33.219600677490234,33.220001220703125,0.001960010500624776,0.018910765647888184,0.018875615671277046,0.00022019873722456396,0.00645030802115798,0.006458592135459185,0.00017953856149688363,0.004405457526445389,0.004401413258165121,0.00013805873459205031,0.07387429475784302,0.0738876536488533,0.00018389170872978866,1.0312221050262451,1.031510829925537,0.005315717309713364,0.7945509552955627,0.7942639589309692,0.005309692118316889,0.8549544811248779,0.8550040125846863,0.004426427185535431,-0.24797093868255615,-0.24856609106063843,0.005883328150957823,0.4973967373371124,0.4980989098548889,0.004570784978568554,0.7945509552955627,0.7942639589309692,0.005309692118316889,0.8549544811248779,0.8550040125846863,0.004426427185535431,3.4592766761779785,3.453948736190796,0.04101802781224251,3.7628273963928223,3.7621023654937744,0.05169667676091194,0.3411399722099304,0.34090888500213623,0.010361479595303535,0.2329605519771576,0.23223312199115753,0.00683220149949193,12.88046646118164,12.885223388671875,0.02498854324221611,12.824202537536621,12.816009521484375,0.05164632573723793,44.29840850830078,44.300010681152344,0.0036696407478302717,7.5432000160217285,7.539999961853027,0.0046648685820400715,33.2744026184082,33.27000045776367,0.004963037092238665
LC08_L1TP_196028_20200530_20200820_02_T1,LANDSAT_8,20200530,0.02253626100718975,0.02162056602537632,0.0031410108786076307,0.0069530983455479145,0.005768513306975365,0.003469214541837573,0.0038735298439860344,0.003293045796453953,0.001605798490345478,0.08639825880527496,0.0865049883723259,0.0009840740822255611,0.9606154561042786,0.9743094444274902,0.05345545709133148,0.8246588110923767,0.8470799922943115,0.061862170696258545,0.897330641746521,0.9101611971855164,0.03344646841287613,-0.2569865882396698,-0.2642967402935028,0.023444142192602158,0.5166826844215393,0.528128981590271,0.03417526185512543,0.8246588110923767,0.8470799922943115,0.061862170696258545,0.897330641746521,0.9101611971855164,0.03344646841287613,3.760693311691284,3.8941290378570557,0.40817990899086,4.167708873748779,4.296875476837158,0.38552162051200867,0.2980899214744568,0.27359476685523987,0.0820620208978653,0.16705912351608276,0.1536770761013031,0.03674564138054848,13.956777572631836,13.952056884765625,0.02725234441459179,12.80227279663086,12.819061279296875,0.05950941517949104,143.7100067138672,143.7100067138672,0.0,3.9159996509552,3.9200000762939453,0.004898975137621164,28.28000259399414,28.280000686645508,1.9073486328125e-06,0.0406997911632061,0.04079250991344452,0.0006133695133030415,0.02667807601392269,0.026634443551301956,0.0005383988609537482,0.02074941247701645,0.020725779235363007,0.00031584440148435533,0.08236588537693024,0.0823349803686142,0.00023188018531072885,0.755984902381897,0.7554867267608643,0.008049579337239265,0.4802895784378052,0.4807049334049225,0.0064706564880907536,0.5709877610206604,0.5714621543884277,0.004499305505305529,-0.11215008050203323,-0.1135568916797638,0.005256061442196369,0.3023863136768341,0.30221712589263916,0.006454698741436005,0.4802895784378052,0.4807049334049225,0.0064706564880907536,0.5709877610206604,0.5714621543884277,0.004499305505305529,1.8844815492630005,1.8827102184295654,0.018337281420826912,2.06623911857605,2.069340705871582,0.01843525469303131,0.6555774211883545,0.6551724076271057,0.01412397064268589,0.5099098086357117,0.5079976916313171,0.009857432916760445,12.670367240905762,12.6700439453125,0.042832862585783005,11.702651023864746,11.70550537109375,0.03643614798784256,146.40721130371094,146.41000366210938,0.009178263135254383,2.299600124359131,2.299999952316284,0.004454207140952349,28.350000381469727,28.350000381469727,0.0
LC08_L1TP_195028_20200624_20200824_02_T1,LANDSAT_8,20200624,0.020534710958600044,0.019290676340460777,0.003488456830382347,0.005946331191807985,0.004601647146046162,0.004583181347697973,0.003278732066974044,0.0025615119375288486,0.002695260336622596,0.08159437030553818,0.08151503652334213,0.0003590337000787258,1.0542134046554565,1.0659730434417725,0.055621981620788574,0.8319109082221985,0.8586425185203552,0.08270574361085892,0.9030476212501526,0.918587863445282,0.05595668777823448,-0.2505171000957489,-0.26107943058013916,0.030715560540556908,0.5005462169647217,0.516202449798584,0.04079960659146309,0.8319109082221985,0.8586425185203552,0.08270574361085892,0.9030476212501526,0.918587863445282,0.05595668777823448,3.7306647300720215,3.8982107639312744,0.4657725393772125,4.110719203948975,4.288243770599365,0.45288896560668945,0.2725968360900879,0.23966902494430542,0.1162603422999382,0.1497044861316681,0.13318024575710297,0.0690491646528244,19.891788482666016,19.8824462890625,0.0533747673034668,19.428743362426758,19.421783447265625,0.032046955078840256,27.1416015625,27.139999389648438,0.006740259472280741,6.340400218963623,6.340000152587891,0.004454189911484718,28.079999923706055,28.079999923706055,0.0,0.02219715528190136,0.022186091169714928,0.0002054346987279132,0.007402075454592705,0.0073953610844910145,0.00014592499064747244,0.004867564421147108,0.0048097046092152596,0.0001353933330392465,0.08071503788232803,0.08073651790618896,0.00019928022811654955,1.0477169752120972,1.048370122909546,0.005241072736680508,0.7809919714927673,0.7818669080734253,0.003875026246532798,0.8503783941268921,0.8516197204589844,0.0036342288367450237,-0.22246530652046204,-0.22146590054035187,0.004590634722262621,0.4611715078353882,0.4612223505973816,0.003628904465585947,0.7809919714927673,0.7818669080734253,0.003875026246532798,0.8503783941268921,0.8516197204589844,0.0036342288367450237,3.2128796577453613,3.209641218185425,0.030159184709191322,3.51371431350708,3.5142393112182617,0.028792789205908775,0.33348435163497925,0.33402684330940247,0.006593842059373856,0.2193039506673813,0.21680501103401184,0.0063385190442204475,18.217880249023438,18.220123291015625,0.03755129873752594,17.683683395385742,17.6837158203125,0.019679231569170952,36.27360534667969,36.27000427246094,0.004797364119440317,7.914400100708008,7.909999847412109,0.004963983315974474,28.165197372436523,28.170000076293945,0.004996113479137421
LC08_L1TP_195028_20200811_20200918_02_T1,LANDSAT_8,20200811,0.0350523442029953,0.03440660983324051,0.00208112969994545,0.01710767112672329,0.016291378065943718,0.0029912153258919716,0.01135614886879921,0.011066307313740253,0.001316787675023079,0.0896400660276413,0.08966421335935593,0.0005991871585138142,0.8499223589897156,0.8539657592773438,0.01898108422756195,0.6449745893478394,0.655010461807251,0.04092736542224884,0.7486045360565186,0.7526288032531738,0.020943446084856987,-0.13233040273189545,-0.13372623920440674,0.013268441893160343,0.38468560576438904,0.38865768909454346,0.019113073125481606,0.6449745893478394,0.655010461807251,0.04092736542224884,0.7486045360565186,0.7526288032531738,0.020943446084856987,2.3974525928497314,2.4290578365325928,0.12337073683738708,2.6887011528015137,2.6970999240875244,0.09795985370874405,0.4869036376476288,0.4739128053188324,0.06322988122701645,0.3240092992782593,0.32282912731170654,0.03000827692449093,18.943735122680664,18.935211181640625,0.04797452315688133,17.18082046508789,17.196685791015625,0.07972816377878189,33.571598052978516,33.56999969482422,0.004631193354725838,6.480400562286377,6.480000019073486,0.004454189911484718,35.7599983215332,35.7599983215332,0.0,0.04355494678020477,0.037545133382081985,0.010759253986179829,0.04558699205517769,0.04156605899333954,0.016288133338093758,0.031489066779613495,0.027258459478616714,0.013364817947149277,0.08377351611852646,0.0832739919424057,0.001995844766497612,0.7547566294670105,0.7849196195602417,0.09758034348487854,0.30919700860977173,0.309513121843338,0.11826969683170319,0.4698461890220642,0.4863758087158203,0.12450277805328369,-0.08473093807697296,-0.09630638360977173,0.044355250895023346,0.3175494074821472,0.3460991382598877,0.061252348124980927,0.30919700860977173,0.309513121843338,0.11826969683170319,0.4698461890220642,0.4863758087158203,0.12450277805328369,1.5707635879516602,1.6068329811096191,0.26945024728775024,1.8777860403060913,1.9658788442611694,0.3365802466869354,1.0246187448501587,1.0477932691574097,0.16493725776672363,0.6970746517181396,0.6993398070335388,0.14274077117443085,15.877796173095703,15.83758544921875,0.1704704612493515,12.518882751464844,12.467926025390625,0.7045331597328186,42.58000183105469,42.58000183105469,0.0,8.053750038146973,8.050000190734863,0.004841339774429798,35.83000183105469,35.83000183105469,0.0
LC08_L1TP_195028_20200827_20200905_02_T1,LANDSAT_8,20200827,,,,,,,,,,,,,,,,,,,,,,,,,,,,,,,,,,,,,,,,,,,,,,,,,,,,,,,,,,,,,,,,,,,,,,,,,,,,,,,,,,,,,,,,,,,,,,,,,,,,,,,,,,,,,,,,,,,,,,,,
LC08_L1TP_196028_20200903_20200918_02_T1,LANDSAT_8,20200903,,,,,,,,,,,,,,,,,,,,,,,,,,,,,,,,,,,,,,,,,,,,,,,,,,,,,,,,,,,,,,,,,,,,,,,,,,,,,,,,,,,,,,,,,,,,,,,,,,,,,,,,,,,,,,,,,,,,,,,,
LC08_L1TP_195028_20200912_20200919_02_T1,LANDSAT_8,20200912,0.026433994993567467,0.02577328495681286,0.0022837345022708178,0.009945923462510109,0.009170165285468102,0.002652795286849141,0.006323421373963356,0.005980538669973612,0.0010954068275168538,0.08370311558246613,0.08354248106479645,0.0010009253164753318,0.9185293316841125,0.9292740225791931,0.025497008115053177,0.7519291043281555,0.7657329440116882,0.04696504399180412,0.8339167833328247,0.840848982334137,0.021871749311685562,-0.20574046671390533,-0.21119388937950134,0.01898707076907158,0.44981586933135986,0.4563698470592499,0.02441439777612686,0.7519291043281555,0.7657329440116882,0.04696504399180412,0.8339167833328247,0.840848982334137,0.021871749311685562,3.0419058799743652,3.124178409576416,0.22970561683177948,3.36344838142395,3.4293441772460938,0.190935879945755,0.3718211352825165,0.3592880368232727,0.05415795370936394,0.23797373473644257,0.232584148645401,0.021287329494953156,17.396146774291992,17.398590087890625,0.0334145650267601,16.342910766601562,16.345184326171875,0.048762477934360504,42.714393615722656,42.709999084472656,0.004964808002114296,6.3155999183654785,6.320000171661377,0.004963983315974474,45.38999938964844,45.38999938964844,0.0,0.021181441843509674,0.02117471769452095,0.0003358967660460621,0.006275896914303303,0.006241264287382364,0.00017385919636581093,0.0038526165299117565,0.0039036590605974197,0.00018079442088492215,0.08412963151931763,0.08417099714279175,0.00022850644018035382,0.9929569363594055,0.9921151399612427,0.005828483030200005,0.8268745541572571,0.8276270627975464,0.004378579556941986,0.8900485038757324,0.8890690207481384,0.00499532837420702,-0.26917725801467896,-0.26940208673477173,0.007921196520328522,0.5153251886367798,0.5143791437149048,0.006927103735506535,0.8268745541572571,0.8276270627975464,0.004378579556941986,0.8900485038757324,0.8890690207481384,0.00499532837420702,3.7523491382598877,3.7404732704162598,0.06357022374868393,4.115878105163574,4.119999885559082,0.07903353124856949,0.2963341772556305,0.29387152194976807,0.008407342247664928,0.18188880383968353,0.18229813873767853,0.008074556477367878,17.84833526611328,17.853240966796875,0.042386285960674286,16.801128387451172,16.790924072265625,0.03989550098776817,52.02000045776367,52.019996643066406,3.814697265625e-06,7.888800144195557,7.889999866485596,0.004308074712753296,45.42359924316406,45.41999816894531,0.004801025148481131
LC08_L1TP_195028_20201030_20201106_02_T1,LANDSAT_8,20201030,0.018103793263435364,0.017327262088656425,0.001978446962311864,0.004979345481842756,0.004299873951822519,0.001824058941565454,0.002876232611015439,0.0025118004996329546,0.0007870459230616689,0.09038105607032776,0.0902763158082962,0.0007314643007703125,1.0751581192016602,1.085644245147705,0.02798447012901306,0.8625802397727966,0.8774511814117432,0.041300058364868164,0.917731523513794,0.9257866144180298,0.019264230504631996,-0.34461647272109985,-0.35143792629241943,0.026564789935946465,0.573531448841095,0.580795407295227,0.028263166546821594,0.8625802397727966,0.8774511814117432,0.041300058364868164,0.917731523513794,0.9257866144180298,0.019264230504631996,4.56002950668335,4.642579078674316,0.4550930857658386,4.988706588745117,5.098084926605225,0.3989199101924896,0.2696823179721832,0.24681904911994934,0.06319838762283325,0.15698373317718506,0.14690709114074707,0.025964291766285896,11.049715995788574,11.04864501953125,0.05694429948925972,10.19636344909668,10.216156005859375,0.04700916260480881,52.089202880859375,52.090003967285156,0.006883330177515745,6.333199977874756,6.329999923706055,0.0046648685820400715,61.97999954223633,61.97999954223633,0.0,,,,,,,,,,,,,,,,,,,,,,,,,,,,,,,,,,,,,,,,,,,,,,,,,,,,,,,,,,,,
LC08_L1TP_196028_20201122_20210315_02_T1,LANDSAT_8,20201122,0.029484644532203674,0.029018722474575043,0.0019467435777187347,0.00820754375308752,0.007468045223504305,0.0017848631832748652,0.00393201969563961,0.0036273403093218803,0.0010505934478715062,0.09825387597084045,0.09817826747894287,0.0006471583619713783,0.958386242389679,0.9650866985321045,0.01821996085345745,0.807605504989624,0.8212931752204895,0.03379402682185173,0.9029303789138794,0.9087861180305481,0.02251012809574604,-0.2608973979949951,-0.2646464705467224,0.018425829708576202,0.4448176324367523,0.4492902457714081,0.020381983369588852,0.807605504989624,0.8212931752204895,0.03379402682185173,0.9029303789138794,0.9087861180305481,0.02251012809574604,3.3871216773986816,3.4424803256988525,0.22612452507019043,3.8154470920562744,3.862971067428589,0.22409841418266296,0.2762853503227234,0.26022273302078247,0.04130571708083153,0.13209371268749237,0.12523017823696136,0.025513941422104836,8.748427391052246,8.75177001953125,0.0425964817404747,8.276110649108887,8.28271484375,0.043492626398801804,122.61279296875,122.6099853515625,0.004494376480579376,4.036400318145752,4.039999961853027,0.0047998810186982155,67.9771957397461,67.9800033569336,0.004490953404456377,0.03568189591169357,0.03492475673556328,0.003021710319444537,0.013325786218047142,0.012370292097330093,0.0026903836987912655,0.007669574115425348,0.007091589737683535,0.0018897164845839143,0.09872989356517792,0.09858910739421844,0.000999626237899065,0.9023830890655518,0.9125257730484009,0.02710738033056259,0.7158821225166321,0.728323757648468,0.03735252842307091,0.8261452317237854,0.8366585373878479,0.03118947148323059,-0.21289905905723572,-0.21603834629058838,0.0173591710627079,0.3832687437534332,0.3887074291706085,0.021997738629579544,0.7158821225166321,0.728323757648468,0.03735252842307091,0.8261452317237854,0.8366585373878479,0.03118947148323059,2.7687244415283203,2.822728157043457,0.1739247441291809,3.1286981105804443,3.1904778480529785,0.19156014919281006,0.3706569969654083,0.36257269978523254,0.03756943345069885,0.21271826326847076,0.20338937640190125,0.0298234261572361,8.589415550231934,8.594207763671875,0.06163647025823593,8.108973503112793,8.11090087890625,0.05270862206816673,124.88079833984375,124.8800048828125,0.007967676036059856,2.4192001819610596,2.4200000762939453,0.004833213519304991,67.97000122070312,67.97000122070312,0.0
LC08_L1TP_195028_20201217_20210309_02_T1,LANDSAT_8,20201217,,,,,,,,,,,,,,,,,,,,,,,,,,,,,,,,,,,,,,,,,,,,,,,,,,,,,,,,,,,,,,,,,,,,,,,,,,,,,,,,,,,,,,,,,,,,,,,,,,,,,,,,,,,,,,,,,,,,,,,,
LC08_L1TP_195028_20210118_20210306_02_T1,LANDSAT_8,20210118,,,,,,,,,,,,,,,,,,,,,,,,,,,,,,,,,,,,,,,,,,,,,,,,,,,,,,,,,,,,,0.020103197544813156,0.019982723519206047,0.0005136183463037014,0.00329453288577497,0.0031856419518589973,0.000256591709330678,0.001559219672344625,0.0016217668307945132,0.0003138094034511596,0.11029770970344543,0.11028148233890533,0.0003923415788449347,1.2007415294647217,1.1987826824188232,0.007338308729231358,0.9123602509498596,0.9142636656761169,0.0065792701207101345,0.9575615525245667,0.9555560350418091,0.008440231904387474,-0.3698578178882599,-0.37329694628715515,0.011800394393503666,0.5629074573516846,0.5645061135292053,0.009204128757119179,0.9123602509498596,0.9142636656761169,0.0065792701207101345,0.9575615525245667,0.9555560350418091,0.008440231904387474,4.942837238311768,4.9625983238220215,0.13403278589248657,5.3404741287231445,5.381086349487305,0.17507381737232208,0.1639357954263687,0.16231797635555267,0.012715402990579605,0.07749918848276138,0.08092391490936279,0.01531202346086502,5.117642879486084,5.1212158203125,0.012549543753266335,4.419979095458984,4.439056396484375,0.04378790780901909,56.29999923706055,56.29999542236328,3.814697265625e-06,7.950400352478027,7.949999809265137,0.004454224370419979,69.80000305175781,69.80000305175781,0.0
LC08_L1TP_195028_20210219_20210302_02_T1,LANDSAT_8,20210219,0.05884142965078354,0.05854374170303345,0.0016818608855828643,0.03670891374349594,0.036300431936979294,0.0020959749817848206,0.029260294511914253,0.029189186170697212,0.0010028581600636244,0.09801778942346573,0.09788301587104797,0.0005683662020601332,0.7795045971870422,0.7807877063751221,0.01403499674052,0.4015307128429413,0.4058464765548706,0.018133847042918205,0.4918697476387024,0.4933526813983917,0.009033395908772945,-0.05636751279234886,-0.05866662785410881,0.00711906747892499,0.18696068227291107,0.1893121302127838,0.008649433963000774,0.4015307128429413,0.4058464765548706,0.018133847042918205,0.4918697476387024,0.4933526813983917,0.009033395908772945,1.5894302129745483,1.6017168760299683,0.03763646259903908,1.7230550050735474,1.73320734500885,0.028247687965631485,0.6234520077705383,0.6195424795150757,0.01836268976330757,0.49724289774894714,0.4957506060600281,0.007283809594810009,0.5804223418235779,0.59185791015625,0.044703684747219086,-0.2829614281654358,-0.29132080078125,0.04543425887823105,42.96120071411133,42.96000671386719,0.007109054364264011,6.244800567626953,6.239999771118164,0.004996113013476133,61.06999588012695,61.06999969482422,3.814697265625e-06,0.05838241055607796,0.05826820433139801,0.0004356553254183382,0.035422757267951965,0.035383034497499466,0.00026498056831769645,0.02813260816037655,0.02809949964284897,0.00029192413785494864,0.09997466206550598,0.09998294711112976,0.0002964035957120359,0.7928754687309265,0.7922606468200684,0.005152571480721235,0.420884907245636,0.42191773653030396,0.0030944172758609056,0.510927140712738,0.5114614367485046,0.003968001343309879,-0.057475876063108444,-0.05819401517510414,0.0035523162223398685,0.19635671377182007,0.195999875664711,0.0033211084082722664,0.420884907245636,0.42191773653030396,0.0030944172758609056,0.510927140712738,0.5114614367485046,0.003968001343309879,1.6248104572296143,1.624558448791504,0.008046029135584831,1.761763095855713,1.7603822946548462,0.011674102395772934,0.6067726016044617,0.606465220451355,0.0066062575206160545,0.48187702894210815,0.4832022488117218,0.0045724064111709595,0.6081689596176147,0.60986328125,0.040170472115278244,-0.5659716725349426,-0.572967529296875,0.06269049644470215,52.439998626708984,52.44000244140625,3.814697265625e-06,7.817200183868408,7.820000171661377,0.00449009146541357,61.09999465942383,61.099998474121094,3.814697265625e-06
LC08_L1TP_196028_20210226_20210304_02_T1,LANDSAT_8,20210226,0.0565243735909462,0.05584052577614784,0.002587072318419814,0.03354937210679054,0.03259572014212608,0.003116545733064413,0.02226630225777626,0.02169262245297432,0.001978205284103751,0.08657190203666687,0.08658121526241302,0.000485113327158615,0.6485472321510315,0.6536022424697876,0.019085586071014404,0.4369487464427948,0.44509053230285645,0.027103183791041374,0.587063193321228,0.5922263264656067,0.021212449297308922,-0.07633278518915176,-0.07841289043426514,0.008529845625162125,0.2038000077009201,0.20599265396595,0.013509715907275677,0.4369487464427948,0.44509053230285645,0.027103183791041374,0.587063193321228,0.5922263264656067,0.021212449297308922,1.6824122667312622,1.6958011388778687,0.056629057973623276,1.9226036071777344,1.9371651411056519,0.057380788028240204,0.592625081539154,0.5843618512153625,0.029894215986132622,0.3933532238006592,0.39094647765159607,0.018012134358286858,5.987969875335693,5.9937744140625,0.014272155240178108,5.473278999328613,5.46990966796875,0.0262081827968359,132.76438903808594,132.77000427246094,0.006378429476171732,4.1031999588012695,4.099999904632568,0.0046648685820400715,58.10960006713867,58.11000061035156,0.001960010500624776,0.04883398115634918,0.048877932131290436,0.00037165716639719903,0.027024567127227783,0.02697758376598358,0.00040388290653936565,0.017594534903764725,0.017618779093027115,0.0002091524947900325,0.08524009585380554,0.08523325622081757,0.00023115344811230898,0.7035306692123413,0.7031599283218384,0.0036827425938099623,0.4978102743625641,0.49771368503570557,0.005454618483781815,0.6416385769844055,0.6411652565002441,0.003408110933378339,-0.10084766149520874,-0.1006617546081543,0.003943396266549826,0.2454192340373993,0.24510668218135834,0.003293977351859212,0.4978102743625641,0.49771368503570557,0.005454618483781815,0.6416385769844055,0.6411652565002441,0.003408110933378339,1.85075044631958,1.852278470993042,0.015129863284528255,2.113429546356201,2.1126279830932617,0.014236182905733585,0.5533915162086487,0.553158700466156,0.006665223743766546,0.3602977395057678,0.3606811463832855,0.003779200604185462,6.208156585693359,6.217803955078125,0.028917202726006508,5.790259838104248,5.791961669921875,0.026860393583774567,122.82559204101562,122.83000183105469,0.01061186008155346,2.549600124359131,2.549999952316284,0.004454207140952349,58.13999938964844,58.13999938964844,0.0
LC08_L1TP_195028_20210323_20210402_02_T1,LANDSAT_8,20210323,0.017923930659890175,0.016827987506985664,0.0033368750009685755,0.005582998972386122,0.004374062176793814,0.004375961143523455,0.0030666973907500505,0.0023996480740606785,0.0026471014134585857,0.07887467741966248,0.0787786990404129,0.0004917182959616184,1.1176968812942505,1.1310927867889404,0.06506168097257614,0.8269960284233093,0.8522670865058899,0.08218341320753098,0.9007393717765808,0.9161806702613831,0.056698959320783615,-0.29527410864830017,-0.3061991035938263,0.033821143209934235,0.5150419473648071,0.5300639867782593,0.041391365230083466,0.8269960284233093,0.8522670865058899,0.08218341320753098,0.9007393717765808,0.9161806702613831,0.056698959320783615,3.906259536743164,4.098715782165527,0.5050585865974426,4.331480026245117,4.476491451263428,0.48892414569854736,0.29142963886260986,0.2627737522125244,0.11232586205005646,0.15938270092010498,0.14285653829574585,0.06910165399312973,5.770593166351318,5.774932861328125,0.026731198653578758,5.776612758636475,5.7724609375,0.05169583112001419,40.276397705078125,40.279998779296875,0.006248206365853548,6.2332000732421875,6.230000019073486,0.004664645995944738,48.81999588012695,48.81999969482422,3.814697265625e-06,0.015633173286914825,0.015628568828105927,0.0002657188451848924,0.004074295982718468,0.004043966997414827,0.00026073172921314836,0.0023825494572520256,0.0023716434370726347,0.00018195070151705295,0.07813368737697601,0.07814284414052963,0.00022455303405877203,1.1663446426391602,1.1661810874938965,0.006192990578711033,0.8573662638664246,0.8581411242485046,0.008297598920762539,0.9140399694442749,0.9146143794059753,0.006248654332011938,-0.3232435882091522,-0.3237222731113434,0.006529785227030516,0.5447065234184265,0.5450112819671631,0.005898235831409693,0.8573662638664246,0.8581411242485046,0.008297598920762539,0.9140399694442749,0.9146143794059753,0.006248654332011938,4.244297981262207,4.258166313171387,0.09235264360904694,4.642377853393555,4.643467903137207,0.09186678379774094,0.26052042841911316,0.26035457849502563,0.01436721533536911,0.15236015617847443,0.15145590901374817,0.010810420848429203,5.795169830322266,5.78912353515625,0.037750717252492905,5.591794490814209,5.58062744140625,0.02988235093653202,49.72999954223633,49.730003356933594,3.814697265625e-06,7.806400299072266,7.809999942779541,0.0047998810186982155,48.869205474853516,48.869998931884766,0.0027124842163175344
LC08_L1TP_196028_20210330_20210409_02_T1,LANDSAT_8,20210330,0.018898416310548782,0.01788475178182125,0.002257450483739376,0.0070990449748933315,0.006085384637117386,0.002283535897731781,0.004133487585932016,0.003628367092460394,0.0012689342256635427,0.07000826299190521,0.06995340436697006,0.0006226489786058664,1.000046730041504,1.0115910768508911,0.03532211855053902,0.7706916928291321,0.7963672280311584,0.05638318136334419,0.8592144250869751,0.8733802437782288,0.035287678241729736,-0.26157230138778687,-0.2715303897857666,0.028951499611139297,0.4829941987991333,0.49839237332344055,0.03462865948677063,0.7706916928291321,0.7963672280311584,0.05638318136334419,0.8592144250869751,0.8733802437782288,0.035287678241729736,3.375486373901367,3.546651840209961,0.36915767192840576,3.7938718795776367,3.9531474113464355,0.36453232169151306,0.3687596917152405,0.34053125977516174,0.0690183937549591,0.21487002074718475,0.19943377375602722,0.036764781922101974,9.443442344665527,9.44818115234375,0.0229718629270792,9.189059257507324,9.1634521484375,0.06562398374080658,134.95321655273438,134.95001220703125,0.004662203136831522,4.193599700927734,4.190000057220459,0.0047998810186982155,45.56999588012695,45.56999969482422,3.814697265625e-06,0.01710955798625946,0.01706838421523571,0.00020932861662004143,0.0052343010902404785,0.005232010502368212,0.00019657416851259768,0.0030602961778640747,0.003087746212258935,0.00013615265197586268,0.07061167061328888,0.07064656913280487,0.0002410102024441585,1.0810422897338867,1.0830609798431396,0.007004735060036182,0.8148935437202454,0.8154160380363464,0.0064345067366957664,0.8874476552009583,0.8866736888885498,0.004768412560224533,-0.2675314247608185,-0.26703503727912903,0.005623115226626396,0.4999115765094757,0.5002102255821228,0.004691184964030981,0.8148935437202454,0.8154160380363464,0.0064345067366957664,0.8874476552009583,0.8866736888885498,0.004768412560224533,3.6224966049194336,3.632258892059326,0.055090516805648804,4.012565612792969,4.004243850708008,0.04814445227384567,0.3059103190898895,0.30629104375839233,0.01032516174018383,0.17890185117721558,0.17983146011829376,0.008469993248581886,9.288378715515137,9.29168701171875,0.018443917855620384,9.067591667175293,9.062408447265625,0.019976157695055008,113.61318969726562,113.61000061035156,0.02694038860499859,2.701200246810913,2.700000047683716,0.004308127798140049,45.61000061035156,45.61000061035156,0.0
LC08_L1TP_195028_20210408_20210416_02_T1,LANDSAT_8,20210408,0.014948473311960697,0.013915671035647392,0.0025165039114654064,0.004517152439802885,0.0034517294261604548,0.002469761297106743,0.002445023274049163,0.0019297110848128796,0.0016567622078582644,0.07139284908771515,0.07131783664226532,0.00036805489799007773,1.1307986974716187,1.1499242782592773,0.061429038643836975,0.8401615023612976,0.8692073225975037,0.062411773949861526,0.9105127453804016,0.9247881770133972,0.04298416152596474,-0.310759037733078,-0.32446810603141785,0.03031332418322563,0.5440996289253235,0.5626345276832581,0.037676043808460236,0.8401615023612976,0.8692073225975037,0.062411773949861526,0.9105127453804016,0.9247881770133972,0.04298416152596474,4.159878253936768,4.429470062255859,0.5368557572364807,4.626368522644043,4.8633246421813965,0.5082109570503235,0.28953051567077637,0.25335848331451416,0.08760129660367966,0.155145525932312,0.13779468834400177,0.054998110979795456,7.083727836608887,7.0892333984375,0.016288230195641518,7.049710750579834,7.0391845703125,0.051653437316417694,43.87920379638672,43.8800048828125,0.002713511697947979,6.073200702667236,6.070000171661377,0.004664645995944738,42.619998931884766,42.619998931884766,0.0,0.013556926511228085,0.013573243282735348,0.000218149769352749,0.003034526016563177,0.0030464944429695606,0.00018971820827573538,0.0016353137325495481,0.0016048442339524627,0.00012000939750578254,0.07150083780288696,0.07149758189916611,0.00021182777709327638,1.148431420326233,1.1489434242248535,0.006044156849384308,0.8856075406074524,0.8851873278617859,0.006837406661361456,0.9366850852966309,0.9375995397567749,0.004460387863218784,-0.3307325839996338,-0.3293091952800751,0.00679825572296977,0.5734819173812866,0.5732649564743042,0.005891202948987484,0.8856075406074524,0.8851873278617859,0.006837406661361456,0.9366850852966309,0.9375995397567749,0.004460387863218784,4.640389919281006,4.637707233428955,0.08481293171644211,5.067349433898926,5.0676188468933105,0.08005476742982864,0.22387219965457916,0.22593271732330322,0.014033885672688484,0.12066898494958878,0.11752928793430328,0.009291690774261951,7.318767070770264,7.3192138671875,0.029268687590956688,7.122819900512695,7.10986328125,0.07460031658411026,48.340003967285156,48.340003967285156,0.0,7.671600341796875,7.670000076293945,0.00463026762008667,42.66999816894531,42.66999816894531,0.0
LC08_L1TP_196028_20210415_20210424_02_T1,LANDSAT_8,20210415,,,,,,,,,,,,,,,,,,,,,,,,,,,,,,,,,,,,,,,,,,,,,,,,,,,,,,,,,,,,,0.029860610142350197,0.029694486409425735,0.0008675288991071284,0.013177704997360706,0.01328983809798956,0.000761227507609874,0.009721306152641773,0.009707809425890446,0.000638647296000272,0.0791705995798111,0.07909013330936432,0.00026142888236790895,0.8970374464988708,0.8976338505744934,0.00963406078517437,0.6627074480056763,0.659574568271637,0.014169108122587204,0.7396757006645203,0.7399166822433472,0.013335024006664753,-0.17857475578784943,-0.17751707136631012,0.007616168353706598,0.3699612021446228,0.3705134689807892,0.00921191181987524,0.6627074480056763,0.659574568271637,0.014169108122587204,0.7396757006645203,0.7399166822433472,0.013335024006664753,2.505748987197876,2.5042223930358887,0.06580477952957153,2.7246809005737305,2.728533983230591,0.07391971349716187,0.4410533010959625,0.4422733783721924,0.016061974689364433,0.3252812325954437,0.32568010687828064,0.013892407529056072,6.086048603057861,6.09307861328125,0.022535618394613266,5.490993499755859,5.495941162109375,0.017790239304304123,115.74800109863281,115.75,0.022804420441389084,2.8112001419067383,2.809999942779541,0.004308127798140049,39.599998474121094,39.599998474121094,0.0
LC08_L1TP_195028_20210424_20210501_02_T1,LANDSAT_8,20210424,0.01906402036547661,0.01821323297917843,0.0028328050393611193,0.005671902094036341,0.0046848333440721035,0.0020041707903146744,0.0029982905834913254,0.0025052556302398443,0.001283333171159029,0.07528606057167053,0.07512021064758301,0.0011039042146876454,0.9942162036895752,1.0082374811172485,0.03981288522481918,0.8265690803527832,0.8506986498832703,0.04685752093791962,0.9045363664627075,0.9175259470939636,0.032579053193330765,-0.2835281491279602,-0.2921730577945709,0.029942385852336884,0.5121417045593262,0.5218390822410583,0.03701476752758026,0.8265690803527832,0.8506986498832703,0.04685752093791962,0.9045363664627075,0.9175259470939636,0.032579053193330765,3.8218352794647217,3.989060163497925,0.3997329771518707,4.271027565002441,4.440098762512207,0.3973419666290283,0.2915226221084595,0.2603125274181366,0.05855273827910423,0.15374627709388733,0.14207610487937927,0.043725475668907166,11.658555030822754,11.705596923828125,0.159952312707901,11.606708526611328,11.640594482421875,0.16376882791519165,47.19999694824219,47.19999694824219,0.0,5.966400146484375,5.96999979019165,0.0047998810186982155,37.029998779296875,37.029998779296875,0.0,0.018286816775798798,0.01835300773382187,0.00024544144980609417,0.004173048306256533,0.0041620139963924885,0.00011952553904848173,0.0021782871335744858,0.0021812927443534136,0.00013177990331314504,0.07545594871044159,0.07544292509555817,0.0002254429564345628,1.0360921621322632,1.0361143350601196,0.006568835582584143,0.8633143901824951,0.8635432124137878,0.003613927634432912,0.9262539148330688,0.9262402057647705,0.004182447213679552,-0.28377974033355713,-0.28390225768089294,0.007113570813089609,0.5134795904159546,0.51195228099823,0.0043276334181427956,0.8633143901824951,0.8635432124137878,0.003613927634432912,0.9262539148330688,0.9262402057647705,0.004182447213679552,3.9926464557647705,3.9843780994415283,0.04831041395664215,4.382096767425537,4.376672267913818,0.06341919302940369,0.22823014855384827,0.2273969203233719,0.006864646915346384,0.11911308020353317,0.11994396150112152,0.006959124468266964,10.100610733032227,10.098968505859375,0.03712048381567001,10.113855361938477,10.100311279296875,0.0492597296833992,46.439998626708984,46.44000244140625,3.814697265625e-06,7.5908002853393555,7.590000152587891,0.004833183716982603,37.090003967285156,37.09000015258789,3.814697265625e-06
LC08_L1TP_195028_20210611_20210622_02_T1,LANDSAT_8,20210611,0.019063999876379967,0.017871949821710587,0.003680780064314604,0.004973273258656263,0.0037148287519812584,0.003481111954897642,0.0027009129989892244,0.001993136713281274,0.0017933240160346031,0.09004126489162445,0.08990341424942017,0.0010700341081246734,1.013227105140686,1.0298340320587158,0.04564423859119415,0.8852159976959229,0.9090656638145447,0.06355412304401398,0.9353740215301514,0.9502685070037842,0.03673490136861801,-0.3234997093677521,-0.33613815903663635,0.03951193019747734,0.6130122542381287,0.6288315653800964,0.04576031118631363,0.8852159976959229,0.9090656638145447,0.06355412304401398,0.9353740215301514,0.9502685070037842,0.03673490136861801,5.018383979797363,5.2547407150268555,0.7045358419418335,5.487283706665039,5.729028701782227,0.6887133121490479,0.24494178593158722,0.20801034569740295,0.08772256970405579,0.1333264857530594,0.11458325386047363,0.04834379255771637,18.689035415649414,18.694000244140625,0.09416693449020386,18.162826538085938,18.14239501953125,0.07016424089670181,28.465591430664062,28.469993591308594,0.005714363418519497,6.205199718475342,6.210000038146973,0.004996112547814846,27.997997283935547,28.0,0.004000092390924692,0.016178781166672707,0.016139792278409004,0.00028031872352585196,0.0031236803624778986,0.0031282110139727592,0.00010937285696854815,0.0016357371350750327,0.0016321097500622272,0.00013761353329755366,0.08019165694713593,0.08013226836919785,0.00019920399063266814,1.0966401100158691,1.095607042312622,0.00633755000308156,0.8998324871063232,0.8996000289916992,0.0031931090634316206,0.9462713003158569,0.9463688731193542,0.004373574163764715,-0.29965540766716003,-0.3007812798023224,0.007869716733694077,0.5709786415100098,0.5727573037147522,0.0057561686262488365,0.8998324871063232,0.8996000289916992,0.0031931090634316206,0.9462713003158569,0.9463688731193542,0.004373574163764715,4.625462532043457,4.629148960113525,0.07200609147548676,5.0122294425964355,5.019134521484375,0.09141024947166443,0.19310849905014038,0.19310323894023895,0.006889183074235916,0.10110462456941605,0.10121431201696396,0.008346323855221272,17.938138961791992,17.934295654296875,0.015888746827840805,17.16889190673828,17.178955078125,0.042302656918764114,37.803199768066406,37.80000305175781,0.0046621994115412235,7.777200222015381,7.78000020980835,0.00449009146541357,28.079999923706055,28.079999923706055,0.0
LC08_L1TP_196028_20210618_20210628_02_T1,LANDSAT_8,20210618,0.05512513220310211,0.054252419620752335,0.0024608050007373095,0.03228423371911049,0.03162474185228348,0.0021901638247072697,0.021852117031812668,0.021413058042526245,0.001499009900726378,0.09655400365591049,0.09652746468782425,0.0004890069831162691,0.7394822835922241,0.7445221543312073,0.02230619452893734,0.523987352848053,0.5289229154586792,0.020256008952856064,0.6509018540382385,0.6559450626373291,0.016373546794056892,-0.05329447612166405,-0.054304659366607666,0.008226976729929447,0.30408719182014465,0.3085227310657501,0.015374325215816498,0.523987352848053,0.5289229154586792,0.020256008952856064,0.6509018540382385,0.6559450626373291,0.016373546794056892,1.88541841506958,1.9039461612701416,0.05997197702527046,2.140631914138794,2.1621463298797607,0.06444348394870758,0.5851716995239258,0.5817649960517883,0.01576077751815319,0.39607977867126465,0.39469313621520996,0.010565316304564476,18.51475715637207,18.52032470703125,0.04996022582054138,17.248008728027344,17.249908447265625,0.054534610360860825,146.49359130859375,146.49000549316406,0.004797379020601511,4.122399806976318,4.119999885559082,0.004270929377526045,27.229999542236328,27.229999542236328,0.0,0.04338515177369118,0.04339325800538063,0.0005464618443511426,0.021644411608576775,0.02167412079870701,0.0002445468562655151,0.014209036715328693,0.014201834797859192,0.00014596171968150884,0.0853051096200943,0.08525605499744415,0.0002586604387033731,0.7893134355545044,0.7892623543739319,0.004775303415954113,0.6012318134307861,0.6009061336517334,0.0034619616344571114,0.7189668416976929,0.7192670106887817,0.0024063659366220236,-0.06919906288385391,-0.06959883868694305,0.005634147208184004,0.33407092094421387,0.33379268646240234,0.00507259089499712,0.6012318134307861,0.6009061336517334,0.0034619616344571114,0.7189668416976929,0.7192670106887817,0.0024063659366220236,2.1030220985412598,2.1007943153381348,0.02170993573963642,2.3745031356811523,2.3739306926727295,0.02364209294319153,0.4989120066165924,0.4992101192474365,0.0037998659536242485,0.327533483505249,0.32676345109939575,0.003195662284269929,19.005569458007812,18.995452880859375,0.044761814177036285,17.591148376464844,17.58642578125,0.026787227019667625,131.52679443359375,136.80999755859375,5.970737457275391,2.5983998775482178,2.569999933242798,0.03551684319972992,27.299997329711914,27.299999237060547,1.9073486328125e-06
LC08_L1TP_196028_20210720_20210729_02_T1,LANDSAT_8,20210720,0.02005268819630146,0.01883261650800705,0.0037923892959952354,0.005806784611195326,0.00449387775734067,0.004497569054365158,0.0030687833204865456,0.002270100172609091,0.002393821021541953,0.09147396683692932,0.09131387621164322,0.001036438043229282,0.9321582913398743,0.9434365630149841,0.036707017570734024,0.8761160969734192,0.8990636467933655,0.07319492101669312,0.9318386316299438,0.9470587372779846,0.04491383954882622,-0.36557459831237793,-0.3804970681667328,0.04349657893180847,0.618160605430603,0.6320690512657166,0.0456627681851387,0.8761160969734192,0.8990636467933655,0.07319492101669312,0.9318386316299438,0.9470587372779846,0.04491383954882622,5.1455278396606445,5.369263648986816,0.7520560026168823,5.694171905517578,5.979259967803955,0.7613214254379272,0.27025559544563293,0.23980197310447693,0.10753567516803741,0.14214526116847992,0.12005095928907394,0.05927065759897232,19.460905075073242,19.423583984375,0.10669060796499252,18.84093475341797,18.77783203125,0.15191535651683807,146.08999633789062,146.08999633789062,0.0,3.921600103378296,3.9200000762939453,0.0046303304843604565,30.298795700073242,30.299999237060547,0.003249072004109621,0.029426781460642815,0.029370222240686417,0.0005723421345464885,0.015611882321536541,0.015508033335208893,0.0007465307717211545,0.011472697369754314,0.011381831020116806,0.0006093342672102153,0.07870525121688843,0.07871080935001373,0.0003271574096288532,0.8735520839691162,0.8742313981056213,0.011350616812705994,0.6226158142089844,0.6247897148132324,0.012892590835690498,0.7080758810043335,0.710239052772522,0.011749209836125374,-0.16051843762397766,-0.15983878076076508,0.004190137609839439,0.3902586102485657,0.39086538553237915,0.006214126478880644,0.6226158142089844,0.6247897148132324,0.012892590835690498,0.7080758810043335,0.710239052772522,0.011749209836125374,2.3939805030822754,2.3979272842407227,0.046186648309230804,2.6361985206604004,2.649202823638916,0.04923199862241745,0.5303346514701843,0.5318289995193481,0.018142249435186386,0.3896960914134979,0.38593754172325134,0.015280959196388721,18.179981231689453,18.184722900390625,0.0251648910343647,17.731748580932617,17.739654541015625,0.04103182256221771,148.74879455566406,148.75,0.008635618723928928,2.3043999671936035,2.299999952316284,0.0049638645723462105,30.3700008392334,30.3700008392334,0.0
LC08_L1TP_195028_20210729_20210804_02_T1,LANDSAT_8,20210729,0.017444225028157234,0.016298530623316765,0.0028408982325345278,0.004689894150942564,0.0034212658647447824,0.0026203147135674953,0.002388184890151024,0.0016868729144334793,0.001532345195300877,0.07819806784391403,0.0781545490026474,0.0003901822492480278,1.092064619064331,1.1088824272155762,0.04869484528899193,0.8529618978500366,0.8859857320785522,0.06612284481525421,0.9221826791763306,0.942017138004303,0.04164266213774681,-0.28170639276504517,-0.2942376136779785,0.031732965260744095,0.5354088544845581,0.5515231490135193,0.040231283754110336,0.8529618978500366,0.8859857320785522,0.06612284481525421,0.9221826791763306,0.942017138004303,0.04164266213774681,4.110850811004639,4.384430408477783,0.5576692819595337,4.556735992431641,4.810277938842773,0.5298033952713013,0.2580302357673645,0.211538165807724,0.0987972617149353,0.12963363528251648,0.10304782539606094,0.052516352385282516,19.4814395904541,19.488525390625,0.026172904297709465,18.694847106933594,18.693115234375,0.01794356107711792,30.188396453857422,30.18999481201172,0.0067393179051578045,6.383200645446777,6.380000114440918,0.004664645995944738,32.667598724365234,32.66999816894531,0.004270114470273256,0.015791069716215134,0.015740659087896347,0.00027229683473706245,0.0030777473002672195,0.0030672834254801273,0.00011842599633382633,0.0015540888998657465,0.0015930818626657128,0.00013142259558662772,0.07821635901927948,0.07819211483001709,0.0001711465447442606,1.1279003620147705,1.128697395324707,0.0055512795224785805,0.8955792188644409,0.896260678768158,0.0038656427059322596,0.945881724357605,0.9447424411773682,0.004466081969439983,-0.30260035395622253,-0.3031579554080963,0.007382223382592201,0.559299647808075,0.5599073171615601,0.005462732631713152,0.8955792188644409,0.896260678768158,0.0038656427059322596,0.945881724357605,0.9447424411773682,0.004466081969439983,4.525066375732422,4.5162529945373535,0.07237693667411804,4.922565460205078,4.913819789886475,0.07727406173944473,0.19493527710437775,0.19452868402004242,0.007525067310780287,0.09845048934221268,0.09955385327339172,0.008557358756661415,19.531269073486328,19.5384521484375,0.038648441433906555,18.688539505004883,18.687255859375,0.024292461574077606,39.31000518798828,39.31000518798828,0.0,7.9567999839782715,7.960000038146973,0.0046648685820400715,32.7400016784668,32.7400016784668,0.0
LC08_L1TP_195028_20210814_20210819_02_T1,LANDSAT_8,20210814,0.029282426461577415,0.02860097400844097,0.0028541269712150097,0.011696054600179195,0.010744019411504269,0.002456950955092907,0.006932872347533703,0.006416563410311937,0.0013352286769077182,0.08539057523012161,0.08529309928417206,0.0004478306509554386,0.8978576064109802,0.9084234237670898,0.029872126877307892,0.7237945795059204,0.7393664717674255,0.03982074186205864,0.8261579871177673,0.8357211351394653,0.024638839066028595,-0.16854996979236603,-0.17110556364059448,0.015149124898016453,0.42522481083869934,0.43083012104034424,0.026738954707980156,0.7237945795059204,0.7393664717674255,0.03982074186205864,0.8261579871177673,0.8357211351394653,0.024638839066028595,2.791790723800659,2.856234550476074,0.18649347126483917,3.1531765460968018,3.2186615467071533,0.18174047768115997,0.3968474864959717,0.38062262535095215,0.04963074252009392,0.2354665994644165,0.22916647791862488,0.025770122185349464,21.764881134033203,21.76556396484375,0.0285903699696064,21.315778732299805,21.30615234375,0.03160868585109711,34.202396392822266,34.19999694824219,0.0064974077977240086,6.355599880218506,6.360000133514404,0.004963983315974474,36.470001220703125,36.470001220703125,0.0,0.02733585052192211,0.027328886091709137,0.00033559559960849583,0.00928683951497078,0.009283855557441711,0.0002058874670183286,0.0054149990901350975,0.005376169458031654,0.00014548562467098236,0.0838329866528511,0.08379116654396057,0.00018242276564706117,0.9548091888427734,0.955351710319519,0.004179165232926607,0.7585964798927307,0.7585760951042175,0.004809074569493532,0.8517834544181824,0.8526604771614075,0.00368064665235579,-0.1718347668647766,-0.17132067680358887,0.005400809925049543,0.42444026470184326,0.4240292012691498,0.005119037348777056,0.7585964798927307,0.7585760951042175,0.004809074569493532,0.8517834544181824,0.8526604771614075,0.00368064665235579,2.9037740230560303,2.894987106323242,0.03616340458393097,3.2470614910125732,3.2492430210113525,0.039846282452344894,0.339743971824646,0.33873870968818665,0.0069590783677995205,0.19809435307979584,0.19839124381542206,0.004843682516366243,21.744705200195312,21.72393798828125,0.04444269835948944,21.159141540527344,21.15423583984375,0.025578245520591736,43.38999938964844,43.38999938964844,0.0,7.929599761962891,7.929999828338623,0.004454190377146006,36.529998779296875,36.529998779296875,0.0
LC08_L1TP_196028_20210821_20210827_02_T1,LANDSAT_8,20210821,0.032782744616270065,0.03179176151752472,0.0024901453871279955,0.007439520210027695,0.00656100083142519,0.0023699102457612753,0.00334990955889225,0.0028118574991822243,0.0012881322763860226,0.09375807642936707,0.09388068318367004,0.0005634073168039322,0.8868723511695862,0.8968197107315063,0.03089265711605549,0.8412137031555176,0.8558709621429443,0.04043252766132355,0.9251827001571655,0.9359862208366394,0.024917619302868843,-0.16906772553920746,-0.17443738877773285,0.015413414686918259,0.44535762071609497,0.4543469548225403,0.022395940497517586,0.8412137031555176,0.8558709621429443,0.04043252766132355,0.9251827001571655,0.9359862208366394,0.024917619302868843,3.294039726257324,3.3936593532562256,0.245857372879982,3.658566951751709,3.745824098587036,0.23516538739204407,0.2235478162765503,0.2065916657447815,0.04859662428498268,0.10023446381092072,0.08752018213272095,0.02800733409821987,19.770885467529297,19.7828369140625,0.041391924023628235,18.641281127929688,18.65216064453125,0.0367458201944828,138.50440979003906,138.5,0.004968720022588968,3.980799913406372,3.9800000190734863,0.004833213519304991,37.86000061035156,37.86000061035156,0.0,0.029644610360264778,0.029654627665877342,0.00026042512035928667,0.00576386135071516,0.005804196000099182,0.0001482280931668356,0.0023410236462950706,0.0023571541532874107,0.00014045617717783898,0.08686095476150513,0.0868728756904602,0.0002625570341479033,0.9086183309555054,0.9076710939407349,0.004972160793840885,0.8546853065490723,0.8544183373451233,0.0033975362312048674,0.938325822353363,0.9378759264945984,0.0035102430265396833,-0.15186239778995514,-0.15005390346050262,0.004067332483828068,0.4255342185497284,0.42498770356178284,0.003180554136633873,0.8546853065490723,0.8544183373451233,0.0033975362312048674,0.938325822353363,0.9378759264945984,0.0035102430265396833,3.214693546295166,3.209850549697876,0.02239011600613594,3.5587985515594482,3.5576634407043457,0.02983810193836689,0.19444970786571503,0.19439727067947388,0.005383003037422895,0.07896757125854492,0.07955487817525864,0.004655723925679922,20.307706832885742,20.314666748046875,0.028508363291621208,19.330007553100586,19.325836181640625,0.024639204144477844,141.00559997558594,141.010009765625,0.008981653489172459,2.363999843597412,2.359999895095825,0.004898975137621164,37.902801513671875,37.900001525878906,0.0044892351143062115
LC08_L1TP_195028_20210830_20210909_02_T1,LANDSAT_8,20210830,0.018215078860521317,0.017033852636814117,0.0048829540610313416,0.004930791445076466,0.0036349452566355467,0.003559744218364358,0.0027201049961149693,0.0020695277489721775,0.0020772507414221764,0.08805177360773087,0.08812766522169113,0.0005595841794274747,0.9951088428497314,1.0078920125961304,0.059882380068302155,0.8744465708732605,0.9006875157356262,0.06633572280406952,0.9283143877983093,0.9415466785430908,0.04237287491559982,-0.34311747550964355,-0.35314860939979553,0.03947121649980545,0.5929144620895386,0.6074482798576355,0.05328254774212837,0.8744465708732605,0.9006875157356262,0.06633572280406952,0.9283143877983093,0.9415466785430908,0.04237287491559982,4.842552661895752,5.120939254760742,0.659501850605011,5.3090386390686035,5.547656536102295,0.640516996383667,0.2552213668823242,0.21884959936141968,0.09625013172626495,0.1399337202310562,0.12251130491495132,0.05417359620332718,15.449952125549316,15.441864013671875,0.023558776825666428,14.250685691833496,14.228790283203125,0.05788407474756241,38.91440200805664,38.910003662109375,0.0057107736356556416,6.354000091552734,6.349999904632568,0.004899091552942991,41.08000183105469,41.08000183105469,0.0,0.01651471108198166,0.01654232293367386,0.0004269276687409729,0.004158147145062685,0.004168767482042313,0.0003377931425347924,0.0025118791963905096,0.0024693915620446205,0.0002496515226084739,0.08656710386276245,0.08654852211475372,0.0002446046855766326,1.0323221683502197,1.0333937406539917,0.006701513193547726,0.8836120367050171,0.8834016919136047,0.008479885756969452,0.9280406832695007,0.9288721680641174,0.0065708039328455925,-0.34900566935539246,-0.34881284832954407,0.007246477995067835,0.6057523488998413,0.6051637530326843,0.006776425521820784,0.8836120367050171,0.8834016919136047,0.008479885756969452,0.9280406832695007,0.9288721680641174,0.0065708039328455925,4.91313362121582,4.90920877456665,0.14197327196598053,5.337881088256836,5.316669940948486,0.146810382604599,0.25152766704559326,0.24999971687793732,0.015799153596162796,0.1518692821264267,0.15187685191631317,0.011900625191628933,16.35291290283203,16.345001220703125,0.020522845908999443,14.973011016845703,14.96533203125,0.039024971425533295,48.144798278808594,48.139991760253906,0.005000877659767866,7.926799774169922,7.929999828338623,0.004664645995944738,41.130001068115234,41.130001068115234,0.0
LC08_L1TP_196028_20210906_20210915_02_T1,LANDSAT_8,20210906,0.017651304602622986,0.01647714525461197,0.0034673959016799927,0.004999636206775904,0.00390040734782815,0.0035611181519925594,0.0026765819638967514,0.0021274921018630266,0.0017651715315878391,0.08094171434640884,0.0808989554643631,0.000945014413446188,0.9678407907485962,0.9838274717330933,0.04772690311074257,0.8816326856613159,0.9022223353385925,0.06562910974025726,0.9340614080429077,0.9456637501716614,0.03677096217870712,-0.35353222489356995,-0.36454489827156067,0.03968513011932373,0.6277608275413513,0.6428149342536926,0.04543527960777283,0.8816326856613159,0.9022223353385925,0.06562910974025726,0.9340614080429077,0.9456637501716614,0.03677096217870712,5.216497898101807,5.4798407554626465,0.7289217114448547,5.747867584228516,5.992650032043457,0.7153047323226929,0.26575055718421936,0.2379363477230072,0.09531281888484955,0.14281734824180603,0.12582723796367645,0.04636585712432861,18.6275691986084,18.628570556640625,0.03103579394519329,17.33985137939453,17.34149169921875,0.021882906556129456,133.8699951171875,133.8699951171875,0.0,3.998800039291382,4.0,0.004308152478188276,42.84599685668945,42.849998474121094,0.004898157902061939,0.015743864700198174,0.015802821144461632,0.00022765698668081313,0.0036354621406644583,0.003602707991376519,0.00015323175466619432,0.0017096479423344135,0.0017194747924804688,0.00012324553972575814,0.0794982984662056,0.07950539886951447,0.00035596665111370385,0.9808327555656433,0.9825207591056824,0.005028587765991688,0.89380943775177,0.8953214287757874,0.004756364040076733,0.9486133456230164,0.9482547044754028,0.0038189426995813847,-0.3533795177936554,-0.35247763991355896,0.007891595363616943,0.6092541217803955,0.6079891324043274,0.006767477840185165,0.89380943775177,0.8953214287757874,0.004756364040076733,0.9486133456230164,0.9482547044754028,0.0038189426995813847,5.048356533050537,5.0407915115356445,0.11583946645259857,5.6051554679870605,5.589064598083496,0.12376195192337036,0.23088568449020386,0.23036600649356842,0.008376911282539368,0.10859193652868271,0.10869569331407547,0.007691420614719391,18.145204544067383,18.156951904296875,0.03186393156647682,17.232057571411133,17.23809814453125,0.01717025227844715,136.30760192871094,136.30999755859375,0.008618167601525784,2.383200168609619,2.380000114440918,0.004664756823331118,42.880001068115234,42.880001068115234,0.0
LC08_L1TP_195028_20211017_20211026_02_T1,LANDSAT_8,20211017,0.018718963488936424,0.017603106796741486,0.004286070354282856,0.004885602276772261,0.0038040599320083857,0.003905140794813633,0.0024062476586550474,0.0018647263059392571,0.001818058779463172,0.08394445478916168,0.08389447629451752,0.0009605533559806645,1.0807738304138184,1.0986241102218628,0.04936985298991203,0.8588780164718628,0.8806491494178772,0.07792803645133972,0.9268782734870911,0.9402273893356323,0.04372011125087738,-0.31539207696914673,-0.3265751004219055,0.043815165758132935,0.5343562960624695,0.5473135709762573,0.05231397971510887,0.8588780164718628,0.8806491494178772,0.07792803645133972,0.9268782734870911,0.9402273893356323,0.04372011125087738,4.272783279418945,4.422067165374756,0.552137017250061,4.718453407287598,4.915062427520752,0.5428614616394043,0.24282537400722504,0.22077922523021698,0.0871010273694992,0.12039495259523392,0.10224896669387817,0.048581983894109726,13.124564170837402,13.134429931640625,0.038619671016931534,12.833022117614746,12.84661865234375,0.04080146923661232,50.32760238647461,50.33000183105469,0.006500618997961283,6.205199718475342,6.210000038146973,0.004996112547814846,57.56999588012695,57.56999969482422,3.814697265625e-06,0.01817050203680992,0.018130216747522354,0.0003174070443492383,0.003731983248144388,0.0036931918002665043,0.00019181692914571613,0.0018010768108069897,0.0017906249267980456,0.00021116646530572325,0.0849091112613678,0.08496207743883133,0.0002912009076680988,1.1175018548965454,1.1167360544204712,0.006916520185768604,0.8824915885925293,0.8842105865478516,0.005644737742841244,0.9415239095687866,0.9421342611312866,0.006654638331383467,-0.3144477903842926,-0.314735472202301,0.00817294791340828,0.5338042974472046,0.5350168943405151,0.0056672352366149426,0.8824915885925293,0.8842105865478516,0.005644737742841244,0.9415239095687866,0.9421342611312866,0.006654638331383467,4.320662498474121,4.341298580169678,0.058479487895965576,4.738858222961426,4.744884014129639,0.08195893466472626,0.20548692345619202,0.20247885584831238,0.01186925359070301,0.09918015450239182,0.09876467287540436,0.011960041709244251,12.99919319152832,12.9913330078125,0.0336773619055748,12.609055519104004,12.589202880859375,0.053247466683387756,59.86000061035156,59.86000061035156,0.0,7.777200222015381,7.78000020980835,0.00449009146541357,57.58000183105469,57.58000183105469,0.0
LC08_L1TP_196028_20211024_20211103_02_T1,LANDSAT_8,20211024,0.01786411553621292,0.0170598067343235,0.00248737633228302,0.004618413280695677,0.0036415299400687218,0.0027912151999771595,0.002376491203904152,0.0018603417556732893,0.001742775202728808,0.08012019097805023,0.08009406179189682,0.0006717427168041468,1.080318808555603,1.0927057266235352,0.03464095667004585,0.8570431470870972,0.8807340860366821,0.06716757267713547,0.9236965179443359,0.9368706345558167,0.04676477611064911,-0.31566759943962097,-0.32140079140663147,0.03215688467025757,0.5309939384460449,0.5417332649230957,0.03800909221172333,0.8570431470870972,0.8807340860366821,0.06716757267713547,0.9236965179443359,0.9368706345558167,0.04676477611064911,4.2153096199035645,4.423598289489746,0.5155691504478455,4.6577253341674805,4.824897766113281,0.5141662359237671,0.2482396960258484,0.2137923240661621,0.10104893893003464,0.12593039870262146,0.10470063239336014,0.06257561594247818,11.927490234375,11.91741943359375,0.0271063931286335,11.338567733764648,11.340301513671875,0.02297949604690075,123.69000244140625,123.69000244140625,0.0,4.157199859619141,4.159999847412109,0.004489877726882696,59.65000534057617,59.650001525878906,3.814697265625e-06,0.01717064157128334,0.017099399119615555,0.0002639855374582112,0.003614614252001047,0.0035623619332909584,0.00019284823792986572,0.0017764291260391474,0.0017811735160648823,0.00020036926434841007,0.08108440041542053,0.08108360320329666,0.0002400825178483501,1.1018184423446655,1.1002930402755737,0.005684142932295799,0.8824046850204468,0.8835709095001221,0.0058191814459860325,0.9404361844062805,0.940318763256073,0.006532398052513599,-0.3238338828086853,-0.3260187804698944,0.007434642408043146,0.5422582030296326,0.5438783168792725,0.005377486348152161,0.8824046850204468,0.8835709095001221,0.0058191814459860325,0.9404361844062805,0.940318763256073,0.006532398052513599,4.401725769042969,4.426108360290527,0.07235883921384811,4.829430103302002,4.846643447875977,0.09933815896511078,0.21053093671798706,0.20881608128547668,0.011139752343297005,0.10341808944940567,0.10440760105848312,0.011296450160443783,11.999564170837402,12.005767822265625,0.02734379656612873,11.85978889465332,11.859893798828125,0.0437939278781414,102.01840209960938,102.01998901367188,0.0276666060090065,2.6672000885009766,2.6700000762939453,0.00448998436331749,59.65000534057617,59.650001525878906,3.814697265625e-06
LC08_L1TP_195028_20211220_20211229_02_T1,LANDSAT_8,20211220,0.026118475943803787,0.026072127744555473,0.0007227346650324762,0.006635832600295544,0.006501922383904457,0.000697618699632585,0.0036822741385549307,0.003669407684355974,0.00047130839084275067,0.12313517928123474,0.12315065413713455,0.0005465620779432356,1.1350809335708618,1.1324223279953003,0.014159474521875381,0.8532581329345703,0.8557902574539185,0.01318430993705988,0.915840208530426,0.9155555367469788,0.009548577480018139,-0.34061428904533386,-0.3414044976234436,0.009606466628611088,0.5243933200836182,0.5257611870765686,0.008149862289428711,0.8532581329345703,0.8557902574539185,0.01318430993705988,0.915840208530426,0.9155555367469788,0.009548577480018139,4.181128025054932,4.205133438110352,0.1280127316713333,4.594516754150391,4.6065239906311035,0.12629565596580505,0.2537863552570343,0.2518696188926697,0.02217235416173935,0.14080019295215607,0.14148609340190887,0.015726441517472267,5.576570987701416,5.57269287109375,0.03213610500097275,5.102602481842041,5.09136962890625,0.038331855088472366,50.6576042175293,50.660003662109375,0.0064974077977240086,6.257200241088867,6.260000228881836,0.00449009146541357,71.9000015258789,71.9000015258789,0.0,,,,,,,,,,,,,,,,,,,,,,,,,,,,,,,,,,,,,,,,,,,,,,,,,,,,,,,,,,,,
LC08_L1TP_195028_20220121_20220128_02_T1,LANDSAT_8,20220121,0.01964259333908558,0.01879809983074665,0.003062293864786625,0.00548699963837862,0.004290237091481686,0.00284807407297194,0.0033892933279275894,0.0028789867646992207,0.0015464177122339606,0.10283971577882767,0.1027403473854065,0.00046208163257688284,1.1574816703796387,1.1667072772979736,0.03904631733894348,0.8578561544418335,0.8831672668457031,0.057987626641988754,0.9089963436126709,0.919874370098114,0.034517306834459305,-0.3598601520061493,-0.36346858739852905,0.03737269714474678,0.5631906986236572,0.5745502710342407,0.03988070413470268,0.8578561544418335,0.8831672668457031,0.057987626641988754,0.9089963436126709,0.919874370098114,0.034517306834459305,4.5608229637146,4.722634315490723,0.5943397879600525,4.938557147979736,5.0492262840271,0.5578906536102295,0.26946794986724854,0.24414636194705963,0.08762778341770172,0.16746678948402405,0.15407852828502655,0.04597214236855507,5.289355278015137,5.29290771484375,0.00981265027076006,4.804800033569336,4.823028564453125,0.04666328430175781,46.4524040222168,46.45000457763672,0.0064974077977240086,6.276400089263916,6.28000020980835,0.004800109658390284,69.25,69.25,0.0,0.018529482185840607,0.018541468307375908,0.0006062219617888331,0.004237236455082893,0.004239653702825308,0.0002336075558559969,0.0026612577494233847,0.002656843513250351,0.0003530596732161939,0.10081329941749573,0.10073444247245789,0.00044849817641079426,1.1957002878189087,1.1986064910888672,0.012044883333146572,0.879820704460144,0.8788371682167053,0.0059162285178899765,0.9228532910346985,0.9226976633071899,0.009637446142733097,-0.3623197674751282,-0.36248788237571716,0.012365538626909256,0.5630053877830505,0.5622492432594299,0.010512125678360462,0.879820704460144,0.8788371682167053,0.0059162285178899765,0.9228532910346985,0.9226976633071899,0.009637446142733097,4.6532979011535645,4.620697021484375,0.1432933509349823,5.000492095947266,5.002691745758057,0.16840653121471405,0.22866275906562805,0.22848643362522125,0.009934714064002037,0.1435653269290924,0.1441173255443573,0.01821277104318142,5.309469223022461,5.324371337890625,0.047389909625053406,4.854598522186279,4.842681884765625,0.03821710869669914,55.93000793457031,55.93000793457031,0.0,7.849599838256836,7.849999904632568,0.004454190377146006,69.2791976928711,69.27999877929688,0.002713511697947979
LC08_L1TP_196028_20220213_20220222_02_T1,LANDSAT_8,20220213,0.020131463184952736,0.01938740722835064,0.003073234809562564,0.005379563197493553,0.004497522488236427,0.002756468951702118,0.002743922173976898,0.002314250683411956,0.001496017910540104,0.08560678362846375,0.08569324761629105,0.0008145538158714771,1.1044127941131592,1.1152334213256836,0.05211825296282768,0.8396478891372681,0.8595776557922363,0.05923852697014809,0.9144924283027649,0.9251416325569153,0.03666410222649574,-0.3006838262081146,-0.3066037893295288,0.027755243703722954,0.5002302527427673,0.5094130635261536,0.03760137781500816,0.8396478891372681,0.8595776557922363,0.05923852697014809,0.9144924283027649,0.9251416325569153,0.03666410222649574,3.9031927585601807,4.0403666496276855,0.40490788221359253,4.329568862915039,4.448485374450684,0.3959672451019287,0.25808683037757874,0.23423358798027039,0.06880129873752594,0.13128915429115295,0.11963816732168198,0.03854823112487793,4.781479358673096,4.774017333984375,0.03047669120132923,4.149404525756836,4.1658935546875,0.034682828933000565,131.5424041748047,131.54000854492188,0.007632281165570021,4.120800018310547,4.119999885559082,0.0048332433216273785,62.7400016784668,62.7400016784668,0.0,0.021429743617773056,0.021410515531897545,0.00026277670986019075,0.005168229807168245,0.005155990831553936,0.000193649873835966,0.0026514006312936544,0.0026216928381472826,0.00020297194714657962,0.08787927776575089,0.0878705382347107,0.00027399093960411847,1.0911908149719238,1.0917083024978638,0.007317202631384134,0.8461034297943115,0.8458527326583862,0.005484414286911488,0.9179850220680237,0.9188093543052673,0.006060396321117878,-0.2919091284275055,-0.2925070524215698,0.006728030741214752,0.48624709248542786,0.486586332321167,0.004745754413306713,0.8461034297943115,0.8458527326583862,0.005484414286911488,0.9179850220680237,0.9188093543052673,0.006060396321117878,3.8013734817504883,3.8023078441619873,0.05395705997943878,4.198678493499756,4.18874979019165,0.05938904359936714,0.24118930101394653,0.24130822718143463,0.009074145928025246,0.1237511932849884,0.12422341853380203,0.00969607662409544,5.012851715087891,5.02374267578125,0.06606818735599518,4.636392593383789,4.636138916015625,0.011920154094696045,118.74560546875,121.6300048828125,5.134711265563965,2.5839998722076416,2.569999933242798,0.03174908459186554,62.7599983215332,62.7599983215332,0.0
LC08_L1TP_195028_20220222_20220301_02_T1,LANDSAT_8,20220222,0.03885510191321373,0.0383559912443161,0.003051084466278553,0.01973327249288559,0.019057631492614746,0.002541798399761319,0.01517709344625473,0.014885010197758675,0.0011977682588621974,0.09833982586860657,0.0983775183558464,0.000615371682215482,0.9506320357322693,0.9581130743026733,0.025716790929436684,0.592837929725647,0.6010189056396484,0.03146665543317795,0.6707531809806824,0.675273597240448,0.015955721959471703,-0.13852345943450928,-0.14144158363342285,0.01566636748611927,0.32952171564102173,0.3321690857410431,0.023731349036097527,0.592837929725647,0.6010189056396484,0.03146665543317795,0.6707531809806824,0.675273597240448,0.015955721959471703,2.197570562362671,2.2251944541931152,0.10755114257335663,2.3788750171661377,2.3914668560028076,0.09215818345546722,0.5064980983734131,0.5062369704246521,0.025214817374944687,0.3907989263534546,0.3891834616661072,0.01518741250038147,3.029866933822632,3.039825439453125,0.042494699358940125,2.3896312713623047,2.39569091796875,0.08614004403352737,42.653594970703125,42.649993896484375,0.00624953443184495,6.212400436401367,6.210000038146973,0.004270725417882204,60.09999465942383,60.099998474121094,3.814697265625e-06,0.01892722211778164,0.018954534083604813,0.0005235619028098881,0.006250170525163412,0.006264631170779467,0.0003322945849504322,0.004030241630971432,0.004096105694770813,0.0002772658772300929,0.08786391466856003,0.08786553889513016,0.0006163679645396769,1.181748628616333,1.18159818649292,0.00868920050561428,0.8059355020523071,0.8068112134933472,0.008270078338682652,0.870395839214325,0.8691234588623047,0.008010189048945904,-0.30262309312820435,-0.30191487073898315,0.010101613588631153,0.5088557600975037,0.5095708966255188,0.00896930880844593,0.8059355020523071,0.8068112134933472,0.008270078338682652,0.870395839214325,0.8691234588623047,0.008010189048945904,3.715571641921997,3.704115629196167,0.09212204813957214,4.075329303741455,4.064352035522461,0.11160262674093246,0.3302112817764282,0.3264029324054718,0.014844195917248726,0.21285255253314972,0.2120581716299057,0.012250173836946487,4.654810905456543,4.64459228515625,0.06066934019327164,3.960986375808716,3.964691162109375,0.04697131738066673,52.1864128112793,52.19001007080078,0.0048010265454649925,7.784799575805664,7.78000020980835,0.004995874594897032,60.130001068115234,60.130001068115234,0.0
LC08_L1TP_196028_20220301_20220309_02_T1,LANDSAT_8,20220301,0.06453108042478561,0.06320661306381226,0.0031938995234668255,0.037666428834199905,0.03623894602060318,0.004000394139438868,0.030345052480697632,0.029874127358198166,0.0015193154104053974,0.10165300220251083,0.10143226385116577,0.0010583348339423537,0.7227382659912109,0.7311060428619385,0.012759360484778881,0.4282930791378021,0.4433455765247345,0.03579699620604515,0.511309802532196,0.5138890147209167,0.013326882384717464,-0.053937144577503204,-0.058007217943668365,0.011210375465452671,0.18518273532390594,0.19569286704063416,0.01665128394961357,0.4282930791378021,0.4433455765247345,0.03579699620604515,0.511309802532196,0.5138890147209167,0.013326882384717464,1.6253974437713623,1.6573224067687988,0.07291878759860992,1.7476615905761719,1.7664411067962646,0.04625817760825157,0.5824817419052124,0.5765547752380371,0.03623704984784126,0.4704347252845764,0.476717084646225,0.013734015636146069,-0.25468748807907104,-0.2313232421875,0.24862131476402283,-0.333892822265625,-0.29473876953125,0.08227287977933884,132.91201782226562,132.91000366210938,0.004003924783319235,4.199999809265137,4.199999809265137,0.0,57.06999588012695,57.06999969482422,3.814697265625e-06,0.016943352296948433,0.016974283382296562,0.00030976260313764215,0.004162192810326815,0.004160725045949221,0.00021782801195513457,0.0024095335975289345,0.0023933371994644403,0.00022265457664616406,0.07706916332244873,0.07710228860378265,0.00020658722496591508,1.1212867498397827,1.1212310791015625,0.006603166460990906,0.8559591770172119,0.8559592366218567,0.0067908247001469135,0.9140192270278931,0.9148939251899719,0.0075272065587341785,-0.3134078085422516,-0.3117956817150116,0.007886518724262714,0.5197708010673523,0.5201675891876221,0.006636676844209433,0.8559591770172119,0.8559592366218567,0.0067908247001469135,0.9140192270278931,0.9148939251899719,0.0075272065587341785,4.077496528625488,4.064014911651611,0.07816662639379501,4.447327136993408,4.427221775054932,0.09793827682733536,0.2456706017255783,0.246724933385849,0.012358216568827629,0.14216002821922302,0.14008621871471405,0.012281308881938457,5.052761077880859,5.069610595703125,0.05402638018131256,4.633751392364502,4.636138916015625,0.05279148370027542,111.593994140625,111.58999633789062,0.026232147589325905,2.711199998855591,2.7100000381469727,0.004308127798140049,57.09999465942383,57.099998474121094,3.814697265625e-06
LC08_L1TP_195028_20220310_20220315_02_T1,LANDSAT_8,20220310,0.0202842578291893,0.019559137523174286,0.0026141393464058638,0.005625121761113405,0.004940893966704607,0.0022585003171116114,0.0028841146267950535,0.002589700510725379,0.0011047868756577373,0.08440622687339783,0.0844382494688034,0.00033826514845713973,1.1044151782989502,1.1181350946426392,0.034438908100128174,0.8295795321464539,0.8454982042312622,0.0491090826690197,0.9084063172340393,0.9156497120857239,0.027798404917120934,-0.28660374879837036,-0.29426145553588867,0.02807687595486641,0.4922487735748291,0.5025997757911682,0.03429228812456131,0.8295795321464539,0.8454982042312622,0.0491090826690197,0.9084063172340393,0.9156497120857239,0.027798404917120934,3.7600395679473877,3.8845651149749756,0.3510509729385376,4.187044143676758,4.308643341064453,0.34545639157295227,0.2709020972251892,0.2550087869167328,0.05222548171877861,0.13912682235240936,0.13499054312705994,0.026379017159342766,6.279295444488525,6.28009033203125,0.026354780420660973,6.438057899475098,6.446319580078125,0.02932845428586006,46.25959777832031,46.26000213623047,0.001960015157237649,6.0612006187438965,6.059999942779541,0.004308180883526802,54.06000518798828,54.060001373291016,3.814697265625e-06,0.018846718594431877,0.01875939778983593,0.0003103759663645178,0.0043726409785449505,0.004297601990401745,0.00021420346456579864,0.002178813563659787,0.0021829043980687857,0.0001571387256262824,0.08568069338798523,0.08557701855897903,0.0002522575668990612,1.1400691270828247,1.1389563083648682,0.00577619019895792,0.861461341381073,0.8636365532875061,0.006166794802993536,0.928479015827179,0.9282513856887817,0.005020438227802515,-0.3055840730667114,-0.3064820468425751,0.007905025035142899,0.5142061114311218,0.5141094326972961,0.005740740802139044,0.861461341381073,0.8636365532875061,0.006166794802993536,0.928479015827179,0.9282513856887817,0.005020438227802515,4.057022571563721,4.058913230895996,0.07023178786039352,4.480035305023193,4.494293689727783,0.0697178989648819,0.2320203185081482,0.2277774214744568,0.010865941643714905,0.11564863473176956,0.11636324226856232,0.008671804331243038,6.089781284332275,6.078887939453125,0.036690883338451385,6.116239070892334,6.113128662109375,0.027478378266096115,50.790008544921875,50.790008544921875,0.0,7.65839958190918,7.659999847412109,0.00463026762008667,54.09999465942383,54.099998474121094,3.814697265625e-06
LC08_L1TP_195028_20220326_20220330_02_T1,LANDSAT_8,20220326,0.023160593584179878,0.022092539817094803,0.0035115699283778667,0.007476372178643942,0.0063928598538041115,0.004224992822855711,0.004144946578890085,0.003508631605654955,0.001974766841158271,0.08306083083152771,0.08295854926109314,0.000604043947532773,0.9902558326721191,1.001755952835083,0.037920884788036346,0.7980684638023376,0.8179500699043274,0.07360024005174637,0.8813801407814026,0.8957599401473999,0.042031120508909225,-0.255797415971756,-0.26556771993637085,0.03075760416686535,0.4732155501842499,0.4847434461116791,0.038674477487802505,0.7980684638023376,0.8179500699043274,0.07360024005174637,0.8813801407814026,0.8957599401473999,0.042031120508909225,3.458780527114868,3.5684444904327393,0.36030980944633484,3.849558115005493,3.9583353996276855,0.34979307651519775,0.3106076121330261,0.28879857063293457,0.08261986821889877,0.17343202233314514,0.16076253354549408,0.03888056054711342,9.019311904907227,9.0330810546875,0.04414171352982521,9.337668418884277,9.33062744140625,0.05033332481980324,39.9336051940918,39.93000793457031,0.006246095988899469,6.14840030670166,6.150000095367432,0.004630393348634243,47.72999954223633,47.72999954223633,0.0,0.024281777441501617,0.024316223338246346,0.0003415599639993161,0.006891555618494749,0.006964491214603186,0.0002007652510656044,0.0036761355586349964,0.0037203500978648663,0.00017730689432937652,0.08540167659521103,0.08540444076061249,0.0002728514082264155,0.9856200218200684,0.9840513467788696,0.005444277077913284,0.8116604685783386,0.8100652098655701,0.004886639304459095,0.8949235677719116,0.8936170935630798,0.004742239136248827,-0.24767671525478363,-0.2465246170759201,0.007036690600216389,0.4638008773326874,0.4635109305381775,0.005340347066521645,0.8116604685783386,0.8100652098655701,0.004886639304459095,0.8949235677719116,0.8936170935630798,0.004742239136248827,3.418558359146118,3.4112603664398193,0.04204064607620239,3.8120017051696777,3.7940876483917236,0.05692889913916588,0.2838778793811798,0.28571388125419617,0.0093381954357028,0.1513989269733429,0.15291231870651245,0.007114625535905361,8.171395301818848,8.1700439453125,0.02129938080906868,8.366005897521973,8.378082275390625,0.04443665221333504,49.5000114440918,49.50000762939453,3.814697265625e-06,7.722399711608887,7.71999979019165,0.004270929377526045,47.7775993347168,47.779998779296875,0.004270114470273256
LC08_L1TP_196028_20220418_20220427_02_T1,LANDSAT_8,20220418,0.014791648834943771,0.013789782300591469,0.002173415618017316,0.004147675819694996,0.0032747501973062754,0.002568403957411647,0.002312790136784315,0.0018164633074775338,0.0015973924892023206,0.07086925208568573,0.07086771726608276,0.00047719950089231133,1.096076488494873,1.1132961511611938,0.04826248437166214,0.8567243814468384,0.8791313767433167,0.0685228705406189,0.9171535968780518,0.9320249557495117,0.04615350067615509,-0.3071783185005188,-0.3171037435531616,0.03141270577907562,0.5578010678291321,0.573744535446167,0.036935996264219284,0.8567243814468384,0.8791313767433167,0.0685228705406189,0.9171535968780518,0.9320249557495117,0.04615350067615509,4.342433452606201,4.596097946166992,0.5907720327377319,4.769111633300781,5.000000476837158,0.5603803992271423,0.2664840817451477,0.23508739471435547,0.10150610655546188,0.1479327231645584,0.1310855895280838,0.06266885250806808,9.216548919677734,9.21197509765625,0.09605057537555695,8.849018096923828,8.847412109375,0.0819547176361084,136.5139923095703,136.50999450683594,0.006321080960333347,4.275199890136719,4.28000020980835,0.004996112547814846,38.58000183105469,38.58000183105469,0.0,0.014301236718893051,0.014283829368650913,0.00017296879377681762,0.00343937985599041,0.00337896472774446,0.00014167348854243755,0.002083694562315941,0.002047858666628599,0.00019278768741060048,0.07141458243131638,0.07149596512317657,0.00018480111612007022,1.133691668510437,1.134060025215149,0.004878601524978876,0.8731253147125244,0.874703586101532,0.004828792996704578,0.9211838245391846,0.9222924709320068,0.0069318050518631935,-0.30430638790130615,-0.30375000834465027,0.0063403514213860035,0.5604628920555115,0.5614174008369446,0.004176761489361525,0.8731253147125244,0.874703586101532,0.004828792996704578,0.9211838245391846,0.9222924709320068,0.0069318050518631935,4.374189853668213,4.371759414672852,0.06724720448255539,4.736327171325684,4.733231544494629,0.07738849520683289,0.240478053689003,0.23722624778747559,0.009016618132591248,0.14569638669490814,0.14183060824871063,0.013323189690709114,8.229927062988281,8.2061767578125,0.0499071329832077,8.134574890136719,8.123626708984375,0.054650284349918365,115.80919647216797,115.80999755859375,0.02528526447713375,2.780400037765503,2.7799999713897705,0.004454207606613636,38.619998931884766,38.619998931884766,0.0
LC08_L1TP_195028_20220427_20220503_02_T1,LANDSAT_8,20220427,0.019858431071043015,0.018725018948316574,0.0032073163893073797,0.006137643475085497,0.004953702911734581,0.003185040783137083,0.003443814581260085,0.0028236114885658026,0.0018803434213623405,0.0781700536608696,0.07805810868740082,0.0006464776815846562,1.0580183267593384,1.0751116275787354,0.05687340721487999,0.8151479959487915,0.8413960337638855,0.06983692198991776,0.8914949297904968,0.9066340923309326,0.04440737143158913,-0.24623188376426697,-0.25432100892066956,0.02587115950882435,0.4950518012046814,0.5092623829841614,0.038548026233911514,0.8151479959487915,0.8413960337638855,0.06983692198991776,0.8914949297904968,0.9066340923309326,0.04440737143158913,3.59983491897583,3.758587121963501,0.4249657988548279,3.9910483360290527,4.1612935066223145,0.40270841121673584,0.29810744524002075,0.2647058069705963,0.09230129420757294,0.16626447439193726,0.1503264456987381,0.046683166176080704,10.82931137084961,10.81341552734375,0.05267190933227539,11.044222831726074,11.06103515625,0.07692697644233704,36.827598571777344,36.83000183105469,0.00650061946362257,6.299600124359131,6.300000190734863,0.004454224370419979,36.150001525878906,36.150001525878906,0.0,0.019156523048877716,0.019183095544576645,0.00027091396623291075,0.005486317444592714,0.00547734135761857,0.00014649235527031124,0.003114924766123295,0.00309804268181324,0.00017728314560372382,0.07653390616178513,0.07657130062580109,0.0002089576591970399,1.0961872339248657,1.0964257717132568,0.004854392260313034,0.8191882371902466,0.8188495635986328,0.0043371072970330715,0.8931787014007568,0.8932993412017822,0.005720239132642746,-0.23959554731845856,-0.2376728504896164,0.006873621605336666,0.4847262501716614,0.4841509461402893,0.005163089372217655,0.8191882371902466,0.8188495635986328,0.0043371072970330715,0.8931787014007568,0.8932993412017822,0.005720239132642746,3.507580518722534,3.511535882949829,0.045061979442834854,3.8809473514556885,3.878619909286499,0.04559124633669853,0.286428838968277,0.2864513695240021,0.007828069850802422,0.16267462074756622,0.16279040277004242,0.010162089951336384,9.347264289855957,9.3438720703125,0.04457494616508484,9.437459945678711,9.4188232421875,0.07311373949050903,46.095191955566406,46.09999084472656,0.004993254318833351,7.873199462890625,7.869999885559082,0.004664868116378784,36.200801849365234,36.20000076293945,0.002712476998567581
LC08_L1TP_196028_20220520_20220525_02_T1,LANDSAT_8,20220520,0.033746734261512756,0.03291868790984154,0.0029602039139717817,0.016005676239728928,0.015007046982645988,0.0027304894756525755,0.01055057905614376,0.009958596900105476,0.001653257291764021,0.0788172259926796,0.07875820994377136,0.0006441965233534575,0.8785398602485657,0.889740526676178,0.03888866677880287,0.6170296669006348,0.6312660574913025,0.03934358432888985,0.7295128107070923,0.7381024956703186,0.027535468339920044,-0.08821004629135132,-0.09119989722967148,0.013315892778337002,0.33201202750205994,0.3380017876625061,0.02466447278857231,0.6170296669006348,0.6312660574913025,0.03934358432888985,0.7295128107070923,0.7381024956703186,0.027535468339920044,2.1715078353881836,2.2127764225006104,0.12577642500400543,2.4358043670654297,2.4761905670166016,0.12492489069700241,0.47162917256355286,0.45899274945259094,0.034252580255270004,0.3111892342567444,0.30572810769081116,0.018570100888609886,16.7258358001709,16.770721435546875,0.08768829703330994,15.603527069091797,15.60174560546875,0.07500480115413666,141.36001586914062,141.36000061035156,1.52587890625e-05,4.091200351715088,4.090000152587891,0.004308074712753296,29.81999969482422,29.81999969482422,0.0,,,,,,,,,,,,,,,,,,,,,,,,,,,,,,,,,,,,,,,,,,,,,,,,,,,,,,,,,,,,
LC08_L1TP_196028_20220621_20220701_02_T1,LANDSAT_8,20220621,,,,,,,,,,,,,,,,,,,,,,,,,,,,,,,,,,,,,,,,,,,,,,,,,,,,,,,,,,,,,,,,,,,,,,,,,,,,,,,,,,,,,,,,,,,,,,,,,,,,,,,,,,,,,,,,,,,,,,,,
LC08_L1TP_196028_20220707_20220721_02_T1,LANDSAT_8,20220707,0.030650518834590912,0.030247816815972328,0.0038648282643407583,0.020752137526869774,0.02047579549252987,0.004721177741885185,0.015951575711369514,0.01613519713282585,0.0024987778160721064,0.0788588747382164,0.07886932045221329,0.0007912301807664335,0.8920972943305969,0.8959615230560303,0.0647658109664917,0.5258903503417969,0.5247576832771301,0.05235206335783005,0.6123502254486084,0.6077349185943604,0.03205995634198189,-0.14847178757190704,-0.15128463506698608,0.017677605152130127,0.3671066164970398,0.3688681125640869,0.03194940835237503,0.5258903503417969,0.5247576832771301,0.05235206335783005,0.6123502254486084,0.6077349185943604,0.03205995634198189,2.1084983348846436,2.101179838180542,0.15946386754512787,2.316706657409668,2.314343214035034,0.14634525775909424,0.6720080375671387,0.6613418459892273,0.07356219738721848,0.5192140340805054,0.5279552936553955,0.033060092478990555,19.320566177368164,19.326080322265625,0.034463003277778625,17.81134605407715,17.810272216796875,0.05044505000114441,147.1423797607422,147.13998413085938,0.004275007173418999,4.082000255584717,4.079999923706055,0.0048990449868142605,28.350000381469727,28.350000381469727,0.0,0.03297393396496773,0.03276927024126053,0.0010818254668265581,0.022595100104808807,0.02235404960811138,0.0012473325477913022,0.017809558659791946,0.01760125532746315,0.0007810789393261075,0.07740279287099838,0.07744327187538147,0.0005347321857698262,0.8717198371887207,0.8791524171829224,0.018657894805073738,0.4832015931606293,0.4869519770145416,0.01650812104344368,0.568941056728363,0.5714285969734192,0.010941012762486935,-0.1312212198972702,-0.131421759724617,0.008222856558859348,0.3255663812160492,0.32647809386253357,0.010125414468348026,0.4832015931606293,0.4869519770145416,0.01650812104344368,0.568941056728363,0.5714285969734192,0.010941012762486935,1.9400895833969116,1.9481760263442993,0.04742904007434845,2.1223185062408447,2.1288177967071533,0.042251236736774445,0.6850244402885437,0.6786951422691345,0.024785004556179047,0.5400955677032471,0.5368420481681824,0.015300827100872993,19.326658248901367,19.33355712890625,0.05960443615913391,17.851953506469727,17.85150146484375,0.05161518603563309,137.32521057128906,137.3300018310547,0.010997206903994083,2.529600143432617,2.5299999713897705,0.004454207140952349,28.420000076293945,28.420000076293945,0.0
LC08_L1TP_195028_20220716_20220726_02_T1,LANDSAT_8,20220716,0.020408062264323235,0.018911784514784813,0.00443292735144496,0.00783600378781557,0.006342508364468813,0.005116002634167671,0.004935115575790405,0.0041666049510240555,0.0027737270575016737,0.08373917639255524,0.08355215191841125,0.0008974974043667316,1.0627751350402832,1.0760080814361572,0.060536712408065796,0.7892935276031494,0.8158430457115173,0.08188998699188232,0.8598682880401611,0.8743019104003906,0.05158190429210663,-0.24019677937030792,-0.2507767379283905,0.03461088612675667,0.5170698761940002,0.5356635451316833,0.05051775649189949,0.7892935276031494,0.8158430457115173,0.08188998699188232,0.8598682880401611,0.8743019104003906,0.05158190429210663,3.5559945106506348,3.740260601043701,0.4575779139995575,3.9199140071868896,4.076847076416016,0.4471557140350342,0.36556094884872437,0.33957549929618835,0.10713335871696472,0.2331143617630005,0.2198754847049713,0.05613447725772858,21.808046340942383,21.81695556640625,0.03544965386390686,21.460891723632812,21.455047607421875,0.06291458755731583,27.998004913330078,28.00000762939453,0.0063241696916520596,6.381600379943848,6.380000114440918,0.00463026762008667,30.229999542236328,30.229999542236328,0.0,0.02137824147939682,0.02131337858736515,0.00040752338827587664,0.009047062136232853,0.009035017341375351,0.0001721365115372464,0.006408836226910353,0.006370842922478914,0.00012954835256095976,0.08288587629795074,0.08287892490625381,0.00019990619330201298,1.0680831670761108,1.0671086311340332,0.006124080624431372,0.7436705231666565,0.743606686592102,0.003992556128650904,0.8113702535629272,0.8119893670082092,0.0031262431293725967,-0.22568245232105255,-0.2268211543560028,0.008566451258957386,0.4843822717666626,0.4855215847492218,0.0070080566219985485,0.7436705231666565,0.743606686592102,0.003992556128650904,0.8113702535629272,0.8119893670082092,0.0031262431293725967,3.1354544162750244,3.13486647605896,0.04595107585191727,3.4330315589904785,3.4360902309417725,0.04599744826555252,0.42328956723213196,0.42364010214805603,0.009164460934698582,0.29989609122276306,0.2996704876422882,0.008507994934916496,20.902463912963867,20.895751953125,0.05734781175851822,20.47942352294922,20.4783935546875,0.009576166048645973,37.100791931152344,37.09999084472656,0.0027155813295394182,7.954799652099609,7.949999809265137,0.004996112547814846,30.309999465942383,30.309999465942383,0.0
LC08_L1TP_195028_20220801_20220806_02_T1,LANDSAT_8,20220801,0.01340324617922306,0.012192591093480587,0.003193665761500597,0.003889193758368492,0.0028449378442019224,0.003412030404433608,0.0022223955020308495,0.0016495826421305537,0.0021196536254137754,0.07775482535362244,0.07765011489391327,0.0005556349060498178,1.128991723060608,1.149153709411621,0.07568344473838806,0.8788852095603943,0.9032127261161804,0.07180045545101166,0.9286547303199768,0.9425719976425171,0.04765147343277931,-0.35414719581604004,-0.3725249767303467,0.040344372391700745,0.6206609010696411,0.6411890983581543,0.046654023230075836,0.8788852095603943,0.9032127261161804,0.07180045545101166,0.9286547303199768,0.9425719976425171,0.04765147343277931,5.153538703918457,5.525561809539795,0.7946532368659973,5.631411552429199,5.956601619720459,0.760460376739502,0.2655574679374695,0.23379169404506683,0.10765939205884933,0.151594877243042,0.1309521496295929,0.06679771840572357,23.297828674316406,23.29010009765625,0.05574389547109604,23.033754348754883,23.03125,0.02794882468879223,30.636398315429688,30.639999389648438,0.006248206365853548,6.1867995262146,6.190000057220459,0.0046648685820400715,33.220001220703125,33.220001220703125,0.0,0.012175049632787704,0.012155910022556782,0.0002175293193431571,0.0024838203098624945,0.0024886038154363632,0.00011624646140262485,0.0013830886455252767,0.0013878745958209038,0.0001373790146317333,0.07619170844554901,0.07614193111658096,0.00023890030570328236,1.1987862586975098,1.1989731788635254,0.004903532098978758,0.9091202020645142,0.9088521003723145,0.004057241603732109,0.9483622908592224,0.9482836723327637,0.0050087193958461285,-0.3602002263069153,-0.3605017066001892,0.007670835591852665,0.6216030716896057,0.621742308139801,0.005538959987461567,0.9091202020645142,0.9088521003723145,0.004057241603732109,0.9483622908592224,0.9482836723327637,0.0050087193958461285,5.326086044311523,5.324636936187744,0.08559682965278625,5.75868034362793,5.754889488220215,0.0985308289527893,0.20408910512924194,0.20352189242839813,0.010484684258699417,0.11367763578891754,0.11267543584108353,0.011922030709683895,22.984664916992188,22.990203857421875,0.059038273990154266,22.151439666748047,22.15155029296875,0.04771510511636734,40.04680252075195,40.05000305175781,0.0046621994115412235,7.7596001625061035,7.760000228881836,0.004454224370419979,33.29999923706055,33.29999923706055,0.0
LC08_L1TP_196028_20220808_20220818_02_T1,LANDSAT_8,20220808,0.022994715720415115,0.022187545895576477,0.0034701719414442778,0.010430319234728813,0.009363772347569466,0.0034627222921699286,0.007035166025161743,0.006581253372132778,0.002020397689193487,0.08976012468338013,0.08977850526571274,0.0009975864086300135,0.9579904079437256,0.9642201662063599,0.05139169469475746,0.7665421962738037,0.7839799523353577,0.05608109384775162,0.8354836106300354,0.841998279094696,0.035631485283374786,-0.2653124928474426,-0.2690313756465912,0.026985207572579384,0.5448192954063416,0.552901029586792,0.03678793087601662,0.7665421962738037,0.7839799523353577,0.05608109384775162,0.8354836106300354,0.841998279094696,0.035631485283374786,3.57991099357605,3.663846492767334,0.4120776355266571,3.963291883468628,4.006683826446533,0.39814063906669617,0.44495701789855957,0.4176660180091858,0.07497235387563705,0.30154216289520264,0.2966192662715912,0.040330786257982254,20.017738342285156,20.034149169921875,0.05875406414270401,19.260873794555664,19.261810302734375,0.03634738177061081,141.8900146484375,141.8900146484375,0.0,4.203199863433838,4.199999809265137,0.0046648685820400715,34.25,34.25,0.0,0.021889830008149147,0.021864406764507294,0.00036584047484211624,0.009368207305669785,0.00934624020010233,0.00019321376748848706,0.006782336160540581,0.0067796590737998486,0.00023056405188981444,0.07927484810352325,0.07928838580846786,0.00028673760243691504,0.9753918647766113,0.9770033359527588,0.006470285356044769,0.7414371371269226,0.7424749732017517,0.004397982265800238,0.8058929443359375,0.8060270547866821,0.0057512675411999226,-0.23823288083076477,-0.2367641031742096,0.0077060516923666,0.4848606586456299,0.4846484959125519,0.005908661987632513,0.7414371371269226,0.7424749732017517,0.004397982265800238,0.8058929443359375,0.8060270547866821,0.0057512675411999226,3.157127618789673,3.1609647274017334,0.038475632667541504,3.4422502517700195,3.43898344039917,0.05538373813033104,0.42807987332344055,0.4276169538497925,0.010921353474259377,0.3098618984222412,0.30743613839149475,0.009950932115316391,20.862510681152344,20.8587646484375,0.0488608255982399,19.90764808654785,19.90338134765625,0.04463445022702217,120.70800018310547,120.70999145507812,0.026228701695799828,2.711199998855591,2.7100000381469727,0.004308127798140049,34.30720138549805,34.310001373291016,0.004490947816520929
LC08_L1TP_196028_20220824_20220924_02_T1,LANDSAT_8,20220824,,,,,,,,,,,,,,,,,,,,,,,,,,,,,,,,,,,,,,,,,,,,,,,,,,,,,,,,,,,,,,,,,,,,,,,,,,,,,,,,,,,,,,,,,,,,,,,,,,,,,,,,,,,,,,,,,,,,,,,,
LC08_L1TP_195028_20220918_20220928_02_T1,LANDSAT_8,20220918,0.016853246837854385,0.01596933789551258,0.002366212895140052,0.004337054677307606,0.003447250695899129,0.0025572343729436398,0.0021779530216008425,0.0017088899621739984,0.0014649824006482959,0.0804571881890297,0.08033285290002823,0.0004020930209662765,1.1046979427337646,1.1185736656188965,0.044466715306043625,0.8661959767341614,0.8878775238990784,0.05726790800690651,0.9303447008132935,0.942602813243866,0.03643234446644783,-0.2969190776348114,-0.3072483241558075,0.025415504351258278,0.5550461411476135,0.5677831768989563,0.03269936144351959,0.8661959767341614,0.8878775238990784,0.05726790800690651,0.9303447008132935,0.942602813243866,0.03643234446644783,4.333132743835449,4.549468040466309,0.4878396689891815,4.793193817138672,4.971573829650879,0.4612509310245514,0.24644799530506134,0.21666640043258667,0.0810495913028717,0.1231069341301918,0.1075470894575119,0.04776022210717201,17.195207595825195,17.1922607421875,0.035532042384147644,16.062881469726562,16.05010986328125,0.04685068130493164,49.16840362548828,49.170005798339844,0.003666844218969345,6.066800594329834,6.070000171661377,0.004664868116378784,47.25,47.25,0.0,0.01552438735961914,0.015506699681282043,0.00013952513108961284,0.003089543664827943,0.003124919021502137,0.00018551618268247694,0.0015141081530600786,0.0015624540392309427,0.00015949661610648036,0.0787988156080246,0.07877170294523239,0.00021257255866657943,1.1564654111862183,1.1567389965057373,0.00536599475890398,0.8935605883598328,0.8924406170845032,0.006060523446649313,0.9463828802108765,0.9447919726371765,0.005549825262278318,-0.3054049611091614,-0.3042328655719757,0.005281378980726004,0.5594524145126343,0.5590087175369263,0.003168164985254407,0.8935605883598328,0.8924406170845032,0.006060523446649313,0.9463828802108765,0.9447919726371765,0.005549825262278318,4.520803451538086,4.503962993621826,0.07471677660942078,4.938324451446533,4.925477504730225,0.06614480912685394,0.19896520674228668,0.20112726092338562,0.011097550392150879,0.09754972159862518,0.10075993090867996,0.010401103645563126,17.235584259033203,17.22540283203125,0.04627048224210739,16.19969940185547,16.208160400390625,0.04270840808749199,53.65000915527344,53.65000915527344,0.0,7.664799690246582,7.659999847412109,0.004996112547814846,47.279998779296875,47.279998779296875,0.0
LC08_L1TP_196028_20221027_20221107_02_T1,LANDSAT_8,20221027,0.02609417401254177,0.02559448592364788,0.0015657249605283141,0.010573084466159344,0.009887857362627983,0.0018248220440000296,0.006266371812671423,0.0059001571498811245,0.0009439559071324766,0.08341772109270096,0.08323296904563904,0.0006116874283179641,0.971855103969574,0.974671483039856,0.019797183573246002,0.7218856811523438,0.7356259822845459,0.03543227165937424,0.8249523639678955,0.8329442143440247,0.02085118182003498,-0.21778877079486847,-0.22249391674995422,0.015947697684168816,0.4282619059085846,0.43290236592292786,0.0182297695428133,0.7218856811523438,0.7356259822845459,0.03543227165937424,0.8249523639678955,0.8329442143440247,0.02085118182003498,2.8983376026153564,2.9872100353240967,0.1786387413740158,3.2783191204071045,3.349806785583496,0.1656375676393509,0.403059184551239,0.3867924213409424,0.04434095695614815,0.2391713261604309,0.23574717342853546,0.022284701466560364,13.586215019226074,13.583587646484375,0.02404991164803505,12.327990531921387,12.325042724609375,0.07311798632144928,123.32998657226562,123.32998657226562,0.0,4.213200092315674,4.210000038146973,0.004664645995944738,60.56000518798828,60.560001373291016,3.814697265625e-06,0.03219779208302498,0.03226778656244278,0.0006153351278044283,0.013274951837956905,0.01334657147526741,0.00034781006979756057,0.007879354059696198,0.007853314280509949,0.0003378819674253464,0.0863075852394104,0.08630511909723282,0.000289123912807554,0.8991913795471191,0.8985975384712219,0.009086215868592262,0.6841176748275757,0.6832846403121948,0.006316874176263809,0.7996766567230225,0.7998974919319153,0.0069522252306342125,-0.17985104024410248,-0.17838941514492035,0.006817895453423262,0.3746311068534851,0.37485209107398987,0.0064193811267614365,0.6841176748275757,0.6832846403121948,0.006316874176263809,0.7996766567230225,0.7998974919319153,0.0069522252306342125,2.5753333568573,2.582578182220459,0.03540722653269768,2.9224491119384766,2.9321696758270264,0.050167690962553024,0.4123455286026001,0.41044750809669495,0.00989366415888071,0.2446504533290863,0.24441488087177277,0.007383562624454498,13.763754844665527,13.76007080078125,0.04125645384192467,12.739773750305176,12.74554443359375,0.06506847590208054,102.06878662109375,102.07000732421875,0.02673301473259926,2.719600200653076,2.7200000286102295,0.004454207140952349,60.56000518798828,60.560001373291016,3.814697265625e-06
LC08_L1TP_195028_20221207_20221213_02_T1,LANDSAT_8,20221207,,,,,,,,,,,,,,,,,,,,,,,,,,,,,,,,,,,,,,,,,,,,,,,,,,,,,,,,,,,,,,,,,,,,,,,,,,,,,,,,,,,,,,,,,,,,,,,,,,,,,,,,,,,,,,,,,,,,,,,,
LC08_L1TP_196028_20230131_20230208_02_T1,LANDSAT_8,20230131,0.02243896946310997,0.022015776485204697,0.001823927741497755,0.005575979128479958,0.004886793438345194,0.0015262027736753225,0.002529037883505225,0.0023174460511654615,0.0007791717653162777,0.09900154173374176,0.09912145137786865,0.00038177493843249977,1.0921911001205444,1.0976085662841797,0.02289281226694584,0.8536666035652161,0.8689191341400146,0.033698711544275284,0.930773138999939,0.9356645941734314,0.018973398953676224,-0.32021239399909973,-0.32859423756599426,0.021035728976130486,0.5156031250953674,0.5226653218269348,0.02387043461203575,0.8536666035652161,0.8689191341400146,0.033698711544275284,0.930773138999939,0.9356645941734314,0.018973398953676224,4.089720249176025,4.227272033691406,0.31641775369644165,4.579302787780762,4.659795761108398,0.3077634871006012,0.24591685831546783,0.22926807403564453,0.047451287508010864,0.11125965416431427,0.10487785935401917,0.024217842146754265,4.701311111450195,4.693511962890625,0.05248319357633591,4.108922004699707,4.103240966796875,0.023146674036979675,129.9199981689453,129.9199981689453,0.0,4.382400035858154,4.380000114440918,0.004270725417882204,66.61000061035156,66.61000061035156,0.0,0.020143821835517883,0.020117605105042458,0.00045726829557679594,0.004366366658359766,0.004235272295773029,0.00041821179911494255,0.0022305743768811226,0.0022184723056852818,0.000314801320200786,0.09683479368686676,0.09683175384998322,0.00032287341309711337,1.1372774839401245,1.1381713151931763,0.012237253598868847,0.8769777417182922,0.8803422451019287,0.010285786353051662,0.9352108836174011,0.9350077509880066,0.008634455502033234,-0.3314175307750702,-0.331658273935318,0.006506386213004589,0.5353591442108154,0.536232054233551,0.0065247961319983006,0.8769777417182922,0.8803422451019287,0.010285786353051662,0.9352108836174011,0.9350077509880066,0.008634455502033234,4.355243682861328,4.383335590362549,0.10713129490613937,4.7702107429504395,4.760181903839111,0.10693974792957306,0.2165578305721283,0.21052567660808563,0.017415042966604233,0.1106509417295456,0.10999952256679535,0.014825454913079739,4.95205545425415,4.960662841796875,0.03096652403473854,4.384599685668945,4.373291015625,0.038344334810972214,109.81159973144531,109.80999755859375,0.023097587749361992,2.881199836730957,2.880000114440918,0.004308152478188276,66.62999725341797,66.62999725341797,0.0
LC08_L1TP_195028_20230209_20230217_02_T1,LANDSAT_8,20230209,0.033591270446777344,0.03305277228355408,0.002053698990494013,0.010469181463122368,0.009795121848583221,0.0016531673027202487,0.005015471018850803,0.004642236512154341,0.0008318274049088359,0.10594344139099121,0.10600566864013672,0.000449300860054791,0.9734401106834412,0.9772181510925293,0.017424944788217545,0.7720085978507996,0.7833936810493469,0.027914240956306458,0.8837906718254089,0.8908701539039612,0.01623903214931488,-0.2385454922914505,-0.24234294891357422,0.013774296268820763,0.4144795536994934,0.41998371481895447,0.019264807924628258,0.7720085978507996,0.7833936810493469,0.027914240956306458,0.8837906718254089,0.8908701539039612,0.01623903214931488,3.0915091037750244,3.145474672317505,0.16197790205478668,3.5245141983032227,3.581482410430908,0.15838181972503662,0.31029021739959717,0.29942697286605835,0.02972082607448101,0.14866743981838226,0.14042554795742035,0.01647813990712166,4.767802715301514,4.76251220703125,0.025101391598582268,4.452865123748779,4.462066650390625,0.030013447627425194,54.25,54.25,0.0,5.869999885559082,5.869999885559082,0.004898975137621164,64.4800033569336,64.4800033569336,0.0,0.04270906001329422,0.03871235251426697,0.009204319678246975,0.0173513051122427,0.012873133644461632,0.010476348921656609,0.009562361054122448,0.006692171562463045,0.006181702017784119,0.11036692559719086,0.10963078588247299,0.0017249942757189274,0.9011741876602173,0.9226058721542358,0.07762270420789719,0.6900321841239929,0.7367916107177734,0.10540738701820374,0.8157962560653687,0.8577198386192322,0.0789107084274292,-0.2019452303647995,-0.2145126909017563,0.03392801061272621,0.35634979605674744,0.377744197845459,0.05011661350727081,0.6900321841239929,0.7367916107177734,0.10540738701820374,0.8157962560653687,0.8577198386192322,0.0789107084274292,2.6557583808898926,2.829982042312622,0.3790441155433655,3.0278480052948,3.205264091491699,0.39878615736961365,0.3834502100944519,0.33698296546936035,0.10957013070583344,0.20935451984405518,0.17713522911071777,0.07001007348299026,4.693493843078613,4.69061279296875,0.03908297419548035,4.157126426696777,4.156005859375,0.1153729259967804,53.6199951171875,53.6199951171875,0.0,7.4944000244140625,7.489999771118164,0.004963983315974474,64.51000213623047,64.51000213623047,0.0
LC08_L1TP_196028_20230216_20230223_02_T1,LANDSAT_8,20230216,0.018575895577669144,0.018162690103054047,0.0014451975002884865,0.004753619898110628,0.004064362030476332,0.00211040279828012,0.0021439515985548496,0.0018204990774393082,0.0010435855947434902,0.08318935334682465,0.08317157626152039,0.00045336951734498143,1.1088383197784424,1.1179556846618652,0.02181391231715679,0.851696789264679,0.8683132529258728,0.05249621719121933,0.930006742477417,0.9388772249221802,0.029645174741744995,-0.3164098262786865,-0.32108649611473083,0.020276973024010658,0.5172733068466187,0.5222718119621277,0.021649042144417763,0.851696789264679,0.8683132529258728,0.05249621719121933,0.930006742477417,0.9388772249221802,0.029645174741744995,4.0844597816467285,4.237358093261719,0.38439756631851196,4.5765910148620605,4.683874130249023,0.3505169451236725,0.2506989538669586,0.2261069118976593,0.082199826836586,0.11268093436956406,0.10311736911535263,0.04117300733923912,5.425012111663818,5.430023193359375,0.03835148736834526,5.208181381225586,5.208984375,0.04299285262823105,131.65721130371094,131.66000366210938,0.004487526603043079,4.350800037384033,4.349999904632568,0.0048332433216273785,61.81000518798828,61.810001373291016,3.814697265625e-06,0.018021101132035255,0.01805330254137516,0.00021816710068378597,0.003749656956642866,0.003729320829734206,0.00025655512581579387,0.0019460197072476149,0.0019917876925319433,0.00019982713274657726,0.08425136655569077,0.08424881845712662,0.00029715418349951506,1.130840539932251,1.1313965320587158,0.007593987975269556,0.878925085067749,0.8789546489715576,0.007909571751952171,0.9352867007255554,0.9335223436355591,0.00644300552085042,-0.32188475131988525,-0.319521963596344,0.006539361551403999,0.5270032286643982,0.5267261862754822,0.004840699955821037,0.878925085067749,0.8789546489715576,0.007909571751952171,0.9352867007255554,0.9335223436355591,0.00644300552085042,4.28679084777832,4.280703544616699,0.06920694559812546,4.674401760101318,4.658902168273926,0.08518171310424805,0.20813074707984924,0.2061605006456375,0.014893765561282635,0.1079581156373024,0.1111106276512146,0.01077221054583788,5.453563213348389,5.46142578125,0.024362821131944656,5.217457294464111,5.218780517578125,0.029870040714740753,111.34880828857422,111.35000610351562,0.024385327473282814,2.8519997596740723,2.8499999046325684,0.0039999959990382195,61.84000015258789,61.84000015258789,0.0
LC08_L1TP_196028_20230405_20230412_02_T1,LANDSAT_8,20230405,0.015867892652750015,0.015039351768791676,0.002226639771834016,0.004000573884695768,0.003029896877706051,0.0022174392361193895,0.0019523571245372295,0.0014598562847822905,0.0011084119323641062,0.0723850280046463,0.07235968858003616,0.000312230724375695,1.099463939666748,1.1148138046264648,0.040548428893089294,0.8613381385803223,0.888381838798523,0.06159435212612152,0.9293442368507385,0.944705605506897,0.034330062568187714,-0.3026493191719055,-0.3121424913406372,0.03028099611401558,0.5350242853164673,0.5482801198959351,0.035982973873615265,0.8613381385803223,0.888381838798523,0.06159435212612152,0.9293442368507385,0.944705605506897,0.034330062568187714,4.216511249542236,4.409023284912109,0.5304180979728699,4.6623311042785645,4.862814903259277,0.4805237352848053,0.24309003353118896,0.20146459341049194,0.09705139696598053,0.11861150711774826,0.1013132855296135,0.04914601147174835,6.5399489402771,6.54864501953125,0.03324456885457039,5.969066143035889,5.97052001953125,0.02841602824628353,135.35000610351562,135.35000610351562,0.0,4.245999813079834,4.25,0.004899091552942991,43.43999481201172,43.439998626708984,3.814697265625e-06,0.01538777630776167,0.01543518528342247,0.00029018562054261565,0.0041928538121283054,0.004244671203196049,0.0002525363233871758,0.002736433409154415,0.0027287201955914497,0.00014194670075085014,0.07058732956647873,0.07057466357946396,0.00016156112542375922,1.1308839321136475,1.130788803100586,0.006412642076611519,0.8435388803482056,0.8417268395423889,0.008757386356592178,0.8950263261795044,0.8952381610870361,0.005055007059127092,-0.29449477791786194,-0.2938957214355469,0.007331430912017822,0.5249378681182861,0.5242553949356079,0.006750084925442934,0.8435388803482056,0.8417268395423889,0.008757386356592178,0.8950263261795044,0.8952381610870361,0.005055007059127092,3.965829849243164,3.967789649963379,0.0791311115026474,4.283980846405029,4.273141860961914,0.06932532787322998,0.2725315988063812,0.2748222351074219,0.016550252214074135,0.17788568139076233,0.17765548825263977,0.009636027738451958,6.4767746925354,6.48651123046875,0.07589677721261978,6.043779373168945,6.0321044921875,0.03558376058936119,114.414794921875,114.41999816894531,0.021564697846770287,2.752000093460083,2.75,0.0039999959990382195,43.47999954223633,43.47999954223633,0.0
LC08_L1TP_195028_20230617_20230623_02_T1,LANDSAT_8,20230617,0.041239555925130844,0.04022543132305145,0.0022592584136873484,0.010411977767944336,0.009303683415055275,0.0029312684200704098,0.005396587308496237,0.004798981826752424,0.001408258336596191,0.09365714341402054,0.09355753660202026,0.0005308485706336796,0.8240898847579956,0.8317167162895203,0.021365223452448845,0.7889911532402039,0.8065727949142456,0.046224988996982574,0.8843882083892822,0.8952311277389526,0.02567986212670803,-0.09921295195817947,-0.10224202275276184,0.011607425287365913,0.3593401610851288,0.3649035394191742,0.017899053171277046,0.7889911532402039,0.8065727949142456,0.046224988996982574,0.8843882083892822,0.8952311277389526,0.02567986212670803,2.6829233169555664,2.7471840381622314,0.1738717406988144,2.964066982269287,3.0257060527801514,0.1497201770544052,0.2498922199010849,0.23371413350105286,0.05121886357665062,0.12960459291934967,0.12088525295257568,0.024444032460451126,19.705402374267578,19.703125,0.025163721293210983,19.289840698242188,19.282196044921875,0.06742560863494873,27.752403259277344,27.75,0.006498872768133879,6.3471999168396,6.349999904632568,0.004489877726882696,27.93000030517578,27.93000030517578,0.0,0.04795919731259346,0.04793925583362579,0.00020327641686890274,0.01177456695586443,0.01178091298788786,0.00011490163888083771,0.006105228792876005,0.006071694195270538,0.00014416109479498118,0.08982449769973755,0.08986347168684006,0.00019465557124931365,0.791810929775238,0.7924084067344666,0.004037585575133562,0.7455359697341919,0.7452136278152466,0.0022854474373161793,0.8594509363174438,0.8604651689529419,0.003119813511148095,-0.047814637422561646,-0.04821993038058281,0.002729780040681362,0.2548787593841553,0.2550264298915863,0.0019960771314799786,0.7455359697341919,0.7452136278152466,0.0022854474373161793,0.8594509363174438,0.8604651689529419,0.003119813511148095,2.2357025146484375,2.236095428466797,0.009620820172131062,2.4701576232910156,2.4710330963134766,0.012266849167644978,0.24551498889923096,0.24539871513843536,0.0024566485080868006,0.12730221450328827,0.12647457420825958,0.003026302671059966,18.9088134765625,18.907623291015625,0.016364239156246185,17.949121475219727,17.954437255859375,0.03303587809205055,36.880393981933594,36.87998962402344,0.0034418150316923857,7.921600341796875,7.920000076293945,0.00463026762008667,28.020000457763672,28.020000457763672,0.0
LC08_L1TP_196028_20230624_20230630_02_T1,LANDSAT_8,20230624,0.045906830579042435,0.045234620571136475,0.0027686336543411016,0.03325195237994194,0.03228147700428963,0.0030212136916816235,0.0262721199542284,0.0258386991918087,0.0018158351304009557,0.0848991796374321,0.08484871685504913,0.000620960199739784,0.6694915890693665,0.6762962341308594,0.026217008009552956,0.46385419368743896,0.47246697545051575,0.026867426931858063,0.5507358908653259,0.5544363260269165,0.017043491825461388,-0.11965295672416687,-0.12199389189481735,0.010044138878583908,0.32776033878326416,0.331557035446167,0.0177575945854187,0.46385419368743896,0.47246697545051575,0.026867426931858063,0.5507358908653259,0.5544363260269165,0.017043491825461388,1.886537790298462,1.9028260707855225,0.07834398746490479,2.067098617553711,2.0794448852539062,0.06921235471963882,0.7231811285018921,0.7157676219940186,0.022360768169164658,0.5720436573028564,0.5724003314971924,0.007274708244949579,18.85938262939453,18.862396240234375,0.04002561420202255,18.111766815185547,18.110137939453125,0.045021526515483856,147.2628173828125,147.260009765625,0.00448753172531724,3.966400146484375,3.9700000286102295,0.004799995571374893,27.399999618530273,27.399999618530273,0.0,0.04012561962008476,0.040307845920324326,0.0010972028831019998,0.027775051072239876,0.027908898890018463,0.0009873179951682687,0.021926626563072205,0.0220926683396101,0.000894683413207531,0.07887838035821915,0.0788726955652237,0.00032220405410043895,0.6838094592094421,0.6824909448623657,0.013822544366121292,0.4766061305999756,0.4742881655693054,0.009409857913851738,0.5627498030662537,0.5599188208580017,0.010272282175719738,-0.12354982644319534,-0.12276390194892883,0.0049431463703513145,0.32261475920677185,0.3213065266609192,0.007334880065172911,0.4766061305999756,0.4742881655693054,0.009409857913851738,0.5627498030662537,0.5599188208580017,0.010272282175719738,1.9118728637695312,1.9032785892486572,0.030896924436092377,2.092217206954956,2.0791549682617188,0.03708507865667343,0.6920937299728394,0.6927810907363892,0.0100689847022295,0.5462846159934998,0.5483689904212952,0.010032500140368938,17.682964324951172,17.690887451171875,0.029210202395915985,17.152803421020508,17.161224365234375,0.034229062497615814,149.8756103515625,149.8699951171875,0.00941451732069254,2.349599838256836,2.3499999046325684,0.004454207606613636,27.47480010986328,27.469999313354492,0.004996113013476133
LC08_L1TP_196028_20230710_20230718_02_T1,LANDSAT_8,20230710,0.04468599334359169,0.043703846633434296,0.0033766506239771843,0.01633083075284958,0.015008938498795033,0.004819226451218128,0.00920051522552967,0.008371247909963131,0.002897930331528187,0.09504930675029755,0.09498058259487152,0.0006725888233631849,0.7658201456069946,0.7719659805297852,0.0338718444108963,0.6907492876052856,0.7073934078216553,0.05722541734576225,0.8128359913825989,0.8251547813415527,0.04157988727092743,-0.11174800992012024,-0.11322057247161865,0.012402229011058807,0.32735922932624817,0.33240368962287903,0.021296275779604912,0.6907492876052856,0.7073934078216553,0.05722541734576225,0.8128359913825989,0.8251547813415527,0.04157988727092743,2.3793866634368896,2.427067279815674,0.16292139887809753,2.6880297660827637,2.733508586883545,0.15881063044071198,0.36086562275886536,0.34237101674079895,0.06366880983114243,0.2030935436487198,0.1927582174539566,0.03908238187432289,21.853355407714844,21.853668212890625,0.03471885994076729,20.213090896606445,20.221527099609375,0.03244926035404205,147.2335968017578,147.23001098632812,0.0047900439240038395,4.078000068664551,4.079999923706055,0.004898904822766781,28.738798141479492,28.739999771118164,0.003249690169468522,0.045132823288440704,0.044942911714315414,0.0005802010418847203,0.013411199674010277,0.013444066047668457,0.00027918361593037844,0.0067626615054905415,0.006756266113370657,0.0001491201837779954,0.09806640446186066,0.09813716262578964,0.0003983361821155995,0.7739211320877075,0.7744041681289673,0.0064748721197247505,0.7410017251968384,0.7410989999771118,0.004357926081866026,0.8604382872581482,0.8607505559921265,0.002599146915599704,-0.11732424795627594,-0.11928264051675797,0.00502102542668581,0.33276063203811646,0.33457252383232117,0.004935307893902063,0.7410017251968384,0.7410989999771118,0.004357926081866026,0.8604382872581482,0.8607505559921265,0.002599146915599704,2.5159716606140137,2.514453887939453,0.029458092525601387,2.838229179382324,2.8528506755828857,0.030073368921875954,0.2971346974372864,0.29568782448768616,0.003845549887046218,0.1498395800590515,0.14990028738975525,0.0027079249266535044,20.605628967285156,20.6142578125,0.02113793045282364,19.409208297729492,19.404327392578125,0.023391148075461388,137.40159606933594,137.39999389648438,0.008805709891021252,2.5267999172210693,2.5299999713897705,0.004664757288992405,28.809999465942383,28.809999465942383,0.0
LC08_L1TP_196028_20230811_20230818_02_T1,LANDSAT_8,20230811,0.015659116208553314,0.014917859807610512,0.002157697919756174,0.005045211408287287,0.003979717846959829,0.0024961165618151426,0.0028819998260587454,0.0022950530983507633,0.0014186807675287127,0.07276353240013123,0.0727703720331192,0.0006645940593443811,0.9802810549736023,0.9938094019889832,0.04051624611020088,0.8504927158355713,0.8761658668518066,0.06026507541537285,0.9112568497657776,0.9255740642547607,0.037019282579422,-0.32464343309402466,-0.3318825364112854,0.030506959185004234,0.5928861498832703,0.6035863161087036,0.03571607917547226,0.8504927158355713,0.8761658668518066,0.06026507541537285,0.9112568497657776,0.9255740642547607,0.037019282579422,4.556285381317139,4.754100799560547,0.6173070669174194,5.045613765716553,5.212252140045166,0.5810442566871643,0.3098818361759186,0.2647522985935211,0.0921025276184082,0.17735892534255981,0.15849658846855164,0.05090680345892906,20.843761444091797,20.839019775390625,0.02855101227760315,19.839282989501953,19.83673095703125,0.061333220452070236,141.52000427246094,141.52000427246094,0.0,3.986799955368042,3.990000009536743,0.004664757288992405,35.0,35.0,0.0,0.013341618701815605,0.013389511965215206,0.00019819465524051338,0.0037246260326355696,0.003738311119377613,0.00011688750237226486,0.0020250382367521524,0.0020768395625054836,0.00011653008550638333,0.07235322147607803,0.07235956937074661,0.00023164642334450036,1.026099443435669,1.026611566543579,0.005484782159328461,0.8787582516670227,0.8779418468475342,0.0036548133939504623,0.9322102069854736,0.9309505224227905,0.0038012047298252583,-0.35312920808792114,-0.3510325849056244,0.00716960895806551,0.6244884729385376,0.6240137815475464,0.0045579844154417515,0.8787582516670227,0.8779418468475342,0.0036548133939504623,0.9322102069854736,0.9309505224227905,0.0038012047298252583,5.0177321434021,5.007123947143555,0.061565954238176346,5.573418140411377,5.583468437194824,0.09450161457061768,0.27926400303840637,0.281767874956131,0.010427880100905895,0.1517898142337799,0.1531362533569336,0.00858471728861332,20.375429153442383,20.379119873046875,0.021224837750196457,19.374204635620117,19.378173828125,0.04072912782430649,144.02760314941406,144.02999877929688,0.008623434230685234,2.370800018310547,2.369999885559082,0.004833286162465811,35.060001373291016,35.060001373291016,0.0
LC08_L1TP_195028_20230820_20230826_02_T1,LANDSAT_8,20230820,0.021679900586605072,0.020938795059919357,0.0025259980466216803,0.007817145437002182,0.006801927927881479,0.0022160648368299007,0.004510592203587294,0.004010087810456753,0.0010142367100343108,0.0843074768781662,0.0842120349407196,0.0006445616018027067,0.9612486362457275,0.9693752527236938,0.024004990234971046,0.7998344302177429,0.8200740814208984,0.043888889253139496,0.8788686990737915,0.889857292175293,0.022622250020503998,-0.2514248490333557,-0.2586836814880371,0.027606835588812828,0.5260446667671204,0.5340136885643005,0.032842785120010376,0.7998344302177429,0.8200740814208984,0.043888889253139496,0.8788686990737915,0.889857292175293,0.022622250020503998,3.635674238204956,3.7490880489349365,0.34372448921203613,4.0757951736450195,4.214359760284424,0.32110074162483215,0.35552340745925903,0.3284848630428314,0.05160947144031525,0.20649343729019165,0.19651703536510468,0.026609797030687332,21.989830017089844,21.975860595703125,0.06781710684299469,20.900156021118164,20.898651123046875,0.03594682365655899,35.558406829833984,35.56000518798828,0.006742360070347786,6.2555999755859375,6.260000228881836,0.004963983315974474,38.0,38.0,0.0,,,,,,,,,,,,,,,,,,,,,,,,,,,,,,,,,,,,,,,,,,,,,,,,,,,,,,,,,,,,
LC08_L1TP_196028_20230912_20230918_02_T1,LANDSAT_8,20230912,,,,,,,,,,,,,,,,,,,,,,,,,,,,,,,,,,,,,,,,,,,,,,,,,,,,,,,,,,,,,0.020961279049515724,0.02092410810291767,0.00023625107132829726,0.00689171627163887,0.006871439516544342,0.0002849227166734636,0.00404400797560811,0.0039989519864320755,0.00017341751663479954,0.09971705079078674,0.09972043335437775,0.0002636483695823699,1.0206685066223145,1.0216261148452759,0.0026283918414264917,0.8679916262626648,0.8683217167854309,0.004869889467954636,0.9203600287437439,0.9210892915725708,0.0032375850714743137,-0.34073853492736816,-0.34223440289497375,0.00543634919449687,0.6461272239685059,0.6468913555145264,0.003213839838281274,0.8679916262626648,0.8683217167854309,0.004869889467954636,0.9203600287437439,0.9210892915725708,0.0032375850714743137,5.032090663909912,5.042726516723633,0.0656139999628067,5.604957103729248,5.60860013961792,0.06848273426294327,0.3287900686264038,0.3293651044368744,0.013247654773294926,0.1929343193769455,0.19163282215595245,0.008151453919708729,19.86162757873535,19.8699951171875,0.038961417973041534,17.69605255126953,17.686614990234375,0.050237707793712616,134.80479431152344,134.79998779296875,0.008543574251234531,2.400399923324585,2.4000000953674316,0.004454207140952349,44.75,44.75,0.0
LC08_L1TP_195028_20231007_20231011_02_T1,LANDSAT_8,20231007,0.024304287508130074,0.023659344762563705,0.0019334693206474185,0.008549944497644901,0.0077393450774252415,0.0025184261612594128,0.004573002923280001,0.004175171256065369,0.0011661729076877236,0.07995500415563583,0.07993939518928528,0.0004910554853267968,0.9970220327377319,1.0020835399627686,0.02469337359070778,0.7590181827545166,0.7768031358718872,0.05171556398272514,0.8628342151641846,0.8713390827178955,0.02816879004240036,-0.20879432559013367,-0.21085363626480103,0.019273746758699417,0.43527930974960327,0.4406099021434784,0.0238135177642107,0.7590181827545166,0.7768031358718872,0.05171556398272514,0.8628342151641846,0.8713390827178955,0.02816879004240036,3.0367627143859863,3.11860728263855,0.24670732021331787,3.441169500350952,3.5134148597717285,0.222209170460701,0.34736713767051697,0.3271157741546631,0.06567049026489258,0.1863100230693817,0.18035165965557098,0.030422179028391838,16.882781982421875,16.8807373046875,0.01867988333106041,16.159507751464844,16.169403076171875,0.06720476597547531,48.536399841308594,48.540000915527344,0.006248206365853548,6.277600288391113,6.28000020980835,0.004270929377526045,53.90000534057617,53.900001525878906,3.814697265625e-06,0.02360953763127327,0.023670673370361328,0.0002634103875607252,0.007160288281738758,0.007131761405616999,0.0002553503727540374,0.0038090371526777744,0.0037696438375860453,0.0001523867540527135,0.08073906600475311,0.08077573776245117,0.0002185996709158644,1.0418163537979126,1.0428869724273682,0.006405944004654884,0.7872090339660645,0.7876644730567932,0.006807899102568626,0.8808635473251343,0.8821657299995422,0.004542302805930376,-0.2051164209842682,-0.2055109441280365,0.005566305480897427,0.4361397624015808,0.4358559548854828,0.004261879716068506,0.7872090339660645,0.7876644730567932,0.006807899102568626,0.8808635473251343,0.8821657299995422,0.004542302805930376,3.1181252002716064,3.1167404651641846,0.04533427953720093,3.498913049697876,3.4975385665893555,0.03724699467420578,0.3032544255256653,0.3019143342971802,0.009500476531684399,0.1613520234823227,0.16096869111061096,0.00663160253316164,16.516204833984375,16.51446533203125,0.02578199841082096,15.714887619018555,15.709503173828125,0.029505139216780663,57.93999099731445,57.93999481201172,3.814697265625e-06,7.852399826049805,7.849999904632568,0.004270929377526045,53.91999816894531,53.91999816894531,0.0
LC08_L1TP_195028_20231108_20231117_02_T1,LANDSAT_8,20231108,0.01794046349823475,0.01708969473838806,0.002217594301328063,0.005277364049106836,0.004458165727555752,0.002227267250418663,0.0032748975791037083,0.0030649942345917225,0.0009996574372053146,0.09413360804319382,0.09424876421689987,0.0009346994920633733,1.1355831623077393,1.1444686651229858,0.03233443573117256,0.8543791174888611,0.8723408579826355,0.05127451568841934,0.9063627123832703,0.9115874767303467,0.024854281917214394,-0.34557780623435974,-0.35665541887283325,0.032115109264850616,0.5741879940032959,0.5837960243225098,0.03415999934077263,0.8543791174888611,0.8723408579826355,0.05127451568841934,0.9063627123832703,0.9115874767303467,0.024854281917214394,4.531014442443848,4.635398864746094,0.5680215954780579,4.914340019226074,5.043589115142822,0.4810810685157776,0.2861759662628174,0.26075252890586853,0.07762795686721802,0.17998558282852173,0.1713476926088333,0.03610653057694435,10.453386306762695,10.455474853515625,0.014882679097354412,9.75674057006836,9.764801025390625,0.03878245875239372,52.544403076171875,52.540000915527344,0.0057135941460728645,6.309600353240967,6.309999942779541,0.004454189911484718,64.48999786376953,64.48999786376953,0.0,0.0233489777892828,0.022810092195868492,0.0019991593435406685,0.009997407905757427,0.009291265159845352,0.0018567678052932024,0.006799350492656231,0.006271599791944027,0.0017984737642109394,0.09298063069581985,0.0930289477109909,0.0005345090758055449,1.1346714496612549,1.136038064956665,0.016790132969617844,0.7331733107566833,0.7466755509376526,0.03993872553110123,0.8109374046325684,0.8216648101806641,0.04288312792778015,-0.2357293963432312,-0.2440338283777237,0.029468517750501633,0.4696786403656006,0.47497355937957764,0.028572238981723785,0.7331733107566833,0.7466755509376526,0.03993872553110123,0.8109374046325684,0.8216648101806641,0.04288312792778015,3.0966286659240723,3.164980173110962,0.28372839093208313,3.433271884918213,3.4920895099639893,0.35056111216545105,0.42546600103378296,0.4192034602165222,0.04867910221219063,0.2873685956001282,0.27494847774505615,0.052460186183452606,10.507030487060547,10.531494140625,0.06813985109329224,9.711108207702637,9.752197265625,0.08547729253768921,61.95000076293945,61.95000457763672,3.814697265625e-06,7.883200645446777,7.880000114440918,0.004664645995944738,64.5,64.5,0.0
LC08_L1TP_195028_20231124_20231129_02_T1,LANDSAT_8,20231124,0.02508733794093132,0.024469053372740746,0.002026909263804555,0.008011423982679844,0.007318863645195961,0.002229648409411311,0.004472147673368454,0.004205615725368261,0.0008702452760189772,0.10866669565439224,0.10860879719257355,0.0006214160239323974,1.0655560493469238,1.0704467296600342,0.016258604824543,0.8180741667747498,0.8309150338172913,0.04086974263191223,0.8936720490455627,0.8994779586791992,0.01793067902326584,-0.30758827924728394,-0.31197571754455566,0.01937362737953663,0.5203400254249573,0.5271769762039185,0.024102196097373962,0.8180741667747498,0.8309150338172913,0.04086974263191223,0.8936720490455627,0.8994779586791992,0.01793067902326584,3.8638832569122314,3.955482244491577,0.30320456624031067,4.308482646942139,4.366040229797363,0.25470560789108276,0.3161344826221466,0.2991069257259369,0.061159778386354446,0.1774536371231079,0.17410671710968018,0.023820633068680763,8.193144798278809,8.175628662109375,0.08447857946157455,7.543946743011475,7.533050537109375,0.038134872913360596,52.429203033447266,52.43000030517578,0.007439000997692347,6.128399848937988,6.130000114440918,0.004630392882972956,68.5199966430664,68.5199966430664,0.0,0.02056094817817211,0.020545653998851776,0.0005870001623407006,0.005138589069247246,0.005191043950617313,0.00037619451177306473,0.00274742697365582,0.002786776749417186,0.0002263669593958184,0.10645601898431778,0.10638938099145889,0.0003852254885714501,1.1477439403533936,1.1479400396347046,0.007070932537317276,0.8687869310379028,0.8678723573684692,0.00883486308157444,0.9276242256164551,0.9264599680900574,0.005737427156418562,-0.3491787016391754,-0.3511189818382263,0.013102478347718716,0.5612673163414001,0.5625003576278687,0.00978129729628563,0.8687869310379028,0.8678723573684692,0.00883486308157444,0.9276242256164551,0.9264599680900574,0.005737427156418562,4.508559703826904,4.516952991485596,0.13085870444774628,4.971078872680664,4.971500396728516,0.1461952030658722,0.25002992153167725,0.24870386719703674,0.018548138439655304,0.13366366922855377,0.1356382668018341,0.010884455405175686,8.396929740905762,8.38653564453125,0.035995032638311386,7.736691951751709,7.74090576171875,0.025949539616703987,62.11799240112305,62.1199951171875,0.003997804597020149,7.701200008392334,7.699999809265137,0.004308180883526802,68.52999877929688,68.52999877929688,0.0
LC08_L1TP_196028_20231217_20240103_02_T1,LANDSAT_8,20231217,,,,,,,,,,,,,,,,,,,,,,,,,,,,,,,,,,,,,,,,,,,,,,,,,,,,,,,,,,,,,,,,,,,,,,,,,,,,,,,,,,,,,,,,,,,,,,,,,,,,,,,,,,,,,,,,,,,,,,,,
LC08_L1TP_195028_20240111_20240123_02_T1,LANDSAT_8,20240111,,,,,,,,,,,,,,,,,,,,,,,,,,,,,,,,,,,,,,,,,,,,,,,,,,,,,,,,,,,,,,,,,,,,,,,,,,,,,,,,,,,,,,,,,,,,,,,,,,,,,,,,,,,,,,,,,,,,,,,,
LC08_L1TP_195028_20240127_20240207_02_T1,LANDSAT_8,20240127,,,,,,,,,,,,,,,,,,,,,,,,,,,,,,,,,,,,,,,,,,,,,,,,,,,,,,,,,,,,,,,,,,,,,,,,,,,,,,,,,,,,,,,,,,,,,,,,,,,,,,,,,,,,,,,,,,,,,,,,
LC08_L1TP_196028_20240203_20240208_02_T1,LANDSAT_8,20240203,0.017855027690529823,0.017381081357598305,0.0018637405009940267,0.004578806925565004,0.003769978880882263,0.003020502859726548,0.002295275218784809,0.0020073845516890287,0.001309613580815494,0.09043359011411667,0.0903816968202591,0.000746016448829323,1.1496578454971313,1.158044457435608,0.029005981981754303,0.8663384318351746,0.8841235041618347,0.06614545732736588,0.9297434091567993,0.9378790259361267,0.03351312875747681,-0.3450929522514343,-0.3510056436061859,0.024458125233650208,0.5530776381492615,0.557763934135437,0.027172299101948738,0.8663384318351746,0.8841235041618347,0.06614545732736588,0.9297434091567993,0.9378790259361267,0.03351312875747681,4.489354610443115,4.6481523513793945,0.49564260244369507,4.951486110687256,5.045230388641357,0.44672492146492004,0.24685941636562347,0.21999970078468323,0.10954891890287399,0.12426202744245529,0.11331427842378616,0.04692860692739487,6.017931938171387,6.005126953125,0.05562352389097214,5.791041374206543,5.7822265625,0.040101129561662674,130.35000610351562,130.35000610351562,0.0,4.28439998626709,4.28000020980835,0.004963746294379234,65.88999938964844,65.88999938964844,0.0,0.017973700538277626,0.017737651243805885,0.0004926056135445833,0.0036860962864011526,0.003725365037098527,0.00027413343195803463,0.001637169742025435,0.0016175874043256044,0.00020932410552632064,0.09175767004489899,0.09176202863454819,0.00044203089782968163,1.156004786491394,1.1547847986221313,0.009357497096061707,0.8883727788925171,0.8871570825576782,0.007789494935423136,0.9488421082496643,0.9491528868675232,0.006313776131719351,-0.3466585874557495,-0.34704825282096863,0.011725072748959064,0.552448570728302,0.554606556892395,0.009246203117072582,0.8883727788925171,0.8871570825576782,0.007789494935423136,0.9488421082496643,0.9491528868675232,0.006313776131719351,4.591518402099609,4.579777717590332,0.12506316602230072,5.071534633636475,5.072324275970459,0.14196057617664337,0.20513802766799927,0.20626549422740936,0.015045316889882088,0.09106989949941635,0.09217812865972519,0.01126672513782978,6.027361869812012,6.0164794921875,0.047926150262355804,6.069311618804932,6.048309326171875,0.0490616112947464,109.5792007446289,109.58000183105469,0.025285497307777405,2.7871999740600586,2.7899999618530273,0.00448998436331749,65.91960144042969,65.91999816894531,0.001958517823368311
LC08_L1TP_195028_20240212_20240222_02_T1,LANDSAT_8,20240212,,,,,,,,,,,,,,,,,,,,,,,,,,,,,,,,,,,,,,,,,,,,,,,,,,,,,,,,,,,,,,,,,,,,,,,,,,,,,,,,,,,,,,,,,,,,,,,,,,,,,,,,,,,,,,,,,,,,,,,,
LC08_L1TP_196028_20240219_20240228_02_T1,LANDSAT_8,20240219,0.017045844346284866,0.016315940767526627,0.0021868322510272264,0.004606268834322691,0.003863218007609248,0.0024176007136702538,0.0026812339201569557,0.002342589432373643,0.0010466553503647447,0.08823683112859726,0.08815544843673706,0.0007692592917010188,1.126836895942688,1.1394926309585571,0.03461911901831627,0.8644756078720093,0.8821317553520203,0.05461924895644188,0.9178940057754517,0.927388608455658,0.026465661823749542,-0.3558482229709625,-0.36546218395233154,0.029525093734264374,0.5692175030708313,0.5817896127700806,0.03165220469236374,0.8644756078720093,0.8821317553520203,0.05461924895644188,0.9178940057754517,0.927388608455658,0.026465661823749542,4.610379219055176,4.799594402313232,0.5190320611000061,5.0176496505737305,5.183224678039551,0.46454551815986633,0.2611531615257263,0.23696653544902802,0.08173330128192902,0.1537299007177353,0.14285673201084137,0.03386697918176651,6.220618724822998,6.217803955078125,0.03396754711866379,5.452033519744873,5.44384765625,0.045900195837020874,131.9499969482422,131.9499969482422,0.0,4.411599636077881,4.409999847412109,0.004630393348634243,60.880001068115234,60.880001068115234,0.0,,,,,,,,,,,,,,,,,,,,,,,,,,,,,,,,,,,,,,,,,,,,,,,,,,,,,,,,,,,,
LC08_L1TP_195028_20240315_20240401_02_T1,LANDSAT_8,20240315,0.04042300209403038,0.04157666116952896,0.005861565470695496,0.025404855608940125,0.026799606159329414,0.005307645071297884,0.02136320434510708,0.023364584892988205,0.005408452823758125,0.09757130593061447,0.09759010374546051,0.0009218710474669933,0.8969668745994568,0.8853696584701538,0.05170032009482384,0.5229852795600891,0.49848395586013794,0.06899350881576538,0.5844997763633728,0.5527296662330627,0.07903234660625458,-0.1403038650751114,-0.12661676108837128,0.04109564051032066,0.33205166459083557,0.31918275356292725,0.05018756166100502,0.5229852795600891,0.49848395586013794,0.06899350881576538,0.5844997763633728,0.5527296662330627,0.07903234660625458,2.0694024562835693,1.9631578922271729,0.29081103205680847,2.214810371398926,2.071213483810425,0.34640130400657654,0.6233967542648315,0.6310542225837708,0.06989814341068268,0.52091383934021,0.538864016532898,0.08185934275388718,6.31757926940918,6.345184326171875,0.13823242485523224,5.189235687255859,5.192626953125,0.06622341275215149,50.97999572753906,50.97999572753906,0.0,5.955999851226807,5.960000038146973,0.004899091552942991,51.88999938964844,51.88999938964844,0.0,,,,,,,,,,,,,,,,,,,,,,,,,,,,,,,,,,,,,,,,,,,,,,,,,,,,,,,,,,,,
LC08_L1TP_196028_20240322_20240403_02_T1,LANDSAT_8,20240322,,,,,,,,,,,,,,,,,,,,,,,,,,,,,,,,,,,,,,,,,,,,,,,,,,,,,,,,,,,,,,,,,,,,,,,,,,,,,,,,,,,,,,,,,,,,,,,,,,,,,,,,,,,,,,,,,,,,,,,,
LC08_L1TP_195028_20240416_20240423_02_T1,LANDSAT_8,20240416,0.018969545140862465,0.017790626734495163,0.003336338559165597,0.007525495253503323,0.00651889480650425,0.002293119439855218,0.004645776003599167,0.004077555146068335,0.0012334109051153064,0.0859643965959549,0.0858755111694336,0.000747419660910964,1.1381402015686035,1.1506195068359375,0.03836829587817192,0.7800317406654358,0.8017380833625793,0.04939283803105354,0.8576377630233765,0.8709414005279541,0.029890017583966255,-0.2856769561767578,-0.29890456795692444,0.033787764608860016,0.522606372833252,0.5398052334785461,0.046373460441827774,0.7800317406654358,0.8017380833625793,0.04939283803105354,0.8576377630233765,0.8709414005279541,0.029890017583966255,3.625065326690674,3.791890859603882,0.3963738679885864,4.050017356872559,4.163936614990234,0.3977568745613098,0.3909902274608612,0.365781307220459,0.05301230028271675,0.24274301528930664,0.22980482876300812,0.032789841294288635,6.341320991516113,6.353668212890625,0.04095838591456413,5.879094123840332,5.889373779296875,0.06810745596885681,48.1199951171875,48.1199951171875,0.0,5.94320011138916,5.940000057220459,0.004664645995944738,39.639198303222656,39.63999938964844,0.002712476998567581,,,,,,,,,,,,,,,,,,,,,,,,,,,,,,,,,,,,,,,,,,,,,,,,,,,,,,,,,,,,
LC08_L1TP_196028_20240509_20240514_02_T1,LANDSAT_8,20240509,0.021022891625761986,0.020126184448599815,0.0021597391460090876,0.006103049963712692,0.0051496573723852634,0.0026102785486727953,0.003169161733239889,0.002692937618121505,0.0015091773821040988,0.07923057675361633,0.0791228711605072,0.0006126172957010567,1.060349702835083,1.0740740299224854,0.035648852586746216,0.814106285572052,0.8368873596191406,0.06108196824789047,0.8986486196517944,0.9107633233070374,0.03937940299510956,-0.24319875240325928,-0.2529594898223877,0.021455075591802597,0.47095420956611633,0.4825388193130493,0.028632501140236855,0.814106285572052,0.8368873596191406,0.06108196824789047,0.8986486196517944,0.9107633233070374,0.03937940299510956,3.4788904190063477,3.6423237323760986,0.36443448066711426,3.881239414215088,4.006213188171387,0.3418731689453125,0.2830318808555603,0.2525482177734375,0.0818442851305008,0.14658184349536896,0.1344338208436966,0.04751909151673317,10.245841026306152,10.23248291015625,0.05393795296549797,9.771559715270996,9.764801025390625,0.05102694034576416,139.55279541015625,139.5500030517578,0.004487526603043079,4.387599945068359,4.389999866485596,0.004270725417882204,32.150001525878906,32.150001525878906,0.0,0.02456378936767578,0.022808026522397995,0.004057903774082661,0.009655000641942024,0.00814234372228384,0.0038971647154539824,0.0063241166062653065,0.0056133694015443325,0.00235983869060874,0.07547246664762497,0.07510106265544891,0.0009330021566711366,1.036521315574646,1.062843918800354,0.0585022047162056,0.7124432921409607,0.7387054562568665,0.06931016594171524,0.8006139397621155,0.8146917819976807,0.04829553887248039,-0.17930330336093903,-0.19323286414146423,0.031249992549419403,0.39273256063461304,0.41124439239501953,0.04087520018219948,0.7124432921409607,0.7387054562568665,0.06931016594171524,0.8006139397621155,0.8146917819976807,0.04829553887248039,2.722970962524414,2.8584470748901367,0.29232633113861084,3.001568555831909,3.1140034198760986,0.28919029235839844,0.38287052512168884,0.3605908453464508,0.06955739110708237,0.2517932951450348,0.24253150820732117,0.04139455780386925,9.688498497009277,9.690643310546875,0.018226202577352524,9.264860153198242,9.259674072265625,0.032043978571891785,119.692138671875,119.69499969482422,0.01371985487639904,2.8899998664855957,2.890000104904175,2.384185791015625e-07,32.20000457763672,32.20000076293945,3.814697265625e-06
LC08_L1TP_196028_20240525_20240610_02_T1,LANDSAT_8,20240525,0.017501819878816605,0.016598287969827652,0.002439086092635989,0.004439923912286758,0.003475116565823555,0.0023828200064599514,0.0023630796931684017,0.0018061414593830705,0.001370385056361556,0.07355237752199173,0.07359489798545837,0.0005374975735321641,1.0720534324645996,1.0879977941513062,0.049121882766485214,0.8533219695091248,0.8782817125320435,0.06162714958190918,0.9188060760498047,0.9348456859588623,0.039418455213308334,-0.26869475841522217,-0.2814854681491852,0.02722855471074581,0.5149660110473633,0.5294880867004395,0.035473551601171494,0.8533219695091248,0.8782817125320435,0.06162714958190918,0.9188060760498047,0.9348456859588623,0.039418455213308334,3.955327033996582,4.17788028717041,0.4795824885368347,4.341437816619873,4.542715072631836,0.4553965628147125,0.24377824366092682,0.2121209353208542,0.0865730345249176,0.12911401689052582,0.1098899319767952,0.0499785952270031,13.423151969909668,13.430572509765625,0.031648531556129456,12.018074989318848,12.026458740234375,0.03423677384853363,142.64959716796875,142.64999389648438,0.001958517823368311,4.333199977874756,4.329999923706055,0.0046648685820400715,28.979999542236328,28.979999542236328,0.0,0.017129501327872276,0.017179829999804497,0.00021884516172576696,0.0032438039779663086,0.003225499065592885,0.00015569094102829695,0.001555558992549777,0.001532681635580957,0.0001405704242642969,0.0737355500459671,0.07370626926422119,0.00021352000476326793,1.0585658550262451,1.0597546100616455,0.004852053243666887,0.8893952369689941,0.8897579312324524,0.004893218632787466,0.9453923106193542,0.9460983872413635,0.004786349833011627,-0.2711626887321472,-0.2706802189350128,0.005559921730309725,0.5276857018470764,0.5273070335388184,0.004391852300614119,0.8893952369689941,0.8897579312324524,0.004893218632787466,0.9453923106193542,0.9460983872413635,0.004786349833011627,4.1864166259765625,4.179574012756348,0.05150357261300087,4.564767360687256,4.56793212890625,0.06055822968482971,0.1893877387046814,0.1894737035036087,0.009129244834184647,0.09081782400608063,0.08937805145978928,0.008216803893446922,13.613201141357422,13.60992431640625,0.04218345507979393,12.452766418457031,12.46026611328125,0.045183710753917694,122.41999816894531,122.42001342773438,0.02433048002421856,2.834399938583374,2.8299999237060547,0.0049638645723462105,29.040000915527344,29.040000915527344,0.0
LC08_L1TP_196028_20240610_20240627_02_T1,LANDSAT_8,20240610,,,,,,,,,,,,,,,,,,,,,,,,,,,,,,,,,,,,,,,,,,,,,,,,,,,,,,,,,,,,,0.037527889013290405,0.0376162976026535,0.0010913349688053131,0.025688229128718376,0.025708980858325958,0.0008995619718916714,0.020436381921172142,0.020364219322800636,0.0008019546512514353,0.08009610325098038,0.08011504262685776,0.0003506886132527143,0.7885828614234924,0.7859508991241455,0.013571579940617085,0.4727399945259094,0.47167178988456726,0.009701432660222054,0.5566574335098267,0.5580029487609863,0.01033291220664978,-0.12657807767391205,-0.12681163847446442,0.006353913806378841,0.3131351172924042,0.3129139840602875,0.008444775827229023,0.4727399945259094,0.47167178988456726,0.009701432660222054,0.5566574335098267,0.5580029487609863,0.01033291220664978,1.901090383529663,1.896209716796875,0.032293230295181274,2.073373317718506,2.0689921379089355,0.03581969812512398,0.6844581365585327,0.6830769181251526,0.010412334464490414,0.5445207953453064,0.5446650385856628,0.012452810071408749,15.987000465393066,15.984649658203125,0.06678615510463715,15.034132957458496,15.031524658203125,0.07685530185699463,148.44320678710938,148.44000244140625,0.008822127245366573,2.3635997772216797,2.359999895095825,0.004799995105713606,27.520000457763672,27.520000457763672,0.0
LC08_L1TP_195028_20240619_20240706_02_T1,LANDSAT_8,20240619,0.028436224907636642,0.027224456891417503,0.003182860091328621,0.01321481540799141,0.01209472306072712,0.0025481884367763996,0.008608151227235794,0.008040494285523891,0.0018376958323642612,0.0821024626493454,0.08206973969936371,0.0006179857882671058,0.8950611352920532,0.9086177945137024,0.04758092388510704,0.6888130307197571,0.7059631943702698,0.038333769887685776,0.7857344746589661,0.7950043678283691,0.029071493074297905,-0.15898989140987396,-0.16338521242141724,0.01636134460568428,0.43047022819519043,0.4401489496231079,0.02709612436592579,0.6888130307197571,0.7059631943702698,0.038333769887685776,0.7857344746589661,0.7950043678283691,0.029071493074297905,2.671163320541382,2.754608154296875,0.18757137656211853,3.0005156993865967,3.062299966812134,0.18685413897037506,0.461703896522522,0.4446306526660919,0.038499072194099426,0.30035996437072754,0.2933441400527954,0.025034727528691292,20.7285099029541,20.722991943359375,0.039143677800893784,19.789670944213867,19.78167724609375,0.059102557599544525,27.2876033782959,27.290000915527344,0.0064974077977240086,6.3196001052856445,6.320000171661377,0.004454224370419979,27.984800338745117,27.979999542236328,0.004996113013476133,0.031529501080513,0.03152859956026077,0.0004298427957110107,0.014263344928622246,0.014256994239985943,0.00029354283469729125,0.009219673462212086,0.009202444925904274,0.0001644852600293234,0.08196031302213669,0.08193808794021606,0.00020355390734039247,0.8879811763763428,0.8876045346260071,0.003916142508387566,0.6610105037689209,0.6606323719024658,0.005610891152173281,0.7669031023979187,0.7671898603439331,0.003570014610886574,-0.11809826642274857,-0.11837531626224518,0.007274658884853125,0.3782203793525696,0.37754884362220764,0.0055458443239331245,0.6610105037689209,0.6606323719024658,0.005610891152173281,0.7669031023979187,0.7671898603439331,0.003570014610886574,2.399492025375366,2.3947503566741943,0.03595271334052086,2.6963248252868652,2.6950953006744385,0.03453952819108963,0.4523531198501587,0.45159003138542175,0.004843531642109156,0.29242780804634094,0.29252657294273376,0.004375243093818426,19.566312789916992,19.578399658203125,0.04738130047917366,18.645605087280273,18.64337158203125,0.05033634975552559,36.45079803466797,36.44999694824219,0.0027155813295394182,7.893199920654297,7.889999866485596,0.0046648685820400715,28.06999969482422,28.06999969482422,0.0
LC08_L1TP_196028_20240626_20240709_02_T1,LANDSAT_8,20240626,0.06247633695602417,0.061989087611436844,0.0015431067440658808,0.029880186542868614,0.03002455085515976,0.001072827959433198,0.021709714084863663,0.021339764818549156,0.0010750992223620415,0.11616413295269012,0.11603780835866928,0.0005564713501371443,0.7346153259277344,0.7373050451278687,0.008963397704064846,0.5912199020385742,0.5900201201438904,0.010143383406102657,0.6854604482650757,0.6889109015464783,0.011901307851076126,-0.0688970685005188,-0.06784260272979736,0.007216310128569603,0.30106282234191895,0.30238431692123413,0.0087693240493536,0.5912199020385742,0.5900201201438904,0.010143383406102657,0.6854604482650757,0.6889109015464783,0.011901307851076126,2.0364627838134766,2.031738519668579,0.04097145050764084,2.2344467639923096,2.240791082382202,0.05168204382061958,0.47819048166275024,0.4813742935657501,0.009309839457273483,0.34731391072273254,0.3435225188732147,0.010004223324358463,13.392999649047852,13.37774658203125,0.10177671164274216,10.955266952514648,10.93670654296875,0.13837632536888123,147.47999572753906,147.47999572753906,0.0,4.059999942779541,4.059999942779541,0.0,27.549999237060547,27.549999237060547,0.0,,,,,,,,,,,,,,,,,,,,,,,,,,,,,,,,,,,,,,,,,,,,,,,,,,,,,,,,,,,,
LC08_L1TP_195028_20240705_20240712_02_T1,LANDSAT_8,20240705,0.01639118231832981,0.01515500433743,0.00414078077301383,0.006356415338814259,0.004777371417731047,0.002848029136657715,0.004395177587866783,0.003543019061908126,0.00187096674926579,0.08392355591058731,0.08386687934398651,0.00037699361564591527,1.074569821357727,1.0935150384902954,0.06052101403474808,0.8242911696434021,0.8605737090110779,0.0599435530602932,0.8745220899581909,0.8937994837760925,0.041353050619363785,-0.30044299364089966,-0.3143746852874756,0.04049685597419739,0.5983264446258545,0.6155409216880798,0.054189909249544144,0.8242911696434021,0.8605737090110779,0.0599435530602932,0.8745220899581909,0.8937994837760925,0.041353050619363785,4.324377059936523,4.668588161468506,0.6357060074806213,4.704319953918457,5.0086445808410645,0.617759644985199,0.3779701590538025,0.33496710658073425,0.0925665944814682,0.2619486153125763,0.23500795662403107,0.05391690507531166,17.119688034057617,17.1182861328125,0.07836225628852844,16.60799789428711,16.615814208984375,0.1288473755121231,26.762401580810547,26.76000213623047,0.006500618997961283,6.3368000984191895,6.340000152587891,0.0046648685820400715,28.959999084472656,28.959999084472656,0.0,0.022909266874194145,0.022878151386976242,0.0002677339070942253,0.009943757206201553,0.0099291130900383,0.0002755182795226574,0.007474746089428663,0.007412515580654144,0.00017597194528207183,0.08337852358818054,0.08344807475805283,0.00026721449103206396,1.0245643854141235,1.0238893032073975,0.006888894829899073,0.7358565330505371,0.7380810379981995,0.0062722815200686455,0.7947052717208862,0.7952608466148376,0.0041147517040371895,-0.1780761480331421,-0.17694804072380066,0.0064267562702298164,0.4808119535446167,0.4802494943141937,0.005495753139257431,0.7358565330505371,0.7380810379981995,0.0062722815200686455,0.7947052717208862,0.7952608466148376,0.0041147517040371895,2.9886655807495117,2.992281198501587,0.03468434885144234,3.231534719467163,3.2403929233551025,0.0368986576795578,0.43414071202278137,0.4331018626689911,0.014091773889958858,0.32631656527519226,0.32464906573295593,0.008424455299973488,14.127673149108887,14.13055419921875,0.18573735654354095,13.609140396118164,13.59136962890625,0.05719999969005585,35.91999816894531,35.91999816894531,0.0,7.910399913787842,7.909999847412109,0.004454224370419979,29.049997329711914,29.049999237060547,1.9073486328125e-06
LC08_L1TP_196028_20240712_20240719_02_T1,LANDSAT_8,20240712,0.05703984946012497,0.05656716227531433,0.005082371179014444,0.03449774160981178,0.034721679985523224,0.00330832926556468,0.026988673955202103,0.02722458727657795,0.002374516800045967,0.08714981377124786,0.08705034852027893,0.002334442688152194,0.6451451778411865,0.6409409046173096,0.044744495302438736,0.43947046995162964,0.4358230531215668,0.02762305550277233,0.5327678322792053,0.5299103856086731,0.02074977196753025,-0.04182865470647812,-0.04224240407347679,0.023366089910268784,0.21649932861328125,0.22133216261863708,0.03456399589776993,0.43947046995162964,0.4358230531215668,0.02762305550277233,0.5327678322792053,0.5299103856086731,0.02074977196753025,1.6461082696914673,1.64882230758667,0.07282397150993347,1.793330430984497,1.7852184772491455,0.08180956542491913,0.6070877313613892,0.6118475198745728,0.057500340044498444,0.4748309552669525,0.46974167227745056,0.0399685762822628,15.0177583694458,15.017379760742188,0.0627896711230278,12.998811721801758,13.123367309570312,0.2866561710834503,147.18600463867188,147.19000244140625,0.004903767257928848,4.0320000648498535,4.03000020980835,0.003999901004135609,29.134496688842773,29.1299991607666,0.004975051619112492,0.023311566561460495,0.022730471566319466,0.0016570568550378084,0.009381814859807491,0.008775973692536354,0.001625375123694539,0.006350779440253973,0.005934663582593203,0.0012671089498326182,0.07394278794527054,0.07355324923992157,0.0012605568626895547,0.9972174763679504,1.009594440460205,0.0337320975959301,0.7190508246421814,0.7280672192573547,0.031472403556108475,0.8009918928146362,0.8081483840942383,0.027926640585064888,-0.19176463782787323,-0.19370447099208832,0.01334802620112896,0.42009153962135315,0.4245448708534241,0.013209342025220394,0.7190508246421814,0.7280672192573547,0.031472403556108475,0.8009918928146362,0.8081483840942383,0.027926640585064888,2.8076276779174805,2.8774008750915527,0.14802081882953644,3.0946245193481445,3.144472122192383,0.1641455441713333,0.40031731128692627,0.38743457198143005,0.044831402599811554,0.27031075954437256,0.26618683338165283,0.035021211951971054,16.9719295501709,16.977874755859375,0.03944864124059677,15.334236145019531,15.33795166015625,0.031823430210351944,149.6811981201172,149.67999267578125,0.00992845930159092,2.415600061416626,2.4200000762939453,0.0049638645723462105,29.209999084472656,29.209999084472656,0.0
LC08_L1TP_196028_20240728_20240801_02_T1,LANDSAT_8,20240728,0.0249588992446661,0.024081416428089142,0.002073366893455386,0.007889840751886368,0.006880400702357292,0.0026989993639290333,0.004271501675248146,0.003864336060360074,0.0013769434299319983,0.11329105496406555,0.1131732314825058,0.0006339903920888901,1.081864833831787,1.0926344394683838,0.026953965425491333,0.8510684967041016,0.867182195186615,0.043038688600063324,0.9162065386772156,0.9233108162879944,0.024044081568717957,-0.253243625164032,-0.2590712904930115,0.019950784742832184,0.5914465188980103,0.5985057950019836,0.023791195824742317,0.8510684967041016,0.867182195186615,0.043038688600063324,0.9162065386772156,0.9233108162879944,0.024044081568717957,4.285323619842529,4.421331405639648,0.4214828312397003,4.793848991394043,4.887124538421631,0.3885585367679596,0.31134843826293945,0.28600186109542847,0.07628744840621948,0.1688535064458847,0.1609402894973755,0.038657646626234055,21.39712905883789,21.3978271484375,0.02065785601735115,19.743183135986328,19.74981689453125,0.051104459911584854,144.6523895263672,144.64999389648438,0.004275007173418999,4.172399997711182,4.170000076293945,0.004270725417882204,31.920000076293945,31.920000076293945,0.0,0.024624211713671684,0.024477064609527588,0.0007519724895246327,0.008018477819859982,0.00780530646443367,0.0007021744386292994,0.0049953944981098175,0.004952005110681057,0.0005714459111914039,0.10551267862319946,0.1055249497294426,0.0004158491501584649,1.0355042219161987,1.0366315841674805,0.011094492860138416,0.8494583368301392,0.8528562784194946,0.011175872758030891,0.903494119644165,0.9034039378166199,0.009903211146593094,-0.2740049362182617,-0.2743116617202759,0.00643650209531188,0.5998005867004395,0.5989956259727478,0.0075869145803153515,0.8494583368301392,0.8528562784194946,0.011175872758030891,0.903494119644165,0.9034039378166199,0.009903211146593094,4.344446182250977,4.40250301361084,0.14338666200637817,4.7876667976379395,4.830895900726318,0.15610700845718384,0.3251228332519531,0.32261204719543457,0.01905181258916855,0.2024403065443039,0.20172901451587677,0.01788860373198986,20.47628402709961,20.4757080078125,0.036346450448036194,19.320444107055664,19.33746337890625,0.07723776251077652,123.25918579101562,123.25999450683594,0.02711564674973488,2.6812000274658203,2.680000066757202,0.004308127798140049,31.989999771118164,31.989999771118164,0.0
LC08_L1TP_195028_20240806_20240814_02_T1,LANDSAT_8,20240806,0.018774380907416344,0.01758701354265213,0.003122505499050021,0.0049535115249454975,0.00378946540877223,0.004026003181934357,0.002603067783638835,0.0019676019437611103,0.002105650957673788,0.09761912375688553,0.09759094566106796,0.0003779777616728097,1.0665388107299805,1.082810401916504,0.03787856921553612,0.8963181376457214,0.9163764119148254,0.06490445882081985,0.9435471296310425,0.9555678963661194,0.038455780595541,-0.3366345167160034,-0.34925663471221924,0.035898324102163315,0.6471344232559204,0.6624709367752075,0.038372453302145004,0.8963181376457214,0.9163764119148254,0.06490445882081985,0.9435471296310425,0.9555678963661194,0.038455780595541,5.465606212615967,5.768531322479248,0.7493252754211426,6.005159854888916,6.307983875274658,0.7431375980377197,0.24755898118019104,0.2146596908569336,0.11094240844249725,0.12962952256202698,0.11125987023115158,0.058842506259679794,22.469213485717773,22.4561767578125,0.041402313858270645,21.656850814819336,21.655242919921875,0.03377624228596687,31.979598999023438,31.979995727539062,0.004454402253031731,6.415200233459473,6.420000076293945,0.004996112547814846,34.58000183105469,34.58000183105469,0.0,0.01751432754099369,0.017431670799851418,0.0002919043763540685,0.003494108561426401,0.003476603189483285,0.00015793707279954106,0.0017261436441913247,0.0017261472530663013,0.00014142788131721318,0.09410963207483292,0.09406294673681259,0.000527515250723809,1.0777732133865356,1.0768227577209473,0.005610188469290733,0.9142467975616455,0.9146014451980591,0.003761051222681999,0.9566993117332458,0.9565615653991699,0.003491328563541174,-0.3250248432159424,-0.32645416259765625,0.00724980141967535,0.6332470178604126,0.6348315477371216,0.005477613769471645,0.9142467975616455,0.9146014451980591,0.003761051222681999,0.9566993117332458,0.9565615653991699,0.003491328563541174,5.3503851890563965,5.375293254852295,0.09033288061618805,5.842325210571289,5.856601715087891,0.10779611021280289,0.19954679906368256,0.19944176077842712,0.00948237907141447,0.09856710582971573,0.09749264270067215,0.008054266683757305,22.3648624420166,22.368560791015625,0.020419899374246597,21.132850646972656,21.108306884765625,0.05704088509082794,41.06999206542969,41.06999206542969,0.0,7.989999294281006,7.989999771118164,0.004898975137621164,34.650001525878906,34.650001525878906,0.0
LC08_L1TP_196028_20240813_20240822_02_T1,LANDSAT_8,20240813,0.021973097696900368,0.02111944742500782,0.002399912802502513,0.006080032791942358,0.005027265287935734,0.002954212948679924,0.0032726475037634373,0.0028339920099824667,0.0015956038841977715,0.10102493315935135,0.10102590918540955,0.00046984359505586326,1.0162690877914429,1.0244472026824951,0.0281001478433609,0.8776646256446838,0.8955186009407043,0.0495014414191246,0.931885838508606,0.9401199221611023,0.029399653896689415,-0.31412163376808167,-0.3215409517288208,0.02677478827536106,0.6144589781761169,0.624534547328949,0.029337504878640175,0.8776646256446838,0.8955186009407043,0.0495014414191246,0.931885838508606,0.9401199221611023,0.029399653896689415,4.868744373321533,5.063851833343506,0.5612392425537109,5.378232955932617,5.593135356903076,0.5342424511909485,0.2688608467578888,0.23693369328975677,0.08596739172935486,0.14457745850086212,0.13240401446819305,0.04541897773742676,21.01715087890625,21.02642822265625,0.03592701628804207,19.697938919067383,19.691802978515625,0.03832260146737099,140.85000610351562,140.85000610351562,0.0,4.012800216674805,4.010000228881836,0.004489877726882696,35.75,35.75,0.0,0.02389170415699482,0.02386988326907158,0.0006481829914264381,0.009892239235341549,0.009814269840717316,0.0006810747436247766,0.006558330729603767,0.006559283472597599,0.0005540756392292678,0.08480755984783173,0.08485151082277298,0.00025900101172737777,0.9287532567977905,0.9278677105903625,0.011004692874848843,0.7644395232200623,0.7651917338371277,0.013007125817239285,0.8373985886573792,0.8373586535453796,0.011660443618893623,-0.2371264398097992,-0.23749510943889618,0.006247417069971561,0.5121273994445801,0.5130479335784912,0.007738590240478516,0.7644395232200623,0.7651917338371277,0.013007125817239285,0.8373985886573792,0.8373586535453796,0.011660443618893623,3.341660737991333,3.3367726802825928,0.09705346077680588,3.707550048828125,3.7054522037506104,0.10755196958780289,0.4136538803577423,0.4111570119857788,0.01919102482497692,0.27413836121559143,0.27492427825927734,0.01705068349838257,21.964637756347656,21.95635986328125,0.026709841564297676,20.64413070678711,20.6455078125,0.00616191141307354,143.31878662109375,143.3199920654297,0.007648249622434378,2.3948001861572266,2.390000104904175,0.004995993338525295,35.80039978027344,35.79999923706055,0.001960010500624776
LC08_L1TP_195028_20240822_20240830_02_T1,LANDSAT_8,20240822,0.01885702647268772,0.017579015344381332,0.003372633596882224,0.005523657891899347,0.004131711088120937,0.004794302862137556,0.0029789339751005173,0.0021556683350354433,0.002377920551225543,0.08450967818498611,0.08443064987659454,0.0005301792407408357,1.0150469541549683,1.0334646701812744,0.04555797576904297,0.8604188561439514,0.8865398168563843,0.08423025906085968,0.9209027886390686,0.9391306042671204,0.05065075308084488,-0.2853475511074066,-0.29860734939575195,0.034627508372068405,0.5762395262718201,0.5930200219154358,0.04339248314499855,0.8604188561439514,0.8865398168563843,0.08423025906085968,0.9209027886390686,0.9391306042671204,0.05065075308084488,4.429131031036377,4.713438034057617,0.6140715479850769,4.88536262512207,5.158795356750488,0.6214665174484253,0.27203965187072754,0.23503655195236206,0.12477181851863861,0.14676889777183533,0.12612569332122803,0.06477627903223038,19.873882293701172,19.875,0.01882798597216606,19.24492835998535,19.244354248046875,0.025534948334097862,36.29559326171875,36.29999542236328,0.005714363418519497,6.254799842834473,6.25,0.004996112547814846,38.79999923706055,38.79999923706055,0.0,0.015537029132246971,0.015513405203819275,0.0001438173494534567,0.0033153435215353966,0.00328760570846498,0.00016691697237547487,0.0016766759799793363,0.0016437980812042952,0.00012821985001210123,0.07801547646522522,0.07796512544155121,0.00025332372752018273,1.073593258857727,1.0730669498443604,0.0050254384987056255,0.8933737874031067,0.894214928150177,0.005088545382022858,0.9446147084236145,0.945693850517273,0.0041575669310987,-0.30885550379753113,-0.30884048342704773,0.004620268940925598,0.582343339920044,0.5817806720733643,0.00334010343067348,0.8933737874031067,0.894214928150177,0.005088545382022858,0.9446147084236145,0.945693850517273,0.0041575669310987,4.683927536010742,4.679349422454834,0.06520561873912811,5.129721164703369,5.121843338012695,0.06916184723377228,0.2133631855249405,0.21096287667751312,0.01015074085444212,0.10790054500102997,0.10570450872182846,0.007994542829692364,20.02391242980957,20.024200439453125,0.026948820799589157,19.132984161376953,19.14825439453125,0.07282108068466187,45.65000915527344,45.65000915527344,0.0,7.826800346374512,7.829999923706055,0.004664645995944738,38.86000061035156,38.86000061035156,0.0
LC08_L1TP_196028_20240829_20240905_02_T1,LANDSAT_8,20240829,0.023815613240003586,0.022897612303495407,0.002913357922807336,0.006954357028007507,0.005881951656192541,0.002598660299554467,0.0036930227652192116,0.003124787239357829,0.0016218104865401983,0.08146298676729202,0.08136266469955444,0.0005046594305895269,0.9173452258110046,0.9286794662475586,0.028600163757801056,0.8251774311065674,0.8464176654815674,0.052126068621873856,0.9030622839927673,0.9161085486412048,0.036231305450201035,-0.2301396131515503,-0.23855647444725037,0.029606353491544724,0.5017868280410767,0.5132545232772827,0.03608851134777069,0.8251774311065674,0.8464176654815674,0.052126068621873856,0.9030622839927673,0.9161085486412048,0.036231305450201035,3.6189301013946533,3.721576690673828,0.3690025210380554,4.036707878112793,4.1053690910339355,0.3758602440357208,0.28610727190971375,0.2614302933216095,0.06531184911727905,0.15109238028526306,0.13716277480125427,0.041488490998744965,20.55428695678711,20.547454833984375,0.031264450401067734,19.399206161499023,19.39849853515625,0.03886885941028595,136.25880432128906,136.260009765625,0.0032527914736419916,4.016800403594971,4.019999980926514,0.004664645995944738,40.38999938964844,40.38999938964844,0.0,0.020776085555553436,0.020756730809807777,0.00022550240100827068,0.005505391862243414,0.005544703453779221,0.00014728996029589325,0.0027558475267142057,0.002785074757412076,0.00012291174789424986,0.07665563374757767,0.07661597430706024,0.00033619708847254515,0.9529702067375183,0.9522765874862671,0.005089031532406807,0.8376094102859497,0.8373798131942749,0.003959181718528271,0.9152771234512329,0.9144472479820251,0.003624140517786145,-0.2511262595653534,-0.2514232099056244,0.00534649845212698,0.49981170892715454,0.49968424439430237,0.003725201589986682,0.8376094102859497,0.8373798131942749,0.003959181718528271,0.9152771234512329,0.9144472479820251,0.003624140517786145,3.6914055347442627,3.689760208129883,0.03892960399389267,4.122766494750977,4.117649078369141,0.04651347175240517,0.26499807834625244,0.26474249362945557,0.006948000285774469,0.1326492875814438,0.13383816182613373,0.005824457388371229,20.44458770751953,20.4583740234375,0.03900555893778801,19.50636863708496,19.526336669921875,0.056687332689762115,138.67800903320312,138.6800079345703,0.008481916040182114,2.4007999897003174,2.4000000953674316,0.004833213519304991,40.43479919433594,40.43000030517578,0.004995159804821014
LC08_L1TP_195028_20240907_20240914_02_T1,LANDSAT_8,20240907,,,,,,,,,,,,,,,,,,,,,,,,,,,,,,,,,,,,,,,,,,,,,,,,,,,,,,,,,,,,,,,,,,,,,,,,,,,,,,,,,,,,,,,,,,,,,,,,,,,,,,,,,,,,,,,,,,,,,,,,
LC08_L1TP_196028_20240914_20240920_02_T1,LANDSAT_8,20240914,0.030861342325806618,0.03053850121796131,0.0025399180594831705,0.01778845675289631,0.01737288571894169,0.0030313534662127495,0.013825034722685814,0.013709403574466705,0.0015463654417544603,0.08871450275182724,0.08876772969961166,0.0005189061048440635,0.8844058513641357,0.8861707448959351,0.029202943667769432,0.6203939318656921,0.6253071427345276,0.0422319695353508,0.6909950971603394,0.6916130185127258,0.023021195083856583,-0.18166187405586243,-0.1835637390613556,0.01567167229950428,0.42014017701148987,0.42194679379463196,0.024269461631774902,0.6203939318656921,0.6253071427345276,0.0422319695353508,0.6909950971603394,0.6916130185127258,0.023021195083856583,2.4833569526672363,2.5029656887054443,0.16934899985790253,2.695772171020508,2.6930055618286133,0.14323970675468445,0.5733095407485962,0.5675926804542542,0.05328927934169769,0.4472113847732544,0.4492618143558502,0.022502539679408073,14.387198448181152,14.392547607421875,0.03603282943367958,12.403375625610352,12.40496826171875,0.018341384828090668,131.64959716796875,131.64999389648438,0.001958517823368311,4.1407999992370605,4.139999866485596,0.0048332433216273785,45.66999816894531,45.66999816894531,0.0,0.033882416784763336,0.03381941094994545,0.0007975086919032037,0.0187006164342165,0.018842654302716255,0.0006619118503294885,0.01432728674262762,0.01428948249667883,0.00039891587221063673,0.08011908829212189,0.08013856410980225,0.00022132873709779233,0.9149381518363953,0.9151843190193176,0.011189441196620464,0.5543407201766968,0.5528372526168823,0.010496365837752819,0.6397470831871033,0.6392971873283386,0.0065521919168531895,-0.10267073661088943,-0.10329174250364304,0.00635145790874958,0.3161655068397522,0.3163531422615051,0.007847088389098644,0.5543407201766968,0.5528372526168823,0.010496365837752819,0.6397470831871033,0.6392971873283386,0.0065521919168531895,2.032421827316284,2.026805877685547,0.033768463879823685,2.2166130542755127,2.2230172157287598,0.03160787746310234,0.5519707202911377,0.5492956638336182,0.016413850709795952,0.42290982604026794,0.42243626713752747,0.009327873587608337,12.925036430358887,12.9171142578125,0.04496454820036888,10.982701301574707,10.97711181640625,0.029516136273741722,109.91759490966797,109.91998291015625,0.02760925143957138,2.652400255203247,2.6500000953674316,0.0042708273977041245,45.70000076293945,45.70000076293945,0.0
LC08_L1TP_196028_20240930_20241005_02_T1,LANDSAT_8,20240930,0.041267961263656616,0.04032350331544876,0.002795896492898464,0.023013794794678688,0.02204265631735325,0.002764648525044322,0.01896561309695244,0.01836087927222252,0.0015315525233745575,0.08822844922542572,0.08818666636943817,0.0012205929961055517,0.8540810346603394,0.8628944754600525,0.02966771088540554,0.5309591293334961,0.5413700342178345,0.03325839713215828,0.596136748790741,0.6029053926467896,0.018591251224279404,-0.09683533012866974,-0.09971460700035095,0.011775756254792213,0.28975534439086914,0.2959200143814087,0.020548632368445396,0.5309591293334961,0.5413700342178345,0.03325839713215828,0.596136748790741,0.6029053926467896,0.018591251224279404,1.9503146409988403,1.9703196287155151,0.09231223165988922,2.078505039215088,2.100670576095581,0.07576242834329605,0.5563893914222717,0.5481651425361633,0.035819780081510544,0.45937734842300415,0.45741260051727295,0.013959740288555622,10.04625129699707,10.210678100585938,0.5338417291641235,9.18128490447998,9.322738647460938,0.5517524480819702,127.93276977539062,127.92999267578125,0.004483407363295555,3.8633334636688232,3.859999895095825,0.0047140405513346195,51.340003967285156,51.34000015258789,3.814697265625e-06,,,,,,,,,,,,,,,,,,,,,,,,,,,,,,,,,,,,,,,,,,,,,,,,,,,,,,,,,,,,
LC08_L1TP_195028_20241110_20241118_02_T1,LANDSAT_8,20241110,0.024138636887073517,0.02353029139339924,0.001771831070072949,0.007319252472370863,0.006743421778082848,0.0014950752956792712,0.00391405401751399,0.0036825821734964848,0.0007092014420777559,0.09910845756530762,0.09902333468198776,0.0005931203486397862,1.0799946784973145,1.0883255004882812,0.020778002217411995,0.8133444786071777,0.8243414163589478,0.03055099956691265,0.895449161529541,0.8998700380325317,0.016102392226457596,-0.29487478733062744,-0.2997160851955414,0.021675342693924904,0.49158576130867004,0.49769824743270874,0.02184324339032173,0.8133444786071777,0.8243414163589478,0.03055099956691265,0.895449161529541,0.8998700380325317,0.016102392226457596,3.6796669960021973,3.7869648933410645,0.25608208775520325,4.118525505065918,4.2177019119262695,0.24549341201782227,0.3012077212333679,0.2922752797603607,0.04021861031651497,0.16129963099956512,0.16008299589157104,0.01918994076550007,11.229775428771973,11.23486328125,0.03590408340096474,10.579384803771973,10.5660400390625,0.044505443423986435,52.59160614013672,52.590003967285156,0.006740259472280741,6.287600040435791,6.289999961853027,0.004270725417882204,65.27999877929688,65.27999877929688,0.0,,,,,,,,,,,,,,,,,,,,,,,,,,,,,,,,,,,,,,,,,,,,,,,,,,,,,,,,,,,,
LC08_L1TP_195028_20241212_20241218_02_T1,LANDSAT_8,20241212,,,,,,,,,,,,,,,,,,,,,,,,,,,,,,,,,,,,,,,,,,,,,,,,,,,,,,,,,,,,,,,,,,,,,,,,,,,,,,,,,,,,,,,,,,,,,,,,,,,,,,,,,,,,,,,,,,,,,,,,
LC08_L1TP_195028_20241228_20250104_02_T1,LANDSAT_8,20241228,,,,,,,,,,,,,,,,,,,,,,,,,,,,,,,,,,,,,,,,,,,,,,,,,,,,,,,,,,,,,,,,,,,,,,,,,,,,,,,,,,,,,,,,,,,,,,,,,,,,,,,,,,,,,,,,,,,,,,,,
LC08_L1TP_195028_20250113_20250122_02_T1,LANDSAT_8,20250113,0.02477303333580494,0.02412099391222,0.001684575341641903,0.005721659865230322,0.005112926941365004,0.001698916545137763,0.002711646957322955,0.002406080486252904,0.0010323625756427646,0.10958632826805115,0.10959713160991669,0.0003669645229820162,1.1172378063201904,1.1218711137771606,0.021747799590229988,0.8608776330947876,0.8724682331085205,0.0345517061650753,0.9315665364265442,0.9381762146949768,0.023044783622026443,-0.3143053650856018,-0.3219762146472931,0.018890859559178352,0.5082086324691772,0.5138056874275208,0.020606523379683495,0.8608776330947876,0.8724682331085205,0.0345517061650753,0.9315665364265442,0.9381762146949768,0.023044783622026443,4.074741363525391,4.18571662902832,0.3022907078266144,4.512213230133057,4.624147415161133,0.2920338809490204,0.22844068706035614,0.21518996357917786,0.05018695816397667,0.10806726664304733,0.10362685471773148,0.03301709145307541,5.599830150604248,5.59552001953125,0.037664931267499924,5.041136264801025,5.0390625,0.04780936986207962,52.37960433959961,52.3800048828125,0.001960010500624776,6.080400466918945,6.079999923706055,0.004454224370419979,70.58000183105469,70.58000183105469,0.0,0.024058189243078232,0.02396426536142826,0.0003075309214182198,0.004992746748030186,0.004937360063195229,0.00037618563510477543,0.0026276293210685253,0.0025890988763421774,0.0002531044010538608,0.11182160675525665,0.11181316524744034,0.0005307195824570954,1.1365554332733154,1.1362687349319458,0.006679805461317301,0.8773030042648315,0.8786084651947021,0.008706078864634037,0.9334951639175415,0.9347497224807739,0.00612340634688735,-0.3259059190750122,-0.327118843793869,0.00534783024340868,0.5208756923675537,0.522027850151062,0.004612687509506941,0.8773030042648315,0.8786084651947021,0.008706078864634037,0.9334951639175415,0.9347497224807739,0.00612340634688735,4.258694648742676,4.271400451660156,0.07137681543827057,4.6356964111328125,4.653851509094238,0.061885397881269455,0.20755016803741455,0.20654918253421783,0.015740908682346344,0.10924556106328964,0.1056509017944336,0.010690669529139996,5.982162952423096,5.988067626953125,0.05481886491179466,5.478341102600098,5.46337890625,0.0737919807434082,56.96000671386719,56.96000671386719,0.0,7.677199840545654,7.679999828338623,0.004489877726882696,70.5999984741211,70.5999984741211,0.0
LC08_L1TP_195028_20250129_20250131_02_T1,LANDSAT_8,20250129,0.034300509840250015,0.033842336386442184,0.0012420796556398273,0.016152681782841682,0.01561953779309988,0.00134681083727628,0.012420650571584702,0.012235303409397602,0.0007155633647926152,0.10529967397451401,0.1053277999162674,0.0005824306863360107,0.9808708429336548,0.9845423102378845,0.015758458524942398,0.6696855425834656,0.678494930267334,0.020525701344013214,0.7357556819915771,0.7394212484359741,0.011389166116714478,-0.19502174854278564,-0.1972789168357849,0.008968994952738285,0.4079591631889343,0.411604642868042,0.01237151026725769,0.6696855425834656,0.678494930267334,0.020525701344013214,0.7357556819915771,0.7394212484359741,0.011389166116714478,2.6295855045318604,2.6582815647125244,0.09409447014331818,2.837648868560791,2.8625011444091797,0.07627036422491074,0.4703197479248047,0.46213245391845703,0.023945126682519913,0.36198416352272034,0.36037394404411316,0.011911381967365742,4.011533260345459,4.006439208984375,0.022200902923941612,3.771331787109375,3.79290771484375,0.0697326511144638,50.216796875,50.220001220703125,0.004665759392082691,6.058000087738037,6.059999942779541,0.004898904822766781,67.41000366210938,67.41000366210938,0.0,0.053190045058727264,0.05296484753489494,0.001314664026722312,0.030235828831791878,0.02992304600775242,0.001142315217293799,0.0242199394851923,0.024084394797682762,0.0008616592385806143,0.10617366433143616,0.10624249279499054,0.0006081644096411765,0.888336181640625,0.8918720483779907,0.0131995165720582,0.47848746180534363,0.4801279902458191,0.010433923453092575,0.5593634247779846,0.561205267906189,0.008716480806469917,-0.07847993820905685,-0.0784764438867569,0.005486776586622,0.2340557724237442,0.23607420921325684,0.006613902747631073,0.47848746180534363,0.4801279902458191,0.010433923453092575,0.5593634247779846,0.561205267906189,0.008716480806469917,1.773833155632019,1.7744734287261963,0.027359889820218086,1.9115939140319824,1.912660837173462,0.027740059420466423,0.5683223605155945,0.5660748481750488,0.0106135169044137,0.4552670419216156,0.4549807012081146,0.007781345397233963,2.2579517364501953,2.287841796875,0.05658182129263878,1.6621606349945068,1.68035888671875,0.048765167593955994,54.802001953125,54.80000305175781,0.004000854678452015,7.655999660491943,7.659999847412109,0.004898857790976763,67.44000244140625,67.44000244140625,0.0
LC08_L1TP_195028_20250302_20250311_02_T1,LANDSAT_8,20250302,0.02355305105447769,0.022908318787813187,0.0018935585394501686,0.0064718169160187244,0.005736271385103464,0.002325319452211261,0.003096170024946332,0.00272178347222507,0.0014190594665706158,0.09575814008712769,0.09578843414783478,0.00041085094562731683,1.046775460243225,1.054476022720337,0.027613047510385513,0.8339465856552124,0.8492754697799683,0.04445968568325043,0.9170238971710205,0.9254409074783325,0.030597450211644173,-0.29765477776527405,-0.30513259768486023,0.018981104716658592,0.4997110068798065,0.5087580680847168,0.0220487117767334,0.8339465856552124,0.8492754697799683,0.04445968568325043,0.9170238971710205,0.9254409074783325,0.030597450211644173,3.8364946842193604,3.977979898452759,0.31869906187057495,4.310901641845703,4.423413276672363,0.311610609292984,0.2701646387577057,0.25324663519859314,0.06329593807458878,0.1286623328924179,0.11874951422214508,0.04086325317621231,6.0174880027771,6.01080322265625,0.03247906640172005,6.046999454498291,6.061279296875,0.07476317882537842,41.93919372558594,41.72999572753906,1.0065141916275024,6.1244001388549805,6.130000114440918,0.008522951044142246,57.05080032348633,57.04999923706055,0.002713511697947979,,,,,,,,,,,,,,,,,,,,,,,,,,,,,,,,,,,,,,,,,,,,,,,,,,,,,,,,,,,,
LC08_L1TP_195028_20250403_20250411_02_T1,LANDSAT_8,20250403,0.04389112442731857,0.04389113187789917,0.0017913307528942823,0.025810783728957176,0.02532503940165043,0.0033563526812940836,0.018017513677477837,0.01758449338376522,0.002093883231282234,0.08358273655176163,0.08361750096082687,0.0007059002527967095,0.8501789569854736,0.858810544013977,0.03333369642496109,0.46722766757011414,0.4676987826824188,0.04192541167140007,0.5951511263847351,0.5959347486495972,0.030201425775885582,-0.0492904894053936,-0.04940587282180786,0.007192234508693218,0.2344438135623932,0.23380954563617706,0.01200585626065731,0.46722766757011414,0.4676987826824188,0.04192541167140007,0.5951511263847351,0.5959347486495972,0.030201425775885582,1.7141844034194946,1.714227557182312,0.07194343954324722,1.9283004999160767,1.9392821788787842,0.06191130727529526,0.5873638391494751,0.5656158328056335,0.06442613899707794,0.4099304974079132,0.4033251702785492,0.03784368187189102,5.004376411437988,5.006561279296875,0.044189244508743286,4.111655235290527,4.113128662109375,0.1945793628692627,49.46000671386719,49.46000671386719,0.0,5.974400043487549,5.96999979019165,0.004963983315974474,44.5099983215332,44.5099983215332,0.0,0.03251811861991882,0.0317411869764328,0.0030835384968668222,0.014333775267004967,0.01375170424580574,0.002156894886866212,0.009651267901062965,0.009289417415857315,0.0014744797954335809,0.08150383085012436,0.081570103764534,0.0013739285059273243,0.9809523224830627,0.9868921637535095,0.04046027734875679,0.6296943426132202,0.645833432674408,0.0420168936252594,0.7346078753471375,0.7455552220344543,0.030861034989356995,-0.10548040270805359,-0.11307840794324875,0.02527458406984806,0.31908324360847473,0.32330837845802307,0.03541558235883713,0.6296943426132202,0.645833432674408,0.0420168936252594,0.7346078753471375,0.7455552220344543,0.030861034989356995,2.203972578048706,2.2043533325195312,0.11728512495756149,2.450228214263916,2.452575206756592,0.1325468271970749,0.44510090351104736,0.43216076493263245,0.08277459442615509,0.2988874912261963,0.294429749250412,0.0516992062330246,6.216326713562012,6.26593017578125,0.14107689261436462,5.822160720825195,5.834197998046875,0.13094106316566467,48.750789642333984,48.74999237060547,0.0027155836578458548,7.5971999168396,7.599999904632568,0.004489877726882696,44.55240249633789,44.54999923706055,0.004271744750440121
LC08_L1TP_196028_20250410_20250416_02_T1,LANDSAT_8,20250410,0.01660960167646408,0.01580369658768177,0.002596187172457576,0.005536884069442749,0.0045838626101613045,0.002790024969726801,0.003393125254660845,0.002798291854560375,0.0018175763543695211,0.06912266463041306,0.06903790682554245,0.00037774135125800967,1.0400359630584717,1.0529239177703857,0.032754745334386826,0.8134384751319885,0.8369671702384949,0.06971712410449982,0.8809739947319031,0.8979591727256775,0.05075007677078247,-0.2795276343822479,-0.2900901138782501,0.03434893488883972,0.5202939510345459,0.5322328805923462,0.04195087030529976,0.8134384751319885,0.8369671702384949,0.06971712410449982,0.8809739947319031,0.8979591727256775,0.05075007677078247,3.7913882732391357,3.9350662231445312,0.45761024951934814,4.178588390350342,4.346212863922119,0.46648886799812317,0.3228098154067993,0.2960408627986908,0.09895534813404083,0.19701805710792542,0.178913414478302,0.06473419070243835,8.440159797668457,8.45855712890625,0.21313950419425964,8.263729095458984,8.3494873046875,0.402824342250824,135.8083953857422,135.80999755859375,0.003664047922939062,4.304800033569336,4.300000190734863,0.004995874594897032,41.369998931884766,41.369998931884766,0.0,0.019265173003077507,0.018800100311636925,0.0013439884642139077,0.00814084243029356,0.007840042933821678,0.0011750730918720365,0.006073629483580589,0.005840027239173651,0.0009907798375934362,0.06994973123073578,0.06969372928142548,0.0006401148275472224,0.9940252900123596,0.9976316690444946,0.016828196123242378,0.7411547303199768,0.7481798529624939,0.027609873563051224,0.8003755211830139,0.8063662648200989,0.025292091071605682,-0.24225984513759613,-0.24786338210105896,0.016648439690470695,0.4785374104976654,0.4862588047981262,0.019845876842737198,0.7411547303199768,0.7481798529624939,0.027609873563051224,0.8003755211830139,0.8063662648200989,0.025292091071605682,3.1581084728240967,3.2152161598205566,0.1924692690372467,3.416018009185791,3.478874444961548,0.2102065533399582,0.4207133948802948,0.41702133417129517,0.031008638441562653,0.313477486371994,0.3101445436477661,0.027718761935830116,8.685769081115723,8.6854248046875,0.04508356750011444,8.452418327331543,8.447967529296875,0.021761097013950348,115.29320526123047,115.29000854492188,0.024118749424815178,2.80679988861084,2.809999942779541,0.004664757288992405,41.40999984741211,41.40999984741211,0.0
LC08_L1TP_196028_20250613_20250626_02_T1,LANDSAT_8,20250613,0.05049552768468857,0.049830228090286255,0.0022143390960991383,0.026730062440037727,0.02568034455180168,0.0030863014981150627,0.01776152290403843,0.017060207203030586,0.00201469287276268,0.08153071254491806,0.08153115957975388,0.000928164052311331,0.7616404891014099,0.7689632177352905,0.02014562115073204,0.4720396399497986,0.48488956689834595,0.033837560564279556,0.614872395992279,0.6235647201538086,0.027213377878069878,-0.011772526428103447,-0.012601295486092567,0.007035285234451294,0.19075380265712738,0.19471466541290283,0.01251932978630066,0.4720396399497986,0.48488956689834595,0.033837560564279556,0.614872395992279,0.6235647201538086,0.027213377878069878,1.6347323656082153,1.6518495082855225,0.06158580258488655,1.8485383987426758,1.8682894706726074,0.06106788292527199,0.5280975103378296,0.5160857439041138,0.037317436188459396,0.3509296476840973,0.34507662057876587,0.023924432694911957,19.49241828918457,19.488525390625,0.058652363717556,18.392004013061523,18.36822509765625,0.09249897301197052,145.9763946533203,145.97000122070312,0.008424677886068821,4.057199954986572,4.059999942779541,0.004489877726882696,27.299997329711914,27.299999237060547,1.9073486328125e-06,0.04459086433053017,0.04456924647092819,0.0005164952599443495,0.021029293537139893,0.020989658311009407,0.0003052444662898779,0.013169430196285248,0.013129793107509613,0.0002409883018117398,0.0810781940817833,0.08112098276615143,0.00020082847913727164,0.8195557594299316,0.8204246759414673,0.0047076065093278885,0.5410981774330139,0.5419022440910339,0.0043584262020885944,0.6856625080108643,0.6859903931617737,0.004264878109097481,-0.03471897915005684,-0.03438255190849304,0.004547396674752235,0.22593151032924652,0.22626303136348724,0.004230596590787172,0.5410981774330139,0.5419022440910339,0.0043584262020885944,0.6856625080108643,0.6859903931617737,0.004264878109097481,1.804713487625122,1.803935170173645,0.01634383760392666,2.050323009490967,2.0515222549438477,0.019862022250890732,0.47160616517066956,0.4714575409889221,0.004181127063930035,0.295328289270401,0.2956607937812805,0.003314858302474022,19.636014938354492,19.63330078125,0.24788354337215424,18.599746704101562,18.602447509765625,0.06732621788978577,144.51039123535156,148.45999145507812,5.7592010498046875,2.4619998931884766,2.440000057220459,0.032984815537929535,27.3700008392334,27.3700008392334,0.0
LC08_L1TP_195028_20250622_20250630_02_T1,LANDSAT_8,20250622,0.02293376997113228,0.022060414776206017,0.002902924083173275,0.00634089345112443,0.005367875099182129,0.002036517718806863,0.003505200380459428,0.0030576481949537992,0.0012505745980888605,0.08360354602336884,0.08360989391803741,0.00036785544943995774,1.063391923904419,1.0748095512390137,0.04644041135907173,0.8177398443222046,0.8402429223060608,0.04387162998318672,0.894913911819458,0.9055946469306946,0.02853955328464508,-0.2002660632133484,-0.20651738345623016,0.02161741629242897,0.46405693888664246,0.47334250807762146,0.03140438348054886,0.8177398443222046,0.8402429223060608,0.04387162998318672,0.894913911819458,0.9055946469306946,0.02853955328464508,3.346968650817871,3.478909730911255,0.2890738248825073,3.6975796222686768,3.7920799255371094,0.2772047221660614,0.27235791087150574,0.24575424194335938,0.052750930190086365,0.1499599814414978,0.13997848331928253,0.028200414031744003,20.971601486206055,20.98699951171875,0.07022774964570999,21.169340133666992,21.185760498046875,0.043713461607694626,27.132001876831055,27.1300048828125,0.005658711306750774,6.2484002113342285,6.25,0.004630440846085548,27.989999771118164,27.989999771118164,0.0,0.02092823013663292,0.020922794938087463,0.0003006791230291128,0.00462975911796093,0.004624320659786463,8.242821058956906e-05,0.0022958358749747276,0.0022894865833222866,0.00010427876259200275,0.08025285601615906,0.08023427426815033,0.000186897290404886,1.099148154258728,1.0995880365371704,0.004248665180057287,0.8520916700363159,0.8523932695388794,0.002485589822754264,0.9238182306289673,0.9242597222328186,0.0033282130025327206,-0.21262435615062714,-0.21178483963012695,0.006261482834815979,0.46952876448631287,0.47060513496398926,0.0049209389835596085,0.8520916700363159,0.8523932695388794,0.002485589822754264,0.9238182306289673,0.9242597222328186,0.0033282130025327206,3.529766798019409,3.5341622829437256,0.03869273513555527,3.884665012359619,3.8760972023010254,0.04931097850203514,0.22125756740570068,0.22101829946041107,0.004682866390794516,0.10971062630414963,0.10917016118764877,0.0049480474554002285,21.43984603881836,21.446929931640625,0.048334404826164246,20.908445358276367,20.907318115234375,0.017528416588902473,36.409996032714844,36.409996032714844,0.0,7.821599960327148,7.820000171661377,0.00463026762008667,28.079999923706055,28.079999923706055,0.0
LC08_L1TP_196028_20250629_20250711_02_T1,LANDSAT_8,20250629,0.015003454871475697,0.014115423895418644,0.0031482428312301636,0.004150157794356346,0.0030940971337258816,0.0033923981245607138,0.002222328446805477,0.0015809211181476712,0.001850257394835353,0.07576394081115723,0.07579420506954193,0.0008550547645427287,1.1718742847442627,1.1892255544662476,0.07412991672754288,0.8620520830154419,0.888117790222168,0.07992665469646454,0.922825038433075,0.9410281181335449,0.04924117773771286,-0.29060453176498413,-0.2985410988330841,0.03196995332837105,0.5605306029319763,0.5735244750976562,0.04448326677083969,0.8620520830154419,0.888117790222168,0.07992665469646454,0.922825038433075,0.9410281181335449,0.04924117773771286,4.363632678985596,4.545572757720947,0.6210861206054688,4.791853904724121,4.988424777984619,0.5915781259536743,0.2555727958679199,0.21884961426258087,0.11110692471265793,0.13663749396800995,0.11513111740350723,0.060830652713775635,23.389263153076172,23.364959716796875,0.08952422440052032,22.1553955078125,22.140167236328125,0.10092031210660934,147.36001586914062,147.36000061035156,1.52587890625e-05,4.0908002853393555,4.090000152587891,0.004833183716982603,27.68000030517578,27.68000030517578,0.0,0.030252447351813316,0.029989106580615044,0.0028356092516332865,0.01916126161813736,0.019164104014635086,0.002657740144059062,0.01473887637257576,0.014553872868418694,0.002081973711028695,0.0760558545589447,0.07607583701610565,0.0007101235678419471,0.9046849012374878,0.902214765548706,0.039377596229314804,0.5314944982528687,0.5282337069511414,0.0378182977437973,0.6189377307891846,0.6185109615325928,0.03325805068016052,-0.14518798887729645,-0.14359477162361145,0.01702203042805195,0.34730544686317444,0.34887149930000305,0.026541490107774734,0.5314944982528687,0.5282337069511414,0.0378182977437973,0.6189377307891846,0.6185109615325928,0.03325805068016052,2.0934951305389404,2.0913286209106445,0.1423727422952652,2.2985312938690186,2.2898995876312256,0.15228939056396484,0.6308044195175171,0.6343066692352295,0.03205458074808121,0.48509225249290466,0.48594075441360474,0.025809114798903465,22.55368423461914,22.563201904296875,0.1976238489151001,21.482763290405273,21.489410400390625,0.03705296665430069,137.5688018798828,137.57000732421875,0.01142631284892559,2.538800001144409,2.5399999618530273,0.004308127798140049,27.753999710083008,27.75,0.004899091552942991
LC08_L1TP_195028_20250708_20250715_02_T1,LANDSAT_8,20250708,,,,,,,,,,,,,,,,,,,,,,,,,,,,,,,,,,,,,,,,,,,,,,,,,,,,,,,,,,,,,,,,,,,,,,,,,,,,,,,,,,,,,,,,,,,,,,,,,,,,,,,,,,,,,,,,,,,,,,,,
LC09_L1TP_195028_20211106_20230507_02_T1,LANDSAT_9,20211106,0.019430363550782204,0.018619999289512634,0.0029776727315038443,0.005058807320892811,0.004188355058431625,0.0019567941781133413,0.0028171231970191,0.002367329550907016,0.001259957323782146,0.09500850737094879,0.09496664255857468,0.0004727982741314918,1.1182560920715332,1.1288115978240967,0.034405507147312164,0.8609392642974854,0.8812139630317688,0.04375966265797615,0.9200191497802734,0.9311259388923645,0.030345959588885307,-0.34252360463142395,-0.3498009741306305,0.03018934093415737,0.5505551099777222,0.5613943338394165,0.039362456649541855,0.8609392642974854,0.8812139630317688,0.04375966265797615,0.9200191497802734,0.9311259388923645,0.030345959588885307,4.423186779022217,4.592003345489502,0.4815666675567627,4.855926036834717,4.989109039306641,0.479564368724823,0.2545766532421112,0.2249385118484497,0.05869993194937706,0.14080578088760376,0.12469993531703949,0.035689663141965866,10.613386154174805,10.607879638671875,0.04675250127911568,10.865346908569336,10.843963623046875,0.06624875962734222,33.968406677246094,33.970001220703125,0.056828372180461884,1.7867999076843262,1.7899999618530273,0.004664756823331118,63.93999481201172,63.939998626708984,3.814697265625e-06,0.019607005640864372,0.019576048478484154,0.00042075751116499305,0.004370459821075201,0.004370450507849455,0.00023034428886603564,0.0020104041323065758,0.0020486407447606325,0.0001682252186583355,0.09319204092025757,0.09300902485847473,0.000710827938746661,1.153395652770996,1.154160737991333,0.008441563695669174,0.8704276084899902,0.8710118532180786,0.005550485569983721,0.9382259249687195,0.9375438094139099,0.004941650666296482,-0.32395079731941223,-0.32492128014564514,0.006632695440202951,0.5257089138031006,0.5262869596481323,0.00447830418124795,0.8704276084899902,0.8710118532180786,0.005550485569983721,0.9382259249687195,0.9375438094139099,0.004941650666296482,4.232786655426025,4.228574275970459,0.06252004206180573,4.694985866546631,4.691337585449219,0.07910384982824326,0.22287026047706604,0.22147652506828308,0.009962272830307484,0.10251276195049286,0.10290805995464325,0.007991115562617779,10.522875785827637,10.522125244140625,0.026919035241007805,10.576340675354004,10.57635498046875,0.014674575068056583,65.20719146728516,65.20999145507812,0.0053044212982058525,3.267199993133545,3.2699999809265137,0.00448998436331749,63.93999481201172,63.939998626708984,3.814697265625e-06
LC09_L1TP_195028_20211212_20230505_02_T1,LANDSAT_9,20211212,,,,,,,,,,,,,,,,,,,,,,,,,,,,,,,,,,,,,,,,,,,,,,,,,,,,,,,,,,,,,0.07828912138938904,0.07865262776613235,0.005758654326200485,0.046920813620090485,0.04781827703118324,0.004018159117549658,0.03775575011968613,0.03854289650917053,0.003401531372219324,0.13259264826774597,0.13323938846588135,0.001289994572289288,0.7939971685409546,0.7963757514953613,0.02688577026128769,0.4208190143108368,0.41103824973106384,0.0244932658970356,0.506050705909729,0.4965208172798157,0.023857619613409042,-0.05827217176556587,-0.05424001067876816,0.01485217921435833,0.19013752043247223,0.18664933741092682,0.022698672488331795,0.4208190143108368,0.41103824973106384,0.0244932658970356,0.506050705909729,0.4965208172798157,0.023857619613409042,1.6238142251968384,1.609537959098816,0.07118526846170425,1.7522811889648438,1.7372655868530273,0.07874217629432678,0.5989099740982056,0.6018446087837219,0.014937072992324829,0.48174992203712463,0.48694998025894165,0.013104205019772053,3.3252856731414795,3.304443359375,0.14152491092681885,2.5110180377960205,2.506500244140625,0.1446683406829834,61.46998977661133,61.469993591308594,3.814697265625e-06,7.8155999183654785,7.820000171661377,0.004963983315974474,71.38999938964844,71.38999938964844,0.0
LC09_L1TP_195028_20220113_20230502_02_T1,LANDSAT_9,20220113,0.027812324464321136,0.02722919173538685,0.001954183913767338,0.006934999953955412,0.0061446381732821465,0.0020531194750219584,0.0030843541026115417,0.002710849978029728,0.0009278004290536046,0.11630722135305405,0.11626625061035156,0.0007083402015268803,1.0785847902297974,1.0841120481491089,0.020370742306113243,0.8466037511825562,0.8611301779747009,0.038380514830350876,0.9285485744476318,0.9365308284759521,0.019429178908467293,-0.30873730778694153,-0.31591102480888367,0.020018570125102997,0.4974748194217682,0.5030038356781006,0.021360885351896286,0.8466037511825562,0.8611301779747009,0.038380514830350876,0.9285485744476318,0.9365308284759521,0.019429178908467293,3.9282944202423096,4.03804349899292,0.30493369698524475,4.404050827026367,4.475906848907471,0.2729676365852356,0.2466060221195221,0.22921349108219147,0.05465560778975487,0.10979581624269485,0.1010986715555191,0.026538589969277382,5.370473861694336,5.371368408203125,0.051084909588098526,4.940366268157959,4.931884765625,0.04495389759540558,48.20119094848633,48.19999694824219,0.006525198929011822,6.325200080871582,6.329999923706055,0.004995874594897032,70.61000061035156,70.61000061035156,0.0,0.05273104086518288,0.0415777862071991,0.024222714826464653,0.029283851385116577,0.01576879806816578,0.02893671579658985,0.018781358376145363,0.0090451929718256,0.020639628171920776,0.12351232022047043,0.12126609683036804,0.004376993980258703,0.8996594548225403,0.9697653651237488,0.13562914729118347,0.6154296398162842,0.7111550569534302,0.20401722192764282,0.7364882826805115,0.8220862150192261,0.1784297674894333,-0.18621687591075897,-0.21939164400100708,0.07465767115354538,0.33689388632774353,0.3838755488395691,0.10591484606266022,0.6154296398162842,0.7111550569534302,0.20401722192764282,0.7364882826805115,0.8220862150192261,0.1784297674894333,2.5083277225494385,2.7619147300720215,0.664435088634491,2.845909357070923,3.161001682281494,0.7397706508636475,0.4696604311466217,0.37623757123947144,0.20061616599559784,0.28938713669776917,0.22192257642745972,0.15238358080387115,4.885496616363525,4.9398040771484375,0.3327333927154541,4.09601354598999,4.171722412109375,0.4569888114929199,57.4979133605957,57.5,0.004058935679495335,7.910833358764648,7.909999847412109,0.003996563609689474,70.62999725341797,70.62999725341797,0.0
LC09_L1TP_195028_20220129_20230430_02_T1,LANDSAT_9,20220129,0.02375897392630577,0.023070858791470528,0.0020816978067159653,0.006565815303474665,0.005739184562116861,0.0023249289952218533,0.002951060887426138,0.0025043601635843515,0.0012264128308743238,0.10181586444377899,0.10189694166183472,0.00042773320456035435,1.0924152135849,1.1025923490524292,0.02918766252696514,0.8347164392471313,0.8510499596595764,0.04683442786335945,0.9220460653305054,0.9321559071540833,0.028007227927446365,-0.3107872009277344,-0.3158705532550812,0.021457696333527565,0.5040037035942078,0.5118721127510071,0.024392494931817055,0.8347164392471313,0.8510499596595764,0.04683442786335945,0.9220460653305054,0.9321559071540833,0.028007227927446365,3.9079651832580566,4.036105155944824,0.359233558177948,4.42063570022583,4.540817737579346,0.3454405963420868,0.27122917771339417,0.25154638290405273,0.06372956186532974,0.12140335142612457,0.11059828102588654,0.035120002925395966,4.951791763305664,4.951141357421875,0.032901614904403687,4.242105484008789,4.23382568359375,0.02945435233414173,50.96958923339844,50.969993591308594,0.0019585206173360348,6.158799648284912,6.159999847412109,0.004308074712753296,67.46080017089844,67.45999908447266,0.002713511697947979,0.022168762981891632,0.022149963304400444,0.00027677699108608067,0.0051195574924349785,0.005171807017177343,0.00028916687006130815,0.002313199220225215,0.002298570005223155,0.00017137365648522973,0.10146356374025345,0.10145103931427002,0.0003427306073717773,1.119879126548767,1.1209522485733032,0.005554294679313898,0.864184558391571,0.8627858757972717,0.007146737538278103,0.9362574815750122,0.9365996718406677,0.004578868858516216,-0.32465431094169617,-0.3243245482444763,0.00515842204913497,0.5202913284301758,0.520904004573822,0.004736702423542738,0.864184558391571,0.8627858757972717,0.007146737538278103,0.9362574815750122,0.9365996718406677,0.004578868858516216,4.168970108032227,4.169851779937744,0.06548445671796799,4.64646577835083,4.651712417602539,0.05971372872591019,0.23093995451927185,0.2350115031003952,0.012738033197820187,0.104365274310112,0.10392532497644424,0.0078642088919878,5.089968204498291,5.096832275390625,0.02211815118789673,4.462345123291016,4.46124267578125,0.04083452373743057,55.3800048828125,55.3800048828125,0.0,7.7627997398376465,7.760000228881836,0.004489877261221409,67.48999786376953,67.48999786376953,0.0
LC09_L1TP_196028_20220205_20230429_02_T1,LANDSAT_9,20220205,0.014798605814576149,0.014007700607180595,0.00200803205370903,0.003207468194887042,0.002334610791876912,0.00252038286998868,0.0016180227976292372,0.0012387727620080113,0.0011879222001880407,0.08572141826152802,0.08576143532991409,0.00037616636836901307,1.2072330713272095,1.2199549674987793,0.03687846288084984,0.8961271047592163,0.9196064472198486,0.06730260699987411,0.9454753398895264,0.9566305875778198,0.03526826202869415,-0.3771836459636688,-0.3895585536956787,0.03259139135479927,0.585322916507721,0.5991820693016052,0.03446744382381439,0.8961271047592163,0.9196064472198486,0.06730260699987411,0.9454753398895264,0.9566305875778198,0.03526826202869415,5.095276355743408,5.364434242248535,0.6819161772727966,5.526907920837402,5.732091903686523,0.6164208650588989,0.2055041491985321,0.17192956805229187,0.11697088181972504,0.10367769002914429,0.08771829307079315,0.05323532596230507,5.656761646270752,5.651611328125,0.04163498803973198,5.457633018493652,5.451751708984375,0.05041389539837837,131.3468017578125,131.35000610351562,0.004669317044317722,4.202399730682373,4.199999809265137,0.004270929377526045,65.18000793457031,65.18000030517578,7.62939453125e-06,0.013397762551903725,0.013355791568756104,0.00030566914938390255,0.001997636863961816,0.0020033535547554493,0.00023918891383800656,0.0010512846056371927,0.0010016767773777246,0.0001627258025109768,0.0854150801897049,0.0854770690202713,0.0002642036706674844,1.2466284036636353,1.245851755142212,0.0073114908300340176,0.9295157790184021,0.9288141131401062,0.008204149082303047,0.9622854590415955,0.963762104511261,0.005678899120539427,-0.3946189880371094,-0.3931627869606018,0.01075932290405035,0.6063361167907715,0.6075683832168579,0.006919698789715767,0.9295157790184021,0.9288141131401062,0.008204149082303047,0.9622854590415955,0.963762104511261,0.005678899120539427,5.558596134185791,5.558647155761719,0.14037001132965088,5.923210620880127,5.903980255126953,0.15728120505809784,0.14920490980148315,0.15053662657737732,0.018377594649791718,0.07842657715082169,0.07499942928552628,0.011799700558185577,5.438449859619141,5.439117431640625,0.04988870024681091,5.189512729644775,5.198944091796875,0.024714598432183266,110.34358215332031,110.33999633789062,0.024800902232527733,2.6895995140075684,2.690000057220459,0.004454207140952349,65.20999908447266,65.20999908447266,0.0
LC09_L1TP_196028_20220309_20230425_02_T1,LANDSAT_9,20220309,0.02567867562174797,0.02479306235909462,0.002552105113863945,0.007233175449073315,0.006087729707360268,0.0035837721079587936,0.0035206773318350315,0.0028908224776387215,0.002082729944959283,0.08545003831386566,0.08551737666130066,0.0005051904008723795,0.9772453308105469,0.9871370792388916,0.04123043641448021,0.8064082860946655,0.8288720846176147,0.07038451731204987,0.9007336497306824,0.9148723483085632,0.047264739871025085,-0.2527906894683838,-0.25989845395088196,0.019838795065879822,0.4390523433685303,0.44960373640060425,0.026631003245711327,0.8064082860946655,0.8288720846176147,0.07038451731204987,0.9007336497306824,0.9148723483085632,0.047264739871025085,3.3599679470062256,3.4851162433624268,0.3330156207084656,3.7690975666046143,3.8771722316741943,0.31936025619506836,0.27405619621276855,0.24673588573932648,0.09391463547945023,0.1322374939918518,0.11716597527265549,0.05392532795667648,5.771060943603516,5.7576904296875,0.03729135915637016,5.708515644073486,5.693817138671875,0.06365939229726791,134.27439880371094,134.27000427246094,0.004961143713444471,4.099200248718262,4.099999904632568,0.004833183716982603,53.97999954223633,53.97999954223633,0.0,0.02912229858338833,0.029106242582201958,0.00029171069036237895,0.0076662637293338776,0.007659528404474258,0.00016777782002463937,0.003537647193297744,0.003540397621691227,0.00012668955605477095,0.09045928716659546,0.09048467874526978,0.0002643691550474614,0.9477596282958984,0.948571503162384,0.00560129014775157,0.8046156167984009,0.803989589214325,0.0036861691623926163,0.9048314690589905,0.9046311974525452,0.003253368427976966,-0.23892544209957123,-0.2395370453596115,0.0037008891813457012,0.41713201999664307,0.41695156693458557,0.0035752798430621624,0.8046156167984009,0.803989589214325,0.0036861691623926163,0.9048314690589905,0.9046311974525452,0.003253368427976966,3.2134435176849365,3.2066118717193604,0.025726359337568283,3.619689702987671,3.6213395595550537,0.031044136732816696,0.2632564902305603,0.26542460918426514,0.005743921734392643,0.12148067355155945,0.121284119784832,0.004341163672506809,5.673746109008789,5.6612548828125,0.03868003562092781,5.216982364654541,5.209228515625,0.08322207629680634,112.54280090332031,112.53999328613281,0.02705654874444008,2.5927999019622803,2.5899999141693115,0.00448998436331749,54.01959991455078,54.02000045776367,0.001960010500624776
LC09_L1TP_196028_20220325_20230424_02_T1,LANDSAT_9,20220325,0.023954330012202263,0.023059261962771416,0.00308604771271348,0.007722029462456703,0.006469649262726307,0.0035806437954306602,0.00427946075797081,0.0036503018345683813,0.0021341918036341667,0.07963547855615616,0.07966873049736023,0.0007137767388485372,0.9640652537345886,0.9749448299407959,0.052830737084150314,0.7857586145401001,0.8117138743400574,0.06998053193092346,0.8749222755432129,0.8887395858764648,0.04722496122121811,-0.24098369479179382,-0.24672800302505493,0.023020518943667412,0.4486127197742462,0.4564533233642578,0.03250777721405029,0.7857586145401001,0.8117138743400574,0.06998053193092346,0.8749222755432129,0.8887395858764648,0.04722496122121811,3.2772321701049805,3.386840343475342,0.3423721492290497,3.6587252616882324,3.763129711151123,0.33090874552726746,0.3133639991283417,0.2864651679992676,0.0894298106431961,0.17290103435516357,0.1572163850069046,0.05067885294556618,8.929879188537598,8.944488525390625,0.08728142827749252,8.960177421569824,8.967803955078125,0.12239662557840347,135.2667999267578,135.27000427246094,0.004662203136831522,4.170000076293945,4.170000076293945,0.004898975137621164,47.630001068115234,47.630001068115234,0.0,0.02336757630109787,0.023399146273732185,0.00023651684750802815,0.006376749835908413,0.006355799734592438,0.00010851464321603999,0.003321428084746003,0.003356104250997305,0.0001644897274672985,0.08099415153265,0.08097648620605469,0.00018784825806505978,0.9900569915771484,0.9893804788589478,0.006259677466005087,0.8146909475326538,0.814495325088501,0.0026353730354458094,0.8990113139152527,0.8988814353942871,0.004565069451928139,-0.24381162226200104,-0.2438672035932541,0.004049219191074371,0.45538443326950073,0.455678790807724,0.0033736710902303457,0.8146909475326538,0.814495325088501,0.0026353730354458094,0.8990113139152527,0.8988814353942871,0.004565069451928139,3.3917741775512695,3.3884472846984863,0.02669629454612732,3.7802774906158447,3.785953998565674,0.04002653434872627,0.27289924025535583,0.27329936623573303,0.004413520451635122,0.14212307333946228,0.1424902081489563,0.0066051185131073,8.05876350402832,8.06317138671875,0.029755115509033203,7.802454948425293,7.81304931640625,0.04391511529684067,114.09440612792969,114.08999633789062,0.025624660775065422,2.6588001251220703,2.6600000858306885,0.004308127798140049,47.66640090942383,47.66999816894531,0.004799194633960724
LC09_L1TP_196028_20220410_20230422_02_T1,LANDSAT_9,20220410,0.019071051850914955,0.01814461499452591,0.0026530674658715725,0.00809676293283701,0.007311211433261633,0.0019435978028923273,0.005812676157802343,0.0053900121711194515,0.0009461594745516777,0.07777368277311325,0.07774166762828827,0.0005611105589196086,1.0494171380996704,1.061581015586853,0.03446321561932564,0.7601066827774048,0.7762466669082642,0.041916437447071075,0.8209392428398132,0.8302929997444153,0.021366262808442116,-0.2541863024234772,-0.2627580165863037,0.02947372756898403,0.512337327003479,0.5238434076309204,0.03722376003861427,0.7601066827774048,0.7762466669082642,0.041916437447071075,0.8209392428398132,0.8302929997444153,0.021366262808442116,3.3909685611724854,3.4943602085113525,0.31192344427108765,3.686048984527588,3.7859537601470947,0.2823217809200287,0.42069149017333984,0.4014701545238495,0.0459541492164135,0.304362028837204,0.29749611020088196,0.02042175829410553,6.061042308807373,6.068878173828125,0.05112316831946373,5.662729263305664,5.67340087890625,0.07603263109922409,136.3699951171875,136.3699951171875,0.0,4.300000190734863,4.300000190734863,0.004898975137621164,41.45000076293945,41.45000076293945,0.0,0.016861332580447197,0.01676742173731327,0.0003627206606324762,0.006794086191803217,0.00675502372905612,0.0001877118629636243,0.004831250756978989,0.004779246170073748,0.00014381368237081915,0.07530782371759415,0.07499952614307404,0.0008872337639331818,1.1580215692520142,1.1619172096252441,0.011393710039556026,0.7697268724441528,0.7706257104873657,0.009374407120049,0.8306320309638977,0.8308789134025574,0.006788899190723896,-0.25214993953704834,-0.25476202368736267,0.010215435177087784,0.5119274258613586,0.5113903880119324,0.013375750742852688,0.7697268724441528,0.7706257104873657,0.009374407120049,0.8306320309638977,0.8308789134025574,0.006788899190723896,3.404074192047119,3.418344736099243,0.10681954771280289,3.712127447128296,3.7082316875457764,0.11461494863033295,0.40300238132476807,0.4022255837917328,0.010011770762503147,0.28653743863105774,0.28702256083488464,0.006334162782877684,5.411887168884277,5.40362548828125,0.035682372748851776,4.729836463928223,4.7431640625,0.04388827085494995,116.14439392089844,116.13999938964844,0.02281653881072998,2.7839999198913574,2.7799999713897705,0.004898975137621164,41.485599517822266,41.4900016784668,0.004964930005371571
LC09_L1TP_195028_20220419_20230421_02_T1,LANDSAT_9,20220419,,,,,,,,,,,,,,,,,,,,,,,,,,,,,,,,,,,,,,,,,,,,,,,,,,,,,,,,,,,,,,,,,,,,,,,,,,,,,,,,,,,,,,,,,,,,,,,,,,,,,,,,,,,,,,,,,,,,,,,,
LC09_L1TP_196028_20220512_20230417_02_T1,LANDSAT_9,20220512,,,,,,,,,,,,,,,,,,,,,,,,,,,,,,,,,,,,,,,,,,,,,,,,,,,,,,,,,,,,,,,,,,,,,,,,,,,,,,,,,,,,,,,,,,,,,,,,,,,,,,,,,,,,,,,,,,,,,,,,
LC09_L1TP_195028_20220521_20230415_02_T1,LANDSAT_9,20220521,0.021889550611376762,0.02056574635207653,0.0027320096269249916,0.008246676996350288,0.007109999656677246,0.002751207211986184,0.004705105442553759,0.004099248442798853,0.0016574362525716424,0.07834485918283463,0.0783490240573883,0.0007148409495130181,0.9597083926200867,0.9733673930168152,0.033498864620923996,0.7741961479187012,0.7961360216140747,0.05445995181798935,0.8643024563789368,0.8769552707672119,0.036396294832229614,-0.22613650560379028,-0.23813658952713013,0.02786460518836975,0.4904848337173462,0.5064066648483276,0.033916961401700974,0.7741961479187012,0.7961360216140747,0.05445995181798935,0.8643024563789368,0.8769552707672119,0.036396294832229614,3.3225960731506348,3.471130132675171,0.34953391551971436,3.7504186630249023,3.906693458557129,0.345130980014801,0.3693689703941345,0.34572046995162964,0.06391402333974838,0.2106274664402008,0.1967591792345047,0.037709128111600876,17.91679573059082,17.913726806640625,0.04867507144808769,16.89115333557129,16.869415283203125,0.05575293302536011,43.126800537109375,43.12999725341797,0.0046621994115412235,5.995200157165527,6.0,0.004996112547814846,30.28000259399414,30.280000686645508,1.9073486328125e-06,0.02458370290696621,0.024587413296103477,0.00039570595254190266,0.009628250263631344,0.00961713120341301,0.0007132760947570205,0.006213357672095299,0.006280102767050266,0.00029315188294276595,0.07874275743961334,0.07875620573759079,0.0003430280485190451,0.9910193681716919,0.9903030395507812,0.007625955156981945,0.7298954725265503,0.7301691174507141,0.015855154022574425,0.8168334364891052,0.8152801990509033,0.007193997036665678,-0.18074285984039307,-0.1807044893503189,0.004859861917793751,0.42959824204444885,0.4284951686859131,0.004923578817397356,0.7298954725265503,0.7301691174507141,0.015855154022574425,0.8168334364891052,0.8152801990509033,0.007193997036665678,2.838435649871826,2.840137004852295,0.06855378299951553,3.1519806385040283,3.1413464546203613,0.052214886993169785,0.39140036702156067,0.38920435309410095,0.023899052292108536,0.2526339590549469,0.25444334745407104,0.008550425060093403,16.15105628967285,16.142486572265625,0.03949405997991562,15.311258316040039,15.29730224609375,0.05719945207238197,42.20000457763672,42.20000457763672,0.0,7.618399620056152,7.619999885559082,0.00463026762008667,30.340002059936523,30.34000015258789,1.9073486328125e-06
LC09_L1TP_196028_20220528_20230415_02_T1,LANDSAT_9,20220528,0.038278643041849136,0.03717257082462311,0.0048453304916620255,0.027078580111265182,0.025852253660559654,0.004234507214277983,0.02155826985836029,0.020909573882818222,0.002640370512381196,0.08857187628746033,0.08848989009857178,0.0011282536434009671,0.8241317868232727,0.837492823600769,0.055567629635334015,0.48885586857795715,0.49845483899116516,0.04098973423242569,0.5697537064552307,0.574211597442627,0.027139216661453247,-0.12441959232091904,-0.12631870806217194,0.01631769724190235,0.3455834686756134,0.351666122674942,0.03257974982261658,0.48885586857795715,0.49845483899116516,0.04098973423242569,0.5697537064552307,0.574211597442627,0.027139216661453247,1.9639232158660889,1.9887800216674805,0.12200650572776794,2.141111373901367,2.16405987739563,0.11297247558832169,0.7064258456230164,0.6925523281097412,0.0537850596010685,0.5638397336006165,0.5588616728782654,0.031052343547344208,16.60860252380371,16.6060791015625,0.05422460287809372,15.804509162902832,15.796356201171875,0.03431374207139015,143.8332061767578,143.8300018310547,0.006144880782812834,4.073200225830078,4.070000171661377,0.004664645995944738,28.590002059936523,28.59000015258789,1.9073486328125e-06,0.030183518305420876,0.03017440252006054,0.0006962065235711634,0.018120134249329567,0.018255051225423813,0.000583430053666234,0.01471525989472866,0.01485929824411869,0.0004916267353110015,0.0817197635769844,0.08172614127397537,0.00020091733313165605,0.9369301795959473,0.9382636547088623,0.010588918812572956,0.5686098337173462,0.5672326683998108,0.008632049895823002,0.6348695158958435,0.6330223083496094,0.008060593158006668,-0.14568394422531128,-0.1453263908624649,0.005410523619502783,0.37159156799316406,0.3696941137313843,0.007122770883142948,0.5686098337173462,0.5672326683998108,0.008632049895823002,0.6348695158958435,0.6330223083496094,0.008060593158006668,2.202404260635376,2.196913242340088,0.03667522966861725,2.369422197341919,2.359959602355957,0.039542872458696365,0.600249171257019,0.601351261138916,0.009326070547103882,0.48744696378707886,0.4896448254585266,0.00799002218991518,16.544294357299805,16.536651611328125,0.024790124967694283,15.491629600524902,15.48272705078125,0.0632753074169159,122.0663833618164,122.06999206542969,0.027549486607313156,2.567199945449829,2.569999933242798,0.00448998436331749,28.649999618530273,28.649999618530273,0.0
LC09_L1TP_195028_20220606_20230414_02_T1,LANDSAT_9,20220606,,,,,,,,,,,,,,,,,,,,,,,,,,,,,,,,,,,,,,,,,,,,,,,,,,,,,,,,,,,,,,,,,,,,,,,,,,,,,,,,,,,,,,,,,,,,,,,,,,,,,,,,,,,,,,,,,,,,,,,,
LC09_L1TP_196028_20220613_20230412_02_T1,LANDSAT_9,20220613,,,,,,,,,,,,,,,,,,,,,,,,,,,,,,,,,,,,,,,,,,,,,,,,,,,,,,,,,,,,,0.033948659896850586,0.034685615450143814,0.0024473147932440042,0.019016725942492485,0.01991044543683529,0.002458928618580103,0.013892262242734432,0.014414796605706215,0.001959600020200014,0.08538473397493362,0.08555411547422409,0.0005906264414079487,0.8986998200416565,0.885377049446106,0.03244480863213539,0.5761817693710327,0.5619897246360779,0.035948626697063446,0.6717073917388916,0.6615548729896545,0.03293535113334656,-0.1437435746192932,-0.13843584060668945,0.013186757452785969,0.349916011095047,0.34342366456985474,0.0208692979067564,0.5761817693710327,0.5619897246360779,0.035948626697063446,0.6717073917388916,0.6615548729896545,0.03293535113334656,2.195995330810547,2.1430351734161377,0.1394719034433365,2.431126832962036,2.381434202194214,0.1540306657552719,0.5577870011329651,0.5654950141906738,0.035865310579538345,0.4070773422718048,0.4180683493614197,0.031149858608841896,18.840286254882812,18.82977294921875,0.043973423540592194,17.51116943359375,17.507720947265625,0.03323005139827728,137.03759765625,137.04000854492188,0.009912694804370403,2.4212000370025635,2.4200000762939453,0.004308127798140049,27.3799991607666,27.3799991607666,0.0
LC09_L1TP_196028_20220629_20230409_02_T1,LANDSAT_9,20220629,0.018459264189004898,0.01682097278535366,0.003281958634033799,0.0068277292884886265,0.005305941682308912,0.005090994294732809,0.00413095485419035,0.003228717716410756,0.002795764012262225,0.08151736110448837,0.08133899420499802,0.0012825370067730546,1.071630835533142,1.096353530883789,0.0495033785700798,0.8081104755401611,0.8374266028404236,0.09381072223186493,0.877413809299469,0.8977843523025513,0.06081594154238701,-0.2772650122642517,-0.2935039699077606,0.03673131391406059,0.5378555059432983,0.5605883002281189,0.04494933784008026,0.8081104755401611,0.8374266028404236,0.09381072223186493,0.877413809299469,0.8977843523025513,0.06081594154238701,3.8596200942993164,4.092669486999512,0.5572896003723145,4.266342639923096,4.529877662658691,0.547758936882019,0.3491457998752594,0.3090418577194214,0.1458166390657425,0.2125014066696167,0.1913156658411026,0.07796696573495865,20.481157302856445,20.477569580078125,0.01848764345049858,19.116506576538086,19.11724853515625,0.04023510217666626,147.94000244140625,147.94000244140625,0.0,4.222799777984619,4.21999979019165,0.00449009146541357,27.649999618530273,27.649999618530273,0.0,0.015299949795007706,0.015250248834490776,0.00020667247008532286,0.0040712482295930386,0.00406672665849328,0.00011305585212539881,0.002362316008657217,0.0023496609646826982,9.128862438956276e-05,0.07527884840965271,0.07527974992990494,0.0001346864301012829,1.1285724639892578,1.1283804178237915,0.0032725203782320023,0.8585709929466248,0.8587682843208313,0.003578380448743701,0.9154270887374878,0.9156531691551208,0.0030949932988733053,-0.3064252734184265,-0.3065844178199768,0.006688316352665424,0.5552371740341187,0.5556286573410034,0.004528455436229706,0.8585709929466248,0.8587682843208313,0.003578380448743701,0.9154270887374878,0.9156531691551208,0.0030949932988733053,4.250180244445801,4.236323356628418,0.05731143057346344,4.661599636077881,4.6773810386657715,0.06958144903182983,0.2661137878894806,0.26521700620651245,0.007194011937826872,0.1543872207403183,0.15362292528152466,0.005205100867897272,19.592247009277344,19.580780029296875,0.06030301749706268,18.22138786315918,18.235076904296875,0.11564027518033981,127.29721069335938,127.30000305175781,0.02474135160446167,2.711199998855591,2.7100000381469727,0.004308127798140049,27.71999740600586,27.719999313354492,1.9073486328125e-06
LC09_L1TP_195028_20220708_20230408_02_T1,LANDSAT_9,20220708,0.020971886813640594,0.019929159432649612,0.003875521244481206,0.011174071580171585,0.010308182798326015,0.002827896736562252,0.008359248749911785,0.008040382526814938,0.0015409640036523342,0.08235187828540802,0.082156240940094,0.0017117825336754322,1.0510677099227905,1.0646108388900757,0.043654024600982666,0.6992766857147217,0.7138315439224243,0.051432397216558456,0.7649659514427185,0.7714844346046448,0.029279304668307304,-0.23517586290836334,-0.24216032028198242,0.03470415249466896,0.49984171986579895,0.5116667747497559,0.048101942986249924,0.6992766857147217,0.7138315439224243,0.051432397216558456,0.7649659514427185,0.7714844346046448,0.029279304668307304,3.047370672225952,3.1469240188598633,0.32351142168045044,3.322935104370117,3.395021915435791,0.3001668155193329,0.5292304754257202,0.5047844648361206,0.061119064688682556,0.39908501505851746,0.3878786861896515,0.031163839623332024,19.617563247680664,19.622955322265625,0.05326012894511223,18.958141326904297,18.97979736328125,0.07990743964910507,27.575603485107422,27.580001831054688,0.004961142782121897,6.306000232696533,6.309999942779541,0.004898857790976763,29.18000030517578,29.18000030517578,0.0,0.018598558381199837,0.01831885054707527,0.0007786892238073051,0.009213987737894058,0.00914795882999897,0.0006327015580609441,0.007068001199513674,0.006992802489548922,0.0004817775043193251,0.07543698698282242,0.07544203102588654,0.0004703056183643639,1.0800586938858032,1.080193042755127,0.010962669737637043,0.7140834331512451,0.7162162661552429,0.014224676415324211,0.7731013298034668,0.7744917273521423,0.011488182470202446,-0.2513781785964966,-0.24988414347171783,0.010728984139859676,0.49602845311164856,0.49700233340263367,0.01179899275302887,0.7140834331512451,0.7162162661552429,0.014224676415324211,0.7731013298034668,0.7744917273521423,0.011488182470202446,3.1063623428344727,3.1161835193634033,0.10813887417316437,3.3656744956970215,3.3881826400756836,0.1114567369222641,0.4950428903102875,0.4969097077846527,0.018979383632540703,0.37973639369010925,0.3837772011756897,0.013856029137969017,20.087909698486328,20.08331298828125,0.02809145487844944,19.210988998413086,19.205718994140625,0.0373726449906826,36.67439651489258,36.66999816894531,0.004961142782121897,7.8896002769470215,7.889999866485596,0.004454189911484718,29.270000457763672,29.270000457763672,0.0
LC09_L1TP_196028_20220715_20230407_02_T1,LANDSAT_9,20220715,0.01590353436768055,0.014517057687044144,0.0043599046766757965,0.005028597079217434,0.003813019720837474,0.0034036668948829174,0.002855631522834301,0.0022510578855872154,0.0018112373072654009,0.08121425658464432,0.08098087459802628,0.0016234525246545672,1.111628770828247,1.1297767162322998,0.061217036098241806,0.8516849279403687,0.8787880539894104,0.07114606350660324,0.9120321869850159,0.9266194105148315,0.04168349504470825,-0.3010132312774658,-0.3196544945240021,0.04704388603568077,0.5864205360412598,0.6056163907051086,0.059082213789224625,0.8516849279403687,0.8787880539894104,0.07114606350660324,0.9120321869850159,0.9266194105148315,0.04168349504470825,4.48267936706543,4.763161659240723,0.6769790053367615,4.952430725097656,5.22145938873291,0.6641039848327637,0.3020336627960205,0.26265788078308105,0.10935232788324356,0.17200122773647308,0.15679961442947388,0.0521460622549057,22.1472110748291,22.1455078125,0.0894671306014061,20.87824058532715,20.869964599609375,0.06517332047224045,147.58880615234375,147.58999633789062,0.0032494987826794386,3.8824002742767334,3.880000114440918,0.0042708273977041245,29.459999084472656,29.459999084472656,0.0,0.030398419126868248,0.03116891346871853,0.0021098838187754154,0.018432866781949997,0.019216228276491165,0.002101892838254571,0.013991066254675388,0.014596059918403625,0.001732080476358533,0.08156140148639679,0.08171495795249939,0.0007970971637405455,0.9040266275405884,0.8985570073127747,0.02938229963183403,0.572420060634613,0.5597682595252991,0.03186178207397461,0.6578946113586426,0.6465998888015747,0.029987027868628502,-0.15799923241138458,-0.153228297829628,0.013905823230743408,0.3797904849052429,0.37158340215682983,0.020563844591379166,0.572420060634613,0.5597682595252991,0.03186178207397461,0.6578946113586426,0.6465998888015747,0.029987027868628502,2.248922824859619,2.1933000087738037,0.13608106970787048,2.474259376525879,2.414487361907959,0.1530938744544983,0.6044784784317017,0.6143066883087158,0.032861366868019104,0.4584561884403229,0.46824216842651367,0.03015826642513275,20.660194396972656,20.65887451171875,0.053754616528749466,19.29539680480957,19.294189453125,0.03401182219386101,150.88999938964844,150.8900146484375,0.01385672576725483,2.266400098800659,2.2699999809265137,0.004799995571374893,29.53000259399414,29.530000686645508,1.9073486328125e-06
LC09_L1TP_195028_20220724_20230406_02_T1,LANDSAT_9,20220724,0.01994708739221096,0.01874443143606186,0.0029990868642926216,0.005876072216778994,0.004556911997497082,0.0031798032578080893,0.0029305166099220514,0.0023254372645169497,0.0015604691579937935,0.0901433676481247,0.08991693705320358,0.0007602883852086961,1.0391621589660645,1.0537084341049194,0.031866829842329025,0.8503670692443848,0.8775254487991333,0.06241132318973541,0.9218733906745911,0.9360315799713135,0.03479413315653801,-0.2654975950717926,-0.27707594633102417,0.032405786216259,0.561850905418396,0.5777955651283264,0.03967420756816864,0.8503670692443848,0.8775254487991333,0.06241132318973541,0.9218733906745911,0.9360315799713135,0.03479413315653801,4.178479194641113,4.432187557220459,0.5388792753219604,4.677720069885254,4.887277126312256,0.5158807039260864,0.2850254774093628,0.24806201457977295,0.10029254108667374,0.14240019023418427,0.12405028194189072,0.04996973276138306,22.59036636352539,22.5928955078125,0.032701630145311356,21.34994125366211,21.333038330078125,0.0724506601691246,29.56200408935547,29.56000518798828,0.0040019238367676735,6.320799350738525,6.320000171661377,0.004833183716982603,31.6299991607666,31.6299991607666,0.0,0.02025955356657505,0.020288702100515366,0.0002910848124884069,0.006983261089771986,0.007076357491314411,0.000287737901089713,0.004481848329305649,0.004490310791879892,0.00022042664932087064,0.08222310990095139,0.08222451061010361,0.0001750894880387932,1.053345799446106,1.054018497467041,0.004784941207617521,0.7971039414405823,0.7951685786247253,0.007388777565211058,0.8648765683174133,0.864874541759491,0.005959869362413883,-0.25102999806404114,-0.2513042688369751,0.004203190561383963,0.5064869523048401,0.5064488649368286,0.004742331337183714,0.7971039414405823,0.7951685786247253,0.007388777565211058,0.8648765683174133,0.864874541759491,0.005959869362413883,3.513185739517212,3.5038418769836426,0.057740218937397,3.868328809738159,3.871917963027954,0.060778696089982986,0.3446181118488312,0.34628555178642273,0.011437535285949707,0.22114412486553192,0.2213207483291626,0.0086465859785676,22.336196899414062,22.337860107421875,0.024052510038018227,21.251943588256836,21.251953125,0.06316089630126953,38.660003662109375,38.660003662109375,0.0,7.904399394989014,7.900000095367432,0.004963746294379234,31.709999084472656,31.709999084472656,0.0
LC09_L1TP_196028_20220731_20230405_02_T1,LANDSAT_9,20220731,0.01638399064540863,0.015400270000100136,0.002247081371024251,0.005188703536987305,0.004122528713196516,0.002463077660650015,0.002968220505863428,0.00251142424531281,0.0013747102348133922,0.0793052464723587,0.07918109744787216,0.0006783516146242619,1.0364621877670288,1.0483500957489014,0.03719354048371315,0.8480595350265503,0.8727006316184998,0.055638305842876434,0.9096439480781555,0.9213067889213562,0.03399152681231499,-0.3109753131866455,-0.3252120018005371,0.027971573173999786,0.5813709497451782,0.5970333218574524,0.033547647297382355,0.8480595350265503,0.8727006316184998,0.055638305842876434,0.9096439480781555,0.9213067889213562,0.03399152681231499,4.405971050262451,4.650546073913574,0.5455108880996704,4.874439716339111,5.087303161621094,0.5077383518218994,0.306453138589859,0.2738461494445801,0.08976354449987411,0.17612379789352417,0.15963827073574066,0.05160035938024521,20.75591278076172,20.748016357421875,0.04753882810473442,19.06753158569336,19.050079345703125,0.042537275701761246,144.71279907226562,144.7100067138672,0.00601261667907238,4.096800327301025,4.099999904632568,0.004664645995944738,32.41999816894531,32.41999816894531,0.0,0.01613411121070385,0.01612178608775139,0.00019678082026075572,0.0041091530583798885,0.004101569298654795,0.00012980838073417544,0.0024230044800788164,0.00239455234259367,0.00011380015348549932,0.07831631600856781,0.07827364653348923,0.0002037274680333212,1.1053564548492432,1.1046743392944336,0.0041947453282773495,0.8653466701507568,0.8657875061035156,0.0038897227495908737,0.9183502197265625,0.9192324876785278,0.0035453091841191053,-0.3024213910102844,-0.30239686369895935,0.004696185700595379,0.5583055019378662,0.5588712096214294,0.003748284187167883,0.8653466701507568,0.8657875061035156,0.0038897227495908737,0.9183502197265625,0.9192324876785278,0.0035453091841191053,4.300495624542236,4.29302453994751,0.052038222551345825,4.691316604614258,4.693094730377197,0.05808204039931297,0.25467556715011597,0.25358131527900696,0.0070436554960906506,0.1501551866531372,0.14999991655349731,0.006251915358006954,20.681602478027344,20.67559814453125,0.02992567978799343,18.645416259765625,18.658538818359375,0.05478020757436752,123.09441375732422,123.08999633789062,0.026696350425481796,2.5911998748779297,2.5899999141693115,0.004308127798140049,32.47999954223633,32.47999954223633,0.0
LC09_L1TP_195028_20220809_20230403_02_T1,LANDSAT_9,20220809,0.01674908585846424,0.015430724248290062,0.0033848024904727936,0.004858546424657106,0.003668159246444702,0.0028211420867592096,0.002541273832321167,0.0018585262587293983,0.0018252729205414653,0.08696103096008301,0.08697210252285004,0.0007042938377708197,1.042320966720581,1.0607627630233765,0.04982466250658035,0.8726321458816528,0.8978201746940613,0.05722472444176674,0.9314271807670593,0.9470939040184021,0.03967960923910141,-0.33041828870773315,-0.34789392352104187,0.03994574025273323,0.6135227680206299,0.6319627165794373,0.04739677906036377,0.8726321458816528,0.8978201746940613,0.05722472444176674,0.9314271807670593,0.9470939040184021,0.03967960923910141,4.923214912414551,5.283872127532959,0.7062259316444397,5.485065937042236,5.84539270401001,0.727100670337677,0.27650272846221924,0.24012590944766998,0.08161686360836029,0.1425172984600067,0.1216428279876709,0.055279139429330826,21.283798217773438,21.29522705078125,0.041050024330616,20.52423095703125,20.510986328125,0.11856863647699356,38.15959548950195,38.159996032714844,0.001960010500624776,6.177199840545654,6.179999828338623,0.004489877726882696,35.12879943847656,35.130001068115234,0.003250309731811285,0.01599029265344143,0.015956036746501923,0.00016812997637316585,0.004411889240145683,0.004380564671009779,0.00014821835793554783,0.00276636122725904,0.0028143248055130243,0.00016372512618545443,0.08402517437934875,0.08418522775173187,0.0004784471821039915,1.055227279663086,1.0536248683929443,0.008543668314814568,0.8715678453445435,0.8726433515548706,0.00455333711579442,0.9174897074699402,0.9165156483650208,0.005046961363404989,-0.3365929424762726,-0.3380638659000397,0.0055361283011734486,0.6016595363616943,0.6034116148948669,0.0052433623932302,0.8715678453445435,0.8726433515548706,0.00455333711579442,0.9174897074699402,0.9165156483650208,0.005046961363404989,4.731671333312988,4.759037494659424,0.08444081246852875,5.147153377532959,5.1575541496276855,0.10339472442865372,0.27588337659835815,0.2749614715576172,0.007883039303123951,0.17295674979686737,0.1734536737203598,0.009303790517151356,20.98553466796875,20.981658935546875,0.07252746820449829,20.493335723876953,20.4898681640625,0.07223424315452576,42.387996673583984,42.38999938964844,0.003997804597020149,7.7808003425598145,7.78000020980835,0.004833183716982603,35.189998626708984,35.189998626708984,0.0
LC09_L1TP_196028_20220816_20230402_02_T1,LANDSAT_9,20220816,0.015461411327123642,0.014455953612923622,0.0024330406449735165,0.004587152972817421,0.003576731076464057,0.0020378364715725183,0.00255139684304595,0.0020119049586355686,0.0011026582214981318,0.07535626739263535,0.07526039332151413,0.0006937681464478374,1.0577709674835205,1.0759170055389404,0.04110783338546753,0.8542013764381409,0.8813350200653076,0.052601881325244904,0.9157534837722778,0.9309170246124268,0.03105631284415722,-0.3203330338001251,-0.3333333134651184,0.032183557748794556,0.5758494734764099,0.5917221903800964,0.0389084629714489,0.8542013764381409,0.8813350200653076,0.052601881325244904,0.9157534837722778,0.9309170246124268,0.03105631284415722,4.452024459838867,4.744884967803955,0.5568259954452515,4.92440938949585,5.177713871002197,0.5333468914031982,0.28860530257225037,0.24780261516571045,0.0848148912191391,0.1607237607240677,0.14235460758209229,0.04573136568069458,20.828052520751953,20.84820556640625,0.0462154746055603,19.714679718017578,19.711181640625,0.060495875775814056,140.58999633789062,140.58999633789062,0.0,4.1591997146606445,4.159999847412109,0.004833183716982603,36.369998931884766,36.369998931884766,0.0,0.014200801961123943,0.014167005196213722,0.00013354614202398807,0.0033990824595093727,0.0033801959361881018,0.00013887953537050635,0.0019515635212883353,0.0019883483182638884,0.00013210135512053967,0.07281840592622757,0.07284822314977646,0.00019003389752469957,1.1233009099960327,1.1232266426086426,0.00410338444635272,0.8774545788764954,0.8779723048210144,0.004736272618174553,0.9277610182762146,0.9265382289886475,0.004719506949186325,-0.32380589842796326,-0.32344210147857666,0.0051633152179419994,0.5714420080184937,0.5722371339797974,0.0032555172219872475,0.8774545788764954,0.8779723048210144,0.004736272618174553,0.9277610182762146,0.9265382289886475,0.004719506949186325,4.5388875007629395,4.53737735748291,0.057500313967466354,4.945592880249023,4.9493865966796875,0.05828406661748886,0.23936375975608826,0.23985892534255981,0.009615683928132057,0.1374351531267166,0.13793085515499115,0.009338797070086002,20.935415267944336,20.94000244140625,0.030903780832886696,19.562780380249023,19.55914306640625,0.052172865718603134,119.41400146484375,119.41000366210938,0.026231171563267708,2.650400161743164,2.6500000953674316,0.004454207606613636,36.41999816894531,36.41999816894531,0.0
LC09_L1TP_195028_20220825_20230401_02_T1,LANDSAT_9,20220825,0.018249772489070892,0.01692289113998413,0.0031744418665766716,0.005505506880581379,0.004327905364334583,0.0031665193382650614,0.0030611467082053423,0.0024360644165426493,0.0016320387367159128,0.08245465904474258,0.08228206634521484,0.000872356235049665,1.0692386627197266,1.0842722654342651,0.03687755763530731,0.8407211303710938,0.8673593997955322,0.06870817393064499,0.9072782397270203,0.9231399297714233,0.03984254226088524,-0.29153013229370117,-0.3059313893318176,0.03674076125025749,0.5454345941543579,0.5632954239845276,0.04453590512275696,0.8407211303710938,0.8673593997955322,0.06870817393064499,0.9072782397270203,0.9231399297714233,0.03984254226088524,4.113976001739502,4.340632915496826,0.5421397686004639,4.54587459564209,4.799732685089111,0.5167375206947327,0.2908772826194763,0.2516639828681946,0.10320312529802322,0.16241522133350372,0.14307446777820587,0.05183708667755127,20.351228713989258,20.3406982421875,0.0395687073469162,18.920621871948242,18.921722412109375,0.03720451518893242,37.72240447998047,37.720001220703125,0.006498872768133879,6.236799716949463,6.239999771118164,0.004664645995944738,39.4900016784668,39.4900016784668,0.0,0.03565230220556259,0.0355350635945797,0.0008416741038672626,0.020796053111553192,0.02098384127020836,0.0007305966573767364,0.015579399652779102,0.015459049493074417,0.0005823007086291909,0.08488783985376358,0.08489508926868439,0.0004598145023919642,0.9015617966651917,0.8983767628669739,0.013529814779758453,0.5423638224601746,0.5412533283233643,0.009841525927186012,0.636286199092865,0.6361415982246399,0.008878396824002266,-0.10687163472175598,-0.1068931445479393,0.0059197223745286465,0.3255841135978699,0.3264044523239136,0.008024719543755054,0.5423638224601746,0.5412533283233643,0.009841525927186012,0.636286199092865,0.6361415982246399,0.008878396824002266,2.0244438648223877,2.0208628177642822,0.02773336134850979,2.2307024002075195,2.237999200820923,0.0340707004070282,0.5834043622016907,0.5848642587661743,0.018800416961312294,0.43698614835739136,0.4379133880138397,0.012821092270314693,17.308731079101562,17.329376220703125,0.13305780291557312,14.876323699951172,14.824676513671875,0.18035079538822174,47.0,47.0,0.0,7.820000171661377,7.820000171661377,0.004898975137621164,39.54999923706055,39.54999923706055,0.0
LC09_L1TP_196028_20220901_20230331_02_T1,LANDSAT_9,20220901,0.035787858068943024,0.035825036466121674,0.0009595174924470484,0.016364259645342827,0.01651829108595848,0.0008254663553088903,0.011371593922376633,0.011366279795765877,0.00039937556721270084,0.097702257335186,0.0981537252664566,0.0006093036499805748,0.880017876625061,0.8775886297225952,0.009342831559479237,0.6678553819656372,0.6661315560340881,0.011886904016137123,0.7567940950393677,0.7583287954330444,0.006194761022925377,-0.18258671462535858,-0.18514055013656616,0.006067657843232155,0.3930548429489136,0.39547401666641235,0.009191524237394333,0.6678553819656372,0.6661315560340881,0.011886904016137123,0.7567940950393677,0.7583287954330444,0.006194761022925377,2.5693116188049316,2.572732448577881,0.06141721084713936,2.8405604362487793,2.8565008640289307,0.05487852171063423,0.45697659254074097,0.45768946409225464,0.011294753290712833,0.317680299282074,0.31727197766304016,0.002674951683729887,17.755908966064453,17.77081298828125,0.040238793939352036,16.021076202392578,16.043609619140625,0.06365741789340973,136.07000732421875,136.07000732421875,0.0,4.059999942779541,4.059999942779541,0.0,41.13999938964844,41.13999938964844,0.0,0.02223837375640869,0.022002406418323517,0.000853726000059396,0.007335195317864418,0.00696210702881217,0.000856935337651521,0.004562040790915489,0.004278245847672224,0.0007719058194197714,0.08247768133878708,0.08248245716094971,0.00020586320897564292,1.0265874862670898,1.032292366027832,0.016045987606048584,0.7898558974266052,0.798771321773529,0.0195007361471653,0.8640381097793579,0.871354341506958,0.01977328211069107,-0.2464279681444168,-0.2482978105545044,0.0075948708690702915,0.4742788076400757,0.4757404923439026,0.010372497141361237,0.7898558974266052,0.798771321773529,0.0195007361471653,0.8640381097793579,0.871354341506958,0.01977328211069107,3.358562707901001,3.3994529247283936,0.13298456370830536,3.707169771194458,3.7452170848846436,0.15784865617752075,0.32894307374954224,0.31925466656684875,0.025712192058563232,0.20418785512447357,0.19350966811180115,0.026502186432480812,18.949926376342773,18.954315185546875,0.016963116824626923,17.357650756835938,17.346893310546875,0.04662720486521721,114.05680847167969,114.05999755859375,0.024932347238063812,2.5504000186920166,2.549999952316284,0.004454207606613636,41.18000030517578,41.18000030517578,0.0
LC09_L1TP_196028_20221019_20230325_02_T1,LANDSAT_9,20221019,,,,,,,,,,,,,,,,,,,,,,,,,,,,,,,,,,,,,,,,,,,,,,,,,,,,,,,,,,,,,0.036899667233228683,0.031061841174960136,0.011718430556356907,0.018986079841852188,0.013500244356691837,0.01104285940527916,0.011669622734189034,0.008085103705525398,0.00704185850918293,0.08956191688776016,0.08850372582674026,0.0022980954963713884,0.8671174645423889,0.9089136123657227,0.08477964252233505,0.6239391565322876,0.6861186623573303,0.1329140067100525,0.7490440607070923,0.8004640936851501,0.1022404134273529,-0.16527517139911652,-0.19113314151763916,0.06521797180175781,0.35917553305625916,0.39809396862983704,0.08705710619688034,0.6239391565322876,0.6861186623573303,0.1329140067100525,0.7490440607070923,0.8004640936851501,0.1022404134273529,2.4581756591796875,2.64966082572937,0.530735969543457,2.8010103702545166,3.028183937072754,0.5675621032714844,0.4807896912097931,0.43462473154067993,0.10841638594865799,0.2937444746494293,0.26029056310653687,0.07249808311462402,14.753612518310547,14.754180908203125,0.035016585141420364,14.097796440124512,14.102874755859375,0.022808972746133804,103.57361602783203,103.57000732421875,0.022785646840929985,2.6247997283935547,2.619999885559082,0.004996112547814846,57.869998931884766,57.869998931884766,0.0
LC09_L1TP_196028_20221120_20230321_02_T1,LANDSAT_9,20221120,0.016681663691997528,0.016192255541682243,0.002365521853789687,0.0036966162733733654,0.0030718259513378143,0.0018247478874400258,0.001745212241075933,0.0015098839066922665,0.0008659866871312261,0.0906839594244957,0.09069747477769852,0.0004906349931843579,1.1659419536590576,1.172168493270874,0.02990286983549595,0.8877590894699097,0.9035952091217041,0.04501689597964287,0.9451042413711548,0.9515052437782288,0.023396823555231094,-0.3777008354663849,-0.38109442591667175,0.03127067908644676,0.5717270970344543,0.5771584510803223,0.03438936918973923,0.8877590894699097,0.9035952091217041,0.04501689597964287,0.9451042413711548,0.9515052437782288,0.023396823555231094,4.895125865936279,5.054500102996826,0.5307022929191589,5.380080699920654,5.5252299308776855,0.4795849621295929,0.21470172703266144,0.18654382228851318,0.06447598338127136,0.10157567262649536,0.09246508777141571,0.03123236820101738,10.547868728637695,10.555816650390625,0.03554614260792732,9.621557235717773,9.6217041015625,0.05485398694872856,123.20121002197266,123.20001220703125,0.0032478307839483023,4.103600025177002,4.099999904632568,0.004800109658390284,67.41000366210938,67.41000366210938,0.0,0.015244666486978531,0.015255071222782135,0.0002139093412552029,0.0023658298887312412,0.00239499076269567,0.0002267475356347859,0.0011495909420773387,0.001197495381347835,0.00026091738254763186,0.09269575029611588,0.0927019864320755,0.00025784410536289215,1.1951442956924438,1.1966843605041504,0.006958731450140476,0.9258716702461243,0.9255062937736511,0.006906379945576191,0.9633024334907532,0.9617623686790466,0.00821676105260849,-0.39929282665252686,-0.3991771936416626,0.006273195613175631,0.6024668216705322,0.6021650433540344,0.004307047929614782,0.9258716702461243,0.9255062937736511,0.006906379945576191,0.9633024334907532,0.9617623686790466,0.00821676105260849,5.506931304931641,5.489616394042969,0.0788046270608902,5.9171576499938965,5.9047651290893555,0.13266520202159882,0.15528209507465363,0.15410847961902618,0.01565583422780037,0.07538429647684097,0.07849818468093872,0.017010439187288284,10.362824440002441,10.3504638671875,0.044088494032621384,9.369938850402832,9.36785888671875,0.03322823345661163,101.4511947631836,101.45001220703125,0.027174612507224083,2.595599889755249,2.5999999046325684,0.0049638645723462105,67.41000366210938,67.41000366210938,0.0
LC09_L1TP_196028_20221206_20230318_02_T1,LANDSAT_9,20221206,,,,,,,,,,,,,,,,,,,,,,,,,,,,,,,,,,,,,,,,,,,,,,,,,,,,,,,,,,,,,,,,,,,,,,,,,,,,,,,,,,,,,,,,,,,,,,,,,,,,,,,,,,,,,,,,,,,,,,,,
LC09_L1TP_196028_20230107_20230314_02_T1,LANDSAT_9,20230107,0.01922791451215744,0.018797896802425385,0.0023438683710992336,0.004361594561487436,0.0036244122311472893,0.0022553822491317987,0.0020419564098119736,0.0016586259007453918,0.0011350305285304785,0.09544791281223297,0.09543316066265106,0.0005987027543596923,1.1426670551300049,1.1510915756225586,0.03722132369875908,0.8774111270904541,0.8941709995269775,0.05049021542072296,0.9404033422470093,0.9498611092567444,0.02837897278368473,-0.3458068370819092,-0.3496282994747162,0.02472628653049469,0.5466007590293884,0.5509905815124512,0.03052174672484398,0.8774111270904541,0.8941709995269775,0.05049021542072296,0.9404033422470093,0.9498611092567444,0.02837897278368473,4.5226521492004395,4.642078876495361,0.451727956533432,4.988142013549805,5.096100330352783,0.41334161162376404,0.22038275003433228,0.19867517054080963,0.07507918775081635,0.10300468653440475,0.0912156030535698,0.03883412107825279,7.366254806518555,7.382843017578125,0.051772989332675934,7.098809719085693,7.078369140625,0.060698527842760086,127.58999633789062,127.58999633789062,0.0,4.160799980163574,4.159999847412109,0.0048332433216273785,71.0,71.0,0.0,0.019038526341319084,0.01899181492626667,0.00034474977292120457,0.003341072704643011,0.0033804108388721943,0.00027259200578555465,0.0014972080243751407,0.001475081779062748,0.00019348795467521995,0.09662844985723495,0.09658786654472351,0.0005125895258970559,1.146915078163147,1.147676944732666,0.007184529211372137,0.9035969376564026,0.902396023273468,0.007431437727063894,0.9556122422218323,0.9560443162918091,0.005660262890160084,-0.35085219144821167,-0.35152170062065125,0.008927282877266407,0.5519838929176331,0.5529753565788269,0.006657648831605911,0.9035969376564026,0.902396023273468,0.007431437727063894,0.9556122422218323,0.9560443162918091,0.005660262890160084,4.7188334465026855,4.71312141418457,0.09410937130451202,5.142475605010986,5.149707794189453,0.10307615250349045,0.17554114758968353,0.17973805963993073,0.014573439955711365,0.07866747677326202,0.07692252844572067,0.010395633056759834,7.320733547210693,7.316436767578125,0.03702068328857422,6.964703559875488,6.9571533203125,0.03407582268118858,106.2560043334961,106.260009765625,0.026230191811919212,2.651200294494629,2.6500000953674316,0.004308127798140049,71.01000213623047,71.01000213623047,0.0
LC09_L1TP_195028_20230201_20230311_02_T1,LANDSAT_9,20230201,,,,,,,,,,,,,,,,,,,,,,,,,,,,,,,,,,,,,,,,,,,,,,,,,,,,,,,,,,,,,0.032782182097435,0.028711799532175064,0.011200377717614174,0.02245810441672802,0.01963157020509243,0.014678926207125187,0.02105802297592163,0.019022826105356216,0.01566397398710251,0.10932199656963348,0.10873457789421082,0.001635340740904212,1.042670726776123,1.0619404315948486,0.09454990178346634,0.5972407460212708,0.596010148525238,0.17543116211891174,0.6243346333503723,0.6091717481613159,0.19099284708499908,-0.2400025874376297,-0.2672871947288513,0.07816542685031891,0.4343981444835663,0.4652811288833618,0.09337124973535538,0.5972407460212708,0.596010148525238,0.17543116211891174,0.6243346333503723,0.6091717481613159,0.19099284708499908,2.7347118854522705,2.581855297088623,0.8355644941329956,2.8611104488372803,2.712583303451538,0.9368855357170105,0.6300100088119507,0.6600788831710815,0.2257254272699356,0.5744639039039612,0.6360724568367004,0.24730350077152252,4.177825927734375,4.128021240234375,0.1543370932340622,3.2093443870544434,3.1943359375,0.19221225380897522,55.06999588012695,55.06999969482422,3.814697265625e-06,7.593599796295166,7.590000152587891,0.0047998810186982155,66.77999877929688,66.77999877929688,0.0
LC09_L1TP_196028_20230208_20230310_02_T1,LANDSAT_9,20230208,,,,,,,,,,,,,,,,,,,,,,,,,,,,,,,,,,,,,,,,,,,,,,,,,,,,,,,,,,,,,,,,,,,,,,,,,,,,,,,,,,,,,,,,,,,,,,,,,,,,,,,,,,,,,,,,,,,,,,,,
LC09_L1TP_196028_20230224_20230308_02_T1,LANDSAT_9,20230224,0.03572084754705429,0.03506536781787872,0.0019263012800365686,0.01674749329686165,0.016115311533212662,0.0025339596904814243,0.010141377337276936,0.009785679168999195,0.0014057280495762825,0.08352624624967575,0.08346954733133316,0.0003413247177377343,0.8557870388031006,0.8599967956542969,0.025447307154536247,0.6157411336898804,0.6236903071403503,0.035527899861335754,0.7479032874107361,0.753680408000946,0.023177316412329674,-0.15522843599319458,-0.1569085568189621,0.009694777429103851,0.32502463459968567,0.3298895061016083,0.015114860609173775,0.6157411336898804,0.6236903071403503,0.035527899861335754,0.7479032874107361,0.753680408000946,0.023177316412329674,2.2744433879852295,2.3049066066741943,0.10734724253416061,2.5987677574157715,2.6255433559417725,0.09868157655000687,0.46688300371170044,0.45787137746810913,0.04131579399108887,0.2829626202583313,0.27926966547966003,0.02276526391506195,6.614009857177734,6.61505126953125,0.01289138849824667,6.218422889709473,6.223876953125,0.042592745274305344,133.1088104248047,133.11000061035156,0.003247843123972416,4.212800025939941,4.210000038146973,0.004489877726882696,59.0,59.0,0.0,0.03719159960746765,0.037311311811208725,0.00038427041727118194,0.01605474203824997,0.016051633283495903,0.0002220248570665717,0.009514378383755684,0.009483285248279572,0.00019292582874186337,0.08638345450162888,0.0863601416349411,0.00023698864970356226,0.8651975989341736,0.8649997711181641,0.004953865427523851,0.6342342495918274,0.6342001557350159,0.0038566391449421644,0.7657912969589233,0.7665072679519653,0.004201503004878759,-0.14982353150844574,-0.15015411376953125,0.0045662084594368935,0.31710681319236755,0.3166903853416443,0.004264905117452145,0.6342342495918274,0.6342001557350159,0.0038566391449421644,0.7657912969589233,0.7665072679519653,0.004201503004878759,2.2919774055480957,2.287382125854492,0.02052038162946701,2.6129233837127686,2.613278865814209,0.0238127913326025,0.43167534470558167,0.431249737739563,0.003811608301475644,0.2558293640613556,0.2554064691066742,0.004959417507052422,6.161063194274902,6.15850830078125,0.019925972446799278,5.582197189331055,5.581390380859375,0.025202173739671707,112.19440460205078,112.19000244140625,0.025624658912420273,2.7004001140594482,2.700000047683716,0.004454207606613636,59.029998779296875,59.029998779296875,0.0
LC09_L1TP_195028_20230305_20230307_02_T1,LANDSAT_9,20230305,,,,,,,,,,,,,,,,,,,,,,,,,,,,,,,,,,,,,,,,,,,,,,,,,,,,,,,,,,,,,0.034399162977933884,0.03444221615791321,0.0005681790644302964,0.011878252029418945,0.011875385418534279,0.00028968171682208776,0.00614792900159955,0.00617088470607996,0.0002318198385182768,0.09756474196910858,0.09760421514511108,0.0003357580571901053,0.9408103823661804,0.9390365481376648,0.006583231966942549,0.7307571172714233,0.7307381629943848,0.004594010766595602,0.8509758710861206,0.8504593372344971,0.004703288897871971,-0.20748983323574066,-0.20792081952095032,0.004804213065654039,0.3788062334060669,0.3785092532634735,0.005114853847771883,0.7307571172714233,0.7307381629943848,0.004594010766595602,0.8509758710861206,0.8504593372344971,0.004703288897871971,2.7827816009521484,2.784496307373047,0.03420867398381233,3.1760942935943604,3.1725356578826904,0.04016637057065964,0.3452802896499634,0.34627464413642883,0.004547696560621262,0.17869749665260315,0.1794331818819046,0.005297956056892872,5.22689962387085,5.21966552734375,0.028443388640880585,4.850107192993164,4.849578857421875,0.04104543849825859,51.74400329589844,51.73999786376953,0.004903763998299837,7.710399627685547,7.710000038146973,0.004454189911484718,56.119998931884766,56.119998931884766,0.0
LC09_L1TP_195028_20230406_20230406_02_T1,LANDSAT_9,20230406,,,,,,,,,,,,,,,,,,,,,,,,,,,,,,,,,,,,,,,,,,,,,,,,,,,,,,,,,,,,,,,,,,,,,,,,,,,,,,,,,,,,,,,,,,,,,,,,,,,,,,,,,,,,,,,,,,,,,,,,
LC09_L1TP_196028_20230616_20230616_02_T1,LANDSAT_9,20230616,0.030899157747626305,0.02997645176947117,0.00266645266674459,0.007735363207757473,0.006571412086486816,0.0028930031694471836,0.003954548388719559,0.003398227971047163,0.001551752327941358,0.09117705374956131,0.09107714146375656,0.0006572579732164741,0.8757403492927551,0.8857306241989136,0.028408875688910484,0.8296669721603394,0.8496009111404419,0.04973980411887169,0.908845067024231,0.9199153184890747,0.029887152835726738,-0.18819250166416168,-0.19323666393756866,0.01735992170870304,0.45281341671943665,0.4606468677520752,0.025814412161707878,0.8296669721603394,0.8496009111404419,0.04973980411887169,0.908845067024231,0.9199153184890747,0.029887152835726738,3.325134038925171,3.4313981533050537,0.2803698182106018,3.6727890968322754,3.7681355476379395,0.25655338168144226,0.24612388014793396,0.22021108865737915,0.06461134552955627,0.12577258050441742,0.1136191189289093,0.0350789949297905,19.467365264892578,19.468170166015625,0.056193508207798004,18.469322204589844,18.46539306640625,0.03491118177771568,147.1623992919922,147.16000366210938,0.004275007173418999,4.074399948120117,4.070000171661377,0.004963746294379234,27.290000915527344,27.290000915527344,0.0,0.037330299615859985,0.037336599081754684,0.0003384461742825806,0.007757361512631178,0.0077465493232011795,9.724847768666223e-05,0.0037336554378271103,0.003738157218322158,0.00010995239426847547,0.08931013941764832,0.08931059390306473,0.0002578312414698303,0.8324642181396484,0.8325672149658203,0.0034236693754792213,0.8199124336242676,0.8201308846473694,0.0019848651718348265,0.9090803265571594,0.9089414477348328,0.0024837106466293335,-0.13247807323932648,-0.13254906237125397,0.0037621110677719116,0.3548438251018524,0.3547383248806,0.003578762523829937,0.8199124336242676,0.8201308846473694,0.0019848651718348265,0.9090803265571594,0.9089414477348328,0.0024837106466293335,2.8196518421173096,2.8245351314544678,0.021921517327427864,3.095989942550659,3.102153778076172,0.026822779327630997,0.20780447125434875,0.207985520362854,0.0019081778591498733,0.10000936686992645,0.10024135559797287,0.0025278963148593903,19.110206604003906,19.1070556640625,0.026233870536088943,17.645593643188477,17.628173828125,0.06562960147857666,125.41960144042969,125.42001342773438,0.02705179713666439,2.5687999725341797,2.569999933242798,0.004308127798140049,27.360000610351562,27.360000610351562,0.0
LC09_L1TP_195028_20230625_20230625_02_T1,LANDSAT_9,20230625,0.01694900542497635,0.015944695100188255,0.0030041635036468506,0.004477211739867926,0.0034701810218393803,0.002669167472049594,0.0023207091726362705,0.0017464294796809554,0.0012326363939791918,0.08307164162397385,0.08275138586759567,0.0014314423315227032,1.0302700996398926,1.0377624034881592,0.031896259635686874,0.8772255778312683,0.9005635380744934,0.05876055359840393,0.9337822794914246,0.9486324787139893,0.030947167426347733,-0.3127376437187195,-0.3242849111557007,0.039835039526224136,0.5966924428939819,0.6099748611450195,0.044453248381614685,0.8772255778312683,0.9005635380744934,0.05876055359840393,0.9337822794914246,0.9486324787139893,0.030947167426347733,4.767333030700684,4.997638702392578,0.6288538575172424,5.252612113952637,5.494254112243652,0.6084100008010864,0.25237637758255005,0.21852371096611023,0.08088788390159607,0.13174082338809967,0.10998507589101791,0.042021408677101135,20.657514572143555,20.647705078125,0.07144870609045029,19.780176162719727,19.77801513671875,0.07607493549585342,27.575593948364258,27.579994201660156,0.004965201020240784,6.414400100708008,6.409999847412109,0.004963983315974474,28.139999389648438,28.139999389648438,0.0,0.017468126490712166,0.01763792335987091,0.0008531864732503891,0.00470071891322732,0.004789700731635094,0.0008090109913609922,0.0027866524178534746,0.0027920992579311132,0.0006539905443787575,0.07879091054201126,0.07879181951284409,0.0002906481095124036,1.014115333557129,1.0154658555984497,0.014638474211096764,0.8589685559272766,0.8567551374435425,0.021117432042956352,0.9139993190765381,0.9130436182022095,0.018469901755452156,-0.2989291250705719,-0.297248512506485,0.01133731845766306,0.5591847896575928,0.5566306710243225,0.013177607208490372,0.8589685559272766,0.8567551374435425,0.021117432042956352,0.9139993190765381,0.9130436182022095,0.018469901755452156,4.262012004852295,4.215152740478516,0.24710895121097565,4.664851188659668,4.568586826324463,0.27235475182533264,0.26761966943740845,0.2708597183227539,0.033984795212745667,0.15814553201198578,0.15887844562530518,0.029859447851777077,19.208391189575195,19.2115478515625,0.030493061989545822,18.54084014892578,18.545135498046875,0.026718851178884506,36.50999450683594,36.50999450683594,0.0,7.9972004890441895,8.0,0.00449009146541357,28.229999542236328,28.229999542236328,0.0
LC09_L1TP_195028_20230711_20230711_02_T1,LANDSAT_9,20230711,0.02402411960065365,0.02296747826039791,0.0025784410536289215,0.008569004014134407,0.007448905147612095,0.00326367886736989,0.00483994884416461,0.004276219755411148,0.0016492883441969752,0.08732286095619202,0.08723734319210052,0.0011311887064948678,0.9931787252426147,1.0055720806121826,0.026087624952197075,0.7828260064125061,0.8036365509033203,0.06034896895289421,0.8704493641853333,0.8820548057556152,0.03524965047836304,-0.22064366936683655,-0.22891560196876526,0.023219561204314232,0.48523572087287903,0.49634480476379395,0.030537372455000877,0.7828260064125061,0.8036365509033203,0.06034896895289421,0.8704493641853333,0.8820548057556152,0.03524965047836304,3.324195623397827,3.4546146392822266,0.3174560070037842,3.7342333793640137,3.8590848445892334,0.2972587049007416,0.3504176437854767,0.32261285185813904,0.08432265371084213,0.19849148392677307,0.18567097187042236,0.042110808193683624,22.996519088745117,23.003082275390625,0.02551688812673092,21.50723648071289,21.5040283203125,0.07687324285507202,31.36520767211914,32.58000946044922,2.1608190536499023,6.198800086975098,6.190000057220459,0.012432103045284748,29.549997329711914,29.549999237060547,1.9073486328125e-06,0.02389737218618393,0.024023473262786865,0.00047912076115608215,0.008134840987622738,0.008306959643959999,0.00045214660349301994,0.004822177812457085,0.004970368929207325,0.0003181899955961853,0.08691342175006866,0.08697003126144409,0.00032203830778598785,0.9900863170623779,0.9883319735527039,0.008097105659544468,0.7885937690734863,0.7846246957778931,0.010229813866317272,0.8690445423126221,0.8655515909194946,0.00789591297507286,-0.2233700007200241,-0.22263577580451965,0.006008906289935112,0.48442184925079346,0.483107328414917,0.007247637957334518,0.7885937690734863,0.7846246957778931,0.010229813866317272,0.8690445423126221,0.8655515909194946,0.00789591297507286,3.32511830329895,3.2982959747314453,0.08362801373004913,3.7083609104156494,3.6818196773529053,0.08757602423429489,0.3401884138584137,0.34515807032585144,0.013152285479009151,0.2016262263059616,0.20562559366226196,0.010153084993362427,22.676034927368164,22.67230224609375,0.027166597545146942,21.454002380371094,21.4620361328125,0.03152066096663475,36.74999237060547,36.74999237060547,0.0,7.795599937438965,7.800000190734863,0.004963983315974474,29.639999389648438,29.639999389648438,0.0
LC09_L1TP_196028_20230819_20230819_02_T1,LANDSAT_9,20230819,0.020920222625136375,0.020106904208660126,0.002192460699006915,0.008247594349086285,0.007405162323266268,0.0019883038476109505,0.004864813759922981,0.004417994525283575,0.0010144796688109636,0.07815137505531311,0.07818099111318588,0.0003634539607446641,0.9448793530464172,0.9567255973815918,0.03140915185213089,0.7779971361160278,0.7953522205352783,0.04150361195206642,0.8623858690261841,0.8725562691688538,0.023460421711206436,-0.24458438158035278,-0.25116291642189026,0.022714002057909966,0.5168543457984924,0.5260664820671082,0.029782963916659355,0.7779971361160278,0.7953522205352783,0.04150361195206642,0.8623858690261841,0.8725562691688538,0.023460421711206436,3.465198040008545,3.572472095489502,0.3055517375469208,3.9068403244018555,4.002031326293945,0.2922373414039612,0.3902391791343689,0.3695378005504608,0.05389343574643135,0.23090626299381256,0.22079545259475708,0.02746724896132946,20.53851318359375,20.538970947265625,0.06226641312241554,19.136245727539062,19.10809326171875,0.1088726744055748,140.1324005126953,140.1300048828125,0.0064956615678966045,3.9292001724243164,3.930000066757202,0.004833213519304991,37.18000030517578,37.18000030517578,0.0,0.02053218148648739,0.020522134378552437,0.0002333768061362207,0.007362845353782177,0.0073598287999629974,0.0001308725622948259,0.004265183582901955,0.004245085176080465,0.0001236710522789508,0.07499196380376816,0.07506781816482544,0.0003322627453599125,0.9135611057281494,0.9134167432785034,0.005696119740605354,0.7995920777320862,0.7997275590896606,0.0029769050888717175,0.8787988424301147,0.879785418510437,0.003242372302338481,-0.26158368587493896,-0.2610076367855072,0.004038119222968817,0.5260723829269409,0.5262237191200256,0.003915651235729456,0.7995920777320862,0.7997275590896606,0.0029769050888717175,0.8787988424301147,0.879785418510437,0.003242372302338481,3.627915143966675,3.6291937828063965,0.03307761996984482,4.081130504608154,4.086470127105713,0.038859087973833084,0.3586142063140869,0.3577530086040497,0.005846563261002302,0.2077469825744629,0.20828241109848022,0.0060663544572889805,21.756479263305664,21.754302978515625,0.03451695293188095,19.742891311645508,19.738525390625,0.025378188118338585,143.27279663085938,143.27000427246094,0.011141611263155937,2.3148000240325928,2.309999942779541,0.004995993338525295,37.22999954223633,37.22999954223633,0.0
LC09_L1TP_196028_20230904_20230904_02_T1,LANDSAT_9,20230904,0.0280348751693964,0.027283966541290283,0.0031057163141667843,0.013564947061240673,0.012658892199397087,0.0028960048221051693,0.009669237770140171,0.009130565449595451,0.0015733600594103336,0.07921454310417175,0.07915851473808289,0.000275717640761286,0.8783897161483765,0.8900995254516602,0.036490052938461304,0.6709769368171692,0.6851666569709778,0.0448455847799778,0.7529792189598083,0.7621886730194092,0.02656223066151142,-0.16253013908863068,-0.16549745202064514,0.02009475789964199,0.4192400276660919,0.42405423521995544,0.031275924295186996,0.6709769368171692,0.6851666569709778,0.0448455847799778,0.7529792189598083,0.7621886730194092,0.02656223066151142,2.601001501083374,2.6319637298583984,0.19559615850448608,2.861020088195801,2.8911921977996826,0.1805901974439621,0.4799274504184723,0.4651637375354767,0.04265604540705681,0.34365665912628174,0.33766213059425354,0.02086463011801243,18.089439392089844,18.0906982421875,0.01651686057448387,16.81620216369629,16.79486083984375,0.07941600680351257,135.3555908203125,135.3599853515625,0.004961143713444471,4.0644001960754395,4.059999942779541,0.004963983315974474,42.04999923706055,42.04999923706055,0.0,0.02690444141626358,0.02686994895339012,0.0005172598757781088,0.011913329362869263,0.012020057998597622,0.0003947327204514295,0.008890526369214058,0.008866808377206326,0.00029408003319986165,0.0826052874326706,0.08261768519878387,0.0002438679221086204,0.9034984707832336,0.9027318954467773,0.0062095364555716515,0.709155261516571,0.7067717909812927,0.007818134501576424,0.7746309638023376,0.7756564617156982,0.006222877651453018,-0.18087680637836456,-0.182159423828125,0.007740229368209839,0.4447372853755951,0.4456491470336914,0.007376132067292929,0.709155261516571,0.7067717909812927,0.007818134501576424,0.7746309638023376,0.7756564617156982,0.006222877651453018,2.8034327030181885,2.7849764823913574,0.055634044110774994,3.0400421619415283,3.0232393741607666,0.05675966292619705,0.4427570700645447,0.44289982318878174,0.010279759764671326,0.330427348613739,0.3306852877140045,0.008077618665993214,16.997661590576172,17.00146484375,0.03640322387218475,15.872897148132324,15.880889892578125,0.04963887110352516,113.41279602050781,113.41999816894531,0.024419045075774193,2.558799982070923,2.559999942779541,0.004308127798140049,42.09000015258789,42.09000015258789,0.0
LC09_L1TP_196028_20230920_20230920_02_T1,LANDSAT_9,20230920,0.014720911160111427,0.013822310604155064,0.002892302116379142,0.003890368854627013,0.0028414069674909115,0.003222428960725665,0.0019735954701900482,0.0014206980122253299,0.0017909707967191935,0.07736057043075562,0.07735464721918106,0.00042127000051550567,1.0279606580734253,1.0376898050308228,0.04198902100324631,0.8854043483734131,0.9097323417663574,0.07341554760932922,0.939658522605896,0.954045295715332,0.04470641165971756,-0.3452414274215698,-0.3566529452800751,0.03999469801783562,0.6130850315093994,0.627064049243927,0.045974794775247574,0.8854043483734131,0.9097323417663574,0.07341554760932922,0.939658522605896,0.954045295715332,0.04470641165971756,5.11850643157959,5.386124610900879,0.7566923499107361,5.631155967712402,5.8891096115112305,0.7273387908935547,0.24446672201156616,0.20742307603359222,0.11633149534463882,0.12411931157112122,0.1050415113568306,0.06910867244005203,18.45527458190918,18.46368408203125,0.025860482826828957,17.22909927368164,17.232330322265625,0.052460651844739914,130.95880126953125,130.95999145507812,0.003247843123972416,4.083600044250488,4.079999923706055,0.004800109658390284,47.4900016784668,47.4900016784668,0.0,0.013200776651501656,0.013176167383790016,0.0002808862191159278,0.0024826230946928263,0.002458042697981,0.00017252568795811385,0.001244863960891962,0.0012435843236744404,0.00013471845886670053,0.07453963160514832,0.07446759194135666,0.0003894680121447891,1.0714799165725708,1.0753872394561768,0.011607061140239239,0.9157519340515137,0.9155217409133911,0.005471591372042894,0.9568736553192139,0.9572739601135254,0.004265705589205027,-0.358743816614151,-0.3600572943687439,0.0050545562990009785,0.620909571647644,0.6208082437515259,0.005255457479506731,0.9157519340515137,0.9155217409133911,0.005471591372042894,0.9568736553192139,0.9572739601135254,0.004265705589205027,5.38442325592041,5.382412910461426,0.10683693736791611,5.845822334289551,5.870837211608887,0.10954143106937408,0.18800653517246246,0.18736355006694794,0.01150536723434925,0.09420119225978851,0.09459388256072998,0.0089065907523036,18.28559112548828,18.278778076171875,0.06392906606197357,16.931655883789062,16.925323486328125,0.034807734191417694,109.12039184570312,109.1199951171875,0.027784129604697227,2.577199935913086,2.5799999237060547,0.00448998436331749,47.51359939575195,47.5099983215332,0.004801025148481131
LC09_L1TP_195028_20230929_20230929_02_T1,LANDSAT_9,20230929,0.01698233187198639,0.016168804839253426,0.002747657708823681,0.004724593833088875,0.003723912173882127,0.0032181874848902225,0.002580636413767934,0.0021006667520850897,0.001420411979779601,0.07844097912311554,0.07842505723237991,0.00040136653115041554,1.0443806648254395,1.059492826461792,0.04883720725774765,0.8580362796783447,0.8810372948646545,0.06895387917757034,0.9185474514961243,0.9305264949798584,0.0353814959526062,-0.3206280767917633,-0.32731956243515015,0.029990900307893753,0.5573916435241699,0.5673198103904724,0.03734094277024269,0.8580362796783447,0.8810372948646545,0.06895387917757034,0.9185474514961243,0.9305264949798584,0.0353814959526062,4.38295841217041,4.5553789138793945,0.5269941091537476,4.807164192199707,4.952879428863525,0.4745808243751526,0.2644336223602295,0.22637739777565002,0.09856099635362625,0.14653462171554565,0.13199971616268158,0.04528076574206352,16.918346405029297,16.9207763671875,0.012933673337101936,15.393376350402832,15.38848876953125,0.028878701850771904,47.525604248046875,47.530006408691406,0.0057135941460728645,6.4232001304626465,6.420000076293945,0.004664645995944738,51.06999588012695,51.06999969482422,3.814697265625e-06,0.016989676281809807,0.01700368896126747,0.00019815625273622572,0.003915299661457539,0.003916573710739613,0.00012331776088103652,0.00216653267852962,0.0021971010137349367,0.00014866619312670082,0.079386867582798,0.07944609969854355,0.00022590237495023757,1.073830008506775,1.074515461921692,0.005066446494311094,0.8742855787277222,0.8746817708015442,0.0037344603333622217,0.9284365177154541,0.9274449348449707,0.004711277782917023,-0.3179510235786438,-0.3184429407119751,0.0061232843436300755,0.5491148233413696,0.5486052632331848,0.004229099024087191,0.8742855787277222,0.8746817708015442,0.0037344603333622217,0.9284365177154541,0.9274449348449707,0.004711277782917023,4.363122940063477,4.369864463806152,0.051303088665008545,4.7619099617004395,4.767057418823242,0.07373293489217758,0.23048549890518188,0.22935760021209717,0.007842478342354298,0.1275034099817276,0.12734077870845795,0.008407758548855782,16.48120880126953,16.48748779296875,0.041129034012556076,15.02038288116455,15.013946533203125,0.03291637822985649,56.61000442504883,56.610008239746094,3.814697265625e-06,8.006400108337402,8.010000228881836,0.004800109658390284,51.09000015258789,51.09000015258789,0.0
LC09_L1TP_196028_20231006_20231006_02_T1,LANDSAT_9,20231006,0.023178499191999435,0.0225085262209177,0.0022890237160027027,0.00850895419716835,0.007714339066296816,0.0018950242083519697,0.005376526154577732,0.005009316373616457,0.0008246141369454563,0.07629111409187317,0.0761750340461731,0.0007211215561255813,0.9767850637435913,0.9866190552711487,0.030749201774597168,0.7533654570579529,0.7703779935836792,0.04124104231595993,0.8360918164253235,0.8446400761604309,0.019406862556934357,-0.2123909741640091,-0.2164224088191986,0.01883026398718357,0.44387221336364746,0.4504872262477875,0.027691582217812538,0.7533654570579529,0.7703779935836792,0.04124104231595993,0.8360918164253235,0.8446400761604309,0.019406862556934357,3.0443830490112305,3.1331143379211426,0.22700895369052887,3.367807388305664,3.4346251487731934,0.19560492038726807,0.3646470904350281,0.3414260745048523,0.053564634174108505,0.23133286833763123,0.22354696691036224,0.01990046352148056,16.5328369140625,16.536651611328125,0.02113381214439869,15.667868614196777,15.667877197265625,0.025885529816150665,127.38361358642578,127.3800048828125,0.0047973752953112125,4.047600269317627,4.050000190734863,0.004270929377526045,53.208797454833984,53.209999084472656,0.0032490703742951155,0.024612845852971077,0.024551386013627052,0.0002463115961290896,0.00877436064183712,0.00875164195895195,0.00018458915292285383,0.005825519096106291,0.005845556501299143,0.00011762598296627402,0.0769818052649498,0.07701119780540466,0.00025277555687353015,0.9912927746772766,0.9915845990180969,0.007060529198497534,0.7433017492294312,0.7440159916877747,0.00438920920714736,0.821878969669342,0.8217018246650696,0.0034464511554688215,-0.18653836846351624,-0.18653427064418793,0.00552352424710989,0.41536054015159607,0.41669976711273193,0.004774095956236124,0.7433017492294312,0.7440159916877747,0.00438920920714736,0.821878969669342,0.8217018246650696,0.0034464511554688215,2.8602309226989746,2.866136074066162,0.030651355162262917,3.1372978687286377,3.1475777626037598,0.033225174993276596,0.3565094470977783,0.3574349284172058,0.0073202489875257015,0.23670083284378052,0.23673440515995026,0.004932302050292492,15.813018798828125,15.810943603515625,0.024790944531559944,14.730957984924316,14.739410400390625,0.0425679013133049,105.2511978149414,105.25,0.02832813933491707,2.544800043106079,2.5399999618530273,0.004995993338525295,53.220001220703125,53.220001220703125,0.0
LC09_L1TP_196028_20231022_20231022_02_T1,LANDSAT_9,20231022,,,,,,,,,,,,,,,,,,,,,,,,,,,,,,,,,,,,,,,,,,,,,,,,,,,,,,,,,,,,,,,,,,,,,,,,,,,,,,,,,,,,,,,,,,,,,,,,,,,,,,,,,,,,,,,,,,,,,,,,
LC09_L1TP_196028_20231123_20231123_02_T1,LANDSAT_9,20231123,0.019294071942567825,0.018772093579173088,0.0025136328767985106,0.004486039746552706,0.0038506770506501198,0.001696464722044766,0.0020173226948827505,0.0017114097718149424,0.0008774311863817275,0.09966006875038147,0.09966327250003815,0.00040380252175964415,1.0761301517486572,1.0795974731445312,0.02602424845099449,0.8858267068862915,0.8994415998458862,0.03703823685646057,0.9468994736671448,0.9540890455245972,0.020936040207743645,-0.36094924807548523,-0.36699730157852173,0.02998008206486702,0.5844811797142029,0.5904871821403503,0.033376261591911316,0.8858267068862915,0.8994415998458862,0.03703823685646057,0.9468994736671448,0.9540890455245972,0.020936040207743645,4.878392696380615,5.019050121307373,0.46485719084739685,5.426380157470703,5.580909252166748,0.45244264602661133,0.22877337038516998,0.20916827023029327,0.05954035744071007,0.10248389095067978,0.09329414367675781,0.031541042029857635,9.420909881591797,9.422515869140625,0.022928396239876747,8.884699821472168,8.884979248046875,0.013081541284918785,123.2844009399414,123.27999877929688,0.004968717694282532,4.1427998542785645,4.139999866485596,0.00449009146541357,68.04000091552734,68.04000091552734,0.0,0.021398646757006645,0.021392691880464554,0.00033862594864331186,0.004866237752139568,0.004866836126893759,0.000202861032448709,0.0021882138680666685,0.002191792707890272,0.0001644447329454124,0.10157632827758789,0.10145491361618042,0.0003844456805381924,1.0706309080123901,1.0721608400344849,0.007430199068039656,0.8774527907371521,0.8768606781959534,0.004605880007147789,0.942969560623169,0.9432920813560486,0.00418205326423049,-0.3329755365848541,-0.3338828384876251,0.006895066704601049,0.5539313554763794,0.5527194142341614,0.005005330312997103,0.8774527907371521,0.8768606781959534,0.004605880007147789,0.942969560623169,0.9432920813560486,0.00418205326423049,4.467099666595459,4.4621710777282715,0.06418152153491974,4.974222183227539,4.979455471038818,0.07265552133321762,0.22743205726146698,0.23096437752246857,0.00931713916361332,0.1022961214184761,0.10126575082540512,0.008029649034142494,9.10502815246582,9.10302734375,0.027726612985134125,8.539273262023926,8.5498046875,0.03278310224413872,101.81999969482422,101.82000732421875,0.02622837759554386,2.6336002349853516,2.630000114440918,0.004799995571374893,68.03720092773438,68.04000091552734,0.004490947816520929
LC09_L1TP_195028_20231218_20231218_02_T1,LANDSAT_9,20231218,,,,,,,,,,,,,,,,,,,,,,,,,,,,,,,,,,,,,,,,,,,,,,,,,,,,,,,,,,,,,,,,,,,,,,,,,,,,,,,,,,,,,,,,,,,,,,,,,,,,,,,,,,,,,,,,,,,,,,,,
LC09_L1TP_196028_20231225_20231225_02_T1,LANDSAT_9,20231225,0.016753479838371277,0.015962347388267517,0.0020535653457045555,0.003612188156694174,0.002861756831407547,0.0024884475860744715,0.00159749505110085,0.001271899905987084,0.00115123949944973,0.10510488599538803,0.10518628358840942,0.0005911980988457799,1.1333731412887573,1.1390835046768188,0.025812268257141113,0.9097919464111328,0.9253737926483154,0.052813734859228134,0.9587429761886597,0.9661303758621216,0.02676607482135296,-0.4091525673866272,-0.4187428951263428,0.029496189206838608,0.6341838836669922,0.6458038091659546,0.0301898755133152,0.9097919464111328,0.9253737926483154,0.052813734859228134,0.9587429761886597,0.9661303758621216,0.02676607482135296,5.765817165374756,5.976827621459961,0.7135787606239319,6.339132308959961,6.562967777252197,0.6339894533157349,0.2061668038368225,0.17670601606369019,0.09666658937931061,0.09085891395807266,0.07916554063558578,0.043187666684389114,6.982655048370361,6.97747802734375,0.046089764684438705,6.599395751953125,6.596160888671875,0.03419317305088043,125.86959075927734,125.8699951171875,0.0019615094643086195,4.220399856567383,4.21999979019165,0.004454224370419979,71.66999816894531,71.66999816894531,0.0,0.044533561915159225,0.046544335782527924,0.013002908788621426,0.022615263238549232,0.02000616490840912,0.014888552948832512,0.02441778965294361,0.022995617240667343,0.01548117958009243,0.11859750747680664,0.1188264936208725,0.0014157855184748769,1.0054819583892822,1.0086910724639893,0.08238665014505386,0.6371484398841858,0.6433418393135071,0.1915312260389328,0.6137734055519104,0.5993597507476807,0.1974107027053833,-0.1095377504825592,-0.07595440745353699,0.10317137092351913,0.3611410856246948,0.32764577865600586,0.11516375094652176,0.6371484398841858,0.6433418393135071,0.1915312260389328,0.6137734055519104,0.5993597507476807,0.1974107027053833,2.5631344318389893,2.1712093353271484,1.0919886827468872,2.523624897003174,2.0580878257751465,1.1458094120025635,0.4562799036502838,0.4364580810070038,0.2141951322555542,0.4906252324581146,0.5029665231704712,0.2222694307565689,4.19573974609375,4.21295166015625,0.3437526822090149,0.8456306457519531,0.730712890625,0.8018825650215149,104.9708251953125,104.97000122070312,0.02498851902782917,2.7074997425079346,2.7100000381469727,0.00433012330904603,71.67667388916016,71.68000030517578,0.004715058486908674
LC09_L1TP_195028_20240103_20240103_02_T1,LANDSAT_9,20240103,,,,,,,,,,,,,,,,,,,,,,,,,,,,,,,,,,,,,,,,,,,,,,,,,,,,,,,,,,,,,,,,,,,,,,,,,,,,,,,,,,,,,,,,,,,,,,,,,,,,,,,,,,,,,,,,,,,,,,,,
LC09_L1TP_195028_20240119_20240119_02_T1,LANDSAT_9,20240119,0.020329570397734642,0.019618680700659752,0.0017589728813618422,0.004424580372869968,0.003519810736179352,0.002412674715742469,0.0021095743868499994,0.0017887417925521731,0.001158886938355863,0.11325062811374664,0.1132979542016983,0.00038741083699278533,1.206127405166626,1.2157132625579834,0.02277071587741375,0.889268159866333,0.9084774255752563,0.0505494698882103,0.94527268409729,0.952995240688324,0.026904847472906113,-0.36641448736190796,-0.3730522692203522,0.023466920480132103,0.569783627986908,0.578425407409668,0.024147821590304375,0.889268159866333,0.9084774255752563,0.0505494698882103,0.94527268409729,0.952995240688324,0.026904847472906113,4.841280460357666,5.062662601470947,0.5272989273071289,5.30447244644165,5.489137172698975,0.4575366675853729,0.2115466296672821,0.183182492852211,0.08767896890640259,0.10096529871225357,0.09036079794168472,0.04213542118668556,5.204797267913818,5.200286865234375,0.027236592024564743,4.526899337768555,4.53350830078125,0.0472855381667614,52.310001373291016,52.30999755859375,3.814697265625e-06,6.170400619506836,6.170000076293945,0.004454189911484718,69.72000122070312,69.72000122070312,0.0,0.01907583326101303,0.01911742053925991,0.00036838374217040837,0.0036571344826370478,0.0036386572755873203,0.0001824397622840479,0.0021161893382668495,0.0021369908936321735,0.00022391964739654213,0.10940942913293839,0.1094198226928711,0.00025917889433912933,1.223836064338684,1.2234958410263062,0.005942275281995535,0.9016749858856201,0.9024014472961426,0.004684002138674259,0.9419158101081848,0.9413164854049683,0.005947852972894907,-0.3676869571208954,-0.3674060106277466,0.008336184546351433,0.5751745700836182,0.5740025639533997,0.00638872804120183,0.9016749858856201,0.9024014472961426,0.004684002138674259,0.9419158101081848,0.9413164854049683,0.005947852972894907,4.9278693199157715,4.904040336608887,0.09897127747535706,5.286868095397949,5.262166976928711,0.12145071476697922,0.19173580408096313,0.1904754489660263,0.009205557405948639,0.11090340465307236,0.11343241482973099,0.011232707649469376,5.364938735961914,5.364959716796875,0.009608549065887928,4.672263145446777,4.674468994140625,0.03761148080229759,56.72999572753906,56.72999572753906,0.0,7.773200035095215,7.769999980926514,0.0046648685820400715,69.73999786376953,69.73999786376953,0.0
LC09_L1TP_195028_20240204_20240204_02_T1,LANDSAT_9,20240204,,,,,,,,,,,,,,,,,,,,,,,,,,,,,,,,,,,,,,,,,,,,,,,,,,,,,,,,,,,,,0.022900819778442383,0.022950077429413795,0.0002646625798661262,0.007164750248193741,0.007190354634076357,0.0001910571299958974,0.0041605569422245026,0.004186171106994152,0.000125461388961412,0.09725120663642883,0.09726694971323013,0.00029400590574368834,1.1034904718399048,1.1026027202606201,0.004087764769792557,0.8098394274711609,0.8102095127105713,0.004433853086084127,0.8849807977676392,0.8845109939575195,0.003426686627790332,-0.29795369505882263,-0.298484742641449,0.005267943721264601,0.4971681535243988,0.496488481760025,0.004065586254000664,0.8098394274711609,0.8102095127105713,0.004433853086084127,0.8849807977676392,0.8845109939575195,0.003426686627790332,3.6764633655548096,3.6743054389953613,0.036153022199869156,4.084630966186523,4.0724639892578125,0.04360969737172127,0.31288737058639526,0.31359609961509705,0.008572112768888474,0.18169142305850983,0.18201282620429993,0.005568940658122301,5.495038986206055,5.471343994140625,0.04801465943455696,5.066995620727539,5.07232666015625,0.01845560222864151,54.6879997253418,54.69000244140625,0.0040039061568677425,7.606800556182861,7.610000133514404,0.004664868116378784,66.04000091552734,66.04000091552734,0.0
LC09_L1TP_195028_20240220_20240220_02_T1,LANDSAT_9,20240220,,,,,,,,,,,,,,,,,,,,,,,,,,,,,,,,,,,,,,,,,,,,,,,,,,,,,,,,,,,,,,,,,,,,,,,,,,,,,,,,,,,,,,,,,,,,,,,,,,,,,,,,,,,,,,,,,,,,,,,,
LC09_L1TP_195028_20240307_20240307_02_T1,LANDSAT_9,20240307,0.016064301133155823,0.015280209481716156,0.0018821137491613626,0.004550534300506115,0.003663061885163188,0.0025767353363335133,0.0021657205652445555,0.0017792019061744213,0.0012172529241070151,0.08078058063983917,0.08076184242963791,0.00022156420163810253,1.1434452533721924,1.158917784690857,0.0395108237862587,0.8536347150802612,0.8760331273078918,0.061296332627534866,0.9269902110099792,0.9375765323638916,0.03371332213282585,-0.33414945006370544,-0.3439156413078308,0.02263147570192814,0.5552169680595398,0.5671936869621277,0.028420552611351013,0.8536347150802612,0.8760331273078918,0.061296332627534866,0.9269902110099792,0.9375765323638916,0.03371332213282585,4.37120246887207,4.584873676300049,0.49074098467826843,4.90329122543335,5.081804275512695,0.4567902386188507,0.2728549838066101,0.24129872024059296,0.09507238864898682,0.129807710647583,0.1126120463013649,0.04634634777903557,6.111260890960693,6.1072998046875,0.03414586931467056,5.609869480133057,5.608673095703125,0.03749043494462967,52.27000045776367,52.269996643066406,3.814697265625e-06,5.926799774169922,5.929999828338623,0.004664645995944738,55.01959991455078,55.02000045776367,0.001960010500624776,0.01484073419123888,0.014837786555290222,0.0002303397486684844,0.0030024959705770016,0.0030024652369320393,0.00012055547995259985,0.0015654845628887415,0.0015710482839494944,8.005809650057927e-05,0.08204230666160583,0.08206173032522202,0.00020219426369294524,1.1638615131378174,1.1631231307983398,0.0045058224350214005,0.898549497127533,0.8985252380371094,0.0037903001066297293,0.9457891583442688,0.9455539584159851,0.002636517398059368,-0.35901710391044617,-0.3576207458972931,0.006391288712620735,0.5821088552474976,0.5823097825050354,0.0048257699236273766,0.898549497127533,0.8985252380371094,0.0037903001066297293,0.9457891583442688,0.9455539584159851,0.002636517398059368,4.913069248199463,4.906071186065674,0.0688609629869461,5.343571186065674,5.354703426361084,0.08104658871889114,0.20234666764736176,0.20243871212005615,0.008316939696669579,0.10548470169305801,0.10513942688703537,0.005094917491078377,6.071170806884766,6.078460693359375,0.032114580273628235,5.499402046203613,5.496124267578125,0.02579021267592907,51.49600601196289,51.5,0.004896289668977261,7.551599502563477,7.550000190734863,0.00463026762008667,55.05039978027344,55.04999923706055,0.001960010500624776
LC09_L1TP_196028_20240314_20240316_02_T1,LANDSAT_9,20240314,0.01516718603670597,0.014356253668665886,0.002622707514092326,0.0046121045015752316,0.0037183910608291626,0.0018907544435933232,0.0026177484542131424,0.002328035654500127,0.0009046325576491654,0.07411903142929077,0.07402849197387695,0.0007040481432341039,1.1070809364318848,1.1192697286605835,0.04823776334524155,0.8434292674064636,0.8680438995361328,0.05143887922167778,0.9073808193206787,0.915294349193573,0.026568548753857613,-0.3254895508289337,-0.33684220910072327,0.034241363406181335,0.5593211650848389,0.5709508061408997,0.04121442884206772,0.8434292674064636,0.8680438995361328,0.05143887922167778,0.9073808193206787,0.915294349193573,0.026568548753857613,4.297463417053223,4.50991153717041,0.5167026519775391,4.747920036315918,4.917486190795898,0.47938472032546997,0.29729995131492615,0.26376092433929443,0.07623223215341568,0.1697283238172531,0.1628955751657486,0.03369653597474098,7.531010627746582,7.534423828125,0.022805219516158104,7.112274169921875,7.125457763671875,0.05014894902706146,134.37759399414062,134.3800048828125,0.005127508658915758,4.424400329589844,4.420000076293945,0.004963746294379234,51.790000915527344,51.790000915527344,0.0,0.016769012436270714,0.016666745766997337,0.00026302377227693796,0.005121055990457535,0.005145653150975704,0.0002731186104938388,0.003223312785848975,0.0032038989011198282,0.00012880215945187956,0.07498225569725037,0.07506510615348816,0.0002203201875090599,1.0908547639846802,1.0909091234207153,0.007147200871258974,0.8280792236328125,0.8272678256034851,0.007918689399957657,0.888202428817749,0.8885762691497803,0.004104544408619404,-0.29035648703575134,-0.2903664708137512,0.0052784462459385395,0.5290014147758484,0.5299497842788696,0.005023835226893425,0.8280792236328125,0.8272678256034851,0.007918689399957657,0.888202428817749,0.8885762691497803,0.004104544408619404,3.88063907623291,3.8826162815093994,0.05864576995372772,4.248671054840088,4.257284164428711,0.054888300597667694,0.30540749430656433,0.3040151298046112,0.016018632799386978,0.1922255903482437,0.19304996728897095,0.0072140758857131,7.159282207489014,7.164520263671875,0.09109382331371307,6.512985706329346,6.508270263671875,0.06361179798841476,114.90960693359375,114.91000366210938,0.021997366100549698,2.90440034866333,2.9000000953674316,0.0049638645723462105,51.83000183105469,51.83000183105469,0.0
LC09_L1TP_195028_20240323_20240323_02_T1,LANDSAT_9,20240323,,,,,,,,,,,,,,,,,,,,,,,,,,,,,,,,,,,,,,,,,,,,,,,,,,,,,,,,,,,,,0.019401662051677704,0.01943577080965042,0.000788992561865598,0.00704205222427845,0.006882867775857449,0.00061165785882622,0.005048442631959915,0.005018122494220734,0.0005023594130761921,0.08367087692022324,0.08370877802371979,0.0003080967580899596,1.1133936643600464,1.118300199508667,0.01113817747682333,0.7872381210327148,0.7906908392906189,0.014469659887254238,0.8427523374557495,0.843350887298584,0.012886309064924717,-0.2804480791091919,-0.2785451412200928,0.010541810654103756,0.50572669506073,0.5036855936050415,0.011548805981874466,0.7872381210327148,0.7906908392906189,0.014469659887254238,0.8427523374557495,0.843350887298584,0.012886309064924717,3.5459885597229004,3.5537338256835938,0.13812778890132904,3.835096597671509,3.826479911804199,0.1499619036912918,0.36234182119369507,0.35753288865089417,0.01741679012775421,0.2596435546875,0.2554057836532593,0.015913067385554314,7.882896423339844,7.8746337890625,0.045290518552064896,7.4676361083984375,7.4597015380859375,0.06888346374034882,50.230010986328125,50.230010986328125,0.0,7.477499961853027,7.480000019073486,0.004330226220190525,48.72999954223633,48.72999954223633,0.0
LC09_L1TP_195028_20240408_20240408_02_T1,LANDSAT_9,20240408,,,,,,,,,,,,,,,,,,,,,,,,,,,,,,,,,,,,,,,,,,,,,,,,,,,,,,,,,,,,,,,,,,,,,,,,,,,,,,,,,,,,,,,,,,,,,,,,,,,,,,,,,,,,,,,,,,,,,,,,
LC09_L1TP_196028_20240415_20240415_02_T1,LANDSAT_9,20240415,,,,,,,,,,,,,,,,,,,,,,,,,,,,,,,,,,,,,,,,,,,,,,,,,,,,,,,,,,,,,,,,,,,,,,,,,,,,,,,,,,,,,,,,,,,,,,,,,,,,,,,,,,,,,,,,,,,,,,,,
LC09_L1TP_195028_20240424_20240424_02_T1,LANDSAT_9,20240424,,,,,,,,,,,,,,,,,,,,,,,,,,,,,,,,,,,,,,,,,,,,,,,,,,,,,,,,,,,,,,,,,,,,,,,,,,,,,,,,,,,,,,,,,,,,,,,,,,,,,,,,,,,,,,,,,,,,,,,,
LC09_L1TP_195028_20240510_20240510_02_T1,LANDSAT_9,20240510,0.015722187235951424,0.01466904766857624,0.002098984317854047,0.004622049164026976,0.0035309921950101852,0.002862100023776293,0.002216230146586895,0.0016588516300544143,0.0018569313688203692,0.07423487305641174,0.07426947355270386,0.0002610628434922546,1.1542340517044067,1.1728556156158447,0.043740950524806976,0.8410272002220154,0.8707159757614136,0.0721515417098999,0.9208501577377319,0.9369655251502991,0.05101603642106056,-0.2876841127872467,-0.30292800068855286,0.029603848233819008,0.5341324806213379,0.5524882078170776,0.03401454910635948,0.8410272002220154,0.8707159757614136,0.0721515417098999,0.9208501577377319,0.9369655251502991,0.05101603642106056,4.045297622680664,4.312337875366211,0.5319864153862,4.55499792098999,4.7962188720703125,0.5164082646369934,0.28059858083724976,0.23993511497974396,0.10971362143754959,0.13260407745838165,0.11272093653678894,0.07263989746570587,13.53626823425293,13.538177490234375,0.07110606133937836,12.99325942993164,13.01226806640625,0.09081277996301651,45.18999099731445,45.18999481201172,3.814697265625e-06,5.984399318695068,5.980000019073486,0.004963746294379234,32.439998626708984,32.439998626708984,0.0,0.014000611379742622,0.013991129584610462,0.00016097490151878446,0.0027517424896359444,0.0027507974300533533,9.377691458212212e-05,0.001345989527180791,0.0013516837498173118,8.028482989175245e-05,0.07395948469638824,0.0739988461136818,0.00016743708692956716,1.1924901008605957,1.1914708614349365,0.004016182851046324,0.8958974480628967,0.89577716588974,0.003456179518252611,0.9476880431175232,0.9476103186607361,0.0030937823466956615,-0.31107258796691895,-0.3126463294029236,0.004796728491783142,0.563264787197113,0.5637983083724976,0.003793688490986824,0.8958974480628967,0.89577716588974,0.003456179518252611,0.9476880431175232,0.9476103186607361,0.0030937823466956615,4.582333564758301,4.584747791290283,0.04960624873638153,5.002094745635986,4.996906757354736,0.05466587096452713,0.1965709626674652,0.19597968459129333,0.0071455249562859535,0.09615592658519745,0.09605438262224197,0.00594530813395977,11.746118545532227,11.740325927734375,0.06918682157993317,11.351129531860352,11.354766845703125,0.03953864052891731,44.28280258178711,44.280006408691406,0.004487522877752781,7.606800556182861,7.610000133514404,0.004664868116378784,32.5,32.5,0.0
LC09_L1TP_196028_20240517_20240517_02_T1,LANDSAT_9,20240517,0.014148070476949215,0.01290780957788229,0.0037383155431598425,0.003977548331022263,0.0026881610974669456,0.00304715009406209,0.0021607207600027323,0.0014367678668349981,0.0017247953219339252,0.07243067771196365,0.07227911055088043,0.0014548576436936855,1.1442455053329468,1.162057638168335,0.0607767328619957,0.8634017705917358,0.898910641670227,0.08113852888345718,0.9226566553115845,0.9448647499084473,0.05107416957616806,-0.31143271923065186,-0.3265792429447174,0.04869846627116203,0.5739860534667969,0.5928362607955933,0.059715256094932556,0.8634017705917358,0.898910641670227,0.08113852888345718,0.9226566553115845,0.9448647499084473,0.05107416957616806,4.559118270874023,4.892698764801025,0.7599540948867798,5.0074687004089355,5.314939498901367,0.7376221418380737,0.2633817195892334,0.21195630729198456,0.12375723570585251,0.1425064504146576,0.1113099679350853,0.07013345509767532,12.661907196044922,12.644622802734375,0.06032171845436096,11.885385513305664,11.879608154296875,0.08673045039176941,141.664794921875,141.66000366210938,0.004993257578462362,4.213200092315674,4.210000038146973,0.004664645995944738,30.340002059936523,30.34000015258789,1.9073486328125e-06,0.016322702169418335,0.016276327893137932,0.000556494458578527,0.004983058199286461,0.004961724393069744,0.0004018510808236897,0.0035594592336565256,0.0035010306164622307,0.0003698740911204368,0.0725349485874176,0.072513148188591,0.00031862081959843636,1.1152070760726929,1.1138077974319458,0.011099312454462051,0.8252370953559875,0.824446439743042,0.011546481400728226,0.8720031976699829,0.8736402988433838,0.011425781063735485,-0.26825132966041565,-0.26773694157600403,0.009050830267369747,0.5222380757331848,0.5228356719017029,0.009522143751382828,0.8252370953559875,0.824446439743042,0.011546481400728226,0.8720031976699829,0.8736402988433838,0.011425781063735485,3.7730047702789307,3.767819881439209,0.12704333662986755,4.0435590744018555,4.0514631271362305,0.14051787555217743,0.3048495948314667,0.30571383237838745,0.015400106087327003,0.21760986745357513,0.21520794928073883,0.015889408066868782,11.737776756286621,11.734283447265625,0.04520082473754883,10.770655632019043,10.746124267578125,0.051443085074424744,120.92720794677734,120.92999267578125,0.024418745189905167,2.701200246810913,2.700000047683716,0.004308127798140049,30.389999389648438,30.389999389648438,0.0
LC09_L1TP_195028_20240526_20240526_02_T1,LANDSAT_9,20240526,,,,,,,,,,,,,,,,,,,,,,,,,,,,,,,,,,,,,,,,,,,,,,,,,,,,,,,,,,,,,,,,,,,,,,,,,,,,,,,,,,,,,,,,,,,,,,,,,,,,,,,,,,,,,,,,,,,,,,,,
LC09_L1TP_195028_20240611_20240611_02_T1,LANDSAT_9,20240611,,,,,,,,,,,,,,,,,,,,,,,,,,,,,,,,,,,,,,,,,,,,,,,,,,,,,,,,,,,,,,,,,,,,,,,,,,,,,,,,,,,,,,,,,,,,,,,,,,,,,,,,,,,,,,,,,,,,,,,,
LC09_L1TP_196028_20240618_20240618_02_T1,LANDSAT_9,20240618,0.03668951243162155,0.03601424768567085,0.0028611929155886173,0.018604055047035217,0.017894573509693146,0.0022984417155385017,0.013994232751429081,0.013797956518828869,0.001370323821902275,0.0816614031791687,0.0815722793340683,0.000991534092463553,0.8339734673500061,0.8443578481674194,0.02752634882926941,0.6072006821632385,0.6174167990684509,0.03162321075797081,0.6890482902526855,0.692114531993866,0.02040468342602253,-0.08289473503828049,-0.0838896855711937,0.015763821080327034,0.34883958101272583,0.35512876510620117,0.025572041049599648,0.6072006821632385,0.6174167990684509,0.03162321075797081,0.6890482902526855,0.692114531993866,0.02040468342602253,2.1642866134643555,2.1838083267211914,0.11687605828046799,2.358675718307495,2.389064311981201,0.11212126165628433,0.5060364603996277,0.49722054600715637,0.03032498061656952,0.38122424483299255,0.3831249475479126,0.017855145037174225,16.485355377197266,16.493255615234375,0.07671967148780823,15.155135154724121,15.177734375,0.1329731047153473,147.40879821777344,147.41000366210938,0.0032527914736419916,4.224800109863281,4.21999979019165,0.004996112547814846,27.309999465942383,27.309999465942383,0.0,0.045439060777425766,0.04574447125196457,0.0007489625713787973,0.02249699831008911,0.02245555818080902,0.0004232275241520256,0.016904056072235107,0.016959909349679947,0.00032220594584941864,0.08474642783403397,0.08468696475028992,0.0002702868659980595,0.7945791482925415,0.7946759462356567,0.0058660428039729595,0.5670033097267151,0.5660130977630615,0.005957211833447218,0.6561431884765625,0.6550936698913574,0.004719018470495939,-0.025174224749207497,-0.024483896791934967,0.005201828200370073,0.28361839056015015,0.2825857102870941,0.005681134294718504,0.5670033097267151,0.5660130977630615,0.005957211833447218,0.6561431884765625,0.6550936698913574,0.004719018470495939,1.902010440826416,1.8971620798110962,0.02320852316915989,2.0726308822631836,2.0639305114746094,0.023849915713071823,0.4951256513595581,0.49573928117752075,0.006530167069286108,0.3720296621322632,0.37243103981018066,0.00478469068184495,13.657980918884277,13.639312744140625,0.04665172100067139,11.858515739440918,11.863433837890625,0.03920827433466911,126.77640533447266,126.76998901367188,0.02295810915529728,2.713200092315674,2.7100000381469727,0.004664756823331118,27.3799991607666,27.3799991607666,0.0
LC09_L1TP_195028_20240627_20240627_02_T1,LANDSAT_9,20240627,0.022600168362259865,0.021583255380392075,0.0027627036906778812,0.006824849639087915,0.005770682357251644,0.0024143599439412355,0.0034533182624727488,0.0029307736549526453,0.0015696852933615446,0.09706559777259827,0.09709059447050095,0.00042235542787238955,1.0187815427780151,1.0332906246185303,0.029410479590296745,0.8418535590171814,0.8622186183929443,0.04534054920077324,0.9167729020118713,0.9279330372810364,0.03227948769927025,-0.25695332884788513,-0.265541136264801,0.029102420434355736,0.5539924502372742,0.5665070414543152,0.03298759460449219,0.8418535590171814,0.8622186183929443,0.04534054920077324,0.9167729020118713,0.9279330372810364,0.03227948769927025,4.029969692230225,4.230963230133057,0.415028840303421,4.540408611297607,4.69345760345459,0.42436492443084717,0.2961672246456146,0.26992565393447876,0.06253547221422195,0.14871062338352203,0.1327885389328003,0.04137613996863365,18.953889846801758,18.951507568359375,0.018333856016397476,17.567153930664062,17.566436767578125,0.05048319697380066,37.24480056762695,37.23999786376953,0.005000877659767866,6.082799911499023,6.079999923706055,0.00449009146541357,28.31999969482422,28.31999969482422,0.0,0.026636790484189987,0.02671520970761776,0.00025976586039178073,0.0075750332325696945,0.00752644008025527,0.00027886306634172797,0.004248160868883133,0.0042744288221001625,0.00025198780349455774,0.09111379832029343,0.09126371890306473,0.000579534680582583,0.9780263304710388,0.9767061471939087,0.005360638722777367,0.8105745911598206,0.8118783831596375,0.007016147021204233,0.889147162437439,0.8880664706230164,0.006764368619769812,-0.20892518758773804,-0.20795418322086334,0.004562200978398323,0.46211132407188416,0.4629501402378082,0.004595466889441013,0.8105745911598206,0.8118783831596375,0.007016147021204233,0.889147162437439,0.8880664706230164,0.006764368619769812,3.306682825088501,3.3154680728912354,0.04475220665335655,3.6628758907318115,3.666177749633789,0.050847407430410385,0.2844008803367615,0.2841201424598694,0.010601116344332695,0.15950694680213928,0.16085076332092285,0.009683719836175442,17.402984619140625,17.386810302734375,0.051528166979551315,16.216304779052734,16.22479248046875,0.035396672785282135,36.33000183105469,36.33000183105469,0.0,7.705199718475342,7.710000038146973,0.004996112547814846,28.402799606323242,28.399999618530273,0.00449009146541357
LC09_L1TP_196028_20240704_20240704_02_T1,LANDSAT_9,20240704,,,,,,,,,,,,,,,,,,,,,,,,,,,,,,,,,,,,,,,,,,,,,,,,,,,,,,,,,,,,,,,,,,,,,,,,,,,,,,,,,,,,,,,,,,,,,,,,,,,,,,,,,,,,,,,,,,,,,,,,
LC09_L1TP_195028_20240713_20240713_02_T1,LANDSAT_9,20240713,,,,,,,,,,,,,,,,,,,,,,,,,,,,,,,,,,,,,,,,,,,,,,,,,,,,,,,,,,,,,,,,,,,,,,,,,,,,,,,,,,,,,,,,,,,,,,,,,,,,,,,,,,,,,,,,,,,,,,,,
LC09_L1TP_196028_20240720_20240720_02_T1,LANDSAT_9,20240720,0.021109456196427345,0.020173588767647743,0.0031199194490909576,0.0061327689327299595,0.005054989829659462,0.0024523972533643246,0.003306609345600009,0.0027825599536299706,0.0012501777382567525,0.0916915312409401,0.09168548882007599,0.0008360057836398482,1.0294493436813354,1.0427297353744507,0.03997989371418953,0.8493626117706299,0.8713105916976929,0.04839307814836502,0.9154971837997437,0.927029550075531,0.02723538875579834,-0.2569092810153961,-0.26583394408226013,0.02905408665537834,0.5584824085235596,0.569588840007782,0.03804963082075119,0.8493626117706299,0.8713105916976929,0.04839307814836502,0.9154971837997437,0.927029550075531,0.02723538875579834,4.110653877258301,4.3035054206848145,0.45119625329971313,4.5653252601623535,4.719637870788574,0.44102466106414795,0.28412652015686035,0.2526439428329468,0.06625214219093323,0.15319812297821045,0.13821132481098175,0.03255128487944603,20.905601501464844,20.917755126953125,0.0618889182806015,19.398151397705078,19.400848388671875,0.03913622722029686,146.82839965820312,146.8300018310547,0.003664047922939062,4.171599864959717,4.170000076293945,0.00463026762008667,30.399999618530273,30.399999618530273,0.0,0.01899813674390316,0.01898142695426941,0.00013649722677655518,0.004446012899279594,0.004408887587487698,0.00011940964759560302,0.0023520225659012794,0.0023204649332910776,0.00010228624159935862,0.09159214794635773,0.0916353166103363,0.00021946593187749386,1.078702449798584,1.078993558883667,0.002876193029806018,0.8838237524032593,0.8844282627105713,0.002947873203083873,0.9368124604225159,0.937578022480011,0.002681317739188671,-0.26439520716667175,-0.2640576660633087,0.0031989479903131723,0.5828664898872375,0.5831000208854675,0.0025486003141850233,0.8838237524032593,0.8844282627105713,0.002947873203083873,0.9368124604225159,0.937578022480011,0.002681317739188671,4.4681596755981445,4.466866970062256,0.037706661969423294,4.906388759613037,4.914037227630615,0.041386961936950684,0.2340269833803177,0.23357665538787842,0.006209266372025013,0.12380486726760864,0.12300103157758713,0.005350353196263313,21.055776596069336,21.051116943359375,0.01238246075809002,19.220380783081055,19.227081298828125,0.036021213978528976,125.7815933227539,125.77999877929688,0.025561830028891563,2.662400245666504,2.6600000858306885,0.0042708273977041245,30.46999740600586,30.469999313354492,1.9073486328125e-06
LC09_L1TP_195028_20240729_20240729_02_T1,LANDSAT_9,20240729,0.019688226282596588,0.018699560314416885,0.00254810880869627,0.00597907742485404,0.004758151713758707,0.0034014538396149874,0.0031479832250624895,0.002569403499364853,0.0016112967859953642,0.10695770382881165,0.10697531700134277,0.0005584050668403506,1.1114505529403687,1.1201504468917847,0.031022299081087112,0.8800399899482727,0.9008921384811401,0.05578763782978058,0.934405505657196,0.9450802206993103,0.029795942828059196,-0.3178251385688782,-0.329081654548645,0.03004748374223709,0.6474807262420654,0.6598876118659973,0.03181033208966255,0.8800399899482727,0.9008921384811401,0.05578763782978058,0.934405505657196,0.9450802206993103,0.029795942828059196,5.188368320465088,5.455378532409668,0.6466262340545654,5.776912212371826,6.039196491241455,0.6061251163482666,0.2930425703525543,0.2549535930156708,0.10253812372684479,0.15528461337089539,0.13648252189159393,0.05140348896384239,22.15945816040039,22.1619873046875,0.020568912848830223,20.90764617919922,20.921142578125,0.050023529678583145,30.420398712158203,30.419998168945312,0.0072015379555523396,6.295199394226074,6.300000190734863,0.004996112547814846,32.78960037231445,32.790000915527344,0.001960010500624776,0.02071240171790123,0.020642880350351334,0.00030408636666834354,0.0058866702020168304,0.005833333358168602,0.0003604165103752166,0.0032876180484890938,0.003285710234194994,0.00026133551727980375,0.10755583643913269,0.10745251923799515,0.000556876533664763,1.039981484413147,1.042134404182434,0.006633690092712641,0.8906571865081787,0.8911111950874329,0.0061791399493813515,0.9374270439147949,0.9375000596046448,0.004704194143414497,-0.3605574071407318,-0.36026689410209656,0.003843077225610614,0.6617698669433594,0.6621360182762146,0.003912379965186119,0.8906571865081787,0.8911111950874329,0.0061791399493813515,0.9374270439147949,0.9375000596046448,0.004704194143414497,5.4852294921875,5.486464500427246,0.11677511781454086,6.078812122344971,6.0764665603637695,0.11939423531293869,0.2840379774570465,0.2838931381702423,0.01361086219549179,0.15859806537628174,0.1577139049768448,0.010617631487548351,20.553701400756836,20.558502197265625,0.045489851385354996,19.451265335083008,19.4495849609375,0.03984904661774635,39.56279373168945,39.55998992919922,0.004494373686611652,7.877999782562256,7.880000114440918,0.0048990449868142605,32.86000061035156,32.86000061035156,0.0
LC09_L1TP_196028_20240805_20240805_02_T1,LANDSAT_9,20240805,0.017755253240466118,0.016809675842523575,0.002411866094917059,0.004918329883366823,0.003919847775250673,0.002784593263641,0.0024885013699531555,0.0019719507545232773,0.0013199996901676059,0.09961961954832077,0.09963162988424301,0.00029757607262581587,1.0733575820922852,1.085433006286621,0.02806176245212555,0.9016691446304321,0.9188652634620667,0.04773406684398651,0.9486508369445801,0.9586589336395264,0.024978239089250565,-0.37470901012420654,-0.38664329051971436,0.0341983437538147,0.6814051270484924,0.6943652629852295,0.03188484534621239,0.9016691446304321,0.9188652634620667,0.04773406684398651,0.9486508369445801,0.9586589336395264,0.024978239089250565,6.005943775177002,6.271791458129883,0.7921336889266968,6.6666579246521,6.957800388336182,0.7607112526893616,0.26582565903663635,0.23572471737861633,0.08907536417245865,0.13498201966285706,0.1177322268486023,0.044693153351545334,20.77652359008789,20.77587890625,0.028008446097373962,19.169857025146484,19.18133544921875,0.03880489990115166,143.6807861328125,143.67999267578125,0.003921337891370058,4.02239990234375,4.019999980926514,0.004270929377526045,33.72999954223633,33.72999954223633,0.0,0.024058284237980843,0.02418535016477108,0.0006641081999987364,0.011776456609368324,0.0117677953094244,0.0006080369930714369,0.008750040084123611,0.008831864222884178,0.0004175964277237654,0.09485182166099548,0.09492449462413788,0.0003140761982649565,1.0063762664794922,1.0076091289520264,0.0073821344412863255,0.7580395340919495,0.758339524269104,0.010433219373226166,0.8144311308860779,0.812993586063385,0.007655084133148193,-0.2460004687309265,-0.2444107085466385,0.008869843557476997,0.5609928369522095,0.559833824634552,0.00869427714496851,0.7580395340919495,0.758339524269104,0.010433219373226166,0.8144311308860779,0.812993586063385,0.007655084133148193,3.499479293823242,3.498993158340454,0.10588990896940231,3.8216989040374756,3.803649425506592,0.10646069049835205,0.4892667829990387,0.48846521973609924,0.015788763761520386,0.36357513070106506,0.364999920129776,0.010972205549478531,21.245885848999023,21.24810791015625,0.0391547866165638,19.25913429260254,19.321624755859375,0.10539565980434418,125.98760986328125,121.48001098632812,6.039318084716797,2.499199867248535,2.5199999809265137,0.02951877936720848,33.790000915527344,33.790000915527344,0.0
LC09_L1TP_196028_20240821_20240822_02_T1,LANDSAT_9,20240821,,,,,,,,,,,,,,,,,,,,,,,,,,,,,,,,,,,,,,,,,,,,,,,,,,,,,,,,,,,,,0.025517266243696213,0.02556498907506466,0.0005889990134164691,0.009160744957625866,0.009114033542573452,0.0005620489246211946,0.006247299257665873,0.006169109605252743,0.00042843123083002865,0.0845990777015686,0.08453965187072754,0.00022968930716160685,0.9158444404602051,0.913921594619751,0.006950950715690851,0.770786464214325,0.7715381383895874,0.011279813013970852,0.8377735018730164,0.8396568894386292,0.009373248554766178,-0.21897311508655548,-0.21779491007328033,0.0071649858728051186,0.46979495882987976,0.46874189376831055,0.007048164028674364,0.770786464214325,0.7715381383895874,0.011279813013970852,0.8377735018730164,0.8396568894386292,0.009373248554766178,3.19020414352417,3.187040328979492,0.07894042879343033,3.4826595783233643,3.493194818496704,0.08370774984359741,0.3587660491466522,0.35651296377182007,0.015590946190059185,0.2446197271347046,0.2423340380191803,0.012171068228781223,18.78872299194336,18.795745849609375,0.04558278247714043,17.175317764282227,17.1734619140625,0.02654298022389412,117.94400024414062,117.94000244140625,0.026229122653603554,2.6396002769470215,2.640000104904175,0.004454207140952349,38.02000045776367,38.02000045776367,0.0
LC09_L1TP_195028_20240830_20240830_02_T1,LANDSAT_9,20240830,0.02681376412510872,0.02623952366411686,0.002017768332734704,0.007733081001788378,0.006832379847764969,0.0021992106921970844,0.003932467196136713,0.0035092304460704327,0.0012163794599473476,0.08510541170835495,0.08493952453136444,0.0007933875895105302,0.9070961475372314,0.9139479398727417,0.02425987645983696,0.8071166276931763,0.8252890110015869,0.0427018441259861,0.8968865275382996,0.9063166975975037,0.026229361072182655,-0.20069754123687744,-0.2048880010843277,0.01514554675668478,0.4565814733505249,0.46191513538360596,0.021664749830961227,0.8071166276931763,0.8252890110015869,0.0427018441259861,0.8968865275382996,0.9063166975975037,0.026229361072182655,3.2693140506744385,3.3571436405181885,0.24156227707862854,3.6646604537963867,3.743062734603882,0.22470159828662872,0.2850132882595062,0.264344185590744,0.05305487662553787,0.1446719765663147,0.13455630838871002,0.02850518375635147,19.82160758972168,19.8197021484375,0.019925620406866074,18.34101676940918,18.342620849609375,0.027357451617717743,39.993595123291016,39.18999481201172,1.8489271402359009,6.2191996574401855,6.21999979019165,0.009346715174615383,41.209999084472656,41.209999084472656,0.0,0.02586158737540245,0.025833921507000923,0.00015685569087509066,0.006403403356671333,0.006411917041987181,0.00011796116450568661,0.003217129036784172,0.0032192545477300882,8.708368841325864e-05,0.08174587041139603,0.08174534142017365,0.0001836537558119744,0.9382547736167908,0.9389644861221313,0.002936349483206868,0.8243045210838318,0.8238948583602905,0.002829289995133877,0.9076947569847107,0.9077746272087097,0.002328197006136179,-0.20295068621635437,-0.20343132317066193,0.003095734864473343,0.43991172313690186,0.43997713923454285,0.002180303679779172,0.8243045210838318,0.8238948583602905,0.002829289995133877,0.9076947569847107,0.9077746272087097,0.002328197006136179,3.2704572677612305,3.2716054916381836,0.019155625253915787,3.6288018226623535,3.6301381587982178,0.02028484269976616,0.24760742485523224,0.2476586103439331,0.004555206745862961,0.12440212070941925,0.12383883446455002,0.003427118295803666,19.763416290283203,19.766326904296875,0.029093218967318535,18.149742126464844,18.1551513671875,0.022468632087111473,48.4900016784668,48.48999786376953,3.814697265625e-06,7.8043999671936035,7.800000190734863,0.004963746294379234,41.2599983215332,41.2599983215332,0.0
LC09_L1TP_196028_20240906_20240906_02_T1,LANDSAT_9,20240906,0.01838839240372181,0.018398234620690346,0.0025728780310600996,0.0067797331139445305,0.006424345076084137,0.0025129595305770636,0.0044800895266234875,0.004264670889824629,0.0014646102208644152,0.08055530488491058,0.08053671568632126,0.001065781805664301,0.9944307208061218,0.9953724145889282,0.03715535253286362,0.8156100511550903,0.8209524750709534,0.0562337301671505,0.8735807538032532,0.8784149885177612,0.035402633249759674,-0.2845507860183716,-0.284423291683197,0.035783156752586365,0.5642722249031067,0.5636954307556152,0.03971271589398384,0.8156100511550903,0.8209524750709534,0.0562337301671505,0.8735807538032532,0.8784149885177612,0.035402633249759674,4.019742488861084,3.9672861099243164,0.5746776461601257,4.396599292755127,4.305327892303467,0.5511927008628845,0.36102962493896484,0.33868613839149475,0.09015623480081558,0.23953568935394287,0.23183371126651764,0.05069588124752045,17.01896095275879,17.010101318359375,0.07254523783922195,15.026917457580566,15.032867431640625,0.19212272763252258,134.78680419921875,134.79000854492188,0.004669317044317722,3.905200242996216,3.9100000858306885,0.004995993338525295,42.97999954223633,42.97999954223633,0.0,0.011519292369484901,0.011569463647902012,0.00025121908402070403,0.002482400741428137,0.0025162857491523027,0.0001834108552429825,0.0012384604196995497,0.0012307852739468217,0.00015672374865971506,0.06910265237092972,0.06908863037824631,0.0002604283799882978,1.1348460912704468,1.1366006135940552,0.0042947763577103615,0.9042121171951294,0.9035136103630066,0.006522904150187969,0.9510513544082642,0.9511405229568481,0.005923519376665354,-0.3772144317626953,-0.3746313154697418,0.007452413439750671,0.621402382850647,0.6194334030151367,0.005981260444968939,0.9042121171951294,0.9035136103630066,0.006522904150187969,0.9510513544082642,0.9511405229568481,0.005923519376665354,5.346116542816162,5.317124843597412,0.14023788273334503,5.867580413818359,5.81876802444458,0.15643256902694702,0.21532301604747772,0.2184458076953888,0.012619409710168839,0.10733266174793243,0.10922244936227798,0.011956753209233284,17.308692932128906,17.30352783203125,0.04197484999895096,15.594971656799316,15.598876953125,0.024456579238176346,137.93519592285156,137.94000244140625,0.01526766549795866,2.2911999225616455,2.2899999618530273,0.004308127798140049,43.010799407958984,43.0099983215332,0.002713511697947979
LC09_L1TP_195028_20240915_20240915_02_T1,LANDSAT_9,20240915,0.02396211586892605,0.019013410434126854,0.010306639596819878,0.012016470544040203,0.00734410434961319,0.010514933615922928,0.007507824804633856,0.004383238963782787,0.0068823485635221004,0.08552435040473938,0.08500882983207703,0.0019228548044338822,0.9736399054527283,1.0190422534942627,0.11106789857149124,0.7366411089897156,0.8049561381340027,0.1626824140548706,0.8244308233261108,0.8793931603431702,0.11992725729942322,-0.25295189023017883,-0.2871622145175934,0.0901065468788147,0.5037797689437866,0.5497598052024841,0.10827980190515518,0.7366411089897156,0.8049561381340027,0.1626824140548706,0.8244308233261108,0.8793931603431702,0.11992725729942322,3.562443494796753,3.7324717044830322,1.10629141330719,3.969907760620117,4.22169303894043,1.1198121309280396,0.4328027665615082,0.37195104360580444,0.18727050721645355,0.26794323325157166,0.22324126958847046,0.12141581624746323,14.847587585449219,14.886505126953125,0.22530238330364227,13.898846626281738,13.975799560546875,0.2641817331314087,43.92159652709961,43.91999816894531,0.006742360070347786,6.296800136566162,6.300000190734863,0.0046648685820400715,46.45000076293945,46.45000076293945,0.0,0.017040401697158813,0.01702297106385231,0.0003842435253318399,0.005388085264712572,0.0054612900130450726,0.00035063247196376324,0.003459202591329813,0.0035149739123880863,0.00024024069716688246,0.07839924097061157,0.07836088538169861,0.0003109205572400242,1.0771725177764893,1.075391411781311,0.009575053118169308,0.8294340372085571,0.8276811838150024,0.009280703030526638,0.8870339393615723,0.885687530040741,0.00692807836458087,-0.3027515411376953,-0.30331748723983765,0.005514674820005894,0.5443929433822632,0.5450677871704102,0.0060403309762477875,0.8294340372085571,0.8276811838150024,0.009280703030526638,0.8870339393615723,0.885687530040741,0.00692807836458087,3.9974148273468018,3.9819376468658447,0.09550944715738297,4.372920513153076,4.364924907684326,0.09279386699199677,0.31594300270080566,0.3148147463798523,0.014700230211019516,0.20284225046634674,0.20234070718288422,0.010697554796934128,15.198067665100098,15.194549560546875,0.031058326363563538,14.412117004394531,14.40728759765625,0.03347321227192879,53.1515998840332,53.150001525878906,0.003664046758785844,7.88040018081665,7.880000114440918,0.004454189911484718,46.4900016784668,46.4900016784668,0.0
LC09_L1TP_195028_20241102_20241102_02_T1,LANDSAT_9,20241102,,,,,,,,,,,,,,,,,,,,,,,,,,,,,,,,,,,,,,,,,,,,,,,,,,,,,,,,,,,,,,,,,,,,,,,,,,,,,,,,,,,,,,,,,,,,,,,,,,,,,,,,,,,,,,,,,,,,,,,,
LC09_L1TP_195028_20241204_20241204_02_T1,LANDSAT_9,20241204,0.017046920955181122,0.016982335597276688,0.00039263308281078935,0.003068770281970501,0.0029300451278686523,0.0004159134696237743,0.0014781705103814602,0.0014351168647408485,0.0002115953539032489,0.09922356903553009,0.09923312067985535,0.0004291034128982574,1.2311136722564697,1.2325084209442139,0.007579509634524584,0.9076659679412842,0.9112321138381958,0.011318771168589592,0.9543991088867188,0.9555559158325195,0.0062823048792779446,-0.380690336227417,-0.3803749978542328,0.00928221084177494,0.5757779479026794,0.5754860043525696,0.0065690879710018635,0.9076659679412842,0.9112321138381958,0.011318771168589592,0.9543991088867188,0.9555559158325195,0.0062823048792779446,5.0425310134887695,5.062132835388184,0.16316552460193634,5.471121788024902,5.4803948402404785,0.10083704441785812,0.17969831824302673,0.1737585961818695,0.020979177206754684,0.0867992490530014,0.08417403697967529,0.013075688853859901,7.885332107543945,7.8746337890625,0.0382223017513752,7.072832107543945,7.0548095703125,0.0727093517780304,62.72999572753906,62.72999572753906,0.0,6.103600025177002,6.099999904632568,0.004800109658390284,70.45999908447266,70.45999908447266,0.0,0.017756471410393715,0.017768442630767822,0.00030925279133953154,0.0030631027184426785,0.002991305198520422,0.0002180180890718475,0.0014717185404151678,0.0014956414233893156,0.000186133649549447,0.10273991525173187,0.10269203782081604,0.00046418473357334733,1.2109662294387817,1.211134433746338,0.00926237553358078,0.9126985669136047,0.9146033525466919,0.005962866824120283,0.9570832252502441,0.9566352963447571,0.005346078425645828,-0.3758886456489563,-0.37711864709854126,0.008494937792420387,0.5814880132675171,0.5813299417495728,0.006349610164761543,0.9126985669136047,0.9146033525466919,0.005962866824120283,0.9570832252502441,0.9566352963447571,0.005346078425645828,5.104572296142578,5.11594820022583,0.10011079907417297,5.527193069458008,5.526318073272705,0.1104259043931961,0.17257995903491974,0.17006716132164001,0.012904400005936623,0.08291638642549515,0.0827803984284401,0.010668404400348663,7.837155818939209,7.833770751953125,0.02063121646642685,7.023702621459961,7.0379638671875,0.033810123801231384,62.05000305175781,62.05000305175781,0.0,7.725200176239014,7.730000019073486,0.004996112547814846,70.47000122070312,70.47000122070312,0.0
LC09_L1TP_196027_20241227_20241227_02_T1,LANDSAT_9,20241227,,,,,,,,,,,,,,,,,,,,,,,,,,,,,,,,,,,,,,,,,,,,,,,,,,,,,,,,,,,,,,,,,,,,,,,,,,,,,,,,,,,,,,,,,,,,,,,,,,,,,,,,,,,,,,,,,,,,,,,,
LC09_L1TP_196028_20250112_20250112_02_T1,LANDSAT_9,20250112,0.01973067969083786,0.019507918506860733,0.001209569745697081,0.0043181972578167915,0.003687452059239149,0.002437996445223689,0.002131762681528926,0.0019032045966014266,0.0009785708971321583,0.09823603928089142,0.09834256768226624,0.0005583970341831446,1.1573041677474976,1.1664905548095703,0.01992771029472351,0.8802108764648438,0.8931961059570312,0.05438262224197388,0.9383766055107117,0.9451586604118347,0.02530151605606079,-0.3412232995033264,-0.3433739244937897,0.0175816360861063,0.5422294735908508,0.5460208058357239,0.01724819466471672,0.8802108764648438,0.8931961059570312,0.05438262224197388,0.9383766055107117,0.9451586604118347,0.02530151605606079,4.486973762512207,4.595804691314697,0.40476658940315247,4.9037370681762695,4.969614028930664,0.3332151770591736,0.214403435587883,0.19435624778270721,0.09647493064403534,0.10620828717947006,0.09329414367675781,0.03884913772344589,5.622030258178711,5.616241455078125,0.02792235091328621,5.214404106140137,5.205780029296875,0.038959044963121414,128.4464111328125,128.45001220703125,0.004804688040167093,4.097599983215332,4.099999904632568,0.004270725417882204,70.35159301757812,70.3499984741211,0.003666848409920931,0.02006281167268753,0.02024141326546669,0.0008913354831747711,0.005300859920680523,0.005238953046500683,0.0007489860872738063,0.00341245555318892,0.0034529366530478,0.0006459777359850705,0.09877218306064606,0.09879602491855621,0.0003218098427169025,1.1524168252944946,1.1497637033462524,0.013919823803007603,0.8537278175354004,0.8544564843177795,0.018250010907649994,0.9033771753311157,0.9021100997924805,0.016836397349834442,-0.337531179189682,-0.3428848385810852,0.012940830551087856,0.5394759178161621,0.5364691019058228,0.013264862820506096,0.8537278175354004,0.8544564843177795,0.018250010907649994,0.9033771753311157,0.9021100997924805,0.016836397349834442,4.2524189949035645,4.224303722381592,0.21886594593524933,4.594864368438721,4.53518009185791,0.24002867937088013,0.26327186822891235,0.2594747841358185,0.02753567136824131,0.1691790372133255,0.1690957099199295,0.026027806103229523,5.688796520233154,5.699859619140625,0.03488621860742569,5.266380786895752,5.263916015625,0.026096124202013016,106.63678741455078,106.63998413085938,0.026939978823065758,2.592399835586548,2.5899999141693115,0.004270826932042837,70.37000274658203,70.37000274658203,0.0
LC09_L1TP_195028_20250121_20250121_02_T1,LANDSAT_9,20250121,,,,,,,,,,,,,,,,,,,,,,,,,,,,,,,,,,,,,,,,,,,,,,,,,,,,,,,,,,,,,,,,,,,,,,,,,,,,,,,,,,,,,,,,,,,,,,,,,,,,,,,,,,,,,,,,,,,,,,,,
LC09_L1TP_195028_20250206_20250206_02_T1,LANDSAT_9,20250206,,,,,,,,,,,,,,,,,,,,,,,,,,,,,,,,,,,,,,,,,,,,,,,,,,,,,,,,,,,,,,,,,,,,,,,,,,,,,,,,,,,,,,,,,,,,,,,,,,,,,,,,,,,,,,,,,,,,,,,,
LC09_L1TP_196027_20250402_20250402_02_T1,LANDSAT_9,20250402,0.01795366406440735,0.01710059493780136,0.0016263272846117616,0.005047889892011881,0.0040582395158708096,0.003065079916268587,0.0026274973060935736,0.0020990855991840363,0.0017156795365735888,0.0727158859372139,0.0727265253663063,0.000575560552533716,1.0769726037979126,1.0874264240264893,0.02532612904906273,0.8306888341903687,0.8556497693061829,0.07437632977962494,0.9075512886047363,0.9226008057594299,0.04852013662457466,-0.2683270573616028,-0.2808057367801666,0.022176645696163177,0.4934888184070587,0.5064621567726135,0.02603335492312908,0.8306888341903687,0.8556497693061829,0.07437632977962494,0.9075512886047363,0.9226008057594299,0.04852013662457466,3.723726511001587,3.9013185501098633,0.410744845867157,4.132408618927002,4.307582378387451,0.38463714718818665,0.2726784944534302,0.23739805817604065,0.12172997742891312,0.14155332744121552,0.12396661937236786,0.06885096430778503,6.832767486572266,6.83453369140625,0.019383439794182777,6.268862247467041,6.278076171875,0.03659902885556221,135.89599609375,135.89999389648438,0.004888816736638546,4.108399868011475,4.110000133514404,0.004630392882972956,44.38999938964844,44.38999938964844,0.0,,,,,,,,,,,,,,,,,,,,,,,,,,,,,,,,,,,,,,,,,,,,,,,,,,,,,,,,,,,,
LC09_L1TP_195028_20250411_20250411_02_T1,LANDSAT_9,20250411,0.01591270975768566,0.015136397443711758,0.0023701954632997513,0.004997412208467722,0.004191203508526087,0.0021377287339419127,0.0026674186810851097,0.002242423128336668,0.0011447137221693993,0.07234935462474823,0.07227833569049835,0.00044527516001835465,1.0726752281188965,1.0839160680770874,0.03830258175730705,0.8327410221099854,0.8538856506347656,0.05204417556524277,0.9067102074623108,0.9192309975624084,0.03199455142021179,-0.29883748292922974,-0.30882373452186584,0.02782001905143261,0.5444085001945496,0.5570313930511475,0.03601384535431862,0.8327410221099854,0.8538856506347656,0.05204417556524277,0.9067102074623108,0.9192309975624084,0.03199455142021179,4.058172702789307,4.245495319366455,0.4456995725631714,4.544064521789551,4.745739936828613,0.44329291582107544,0.3052000105381012,0.2783685624599457,0.06319992244243622,0.16297103464603424,0.14920026063919067,0.03711235523223877,10.922187805175781,10.925750732421875,0.05301078036427498,10.677448272705078,10.680877685546875,0.05100276693701744,49.3700065612793,49.37000274658203,3.814697265625e-06,5.954400062561035,5.949999809265137,0.004963983315974474,41.47999954223633,41.47999954223633,0.0,0.014362637884914875,0.014373322948813438,0.00010194307833444327,0.0032807481475174427,0.0032860897481441498,9.036226401804015e-05,0.0018081493908539414,0.001843414967879653,8.163825259543955e-05,0.07307849079370499,0.07308223843574524,0.0001895358582260087,1.110601544380188,1.1115705966949463,0.004523647483438253,0.8831629157066345,0.883476734161377,0.003142406465485692,0.9338738918304443,0.9326173067092896,0.0029242585878819227,-0.32216566801071167,-0.3211585581302643,0.004637008998543024,0.5727984309196472,0.5720523595809937,0.002739282324910164,0.8831629157066345,0.883476734161377,0.003142406465485692,0.9338738918304443,0.9326173067092896,0.0029242585878819227,4.585341930389404,4.577914714813232,0.04691249504685402,5.002865314483643,4.996697902679443,0.049774255603551865,0.22841468453407288,0.22819995880126953,0.005775038152933121,0.1258934885263443,0.12754133343696594,0.005644478369504213,10.429080963134766,10.430206298828125,0.045304227620363235,10.274945259094238,10.252410888671875,0.05054439604282379,48.529998779296875,48.529998779296875,0.0,7.576800346374512,7.579999923706055,0.004664645995944738,41.529998779296875,41.529998779296875,0.0
LC09_L1TP_196028_20250418_20250418_02_T1,LANDSAT_9,20250418,0.020944640040397644,0.020336588844656944,0.0025020723696798086,0.010821309871971607,0.010321583598852158,0.0022250371985137463,0.007789216004312038,0.007536796387284994,0.0012852955842390656,0.07402569055557251,0.07396284490823746,0.001026779180392623,0.9744091033935547,0.9840829968452454,0.03267117589712143,0.6898708939552307,0.699404776096344,0.04668743908405304,0.7659127116203308,0.7712292671203613,0.029339060187339783,-0.24508161842823029,-0.24799233675003052,0.025635823607444763,0.4739758372306824,0.4806126356124878,0.03425263985991478,0.6898708939552307,0.699404776096344,0.04668743908405304,0.7659127116203308,0.7712292671203613,0.029339060187339783,2.9610559940338135,3.0049753189086914,0.27720969915390015,3.262765407562256,3.270758628845215,0.2587032616138458,0.5136247277259827,0.5019404888153076,0.06535574048757553,0.37110599875450134,0.3652617335319519,0.03779732808470726,8.751992225646973,8.748260498046875,0.03937213495373726,8.151498794555664,8.156982421875,0.04854248836636543,137.10760498046875,137.11000061035156,0.0042684865184128284,4.382800102233887,4.380000114440918,0.004489877726882696,38.47999954223633,38.47999954223633,0.0,0.012862108647823334,0.012858020141720772,0.0001696676918072626,0.0025491053238511086,0.002530703553929925,0.0001332233805442229,0.0014253695262596011,0.0014315014705061913,8.654448902234435e-05,0.0714716911315918,0.07147322595119476,0.00018484164320398122,1.1736339330673218,1.1742799282073975,0.005340244621038437,0.9011431932449341,0.9020286798477173,0.004895374178886414,0.9434924125671387,0.9432626962661743,0.0032844722736626863,-0.34455063939094543,-0.3445817232131958,0.006515167187899351,0.5842846632003784,0.5839537382125854,0.004482726100832224,0.9011431932449341,0.9020286798477173,0.004895374178886414,0.9434924125671387,0.9432626962661743,0.0032844722736626863,4.893764019012451,4.894738674163818,0.07879282534122467,5.278509616851807,5.2701287269592285,0.08089809864759445,0.19817565381526947,0.19517074525356293,0.009812179952859879,0.11080960929393768,0.11132801324129105,0.006413950584828854,7.748775482177734,7.745635986328125,0.016028065234422684,7.011980056762695,7.021148681640625,0.04032140597701073,117.45399475097656,117.44999694824219,0.021724527701735497,2.863600254058838,2.859999895095825,0.004799995571374893,38.52000045776367,38.52000045776367,0.0
LC09_L1TP_195028_20250529_20250529_02_T1,LANDSAT_9,20250529,0.03387705236673355,0.0334249772131443,0.002353450981900096,0.020144667476415634,0.019469305872917175,0.0023506104480475187,0.014780201017856598,0.014504744671285152,0.0012967778602614999,0.07464638352394104,0.07442264258861542,0.000788190693128854,0.9819257855415344,0.9903870224952698,0.04100826010107994,0.4835520088672638,0.4927799105644226,0.028344975784420967,0.5925334692001343,0.5950096249580383,0.01515413448214531,-0.03608674183487892,-0.03946928307414055,0.010248822160065174,0.2603696286678314,0.2640323042869568,0.015584421344101429,0.4835520088672638,0.4927799105644226,0.028344975784420967,0.5925334692001343,0.5950096249580383,0.01515413448214531,1.7461057901382446,1.7593235969543457,0.06458593904972076,1.9364525079727173,1.9472172260284424,0.05310969427227974,0.593136191368103,0.5866115093231201,0.026484960690140724,0.4358910322189331,0.43326491117477417,0.009389436803758144,12.182573318481445,12.17535400390625,0.09591031074523926,10.217358589172363,10.21307373046875,0.1212594285607338,41.43000030517578,41.43000030517578,0.0,5.966400146484375,5.96999979019165,0.0047998810186982155,29.049997329711914,29.049999237060547,1.9073486328125e-06,0.042679525911808014,0.041895490139722824,0.002461096504703164,0.021670348942279816,0.02126825414597988,0.0009234139579348266,0.01560349203646183,0.015361672267317772,0.0005237294244579971,0.07830595225095749,0.07830794155597687,0.0008972209761850536,0.9396260976791382,0.9479809999465942,0.022789444774389267,0.4826620817184448,0.48544761538505554,0.012226107530295849,0.5983421802520752,0.6017699241638184,0.006864376366138458,0.024444708600640297,0.023678570985794067,0.017472630366683006,0.18577365577220917,0.1879195123910904,0.022283801808953285,0.4826620817184448,0.48544761538505554,0.012226107530295849,0.5983421802520752,0.6017699241638184,0.006864376366138458,1.5975477695465088,1.6113762855529785,0.04748106375336647,1.7639683485031128,1.7699604034423828,0.054290201514959335,0.508782148361206,0.5040343999862671,0.02622183784842491,0.366379976272583,0.3638201057910919,0.017005646601319313,10.702797889709473,10.67828369140625,0.11219192296266556,8.444819450378418,8.470001220703125,0.09618218243122101,40.49400329589844,40.49000549316406,0.004896288271993399,7.590400218963623,7.590000152587891,0.004454189911484718,29.120399475097656,29.1200008392334,0.0019592633470892906
LC09_L1TP_196027_20250621_20250621_02_T1,LANDSAT_9,20250621,0.02297951653599739,0.021876681596040726,0.0034615190234035254,0.006562101189047098,0.005424153991043568,0.0034338869154453278,0.00352097162976861,0.0028583649545907974,0.0018016420071944594,0.08528216183185577,0.08526730537414551,0.00040128742693923414,0.9868461489677429,0.9993412494659424,0.038278814405202866,0.829287588596344,0.8513306379318237,0.06309065967798233,0.9040249586105347,0.9192115068435669,0.0388970710337162,-0.2198430448770523,-0.22616687417030334,0.02714928798377514,0.49923327565193176,0.5113778710365295,0.03856593742966652,0.829287588596344,0.8513306379318237,0.06309065967798233,0.9040249586105347,0.9192115068435669,0.0388970710337162,3.609877586364746,3.7566239833831787,0.3718050420284271,4.000495433807373,4.148957252502441,0.367064505815506,0.2754378914833069,0.2484472244977951,0.0703594759106636,0.14797160029411316,0.13092748820781708,0.040773507207632065,20.339378356933594,20.346343994140625,0.04694637656211853,19.268203735351562,19.266754150390625,0.032571494579315186,147.62680053710938,147.6300048828125,0.004662203136831522,4.06279993057251,4.059999942779541,0.00449009146541357,27.299997329711914,27.299999237060547,1.9073486328125e-06,,,,,,,,,,,,,,,,,,,,,,,,,,,,,,,,,,,,,,,,,,,,,,,,,,,,,,,,,,,,
LC09_L1TP_196028_20250621_20250621_02_T1,LANDSAT_9,20250621,0.02295340783894062,0.021989217028021812,0.0028315747622400522,0.0065963114611804485,0.005514177959412336,0.003884668694809079,0.0035227714106440544,0.0029033811297267675,0.0021055766846984625,0.08521418273448944,0.08521103113889694,0.0008782869554124773,0.9874523878097534,0.9996738433837891,0.039614032953977585,0.8290402293205261,0.8489164710044861,0.07064177095890045,0.9042391777038574,0.917919933795929,0.04472455382347107,-0.2193259298801422,-0.22705692052841187,0.02284308522939682,0.4985305070877075,0.5093293786048889,0.0323551744222641,0.8290402293205261,0.8489164710044861,0.07064177095890045,0.9042391777038574,0.917919933795929,0.04472455382347107,3.603091239929199,3.7274224758148193,0.3853936195373535,3.9946181774139404,4.116637229919434,0.3711113929748535,0.2772802412509918,0.24999982118606567,0.10140287131071091,0.14778505265712738,0.13203658163547516,0.054962851107120514,20.340160369873047,20.3406982421875,0.04113933816552162,19.280515670776367,19.27587890625,0.03762640804052353,147.6352081298828,147.6400146484375,0.005000877659767866,4.059999942779541,4.059999942779541,0.004898975137621164,27.299997329711914,27.299999237060547,1.9073486328125e-06,0.019541099667549133,0.019615868106484413,0.00042961491271853447,0.0048105004243552685,0.004819507244974375,0.0004361419996712357,0.002726849867030978,0.002725045196712017,0.0003516130964271724,0.07757166028022766,0.07755140215158463,0.00022604374680668116,1.0947239398956299,1.0950944423675537,0.007231041789054871,0.8433950543403625,0.8422993421554565,0.012304973788559437,0.9081453084945679,0.9082640409469604,0.010778404772281647,-0.22126536071300507,-0.2198256403207779,0.005715460050851107,0.4865472912788391,0.48583245277404785,0.006369045935571194,0.8433950543403625,0.8422993421554565,0.012304973788559437,0.9081453084945679,0.9082640409469604,0.010778404772281647,3.5845510959625244,3.583566427230835,0.09739434719085693,3.9198479652404785,3.920651435852051,0.1039758175611496,0.2458506077528,0.24485096335411072,0.017626073211431503,0.13925166428089142,0.13892044126987457,0.015218430198729038,19.997785568237305,20.004852294921875,0.04539094120264053,18.960603713989258,18.955352783203125,0.042618703097105026,125.76439666748047,125.75999450683594,0.026695167645812035,2.5552000999450684,2.559999942779541,0.004995993338525295,27.3700008392334,27.3700008392334,0.0
LC09_L1TP_195028_20250630_20250630_02_T1,LANDSAT_9,20250630,0.025367887690663338,0.024450812488794327,0.0024454256054013968,0.0063558416441082954,0.005322308745235205,0.0030183701310306787,0.0030832993797957897,0.0026156618259847164,0.0013186581199988723,0.08800745010375977,0.08796605467796326,0.0007179405656643212,1.0225927829742432,1.0333729982376099,0.02837543748319149,0.8310936689376831,0.8526450991630554,0.059994909912347794,0.9136564135551453,0.9247630834579468,0.030890069901943207,-0.20103615522384644,-0.20643053948879242,0.020993733778595924,0.4543677568435669,0.4646291732788086,0.02887653186917305,0.8310936689376831,0.8526450991630554,0.059994909912347794,0.9136564135551453,0.9247630834579468,0.030890069901943207,3.374818801879883,3.4992337226867676,0.3106118440628052,3.7422683238983154,3.854133129119873,0.28101596236228943,0.24492792785167694,0.22041165828704834,0.07917369157075882,0.11901742219924927,0.10738232731819153,0.03450869396328926,22.11676597595215,22.115234375,0.02807758003473282,20.163288116455078,20.16015625,0.06173774600028992,27.36520004272461,27.37000274658203,0.004997065756469965,6.304800510406494,6.300000190734863,0.004995874594897032,28.440000534057617,28.440000534057617,0.0,0.021043172106146812,0.021077774465084076,0.000218053231947124,0.004455919843167067,0.004461382981389761,0.00012304741539992392,0.002247988246381283,0.002253454877063632,8.201581658795476e-05,0.08137843012809753,0.08139754086732864,0.00020096934167668223,1.0682226419448853,1.0683670043945312,0.0035157965030521154,0.8614802360534668,0.8611899614334106,0.0035684057511389256,0.9276344180107117,0.9275256395339966,0.0025257256347686052,-0.2387506067752838,-0.23911269009113312,0.00469628581777215,0.47991353273391724,0.4789445102214813,0.004258207976818085,0.8614802360534668,0.8611899614334106,0.0035684057511389256,0.9276344180107117,0.9275256395339966,0.0025257256347686052,3.691561222076416,3.6933341026306152,0.04289588704705238,4.041345119476318,4.041829586029053,0.03932235389947891,0.2117450088262558,0.21228423714637756,0.005210736766457558,0.10684232413768768,0.10581997036933899,0.004156243521720171,21.705469131469727,21.710113525390625,0.034609604626894,20.0936279296875,20.10565185546875,0.03391125798225403,36.466793060302734,36.469993591308594,0.0046621994115412235,7.887200355529785,7.889999866485596,0.004489877261221409,28.520000457763672,28.520000457763672,0.0
LC09_L1TP_196028_20250707_20250707_02_T1,LANDSAT_9,20250707,,,,,,,,,,,,,,,,,,,,,,,,,,,,,,,,,,,,,,,,,,,,,,,,,,,,,,,,,,,,,0.039412155747413635,0.03905618563294411,0.007052079774439335,0.023613061755895615,0.02496773563325405,0.007038761395961046,0.017480602487921715,0.01818525418639183,0.005944082513451576,0.09156902134418488,0.09223496913909912,0.0026889522559940815,0.8074822425842285,0.8039907217025757,0.07485415786504745,0.5603662133216858,0.5416753888130188,0.08008816838264465,0.6561925411224365,0.6425551772117615,0.07832728326320648,-0.158810555934906,-0.15529175102710724,0.03524157032370567,0.3523222804069519,0.3500760793685913,0.044411882758140564,0.5603662133216858,0.5416753888130188,0.08008816838264465,0.6561925411224365,0.6425551772117615,0.07832728326320648,2.2081992626190186,2.1709249019622803,0.30140483379364014,2.451009750366211,2.4194324016571045,0.34433281421661377,0.5892330408096313,0.5777215957641602,0.10783202946186066,0.4323834180831909,0.4338195323944092,0.09181234240531921,13.980199813842773,14.00732421875,0.348435640335083,12.943744659423828,13.002655029296875,0.22456002235412598,143.5164031982422,138.35000610351562,6.341408729553223,2.3783998489379883,2.4000000953674316,0.03158235922455788,28.510000228881836,28.510000228881836,0.0
LC09_L1TP_195028_20250716_20250716_02_T1,LANDSAT_9,20250716,0.03251362964510918,0.029216211289167404,0.007122937124222517,0.016942154616117477,0.014735531061887741,0.00517412880435586,0.012119277380406857,0.010402915999293327,0.003979252185672522,0.0918278694152832,0.09130935370922089,0.001454007113352418,0.9056304693222046,0.9311496615409851,0.06786606460809708,0.6481663584709167,0.6751788854598999,0.06935520470142365,0.7351589798927307,0.7605332732200623,0.05989636108279228,-0.15150952339172363,-0.17311464250087738,0.04849943518638611,0.41624537110328674,0.4449823796749115,0.06314001232385635,0.6481663584709167,0.6751788854598999,0.06935520470142365,0.7351589798927307,0.7605332732200623,0.05989636108279228,2.535402774810791,2.637545585632324,0.35624003410339355,2.811427116394043,2.963223457336426,0.3977757692337036,0.5150240063667297,0.5119933485984802,0.061601437628269196,0.36604201793670654,0.35904017090797424,0.04139326140284538,16.653366088867188,16.782318115234375,0.3547697961330414,14.66348648071289,14.71099853515625,0.24277372658252716,28.402803421020508,28.400009155273438,0.004489807412028313,6.383600234985352,6.380000114440918,0.0047998810186982155,30.31999969482422,30.31999969482422,0.0,,,,,,,,,,,,,,,,,,,,,,,,,,,,,,,,,,,,,,,,,,,,,,,,,,,,,,,,,,,,
