scene_id,sensor,time_utc,lakeN,pathrow,lst_class_dt_median0,lst_class_dt_mean0,lst_class_dt_std0,lst_class_dt_mean_all_pixels,lst_class_dt_median_all_pixels,lst_class_rf_median0,lst_class_rf_mean0,lst_class_rf_std0,lst_class_rf_mean_all_pixels,lst_class_rf_median_all_pixels,lst_class_xgb_median0,lst_class_xgb_mean0,lst_class_xgb_std0,lst_class_xgb_mean_all_pixels,lst_class_xgb_median_all_pixels,lstmap_usgs_on_tact_median0,lstmap_usgs_on_tact_mean0,lstmap_usgs_on_tact_std0,lstmap_usgs_on_tact_mean_all_pixels,lstmap_usgs_on_tact_median_all_pixels,lstmap_dt_usgs_median0,lstmap_dt_usgs_mean0,lstmap_dt_usgs_std0,lstmap_dt_usgs_mean_all_pixels,lstmap_dt_usgs_median_all_pixels,lstmap_rf_usgs_median0,lstmap_rf_usgs_mean0,lstmap_rf_usgs_std0,lstmap_rf_usgs_mean_all_pixels,lstmap_rf_usgs_median_all_pixels,lstmap_xgb_usgs_median0,lstmap_xgb_usgs_mean0,lstmap_xgb_usgs_std0,lstmap_xgb_usgs_mean_all_pixels,lstmap_xgb_usgs_median_all_pixels,lstmap1_median0,lstmap1_mean0,lstmap1_std0,lstmap1_mean_all_pixels,lstmap1_median_all_pixels,lstmap_dt_acolite1_median0,lstmap_dt_acolite1_mean0,lstmap_dt_acolite1_std0,lstmap_dt_acolite1_mean_all_pixels,lstmap_dt_acolite1_median_all_pixels,lstmap_rf_acolite1_median0,lstmap_rf_acolite1_mean0,lstmap_rf_acolite1_std0,lstmap_rf_acolite1_mean_all_pixels,lstmap_rf_acolite1_median_all_pixels,lstmap_xgb_acolite1_median0,lstmap_xgb_acolite1_mean0,lstmap_xgb_acolite1_std0,lstmap_xgb_acolite1_mean_all_pixels,lstmap_xgb_acolite1_median_all_pixels,lstmap2_median0,lstmap2_mean0,lstmap2_std0,lstmap2_mean_all_pixels,lstmap2_median_all_pixels,lstmap_dt_acolite2_median0,lstmap_dt_acolite2_mean0,lstmap_dt_acolite2_std0,lstmap_dt_acolite2_mean_all_pixels,lstmap_dt_acolite2_median_all_pixels,lstmap_rf_acolite2_median0,lstmap_rf_acolite2_mean0,lstmap_rf_acolite2_std0,lstmap_rf_acolite2_mean_all_pixels,lstmap_rf_acolite2_median_all_pixels,lstmap_xgb_acolite2_median0,lstmap_xgb_acolite2_mean0,lstmap_xgb_acolite2_std0,lstmap_xgb_acolite2_mean_all_pixels,lstmap_xgb_acolite2_median_all_pixels,lst_class_dt_median1,lst_class_dt_mean1,lst_class_dt_std1,lst_class_rf_median1,lst_class_rf_mean1,lst_class_rf_std1,lst_class_xgb_median1,lst_class_xgb_mean1,lst_class_xgb_std1,lstmap_usgs_on_tact_median1,lstmap_usgs_on_tact_mean1,lstmap_usgs_on_tact_std1,lstmap_dt_usgs_median1,lstmap_dt_usgs_mean1,lstmap_dt_usgs_std1,lstmap_rf_usgs_median1,lstmap_rf_usgs_mean1,lstmap_rf_usgs_std1,lstmap_xgb_usgs_median1,lstmap_xgb_usgs_mean1,lstmap_xgb_usgs_std1,lstmap1_median1,lstmap1_mean1,lstmap1_std1,lstmap_dt_acolite1_median1,lstmap_dt_acolite1_mean1,lstmap_dt_acolite1_std1,lstmap_rf_acolite1_median1,lstmap_rf_acolite1_mean1,lstmap_rf_acolite1_std1,lstmap_xgb_acolite1_median1,lstmap_xgb_acolite1_mean1,lstmap_xgb_acolite1_std1,lstmap2_median1,lstmap2_mean1,lstmap2_std1,lstmap_dt_acolite2_median1,lstmap_dt_acolite2_mean1,lstmap_dt_acolite2_std1,lstmap_rf_acolite2_median1,lstmap_rf_acolite2_mean1,lstmap_rf_acolite2_std1,lstmap_xgb_acolite2_median1,lstmap_xgb_acolite2_mean1,lstmap_xgb_acolite2_std1
LC08_L1TP_196028_20160807_20200906_02_T1,LANDSAT_8,20160807,geneva,196028,2.0,2.319999933242798,0.4664761424064636,2.079625129699707,2.0,3.0,3.0,0.0,2.157937526702881,2.0,3.0,3.0,0.0,2.182178497314453,2.0,22.281402587890625,22.28030776977539,0.04205873981118202,22.220260620117188,22.233551025390625,22.281402587890625,22.28030776977539,0.04205873981118202,22.190818786621094,22.206207275390625,22.281402587890625,22.28030776977539,0.04205873981118202,22.19388198852539,22.209625244140625,22.281402587890625,22.28030776977539,0.04205873981118202,22.210756301879883,22.230133056640625,21.40081787109375,21.400278091430664,0.042882710695266724,21.486980438232422,21.501708984375,21.40081787109375,21.400278091430664,0.042882710695266724,21.463214874267578,21.476043701171875,21.40081787109375,21.400278091430664,0.042882710695266724,21.46563720703125,21.479095458984375,21.40081787109375,21.400278091430664,0.042882710695266724,21.479175567626953,21.496917724609375,22.532470703125,22.52082061767578,0.0577450692653656,22.470170974731445,22.493072509765625,22.532470703125,22.52082061767578,0.0577450692653656,22.44440269470215,22.464996337890625,22.532470703125,22.52082061767578,0.0577450692653656,22.447179794311523,22.46893310546875,22.532470703125,22.52082061767578,0.0577450692653656,22.461889266967773,22.48846435546875,1.0,1.0,0.0,1.0,1.0399999618530273,0.1959591656923294,2.0,2.0,0.0,22.708648681640625,22.706323623657227,0.009105919860303402,,,,,,,22.708648681640625,22.706323623657227,0.009105919860303402,21.9385986328125,21.936351776123047,0.009460692293941975,,,,,,,21.9385986328125,21.936351776123047,0.009460692293941975,22.975555419921875,22.9951229095459,0.03734852746129036,,,,,,,22.975555419921875,22.9951229095459,0.03734852746129036
LC08_L1TP_195028_20160816_20200906_02_T1,LANDSAT_8,20160816,geneva,195028,3.0,3.0,0.0,2.997276782989502,3.0,3.0,3.0,0.0,2.997610330581665,3.0,3.0,3.0,0.0,2.99741792678833,3.0,25.463592529296875,25.4696102142334,0.02775559015572071,24.727500915527344,24.69793701171875,25.463592529296875,25.4696102142334,0.02775559015572071,24.725555419921875,24.69793701171875,25.463592529296875,25.4696102142334,0.02775559015572071,24.725509643554688,24.69793701171875,25.463592529296875,25.4696102142334,0.02775559015572071,24.725454330444336,24.69793701171875,22.422637939453125,22.428617477416992,0.03098220005631447,21.998138427734375,21.971527099609375,22.422637939453125,22.428617477416992,0.03098220005631447,21.996322631835938,21.9713134765625,22.422637939453125,22.428617477416992,0.03098220005631447,21.99629020690918,21.9713134765625,22.422637939453125,22.428617477416992,0.03098220005631447,21.996232986450195,21.9713134765625,23.41259765625,23.401674270629883,0.08813831210136414,22.619924545288086,22.607330322265625,23.41259765625,23.401674270629883,0.08813831210136414,22.617860794067383,22.607147216796875,23.41259765625,23.401674270629883,0.08813831210136414,22.617826461791992,22.607147216796875,23.41259765625,23.401674270629883,0.08813831210136414,22.617765426635742,22.60711669921875,3.0,3.0,0.0,3.0,3.0,0.0,3.0,3.0,0.0,24.85516357421875,24.841901779174805,0.04856229946017265,24.85516357421875,24.841901779174805,0.04856229946017265,24.85516357421875,24.841901779174805,0.04856229946017265,24.85516357421875,24.841901779174805,0.04856229946017265,22.417755126953125,22.40612030029297,0.051633093506097794,22.417755126953125,22.40612030029297,0.051633093506097794,22.417755126953125,22.40612030029297,0.051633093506097794,22.417755126953125,22.40612030029297,0.051633093506097794,23.02349853515625,23.021652221679688,0.029216565191745758,23.02349853515625,23.021652221679688,0.029216565191745758,23.02349853515625,23.021652221679688,0.029216565191745758,23.02349853515625,23.021652221679688,0.029216565191745758
LC08_L1TP_196028_20160823_20200906_02_T1,LANDSAT_8,20160823,geneva,196028,3.0,3.0,0.0,2.853172540664673,3.0,3.0,3.0,0.0,2.8567612171173096,3.0,3.0,3.0,0.0,2.845052719116211,3.0,23.323883056640625,23.3247013092041,0.037644609808921814,22.616931915283203,22.575347900390625,23.323883056640625,23.3247013092041,0.037644609808921814,22.614551544189453,22.575347900390625,23.323883056640625,23.3247013092041,0.037644609808921814,22.614742279052734,22.575347900390625,23.323883056640625,23.3247013092041,0.037644609808921814,22.61464500427246,22.575347900390625,21.1837158203125,21.181394577026367,0.019855143502354622,20.72420310974121,20.703948974609375,21.1837158203125,21.181394577026367,0.019855143502354622,20.72225570678711,20.703689575195312,21.1837158203125,21.181394577026367,0.019855143502354622,20.7224178314209,20.7037353515625,21.1837158203125,21.181394577026367,0.019855143502354622,20.722332000732422,20.703704833984375,21.948638916015625,21.94949722290039,0.041492264717817307,21.557598114013672,21.537628173828125,21.948638916015625,21.94949722290039,0.041492264717817307,21.5554256439209,21.537368774414062,21.948638916015625,21.94949722290039,0.041492264717817307,21.55560874938965,21.537384033203125,21.948638916015625,21.94949722290039,0.041492264717817307,21.555511474609375,21.537384033203125,2.0,2.0,0.0,2.0,2.0,0.0,2.0,2.0,0.0,22.688140869140625,22.680892944335938,0.050431616604328156,22.688140869140625,22.680892944335938,0.050431616604328156,22.688140869140625,22.680892944335938,0.050431616604328156,22.688140869140625,22.680892944335938,0.050431616604328156,20.819854736328125,20.81930923461914,0.048193976283073425,20.819854736328125,20.81930923461914,0.048193976283073425,20.819854736328125,20.81930923461914,0.048193976283073425,20.819854736328125,20.81930923461914,0.048193976283073425,21.932647705078125,21.939226150512695,0.06283903121948242,21.932647705078125,21.939226150512695,0.06283903121948242,21.932647705078125,21.939226150512695,0.06283903121948242,21.932647705078125,21.939226150512695,0.06283903121948242
LC08_L1TP_195028_20160901_20200906_02_T1,LANDSAT_8,20160901,geneva,195028,3.0,3.0,0.0,2.924600601196289,3.0,3.0,3.0,0.0,2.924048900604248,3.0,3.0,3.0,0.0,2.9192588329315186,3.0,24.46893310546875,24.458269119262695,0.09180702269077301,24.416826248168945,24.44500732421875,24.46893310546875,24.458269119262695,0.09180702269077301,24.445249557495117,24.45526123046875,24.46893310546875,24.458269119262695,0.09180702269077301,24.447893142700195,24.45526123046875,24.46893310546875,24.458269119262695,0.09180702269077301,24.44852066040039,24.45526123046875,22.86346435546875,22.858774185180664,0.09063488990068436,22.864360809326172,22.90533447265625,22.86346435546875,22.858774185180664,0.09063488990068436,22.89040184020996,22.91229248046875,22.86346435546875,22.858774185180664,0.09063488990068436,22.892559051513672,22.913055419921875,22.86346435546875,22.858774185180664,0.09063488990068436,22.892745971679688,22.9129638671875,24.2593994140625,24.23348617553711,0.09937220066785812,24.361160278320312,24.403564453125,24.2593994140625,24.23348617553711,0.09937220066785812,24.41407012939453,24.4114990234375,24.2593994140625,24.23348617553711,0.09937220066785812,24.417869567871094,24.41241455078125,24.2593994140625,24.23348617553711,0.09937220066785812,24.418371200561523,24.412353515625,2.0,2.0,0.0,2.0,2.0,0.0,2.0,2.0,0.2828426957130432,24.77655029296875,24.756589889526367,0.06318477541208267,24.77655029296875,24.756589889526367,0.06318477541208267,24.77655029296875,24.756589889526367,0.06318477541208267,24.77825927734375,24.75846290588379,0.06380319595336914,23.42352294921875,23.40277671813965,0.057626403868198395,23.42352294921875,23.40277671813965,0.057626403868198395,23.42352294921875,23.40277671813965,0.057626403868198395,23.424118041992188,23.40289878845215,0.058811455965042114,24.930572509765625,24.943359375,0.08354337513446808,24.930572509765625,24.943359375,0.08354337513446808,24.930572509765625,24.943359375,0.08354337513446808,24.930068969726562,24.943313598632812,0.08526579290628433
LC08_L1TP_196028_20160908_20200906_02_T1,LANDSAT_8,20160908,geneva,196028,3.0,3.0,0.0,2.9966351985931396,3.0,3.0,3.0,0.0,2.9965903759002686,3.0,3.0,3.0,0.0,2.996162176132202,3.0,21.775543212890625,21.775541305541992,0.06098177284002304,22.02079963684082,22.076324462890625,21.775543212890625,21.775541305541992,0.06098177284002304,22.019336700439453,22.076324462890625,21.775543212890625,21.775541305541992,0.06098177284002304,22.019346237182617,22.076324462890625,21.775543212890625,21.775541305541992,0.06098177284002304,22.019372940063477,22.076324462890625,20.779541015625,20.793415069580078,0.05857888609170914,20.97880744934082,21.04345703125,20.779541015625,20.793415069580078,0.05857888609170914,20.977325439453125,21.04205322265625,20.779541015625,20.793415069580078,0.05857888609170914,20.977317810058594,21.04205322265625,20.779541015625,20.793415069580078,0.05857888609170914,20.977338790893555,21.04205322265625,21.374114990234375,21.37735366821289,0.06643451005220413,21.69296646118164,21.71875,21.374114990234375,21.37735366821289,0.06643451005220413,21.6912899017334,21.71826171875,21.374114990234375,21.37735366821289,0.06643451005220413,21.691282272338867,21.71826171875,21.374114990234375,21.37735366821289,0.06643451005220413,21.691308975219727,21.718276977539062,3.0,3.0,0.0,3.0,3.0,0.0,3.0,3.0,0.0,22.906890869140625,22.901010513305664,0.035090669989585876,22.906890869140625,22.901010513305664,0.035090669989585876,22.906890869140625,22.901010513305664,0.035090669989585876,22.906890869140625,22.901010513305664,0.035090669989585876,21.92633056640625,21.925865173339844,0.02978852391242981,21.92633056640625,21.925865173339844,0.02978852391242981,21.92633056640625,21.925865173339844,0.02978852391242981,21.92633056640625,21.925865173339844,0.02978852391242981,22.967193603515625,22.932117462158203,0.10163627564907074,22.967193603515625,22.932117462158203,0.10163627564907074,22.967193603515625,22.932117462158203,0.10163627564907074,22.967193603515625,22.932117462158203,0.10163627564907074
LC08_L1TP_196028_20160924_20200906_02_T1,LANDSAT_8,20160924,geneva,196028,3.0,2.9600000381469727,0.1959591805934906,2.9969663619995117,3.0,3.0,3.0,0.0,2.997537136077881,3.0,3.0,2.9600000381469727,0.1959591805934906,2.9972803592681885,3.0,19.659759521484375,19.649505615234375,0.04515859857201576,19.76336097717285,19.775970458984375,19.659759521484375,19.649505615234375,0.04515859857201576,19.762439727783203,19.775970458984375,19.659759521484375,19.649505615234375,0.04515859857201576,19.7624454498291,19.775970458984375,19.659759521484375,19.649505615234375,0.04515859857201576,19.76246452331543,19.775970458984375,18.693084716796875,18.682531356811523,0.039240747690200806,18.66680335998535,18.66644287109375,18.693084716796875,18.682531356811523,0.039240747690200806,18.66590690612793,18.666351318359375,18.693084716796875,18.682531356811523,0.039240747690200806,18.665903091430664,18.666351318359375,18.693084716796875,18.682531356811523,0.039240747690200806,18.665916442871094,18.666351318359375,19.236236572265625,19.217544555664062,0.06179281696677208,19.166690826416016,19.16717529296875,19.236236572265625,19.217544555664062,0.06179281696677208,19.165647506713867,19.16705322265625,19.236236572265625,19.217544555664062,0.06179281696677208,19.165639877319336,19.16705322265625,19.236236572265625,19.217544555664062,0.06179281696677208,19.165660858154297,19.16705322265625,3.0,3.0,0.0,3.0,3.0,0.0,3.0,3.0,0.0,19.885345458984375,19.887126922607422,0.02971048466861248,19.885345458984375,19.887126922607422,0.02971048466861248,19.885345458984375,19.887126922607422,0.02971048466861248,19.885345458984375,19.887126922607422,0.02971048466861248,18.82647705078125,18.82705307006836,0.03179152309894562,18.82647705078125,18.82705307006836,0.03179152309894562,18.82647705078125,18.82705307006836,0.03179152309894562,18.82647705078125,18.82705307006836,0.03179152309894562,19.492279052734375,19.47979164123535,0.11343517899513245,19.492279052734375,19.47979164123535,0.11343517899513245,19.492279052734375,19.47979164123535,0.11343517899513245,19.492279052734375,19.47979164123535,0.11343517899513245
LC08_L1TP_195028_20161003_20200906_02_T1,LANDSAT_8,20161003,geneva,195028,3.0,3.0,0.0,2.9942524433135986,3.0,3.0,3.0,0.0,2.995237112045288,3.0,3.0,3.0,0.0,2.995321273803711,3.0,19.034271240234375,19.045482635498047,0.04206762835383415,18.632736206054688,18.726654052734375,19.034271240234375,19.045482635498047,0.04206762835383415,18.63341522216797,18.726654052734375,19.034271240234375,19.045482635498047,0.04206762835383415,18.633390426635742,18.726654052734375,19.034271240234375,19.045482635498047,0.04206762835383415,18.63332748413086,18.726654052734375,18.211151123046875,18.22758674621582,0.04079839959740639,18.036623001098633,18.14727783203125,18.211151123046875,18.22758674621582,0.04079839959740639,18.03769302368164,18.147491455078125,18.211151123046875,18.22758674621582,0.04079839959740639,18.037649154663086,18.147491455078125,18.211151123046875,18.22758674621582,0.04079839959740639,18.037569046020508,18.1474609375,19.2801513671875,19.28683853149414,0.05416364222764969,19.054386138916016,19.18231201171875,19.2801513671875,19.28683853149414,0.05416364222764969,19.055978775024414,19.182525634765625,19.2801513671875,19.28683853149414,0.05416364222764969,19.055917739868164,19.1824951171875,19.2801513671875,19.28683853149414,0.05416364222764969,19.055801391601562,19.1824951171875,3.0,3.0,0.0,3.0,3.0,0.0,3.0,3.0,0.0,18.911224365234375,18.867473602294922,0.08688904345035553,18.911224365234375,18.867473602294922,0.08688904345035553,18.911224365234375,18.867473602294922,0.08688904345035553,18.911224365234375,18.867473602294922,0.08688904345035553,18.3045654296875,18.272031784057617,0.06358595937490463,18.3045654296875,18.272031784057617,0.06358595937490463,18.3045654296875,18.272031784057617,0.06358595937490463,18.3045654296875,18.272031784057617,0.06358595937490463,19.37530517578125,19.358078002929688,0.06501273065805435,19.37530517578125,19.358078002929688,0.06501273065805435,19.37530517578125,19.358078002929688,0.06501273065805435,19.37530517578125,19.358078002929688,0.06501273065805435
LC08_L1TP_195028_20161206_20200905_02_T1,LANDSAT_8,20161206,geneva,195028,3.0,3.0,0.0,2.193596124649048,2.0,3.0,3.0,0.0,2.2975597381591797,2.0,3.0,3.0,0.0,2.2296323776245117,2.0,8.41107177734375,8.40765380859375,0.03141557797789574,7.425111770629883,7.92913818359375,8.41107177734375,8.40765380859375,0.03141557797789574,7.949438095092773,8.19915771484375,8.41107177734375,8.40765380859375,0.03141557797789574,7.91050386428833,8.15472412109375,8.41107177734375,8.40765380859375,0.03141557797789574,7.927995204925537,8.17523193359375,7.929962158203125,7.930215835571289,0.03179042041301727,6.9426398277282715,7.43896484375,7.929962158203125,7.930215835571289,0.03179042041301727,7.462940216064453,7.70489501953125,7.929962158203125,7.930215835571289,0.03179042041301727,7.42432165145874,7.662567138671875,7.929962158203125,7.930215835571289,0.03179042041301727,7.441230297088623,7.68310546875,8.271697998046875,8.252303123474121,0.06195700913667679,7.025822162628174,7.70947265625,8.271697998046875,8.252303123474121,0.06195700913667679,7.694803237915039,8.0079345703125,8.271697998046875,8.252303123474121,0.06195700913667679,7.646073818206787,7.96881103515625,8.271697998046875,8.252303123474121,0.06195700913667679,7.668585777282715,7.98834228515625,2.0,2.0,0.0,2.0,2.0,0.0,2.0,2.0,0.0,7.054107666015625,7.055884838104248,0.04950389266014099,7.054107666015625,7.055884838104248,0.04950389266014099,7.054107666015625,7.055884838104248,0.04950389266014099,7.054107666015625,7.055884838104248,0.04950389266014099,6.568145751953125,6.570425033569336,0.04123648628592491,6.568145751953125,6.570425033569336,0.04123648628592491,6.568145751953125,6.570425033569336,0.04123648628592491,6.568145751953125,6.570425033569336,0.04123648628592491,6.607879638671875,6.618085861206055,0.06450563669204712,6.607879638671875,6.618085861206055,0.06450563669204712,6.607879638671875,6.618085861206055,0.06450563669204712,6.607879638671875,6.618085861206055,0.06450563669204712
LC08_L1TP_195028_20161222_20200905_02_T1,LANDSAT_8,20161222,geneva,195028,,,,,,,,,,,,,,,,,,,,,,,,,,,,,,,,,,,,,,,,,,,,,,,,,,,,,,,,,,,,,,,,,,,,,,,,,,,,,,,,,,,,,,,,,,,,,,,,,,,,,,,,,,,,,,,,,,,,,,,,
LC08_L1TP_195028_20170107_20200905_02_T1,LANDSAT_8,20170107,geneva,195028,3.0,3.0,0.0,2.3863718509674072,3.0,3.0,3.0,0.0,2.455202102661133,3.0,3.0,3.0,0.0,2.4044370651245117,3.0,5.980865478515625,5.994810581207275,0.07878203690052032,5.4626054763793945,5.895416259765625,5.980865478515625,5.994810581207275,0.07878203690052032,5.813791751861572,5.987701416015625,5.980865478515625,5.994810581207275,0.07878203690052032,5.784388542175293,5.977447509765625,5.980865478515625,5.994810581207275,0.07878203690052032,5.792093276977539,5.980865478515625,5.64447021484375,5.614048004150391,0.0771254450082779,5.0822601318359375,5.5223236083984375,5.64447021484375,5.614048004150391,0.0771254450082779,5.451513767242432,5.616943359375,5.64447021484375,5.614048004150391,0.0771254450082779,5.420928955078125,5.606201171875,5.64447021484375,5.614048004150391,0.0771254450082779,5.428914546966553,5.608917236328125,5.6939697265625,5.702754974365234,0.06597596406936646,5.154983997344971,5.7537078857421875,5.6939697265625,5.702754974365234,0.06597596406936646,5.701481819152832,5.87371826171875,5.6939697265625,5.702754974365234,0.06597596406936646,5.65620756149292,5.85931396484375,5.6939697265625,5.702754974365234,0.06597596406936646,5.66869592666626,5.863006591796875,,,,,,,,,,,,,,,,,,,,,,,,,,,,,,,,,,,,,,,,,,,,,
LC08_L1TP_195028_20170123_20200905_02_T1,LANDSAT_8,20170123,geneva,195028,,,,,,,,,,,,,,,,,,,,,,,,,,,,,,,,,,,,,,,,,,,,,,,,,,,,,,,,,,,,,,,,,,,,,,,,,,,,,,,,,,,,,,,,,,,,,,,,,,,,,,,,,,,,,,,,,,,,,,,,
LC08_L1TP_196028_20170215_20200905_02_T1,LANDSAT_8,20170215,geneva,196028,2.0,2.0,0.0,2.2849018573760986,2.0,3.0,2.9200000762939453,0.27129319310188293,2.968099594116211,3.0,2.0,2.440000057220459,0.49638694524765015,2.8749260902404785,3.0,5.639068603515625,5.654654502868652,0.043040141463279724,5.646820068359375,5.615142822265625,5.639068603515625,5.654654502868652,0.043040141463279724,5.645923137664795,5.615142822265625,5.639068603515625,5.654654502868652,0.043040141463279724,5.645936489105225,5.615142822265625,5.639068603515625,5.654654502868652,0.043040141463279724,5.645935535430908,5.615142822265625,5.172698974609375,5.176204681396484,0.03557012230157852,5.128639221191406,5.099578857421875,5.172698974609375,5.176204681396484,0.03557012230157852,5.127905368804932,5.0994873046875,5.172698974609375,5.176204681396484,0.03557012230157852,5.1279144287109375,5.0994873046875,5.172698974609375,5.176204681396484,0.03557012230157852,5.127920627593994,5.0994873046875,5.371124267578125,5.384139537811279,0.043660636991262436,5.399571895599365,5.30902099609375,5.371124267578125,5.384139537811279,0.043660636991262436,5.398683547973633,5.30889892578125,5.371124267578125,5.384139537811279,0.043660636991262436,5.398687362670898,5.30889892578125,5.371124267578125,5.384139537811279,0.043660636991262436,5.398702144622803,5.30889892578125,2.0,2.0,0.0,3.0,2.9600000381469727,0.1959591805934906,3.0,2.9600000381469727,0.1959591805934906,6.144927978515625,6.13508415222168,0.054604724049568176,6.144927978515625,6.13508415222168,0.054604724049568176,6.144927978515625,6.13508415222168,0.054604724049568176,6.144927978515625,6.13508415222168,0.054604724049568176,5.583251953125,5.568393707275391,0.05664997547864914,5.583251953125,5.568393707275391,0.05664997547864914,5.583251953125,5.568393707275391,0.05664997547864914,5.583251953125,5.568393707275391,0.05664997547864914,6.13287353515625,6.137568473815918,0.04180661216378212,6.13287353515625,6.137568473815918,0.04180661216378212,6.13287353515625,6.137568473815918,0.04180661216378212,6.13287353515625,6.137568473815918,0.04180661216378212
LC08_L1TP_195028_20170328_20200904_02_T1,LANDSAT_8,20170328,geneva,195028,2.0,2.0,0.0,1.8745983839035034,2.0,2.0,2.0,0.0,1.7692134380340576,2.0,2.0,2.0,0.0,1.6312955617904663,1.0,10.263641357421875,10.268426895141602,0.033053718507289886,7.4788007736206055,7.536041259765625,10.263641357421875,10.268426895141602,0.033053718507289886,8.08230209350586,7.99066162109375,10.263641357421875,10.268426895141602,0.033053718507289886,8.273480415344238,8.35296630859375,10.263641357421875,10.268426895141602,0.033053718507289886,8.633389472961426,9.221160888671875,9.4451904296875,9.443490028381348,0.03041009232401848,6.6591291427612305,6.719970703125,9.4451904296875,9.443490028381348,0.03041009232401848,7.24227237701416,7.1646270751953125,9.4451904296875,9.443490028381348,0.03041009232401848,7.427221775054932,7.5135498046875,9.4451904296875,9.443490028381348,0.03041009232401848,7.775106906890869,8.351531982421875,10.129852294921875,10.132868766784668,0.1334160566329956,6.878681659698486,6.857818603515625,10.129852294921875,10.132868766784668,0.1334160566329956,7.673868179321289,7.5042572021484375,10.129852294921875,10.132868766784668,0.1334160566329956,7.911178112030029,8.091781616210938,10.129852294921875,10.132868766784668,0.1334160566329956,8.428647994995117,9.130859375,2.0,2.0,0.0,2.0,2.119999885559082,0.32496151328086853,2.0,2.0399999618530273,0.3440930247306824,9.306610107421875,9.311258316040039,0.13172580301761627,9.306610107421875,9.311258316040039,0.13172580301761627,9.306610107421875,9.311258316040039,0.13172580301761627,9.311737060546875,9.319854736328125,0.12738646566867828,8.374664306640625,8.393592834472656,0.12019678950309753,8.374664306640625,8.393592834472656,0.12019678950309753,8.374664306640625,8.393592834472656,0.12019678950309753,8.376220703125,8.400531768798828,0.11766652762889862,9.43255615234375,9.435266494750977,0.14318518340587616,9.43255615234375,9.435266494750977,0.14318518340587616,9.43255615234375,9.435266494750977,0.14318518340587616,9.43890380859375,9.441761016845703,0.1424838751554489
LC08_L1TP_195028_20170413_20200904_02_T1,LANDSAT_8,20170413,geneva,195028,3.0,3.0,0.0,2.9936482906341553,3.0,3.0,3.0,0.0,2.993333101272583,3.0,3.0,3.0,0.0,2.9932618141174316,3.0,14.495147705078125,14.494190216064453,0.0738946869969368,13.7080659866333,13.633819580078125,14.495147705078125,14.494190216064453,0.0738946869969368,13.70490550994873,13.633819580078125,14.495147705078125,14.494190216064453,0.0738946869969368,13.70498275756836,13.633819580078125,14.495147705078125,14.494190216064453,0.0738946869969368,13.705160140991211,13.633819580078125,13.370452880859375,13.37085247039795,0.05675700306892395,12.67298698425293,12.607940673828125,13.370452880859375,13.37085247039795,0.05675700306892395,12.670140266418457,12.606842041015625,13.370452880859375,13.37085247039795,0.05675700306892395,12.670211791992188,12.60687255859375,13.370452880859375,13.37085247039795,0.05675700306892395,12.670380592346191,12.606887817382812,14.03887939453125,14.051264762878418,0.05630169063806534,13.270134925842285,13.25384521484375,14.03887939453125,14.051264762878418,0.05630169063806534,13.267104148864746,13.25250244140625,14.03887939453125,14.051264762878418,0.05630169063806534,13.267178535461426,13.252609252929688,14.03887939453125,14.051264762878418,0.05630169063806534,13.267359733581543,13.252639770507812,3.0,3.0,0.0,3.0,3.0,0.0,3.0,3.0,0.0,13.045928955078125,13.054268836975098,0.04625339061021805,13.045928955078125,13.054268836975098,0.04625339061021805,13.045928955078125,13.054268836975098,0.04625339061021805,13.045928955078125,13.054268836975098,0.04625339061021805,12.059783935546875,12.064105033874512,0.025938156992197037,12.059783935546875,12.064105033874512,0.025938156992197037,12.059783935546875,12.064105033874512,0.025938156992197037,12.059783935546875,12.064105033874512,0.025938156992197037,12.836456298828125,12.828351020812988,0.061212919652462006,12.836456298828125,12.828351020812988,0.061212919652462006,12.836456298828125,12.828351020812988,0.061212919652462006,12.836456298828125,12.828351020812988,0.061212919652462006
LC08_L1TP_196028_20170420_20200904_02_T1,LANDSAT_8,20170420,geneva,196028,2.0,2.0,0.0,2.0658202171325684,2.0,2.0,2.0,0.0,1.8438984155654907,2.0,2.0,2.0,0.0,1.9211583137512207,2.0,9.118621826171875,9.116571426391602,0.03256949409842491,8.561996459960938,8.60931396484375,9.118621826171875,9.116571426391602,0.03256949409842491,8.556631088256836,8.60247802734375,9.118621826171875,9.116571426391602,0.03256949409842491,8.382054328918457,8.34954833984375,9.118621826171875,9.116571426391602,0.03256949409842491,8.456425666809082,8.43841552734375,8.551605224609375,8.549280166625977,0.03555912896990776,8.053462982177734,8.1087646484375,8.551605224609375,8.549280166625977,0.03555912896990776,8.04825496673584,8.103103637695312,8.551605224609375,8.549280166625977,0.03555912896990776,7.8758416175842285,7.851165771484375,8.551605224609375,8.549280166625977,0.03555912896990776,7.949153423309326,7.942230224609375,8.8651123046875,8.867984771728516,0.03690578415989876,8.560904502868652,8.59222412109375,8.8651123046875,8.867984771728516,0.03690578415989876,8.555333137512207,8.584320068359375,8.8651123046875,8.867984771728516,0.03690578415989876,8.364694595336914,8.317291259765625,8.8651123046875,8.867984771728516,0.03690578415989876,8.44654369354248,8.409988403320312,2.0,2.0,0.0,2.0,2.0,0.0,2.0,2.0,0.0,9.853485107421875,9.863465309143066,0.045580070465803146,9.853485107421875,9.863465309143066,0.045580070465803146,9.853485107421875,9.863465309143066,0.045580070465803146,9.853485107421875,9.863465309143066,0.045580070465803146,9.322296142578125,9.330801010131836,0.04113800823688507,9.322296142578125,9.330801010131836,0.04113800823688507,9.322296142578125,9.330801010131836,0.04113800823688507,9.322296142578125,9.330801010131836,0.04113800823688507,10.1112060546875,10.1076078414917,0.029385730624198914,10.1112060546875,10.1076078414917,0.029385730624198914,10.1112060546875,10.1076078414917,0.029385730624198914,10.1112060546875,10.1076078414917,0.029385730624198914
LC08_L1TP_195028_20170429_20200904_02_T1,LANDSAT_8,20170429,geneva,195028,3.0,2.9600000381469727,0.1959591656923294,2.9682118892669678,3.0,3.0,3.0,0.0,2.9814767837524414,3.0,3.0,3.0,0.0,2.982675552368164,3.0,10.321746826171875,10.325984954833984,0.03277374058961868,10.001310348510742,10.010711669921875,10.321746826171875,10.325984954833984,0.03277374058961868,9.999343872070312,10.010711669921875,10.321746826171875,10.325984954833984,0.03277374058961868,9.999183654785156,10.010711669921875,10.321746826171875,10.325984954833984,0.03277374058961868,9.999262809753418,10.010711669921875,9.75286865234375,9.756579399108887,0.03314265236258507,9.44116497039795,9.460479736328125,9.75286865234375,9.756579399108887,0.03314265236258507,9.439435958862305,9.46051025390625,9.75286865234375,9.756579399108887,0.03314265236258507,9.439352989196777,9.460464477539062,9.75286865234375,9.756579399108887,0.03314265236258507,9.43940258026123,9.46044921875,10.691986083984375,10.675803184509277,0.05387240648269653,10.192556381225586,10.2305908203125,10.691986083984375,10.675803184509277,0.05387240648269653,10.191167831420898,10.23077392578125,10.691986083984375,10.675803184509277,0.05387240648269653,10.19120979309082,10.230789184570312,10.691986083984375,10.675803184509277,0.05387240648269653,10.191186904907227,10.230743408203125,3.0,2.759999990463257,0.42708316445350647,3.0,3.0,0.0,3.0,3.0,0.0,9.915008544921875,9.905028343200684,0.025612790137529373,9.915008544921875,9.905028343200684,0.025612790137529373,9.915008544921875,9.905028343200684,0.025612790137529373,9.915008544921875,9.905028343200684,0.025612790137529373,9.355804443359375,9.354774475097656,0.025235095992684364,9.355804443359375,9.354774475097656,0.025235095992684364,9.355804443359375,9.354774475097656,0.025235095992684364,9.355804443359375,9.354774475097656,0.025235095992684364,9.943145751953125,9.925647735595703,0.03535737842321396,9.943145751953125,9.925647735595703,0.03535737842321396,9.943145751953125,9.925647735595703,0.03535737842321396,9.943145751953125,9.925647735595703,0.03535737842321396
LC08_L1TP_195028_20170515_20200904_02_T1,LANDSAT_8,20170515,geneva,195028,,,,1.003235936164856,1.0,,,,1.1965525150299072,1.0,,,,1.2909756898880005,1.0,,,,7.0746588706970215,7.177154541015625,,,,9.534462928771973,9.643280029296875,,,,7.603679180145264,7.693267822265625,,,,8.528928756713867,8.62982177734375,,,,6.185018062591553,6.292449951171875,,,,8.639115333557129,8.7135009765625,,,,6.717292785644531,6.80615234375,,,,7.652106285095215,7.752105712890625,,,,5.051620960235596,5.223419189453125,,,,8.29751205444336,8.403594970703125,,,,5.70985746383667,5.889678955078125,,,,6.718844890594482,6.7086181640625,,,,,,,,,,,,,,,,,,,,,,,,,,,,,,,,,,,,,,,,,,,,,
LC08_L1TP_196028_20170522_20200903_02_T1,LANDSAT_8,20170522,geneva,196028,3.0,3.0,0.0,2.848055124282837,3.0,3.0,3.0,0.0,2.7827658653259277,3.0,3.0,3.0,0.0,2.7116551399230957,3.0,18.712982177734375,18.716537475585938,0.059204742312431335,17.27730941772461,17.588470458984375,18.712982177734375,18.716537475585938,0.059204742312431335,17.282821655273438,17.591888427734375,18.712982177734375,18.716537475585938,0.059204742312431335,17.283266067504883,17.591888427734375,18.712982177734375,18.716537475585938,0.059204742312431335,17.339818954467773,17.629486083984375,17.135406494140625,17.142000198364258,0.05353742092847824,15.829697608947754,16.11279296875,17.135406494140625,17.142000198364258,0.05353742092847824,15.835151672363281,16.11578369140625,17.135406494140625,17.142000198364258,0.05353742092847824,15.835566520690918,16.11572265625,17.135406494140625,17.142000198364258,0.05353742092847824,15.888653755187988,16.15118408203125,17.010711669921875,17.018165588378906,0.11695224791765213,15.575233459472656,15.904388427734375,17.010711669921875,17.018165588378906,0.11695224791765213,15.583512306213379,15.907196044921875,17.010711669921875,17.018165588378906,0.11695224791765213,15.584060668945312,15.907135009765625,17.010711669921875,17.018165588378906,0.11695224791765213,15.649778366088867,15.944976806640625,3.0,3.0,0.0,3.0,3.0,0.0,3.0,3.0,0.0,17.800384521484375,17.78370475769043,0.09393543750047684,17.800384521484375,17.78370475769043,0.09393543750047684,17.800384521484375,17.78370475769043,0.09393543750047684,17.800384521484375,17.78370475769043,0.09393543750047684,16.400543212890625,16.403308868408203,0.09634840488433838,16.400543212890625,16.403308868408203,0.09634840488433838,16.400543212890625,16.403308868408203,0.09634840488433838,16.400543212890625,16.403308868408203,0.09634840488433838,16.345428466796875,16.306283950805664,0.15968269109725952,16.345428466796875,16.306283950805664,0.15968269109725952,16.345428466796875,16.306283950805664,0.15968269109725952,16.345428466796875,16.306283950805664,0.15968269109725952
LC08_L1TP_195028_20170616_20200903_02_T1,LANDSAT_8,20170616,geneva,195028,3.0,3.0,0.0,2.872004270553589,3.0,3.0,3.0,0.0,2.8892197608947754,3.0,3.0,3.0,0.0,2.8850903511047363,3.0,25.101287841796875,25.091028213500977,0.06792458146810532,24.93562126159668,24.86541748046875,25.101287841796875,25.091028213500977,0.06792458146810532,24.94076156616211,24.86541748046875,25.101287841796875,25.091028213500977,0.06792458146810532,24.940093994140625,24.86541748046875,25.101287841796875,25.091028213500977,0.06792458146810532,24.939594268798828,24.86541748046875,22.74383544921875,22.736906051635742,0.07342969626188278,22.65799331665039,22.5931396484375,22.74383544921875,22.736906051635742,0.07342969626188278,22.66312599182129,22.59344482421875,22.74383544921875,22.736906051635742,0.07342969626188278,22.662418365478516,22.593414306640625,22.74383544921875,22.736906051635742,0.07342969626188278,22.661849975585938,22.59307861328125,23.942108154296875,23.941844940185547,0.055777665227651596,23.76816177368164,23.732086181640625,23.942108154296875,23.941844940185547,0.055777665227651596,23.777517318725586,23.732513427734375,23.942108154296875,23.941844940185547,0.055777665227651596,23.77628517150879,23.732452392578125,23.942108154296875,23.941844940185547,0.055777665227651596,23.77544403076172,23.73199462890625,2.0,2.0399999618530273,0.1959591805934906,2.0,2.0799999237060547,0.27129319310188293,2.0,2.0399999618530273,0.1959591805934906,24.62957763671875,24.62875747680664,0.04293360561132431,24.62957763671875,24.62875747680664,0.04293360561132431,24.62957763671875,24.62875747680664,0.04293360561132431,24.62957763671875,24.62875747680664,0.04293360561132431,22.475311279296875,22.469266891479492,0.03549039363861084,22.475311279296875,22.469266891479492,0.03549039363861084,22.475311279296875,22.469266891479492,0.03549039363861084,22.475311279296875,22.469266891479492,0.03549039363861084,23.6810302734375,23.6864070892334,0.024083243682980537,23.6810302734375,23.6864070892334,0.024083243682980537,23.6810302734375,23.6864070892334,0.024083243682980537,23.6810302734375,23.6864070892334,0.024083243682980537
LC08_L1TP_196028_20170623_20200903_02_T1,LANDSAT_8,20170623,geneva,196028,1.0,1.0,0.0,1.5639034509658813,2.0,2.0,2.0,0.0,1.8111860752105713,2.0,2.0,2.0,0.0,1.7226659059524536,2.0,27.627166748046875,27.610214233398438,0.10435716062784195,25.53787612915039,26.020721435546875,,,,26.69053077697754,26.700897216796875,27.627166748046875,27.610214233398438,0.10435716062784195,26.485305786132812,26.622283935546875,27.627166748046875,27.610214233398438,0.10435716062784195,26.466474533081055,26.601776123046875,22.20904541015625,22.194927215576172,0.07433344423770905,20.528804779052734,20.902740478515625,,,,21.3719425201416,21.365447998046875,22.20904541015625,22.194927215576172,0.07433344423770905,21.23831558227539,21.316864013671875,22.20904541015625,22.194927215576172,0.07433344423770905,21.224685668945312,21.301528930664062,21.293975830078125,21.29138946533203,0.07411481440067291,19.315515518188477,19.83245849609375,,,,20.404817581176758,20.323516845703125,21.293975830078125,21.29138946533203,0.07411481440067291,20.248153686523438,20.252838134765625,21.293975830078125,21.29138946533203,0.07411481440067291,20.236309051513672,20.23980712890625,1.0,1.0,0.0,1.0,1.0,0.0,1.0,1.0,0.0,21.115875244140625,21.121068954467773,0.0646357387304306,,,,,,,,,,17.17620849609375,17.183433532714844,0.058996427804231644,,,,,,,,,,14.9605712890625,14.940617561340332,0.08849344402551651,,,,,,,,,
LC08_L1TP_195028_20170718_20200903_02_T1,LANDSAT_8,20170718,geneva,195028,3.0,3.0,0.0,2.979233503341675,3.0,3.0,3.0,0.0,2.9873952865600586,3.0,3.0,3.0,0.0,2.9801836013793945,3.0,26.642791748046875,26.62939453125,0.10616154968738556,25.70092010498047,25.692596435546875,26.642791748046875,26.62939453125,0.10616154968738556,25.6982364654541,25.692596435546875,26.642791748046875,26.62939453125,0.10616154968738556,25.698078155517578,25.692596435546875,26.642791748046875,26.62939453125,0.10616154968738556,25.69794464111328,25.692596435546875,22.511138916015625,22.519268035888672,0.10645190626382828,22.25394058227539,22.23162841796875,22.511138916015625,22.519268035888672,0.10645190626382828,22.251771926879883,22.231231689453125,22.511138916015625,22.519268035888672,0.10645190626382828,22.25164031982422,22.231231689453125,22.511138916015625,22.519268035888672,0.10645190626382828,22.25155258178711,22.231201171875,23.457763671875,23.456012725830078,0.05133899673819542,23.084867477416992,23.0455322265625,23.457763671875,23.456012725830078,0.05133899673819542,23.08247947692871,23.045257568359375,23.457763671875,23.456012725830078,0.05133899673819542,23.08234214782715,23.045257568359375,23.457763671875,23.456012725830078,0.05133899673819542,23.08224868774414,23.04522705078125,3.0,3.0,0.0,3.0,3.0,0.0,3.0,3.0,0.0,25.473846435546875,25.445409774780273,0.0821264460682869,25.473846435546875,25.445409774780273,0.0821264460682869,25.473846435546875,25.445409774780273,0.0821264460682869,25.473846435546875,25.445409774780273,0.0821264460682869,22.318267822265625,22.305898666381836,0.06418640166521072,22.318267822265625,22.305898666381836,0.06418640166521072,22.318267822265625,22.305898666381836,0.06418640166521072,22.318267822265625,22.305898666381836,0.06418640166521072,23.44488525390625,23.444658279418945,0.05562879517674446,23.44488525390625,23.444658279418945,0.05562879517674446,23.44488525390625,23.444658279418945,0.05562879517674446,23.44488525390625,23.444658279418945,0.05562879517674446
LC08_L1TP_196028_20170826_20200903_02_T1,LANDSAT_8,20170826,geneva,196028,2.0,2.0,0.0,1.989417314529419,2.0,2.0,2.0,0.0,2.1028919219970703,2.0,2.0,2.0,0.0,2.028752326965332,2.0,24.28778076171875,24.29119873046875,0.05207889899611473,24.12748146057129,24.14422607421875,24.28778076171875,24.29119873046875,0.05207889899611473,24.116439819335938,24.14080810546875,24.28778076171875,24.29119873046875,0.05207889899611473,24.11077880859375,24.13739013671875,24.28778076171875,24.29119873046875,0.05207889899611473,24.117778778076172,24.14080810546875,22.43341064453125,22.42621421813965,0.055337730795145035,22.258649826049805,22.289276123046875,22.43341064453125,22.42621421813965,0.055337730795145035,22.247406005859375,22.285369873046875,22.43341064453125,22.42621421813965,0.055337730795145035,22.240619659423828,22.281585693359375,22.43341064453125,22.42621421813965,0.055337730795145035,22.247695922851562,22.2840576171875,23.357421875,23.342529296875,0.060988977551460266,22.969743728637695,23.049346923828125,23.357421875,23.342529296875,0.060988977551460266,22.95709228515625,23.044158935546875,23.357421875,23.342529296875,0.060988977551460266,22.949689865112305,23.040557861328125,23.357421875,23.342529296875,0.060988977551460266,22.95887565612793,23.044281005859375,2.0,2.0,0.0,2.0,2.0,0.0,2.0,2.0,0.0,24.13055419921875,24.124948501586914,0.07144290208816528,24.13055419921875,24.124948501586914,0.07144290208816528,24.13055419921875,24.124948501586914,0.07144290208816528,24.13055419921875,24.124948501586914,0.07144290208816528,22.401702880859375,22.402149200439453,0.08183416724205017,22.401702880859375,22.402149200439453,0.08183416724205017,22.401702880859375,22.402149200439453,0.08183416724205017,22.401702880859375,22.402149200439453,0.08183416724205017,23.1810302734375,23.182392120361328,0.03130071610212326,23.1810302734375,23.182392120361328,0.03130071610212326,23.1810302734375,23.182392120361328,0.03130071610212326,23.1810302734375,23.182392120361328,0.03130071610212326
LC08_L1TP_195028_20170920_20200903_02_T1,LANDSAT_8,20170920,geneva,195028,3.0,3.0,0.0,2.9927022457122803,3.0,3.0,3.0,0.0,2.9945552349090576,3.0,3.0,3.0,0.0,2.994809150695801,3.0,17.438079833984375,17.439037322998047,0.025568965822458267,17.33395767211914,17.342376708984375,17.438079833984375,17.439037322998047,0.025568965822458267,17.33354377746582,17.342376708984375,17.438079833984375,17.439037322998047,0.025568965822458267,17.333465576171875,17.342376708984375,17.438079833984375,17.439037322998047,0.025568965822458267,17.33340835571289,17.342376708984375,16.433502197265625,16.43316078186035,0.02088066376745701,16.43284034729004,16.445892333984375,16.433502197265625,16.43316078186035,0.02088066376745701,16.43264389038086,16.4459228515625,16.433502197265625,16.43316078186035,0.02088066376745701,16.432554244995117,16.445892333984375,16.433502197265625,16.43316078186035,0.02088066376745701,16.43248748779297,16.445892333984375,17.463165283203125,17.46719741821289,0.05265064910054207,17.347747802734375,17.342758178710938,17.463165283203125,17.46719741821289,0.05265064910054207,17.347864151000977,17.3427734375,17.463165283203125,17.46719741821289,0.05265064910054207,17.34772300720215,17.342742919921875,17.463165283203125,17.46719741821289,0.05265064910054207,17.34759521484375,17.342727661132812,3.0,3.0,0.0,3.0,3.0,0.0,3.0,3.0,0.0,17.513275146484375,17.512317657470703,0.03667937591671944,17.513275146484375,17.512317657470703,0.03667937591671944,17.513275146484375,17.512317657470703,0.03667937591671944,17.513275146484375,17.512317657470703,0.03667937591671944,16.593475341796875,16.605512619018555,0.03789395093917847,16.593475341796875,16.605512619018555,0.03789395093917847,16.593475341796875,16.605512619018555,0.03789395093917847,16.593475341796875,16.605512619018555,0.03789395093917847,17.64434814453125,17.64638900756836,0.018736235797405243,17.64434814453125,17.64638900756836,0.018736235797405243,17.64434814453125,17.64638900756836,0.018736235797405243,17.64434814453125,17.64638900756836,0.018736235797405243
LC08_L1TP_195028_20171006_20200903_02_T1,LANDSAT_8,20171006,geneva,195028,3.0,3.0,0.0,2.993293046951294,3.0,3.0,3.0,0.0,2.9943203926086426,3.0,3.0,3.0,0.0,2.9947328567504883,3.0,17.390228271484375,17.38544273376465,0.024892576038837433,16.855119705200195,16.86724853515625,17.390228271484375,17.38544273376465,0.024892576038837433,16.855566024780273,16.86724853515625,17.390228271484375,17.38544273376465,0.024892576038837433,16.85550308227539,16.86724853515625,17.390228271484375,17.38544273376465,0.024892576038837433,16.855459213256836,16.86724853515625,16.67327880859375,16.665672302246094,0.023818835616111755,16.266366958618164,16.286773681640625,16.67327880859375,16.665672302246094,0.023818835616111755,16.267059326171875,16.28692626953125,16.67327880859375,16.665672302246094,0.023818835616111755,16.2669734954834,16.286865234375,16.67327880859375,16.665672302246094,0.023818835616111755,16.266916275024414,16.286849975585938,17.412261962890625,17.415311813354492,0.03272416815161705,17.08707618713379,17.0950927734375,17.412261962890625,17.415311813354492,0.03272416815161705,17.088687896728516,17.095306396484375,17.412261962890625,17.415311813354492,0.03272416815161705,17.088529586791992,17.09527587890625,17.412261962890625,17.415311813354492,0.03272416815161705,17.0883846282959,17.09521484375,3.0,3.0,0.0,3.0,3.0,0.0,3.0,3.0,0.0,16.59039306640625,16.587657928466797,0.032077960669994354,16.59039306640625,16.587657928466797,0.032077960669994354,16.59039306640625,16.587657928466797,0.032077960669994354,16.59039306640625,16.587657928466797,0.032077960669994354,15.998199462890625,16.00237274169922,0.024690594524145126,15.998199462890625,16.00237274169922,0.024690594524145126,15.998199462890625,16.00237274169922,0.024690594524145126,15.998199462890625,16.00237274169922,0.024690594524145126,16.768890380859375,16.78116226196289,0.04434546083211899,16.768890380859375,16.78116226196289,0.04434546083211899,16.768890380859375,16.78116226196289,0.04434546083211899,16.768890380859375,16.78116226196289,0.04434546083211899
LC08_L1TP_196028_20171013_20200902_02_T1,LANDSAT_8,20171013,geneva,196028,3.0,3.0,0.0,2.99686861038208,3.0,3.0,3.0,0.0,2.9974312782287598,3.0,3.0,3.0,0.0,2.9976391792297363,3.0,17.144134521484375,17.144271850585938,0.035513732582330704,16.72024917602539,16.68609619140625,17.144134521484375,17.144271850585938,0.035513732582330704,16.718847274780273,16.68609619140625,17.144134521484375,17.144271850585938,0.035513732582330704,16.7188720703125,16.68609619140625,17.144134521484375,17.144271850585938,0.035513732582330704,16.71895408630371,16.68609619140625,16.201629638671875,16.2017879486084,0.03758672624826431,16.04709243774414,16.070953369140625,16.201629638671875,16.2017879486084,0.03758672624826431,16.046009063720703,16.07080078125,16.201629638671875,16.2017879486084,0.03758672624826431,16.046030044555664,16.07080078125,16.201629638671875,16.2017879486084,0.03758672624826431,16.046092987060547,16.07080078125,17.111572265625,17.111160278320312,0.028471216559410095,16.980085372924805,17.038818359375,17.111572265625,17.111160278320312,0.028471216559410095,16.97884178161621,17.038543701171875,17.111572265625,17.111160278320312,0.028471216559410095,16.978870391845703,17.03857421875,17.111572265625,17.111160278320312,0.028471216559410095,16.97894287109375,17.03857421875,3.0,3.0,0.0,3.0,3.0,0.0,3.0,3.0,0.0,16.80572509765625,16.812833786010742,0.022064730525016785,16.80572509765625,16.812833786010742,0.022064730525016785,16.80572509765625,16.812833786010742,0.022064730525016785,16.80572509765625,16.812833786010742,0.022064730525016785,16.24407958984375,16.256128311157227,0.030553869903087616,16.24407958984375,16.256128311157227,0.030553869903087616,16.24407958984375,16.256128311157227,0.030553869903087616,16.24407958984375,16.256128311157227,0.030553869903087616,17.375946044921875,17.403959274291992,0.0648995190858841,17.375946044921875,17.403959274291992,0.0648995190858841,17.375946044921875,17.403959274291992,0.0648995190858841,17.375946044921875,17.403959274291992,0.0648995190858841
LC08_L1TP_196028_20171114_20200902_02_T1,LANDSAT_8,20171114,geneva,196028,3.0,3.0,0.0,2.3284077644348145,2.0,3.0,3.0,0.0,2.371272087097168,2.0,3.0,3.0,0.0,2.334857940673828,2.0,10.574676513671875,10.587528228759766,0.0428464449942112,9.758009910583496,10.205535888671875,10.574676513671875,10.587528228759766,0.0428464449942112,10.0327730178833,10.318328857421875,10.574676513671875,10.587528228759766,0.0428464449942112,10.030278205871582,10.308074951171875,10.574676513671875,10.587528228759766,0.0428464449942112,10.091988563537598,10.335418701171875,9.957672119140625,9.970453262329102,0.037229154258966446,9.189451217651367,9.629638671875,9.957672119140625,9.970453262329102,0.037229154258966446,9.46336555480957,9.744186401367188,9.957672119140625,9.970453262329102,0.037229154258966446,9.460716247558594,9.7327880859375,9.957672119140625,9.970453262329102,0.037229154258966446,9.521929740905762,9.760833740234375,10.201385498046875,10.192998886108398,0.052077725529670715,9.227032661437988,9.827392578125,10.201385498046875,10.192998886108398,0.052077725529670715,9.60472583770752,9.9527587890625,10.201385498046875,10.192998886108398,0.052077725529670715,9.599926948547363,9.93927001953125,10.201385498046875,10.192998886108398,0.052077725529670715,9.683187484741211,9.969268798828125,2.0,2.0799999237060547,0.27129319310188293,3.0,2.9200000762939453,0.27129319310188293,2.0,2.4800000190734863,0.4995998442173004,10.851531982421875,10.857000350952148,0.06031141057610512,10.851531982421875,10.857000350952148,0.06031141057610512,10.851531982421875,10.857000350952148,0.06031141057610512,10.851531982421875,10.857000350952148,0.06031141057610512,10.293243408203125,10.281686782836914,0.06048835813999176,10.293243408203125,10.281686782836914,0.06048835813999176,10.293243408203125,10.281686782836914,0.06048835813999176,10.293243408203125,10.281686782836914,0.06048835813999176,10.988983154296875,10.996007919311523,0.058728862553834915,10.988983154296875,10.996007919311523,0.058728862553834915,10.988983154296875,10.996007919311523,0.058728862553834915,10.988983154296875,10.996007919311523,0.058728862553834915
LC08_L1TP_195028_20171225_20200902_02_T1,LANDSAT_8,20171225,geneva,195028,,,,,,,,,,,,,,,,,,,,,,,,,,,,,,,,,,,,,,,,,,,,,,,,,,,,,,,,,,,,,,,,,,,,,,,,,,,,,,,,,,,,,,,,,,,,,,,,,,,,,,,,,,,,,,,,,,,,,,,,
LC08_L1TP_196028_20180202_20200902_02_T1,LANDSAT_8,20180202,geneva,196028,3.0,3.0,0.0,2.993340492248535,3.0,3.0,3.0,0.0,2.9929611682891846,3.0,3.0,3.0,0.0,2.992145538330078,3.0,5.680084228515625,5.671334266662598,0.04247180372476578,5.795410633087158,5.816802978515625,5.680084228515625,5.671334266662598,0.04247180372476578,5.796658992767334,5.816802978515625,5.680084228515625,5.671334266662598,0.04247180372476578,5.796428680419922,5.816802978515625,5.680084228515625,5.671334266662598,0.04247180372476578,5.796375274658203,5.816802978515625,5.130340576171875,5.124472618103027,0.031052766367793083,5.234204292297363,5.255584716796875,5.130340576171875,5.124472618103027,0.031052766367793083,5.2356767654418945,5.255828857421875,5.130340576171875,5.124472618103027,0.031052766367793083,5.235444068908691,5.255767822265625,5.130340576171875,5.124472618103027,0.031052766367793083,5.235383987426758,5.2557373046875,5.3994140625,5.420388221740723,0.07887029647827148,5.42181921005249,5.414276123046875,5.3994140625,5.420388221740723,0.07887029647827148,5.423769474029541,5.41448974609375,5.3994140625,5.420388221740723,0.07887029647827148,5.423421859741211,5.414459228515625,5.3994140625,5.420388221740723,0.07887029647827148,5.423338890075684,5.4144287109375,3.0,3.0,0.0,3.0,3.0,0.0,3.0,3.0,0.0,5.844146728515625,5.848248481750488,0.011918864212930202,5.844146728515625,5.848248481750488,0.011918864212930202,5.844146728515625,5.848248481750488,0.011918864212930202,5.844146728515625,5.848248481750488,0.011918864212930202,5.27703857421875,5.280517578125,0.010364966467022896,5.27703857421875,5.280517578125,0.010364966467022896,5.27703857421875,5.280517578125,0.010364966467022896,5.27703857421875,5.280517578125,0.010364966467022896,5.913238525390625,5.913183689117432,0.03736048936843872,5.913238525390625,5.913183689117432,0.03736048936843872,5.913238525390625,5.913183689117432,0.03736048936843872,5.913238525390625,5.913183689117432,0.03736048936843872
LC08_L1TP_195028_20180227_20200902_02_T1,LANDSAT_8,20180227,geneva,195028,2.0,1.7826087474822998,0.4124709963798523,2.3373665809631348,2.0,2.0,1.8260869979858398,0.5635427236557007,2.583765983581543,3.0,2.0,1.6956521272659302,0.4601306915283203,2.5309321880340576,3.0,4.729888916015625,4.726168632507324,0.08152998983860016,4.480642318725586,4.907623291015625,4.719635009765625,4.717539310455322,0.08927109092473984,4.67653226852417,4.955474853515625,4.709381103515625,4.701130390167236,0.07537037134170532,4.693284511566162,4.955474853515625,4.709381103515625,4.699333190917969,0.07733573764562607,4.716185092926025,4.958892822265625,4.21038818359375,4.2010111808776855,0.08853792399168015,3.9042937755584717,4.3517913818359375,4.179046630859375,4.189624309539795,0.09584476053714752,4.114476203918457,4.398193359375,4.17755126953125,4.175772190093994,0.0873190239071846,4.1336588859558105,4.3992462158203125,4.17755126953125,4.173608779907227,0.0895632654428482,4.158973217010498,4.40374755859375,4.157135009765625,4.1977739334106445,0.13627241551876068,4.258001804351807,4.84661865234375,4.13946533203125,4.19336462020874,0.14684894680976868,4.557615756988525,4.892303466796875,4.121795654296875,4.159571170806885,0.1215667799115181,4.579826354980469,4.89276123046875,4.121795654296875,4.162372589111328,0.12477463483810425,4.61076545715332,4.897308349609375,3.0,3.0,0.0,3.0,3.0,0.0,3.0,3.0,0.0,5.187896728515625,5.179009914398193,0.07004751265048981,5.187896728515625,5.179009914398193,0.07004751265048981,5.187896728515625,5.179009914398193,0.07004751265048981,5.187896728515625,5.179009914398193,0.07004751265048981,4.639862060546875,4.633885383605957,0.06633926182985306,4.639862060546875,4.633885383605957,0.06633926182985306,4.639862060546875,4.633885383605957,0.06633926182985306,4.639862060546875,4.633885383605957,0.06633926182985306,5.28125,5.263787746429443,0.08462753891944885,5.28125,5.263787746429443,0.08462753891944885,5.28125,5.263787746429443,0.08462753891944885,5.28125,5.263787746429443,0.08462753891944885
LC08_L1TP_196028_20180322_20200901_02_T1,LANDSAT_8,20180322,geneva,196028,2.0,2.0,0.0,1.7528760433197021,2.0,2.0,2.0,0.0,1.8835134506225586,2.0,2.0,2.0,0.0,1.9171077013015747,2.0,4.993072509765625,4.995123386383057,0.0293547622859478,4.1559600830078125,4.3914794921875,4.993072509765625,4.995123386383057,0.0293547622859478,4.567507743835449,4.6170654296875,4.993072509765625,4.995123386383057,0.0293547622859478,4.552335739135742,4.6102294921875,4.993072509765625,4.995123386383057,0.0293547622859478,4.526533126831055,4.5931396484375,4.45947265625,4.460952281951904,0.026726022362709045,3.615492582321167,3.85235595703125,4.45947265625,4.460952281951904,0.026726022362709045,4.0192999839782715,4.078369140625,4.45947265625,4.460952281951904,0.026726022362709045,4.004377365112305,4.0677490234375,4.45947265625,4.460952281951904,0.026726022362709045,3.9791955947875977,4.0515289306640625,4.54547119140625,4.552483081817627,0.03335340693593025,3.455418109893799,3.7912445068359375,4.54547119140625,4.552483081817627,0.03335340693593025,4.047590255737305,4.09722900390625,4.54547119140625,4.552483081817627,0.03335340693593025,4.024764537811279,4.0860595703125,4.54547119140625,4.552483081817627,0.03335340693593025,3.987017869949341,4.0663604736328125,3.0,2.559999942779541,0.49638694524765015,3.0,3.0,0.0,3.0,3.0,0.0,5.580963134765625,5.568932056427002,0.043429672718048096,5.580963134765625,5.568932056427002,0.043429672718048096,5.580963134765625,5.568932056427002,0.043429672718048096,5.580963134765625,5.568932056427002,0.043429672718048096,4.991241455078125,4.991207122802734,0.04513245448470116,4.991241455078125,4.991207122802734,0.04513245448470116,4.991241455078125,4.991207122802734,0.04513245448470116,4.991241455078125,4.991207122802734,0.04513245448470116,5.4957275390625,5.499366283416748,0.05767740309238434,5.4957275390625,5.499366283416748,0.05767740309238434,5.4957275390625,5.499366283416748,0.05767740309238434,5.4957275390625,5.499366283416748,0.05767740309238434
LC08_L1TP_195028_20180518_20200901_02_T1,LANDSAT_8,20180518,geneva,195028,3.0,3.0,0.0,2.494426965713501,3.0,3.0,3.0,0.0,2.588223457336426,3.0,3.0,3.0,0.0,2.503530979156494,3.0,14.372100830078125,14.353917121887207,0.038943491876125336,14.272839546203613,14.201202392578125,14.372100830078125,14.353917121887207,0.038943491876125336,14.266347885131836,14.194366455078125,14.372100830078125,14.353917121887207,0.038943491876125336,14.263797760009766,14.194366455078125,14.372100830078125,14.353917121887207,0.038943491876125336,14.321982383728027,14.269561767578125,13.30670166015625,13.294349670410156,0.03046736866235733,13.216506004333496,13.153289794921875,13.30670166015625,13.294349670410156,0.03046736866235733,13.21046257019043,13.147308349609375,13.30670166015625,13.294349670410156,0.03046736866235733,13.208489418029785,13.146514892578125,13.30670166015625,13.294349670410156,0.03046736866235733,13.264942169189453,13.220504760742188,14.32305908203125,14.317313194274902,0.06206432729959488,13.93427562713623,13.914566040039062,14.32305908203125,14.317313194274902,0.06206432729959488,13.929274559020996,13.907623291015625,14.32305908203125,14.317313194274902,0.06206432729959488,13.927072525024414,13.9066162109375,14.32305908203125,14.317313194274902,0.06206432729959488,13.983638763427734,13.993988037109375,2.0,2.0,0.0,2.0,2.0,0.0,1.0,1.0399999618530273,0.1959591656923294,13.702178955078125,13.709014892578125,0.056593965739011765,13.702178955078125,13.709014892578125,0.056593965739011765,13.702178955078125,13.709014892578125,0.056593965739011765,,,,12.667388916015625,12.665849685668945,0.04586658626794815,12.667388916015625,12.665849685668945,0.04586658626794815,12.667388916015625,12.665849685668945,0.04586658626794815,,,,13.358734130859375,13.402671813964844,0.09866272658109665,13.358734130859375,13.402671813964844,0.09866272658109665,13.358734130859375,13.402671813964844,0.09866272658109665,,,
LC08_L1TP_196028_20180525_20200901_02_T1,LANDSAT_8,20180525,geneva,196028,3.0,3.0,0.0,2.9929749965667725,3.0,3.0,3.0,0.0,2.9931583404541016,3.0,3.0,3.0,0.0,2.992563247680664,3.0,21.536285400390625,21.529584884643555,0.10137711465358734,20.058969497680664,19.847747802734375,21.536285400390625,21.529584884643555,0.10137711465358734,20.056020736694336,19.844329833984375,21.536285400390625,21.529584884643555,0.10137711465358734,20.055835723876953,19.844329833984375,21.536285400390625,21.529584884643555,0.10137711465358734,20.055994033813477,19.844329833984375,19.686370849609375,19.685352325439453,0.09971274435520172,18.29794692993164,18.083709716796875,19.686370849609375,19.685352325439453,0.09971274435520172,18.295307159423828,18.08270263671875,19.686370849609375,19.685352325439453,0.09971274435520172,18.295135498046875,18.0826416015625,19.686370849609375,19.685352325439453,0.09971274435520172,18.29526710510254,18.08270263671875,20.3177490234375,20.291807174682617,0.059195563197135925,19.005895614624023,18.710418701171875,20.3177490234375,20.291807174682617,0.059195563197135925,19.003053665161133,18.709747314453125,20.3177490234375,20.291807174682617,0.059195563197135925,19.00287437438965,18.709671020507812,20.3177490234375,20.291807174682617,0.059195563197135925,19.003026962280273,18.709701538085938,3.0,3.0,0.0,3.0,3.0,0.0,3.0,3.0,0.0,21.214996337890625,21.220190048217773,0.038550324738025665,21.214996337890625,21.220190048217773,0.038550324738025665,21.214996337890625,21.220190048217773,0.038550324738025665,21.214996337890625,21.220190048217773,0.038550324738025665,19.491790771484375,19.4925479888916,0.04813123121857643,19.491790771484375,19.4925479888916,0.04813123121857643,19.491790771484375,19.4925479888916,0.04813123121857643,19.491790771484375,19.4925479888916,0.04813123121857643,20.581512451171875,20.577730178833008,0.03494347631931305,20.581512451171875,20.577730178833008,0.03494347631931305,20.581512451171875,20.577730178833008,0.03494347631931305,20.581512451171875,20.577730178833008,0.03494347631931305
LC08_L1TP_195028_20180619_20200831_02_T1,LANDSAT_8,20180619,geneva,195028,3.0,2.640000104904175,0.48000001907348633,2.7513246536254883,3.0,3.0,2.640000104904175,0.48000001907348633,2.738502264022827,3.0,3.0,2.799999952316284,0.40000003576278687,2.738339900970459,3.0,22.004547119140625,22.0087833404541,0.04044518992304802,21.194753646850586,21.341461181640625,22.004547119140625,22.0087833404541,0.04044518992304802,21.192474365234375,21.341461181640625,22.004547119140625,22.0087833404541,0.04044518992304802,21.19232940673828,21.341461181640625,22.004547119140625,22.0087833404541,0.04044518992304802,21.192228317260742,21.341461181640625,21.19921875,21.21051025390625,0.046888723969459534,20.4536190032959,20.614242553710938,21.19921875,21.21051025390625,0.046888723969459534,20.451566696166992,20.6138916015625,21.19921875,21.21051025390625,0.046888723969459534,20.45142364501953,20.613861083984375,21.19921875,21.21051025390625,0.046888723969459534,20.45134925842285,20.61383056640625,23.193756103515625,23.20504379272461,0.06112663075327873,21.877824783325195,22.053619384765625,23.193756103515625,23.20504379272461,0.06112663075327873,21.875513076782227,22.05291748046875,23.193756103515625,23.20504379272461,0.06112663075327873,21.875341415405273,22.052825927734375,23.193756103515625,23.20504379272461,0.06112663075327873,21.875253677368164,22.052825927734375,2.0,2.0,0.0,2.0,2.0,0.0,2.0,2.0,0.0,21.197906494140625,21.1931209564209,0.02265162020921707,21.197906494140625,21.1931209564209,0.02265162020921707,21.197906494140625,21.1931209564209,0.02265162020921707,21.197906494140625,21.1931209564209,0.02265162020921707,20.412841796875,20.405067443847656,0.026687325909733772,20.412841796875,20.405067443847656,0.026687325909733772,20.412841796875,20.405067443847656,0.026687325909733772,20.412841796875,20.405067443847656,0.026687325909733772,21.722076416015625,21.72209930419922,0.061547666788101196,21.722076416015625,21.72209930419922,0.061547666788101196,21.722076416015625,21.72209930419922,0.061547666788101196,21.722076416015625,21.72209930419922,0.061547666788101196
LC08_L1TP_196028_20180626_20200831_02_T1,LANDSAT_8,20180626,geneva,196028,1.0,1.0,0.0,2.1656341552734375,2.0,1.0,1.0,0.0,2.2430520057678223,3.0,1.0,1.0,0.0,2.2243728637695312,3.0,18.675384521484375,18.68522834777832,0.04355001822113991,18.800485610961914,18.808685302734375,,,,18.95928955078125,18.880462646484375,,,,18.9571590423584,18.877044677734375,,,,18.961231231689453,18.880462646484375,17.589111328125,17.585508346557617,0.030656300485134125,17.783449172973633,17.798492431640625,,,,17.942832946777344,17.870849609375,,,,17.940351486206055,17.86749267578125,,,,17.9438533782959,17.869461059570312,18.25677490234375,18.26521110534668,0.0729370042681694,18.408172607421875,18.420791625976562,,,,18.54187774658203,18.474273681640625,,,,18.54293441772461,18.47650146484375,,,,18.546110153198242,18.476837158203125,1.0,1.0,0.0,1.0,1.1200000047683716,0.3249615430831909,1.0,1.1200000047683716,0.3249615430831909,17.810638427734375,17.815696716308594,0.03823385760188103,,,,,,,,,,16.835296630859375,16.843473434448242,0.03476617485284805,,,,,,,,,,17.596649169921875,17.5789852142334,0.05579688772559166,,,,,,,,,
LC08_L1TP_196028_20180712_20200831_02_T1,LANDSAT_8,20180712,geneva,196028,,,,1.0003025531768799,1.0,,,,1.188351035118103,1.0,,,,1.1515885591506958,1.0,,,,19.8317813873291,20.0118408203125,,,,8.11798095703125,8.13421630859375,,,,21.56901741027832,21.570465087890625,,,,21.032827377319336,21.081695556640625,,,,20.083341598510742,20.291961669921875,,,,7.455574035644531,7.497161865234375,,,,21.949886322021484,21.96710205078125,,,,21.38775062561035,21.4267578125,,,,21.195985794067383,21.377517700195312,,,,6.983245849609375,6.9243621826171875,,,,23.29191017150879,23.304656982421875,,,,22.8057861328125,22.817520141601562,,,,,,,,,,,,,,,,,,,,,,,,,,,,,,,,,,,,,,,,,,,,,
LC08_L1TP_195028_20180806_20200831_02_T1,LANDSAT_8,20180806,geneva,195028,2.0,2.0,0.0,1.8172616958618164,2.0,2.0,2.0,0.0,1.918906569480896,2.0,2.0,2.0,0.0,1.8672969341278076,2.0,25.702850341796875,25.651718139648438,0.0921989306807518,24.831798553466797,24.97479248046875,25.702850341796875,25.651718139648438,0.0921989306807518,25.022502899169922,25.097869873046875,25.702850341796875,25.651718139648438,0.0921989306807518,24.98798942565918,25.070526123046875,25.702850341796875,25.651718139648438,0.0921989306807518,25.041723251342773,25.114959716796875,21.819488525390625,21.776290893554688,0.08661364018917084,21.07771873474121,21.111419677734375,21.819488525390625,21.776290893554688,0.08661364018917084,21.27341651916504,21.216400146484375,21.819488525390625,21.776290893554688,0.08661364018917084,21.232091903686523,21.191268920898438,21.819488525390625,21.776290893554688,0.08661364018917084,21.29446029663086,21.230575561523438,21.906494140625,21.898447036743164,0.07811429351568222,20.669700622558594,20.90570068359375,21.906494140625,21.898447036743164,0.07811429351568222,21.066207885742188,21.114166259765625,21.906494140625,21.898447036743164,0.07811429351568222,21.00365447998047,21.073959350585938,21.906494140625,21.898447036743164,0.07811429351568222,21.094398498535156,21.132461547851562,2.0,2.0,0.0,2.0,2.0,0.0,2.0,2.0399999618530273,0.1959591656923294,25.648162841796875,25.656230926513672,0.07509507238864899,25.648162841796875,25.656230926513672,0.07509507238864899,25.648162841796875,25.656230926513672,0.07509507238864899,25.648162841796875,25.656230926513672,0.07509507238864899,22.233367919921875,22.216035842895508,0.0716090202331543,22.233367919921875,22.216035842895508,0.0716090202331543,22.233367919921875,22.216035842895508,0.0716090202331543,22.233367919921875,22.216035842895508,0.0716090202331543,21.928985595703125,21.93769073486328,0.05446751043200493,21.928985595703125,21.93769073486328,0.05446751043200493,21.928985595703125,21.93769073486328,0.05446751043200493,21.928985595703125,21.93769073486328,0.05446751043200493
LC08_L1TP_195028_20180923_20200830_02_T1,LANDSAT_8,20180923,geneva,195028,,,,1.9789748191833496,2.0,,,,2.2062063217163086,2.0,,,,2.2899346351623535,3.0,,,,18.536466598510742,18.743743896484375,,,,18.832752227783203,18.952239990234375,,,,18.784881591796875,18.924896240234375,,,,18.773178100585938,18.914642333984375,,,,18.019996643066406,18.241302490234375,,,,18.32606315612793,18.437850952148438,,,,18.277603149414062,18.411590576171875,,,,18.264949798583984,18.402099609375,,,,18.827077865600586,19.193939208984375,,,,19.36317253112793,19.453033447265625,,,,19.29400634765625,19.418121337890625,,,,19.272340774536133,19.405242919921875,,,,,,,,,,,,,,,,,,,,,,,,,,,,,,,,,,,,,,,,,,,,,
LC08_L1TP_195028_20181009_20200830_02_T1,LANDSAT_8,20181009,geneva,195028,3.0,3.0,0.0,2.975464105606079,3.0,3.0,3.0,0.0,2.9935708045959473,3.0,3.0,3.0,0.0,2.989595651626587,3.0,16.68267822265625,16.671741485595703,0.030540654435753822,16.53972053527832,16.50494384765625,16.68267822265625,16.671741485595703,0.030540654435753822,16.538082122802734,16.50494384765625,16.68267822265625,16.671741485595703,0.030540654435753822,16.53801918029785,16.50494384765625,16.68267822265625,16.671741485595703,0.030540654435753822,16.537818908691406,16.50494384765625,16.439910888671875,16.431650161743164,0.026244182139635086,16.34634780883789,16.308990478515625,16.439910888671875,16.431650161743164,0.026244182139635086,16.344743728637695,16.308868408203125,16.439910888671875,16.431650161743164,0.026244182139635086,16.344684600830078,16.308868408203125,16.439910888671875,16.431650161743164,0.026244182139635086,16.344497680664062,16.308837890625,17.9742431640625,17.966943740844727,0.02143646962940693,17.677913665771484,17.6658935546875,17.9742431640625,17.966943740844727,0.02143646962940693,17.676090240478516,17.66571044921875,17.9742431640625,17.966943740844727,0.02143646962940693,17.6760196685791,17.66571044921875,17.9742431640625,17.966943740844727,0.02143646962940693,17.675811767578125,17.665679931640625,3.0,3.0,0.0,3.0,3.0,0.0,3.0,3.0,0.0,16.52203369140625,16.511096954345703,0.0388747937977314,16.52203369140625,16.511096954345703,0.0388747937977314,16.52203369140625,16.511096954345703,0.0388747937977314,16.52203369140625,16.511096954345703,0.0388747937977314,16.380645751953125,16.373334884643555,0.04335443302989006,16.380645751953125,16.373334884643555,0.04335443302989006,16.380645751953125,16.373334884643555,0.04335443302989006,16.380645751953125,16.373334884643555,0.04335443302989006,17.523651123046875,17.518474578857422,0.03161782771348953,17.523651123046875,17.518474578857422,0.03161782771348953,17.523651123046875,17.518474578857422,0.03161782771348953,17.523651123046875,17.518474578857422,0.03161782771348953
LC08_L1TP_196028_20181016_20200830_02_T1,LANDSAT_8,20181016,geneva,196028,2.0,2.0,0.0,1.8566582202911377,2.0,3.0,2.799999952316284,0.4000000059604645,1.8324577808380127,2.0,3.0,2.7200000286102295,0.44899889826774597,1.813017725944519,2.0,16.36480712890625,16.338966369628906,0.06798290461301804,14.300808906555176,14.467803955078125,16.36480712890625,16.338966369628906,0.06798290461301804,14.669523239135742,14.959991455078125,16.36480712890625,16.338966369628906,0.06798290461301804,15.024209022521973,15.431671142578125,16.36480712890625,16.338966369628906,0.06798290461301804,15.036809921264648,15.417999267578125,15.739654541015625,15.71496868133545,0.07448630034923553,13.45285415649414,13.61279296875,15.739654541015625,15.71496868133545,0.07448630034923553,13.832869529724121,14.116302490234375,15.739654541015625,15.71496868133545,0.07448630034923553,14.194787979125977,14.6044921875,15.739654541015625,15.71496868133545,0.07448630034923553,14.20697021484375,14.589141845703125,16.3270263671875,16.3413143157959,0.03655145689845085,13.390467643737793,13.61566162109375,16.3270263671875,16.3413143157959,0.03655145689845085,14.011995315551758,14.5220947265625,16.3270263671875,16.3413143157959,0.03655145689845085,14.553324699401855,15.1163330078125,16.3270263671875,16.3413143157959,0.03655145689845085,14.56458568572998,15.107330322265625,2.0,2.0,0.0,2.0,2.0,0.0,2.0,1.9600000381469727,0.1959591805934906,16.27252197265625,16.278947830200195,0.08773637562990189,16.27252197265625,16.278947830200195,0.08773637562990189,16.27252197265625,16.278947830200195,0.08773637562990189,16.27081298828125,16.2772216796875,0.08912869542837143,15.430328369140625,15.429338455200195,0.08790946006774902,15.430328369140625,15.429338455200195,0.08790946006774902,15.430328369140625,15.429338455200195,0.08790946006774902,15.418258666992188,15.427144050598145,0.08904905617237091,16.47021484375,16.4616756439209,0.03397640213370323,16.47021484375,16.4616756439209,0.03397640213370323,16.47021484375,16.4616756439209,0.03397640213370323,16.46051025390625,16.460302352905273,0.033990658819675446
LC08_L1TP_195028_20181025_20200830_02_T1,LANDSAT_8,20181025,geneva,195028,2.0,2.0,0.0,1.4939517974853516,1.0,2.0,2.0,0.0,1.2517458200454712,1.0,2.0,1.9600000381469727,0.1959591656923294,1.2546910047531128,1.0,13.418487548828125,13.427101135253906,0.05643785744905472,10.045892715454102,10.759246826171875,13.418487548828125,13.427101135253906,0.05643785744905472,11.1040620803833,11.183074951171875,13.418487548828125,13.427101135253906,0.05643785744905472,11.014758110046387,11.538543701171875,13.416778564453125,13.42290210723877,0.053640324622392654,11.179890632629395,11.497528076171875,12.81341552734375,12.820029258728027,0.05508885532617569,9.562560081481934,10.284912109375,12.81341552734375,12.820029258728027,0.05508885532617569,10.624058723449707,10.702606201171875,12.81341552734375,12.820029258728027,0.05508885532617569,10.532031059265137,11.055130004882812,12.807144165039062,12.815489768981934,0.05143905431032181,10.696807861328125,11.0018310546875,13.070037841796875,13.058030128479004,0.0443633534014225,8.987968444824219,9.89404296875,13.070037841796875,13.058030128479004,0.0443633534014225,10.399545669555664,10.413116455078125,13.070037841796875,13.058030128479004,0.0443633534014225,10.35202693939209,11.083953857421875,13.068222045898438,13.056243896484375,0.04438892751932144,10.501604080200195,11.000885009765625,,,,,,,,,,,,,,,,,,,,,,,,,,,,,,,,,,,,,,,,,,,,,
LC08_L1TP_195028_20181212_20200830_02_T1,LANDSAT_8,20181212,geneva,195028,3.0,3.0,0.0,2.7803802490234375,3.0,3.0,3.0,0.0,2.792421340942383,3.0,3.0,3.0,0.0,2.7923319339752197,3.0,8.27435302734375,8.287614822387695,0.035485297441482544,8.16408920288086,8.46575927734375,8.27435302734375,8.287614822387695,0.035485297441482544,8.357522010803223,8.49310302734375,8.27435302734375,8.287614822387695,0.035485297441482544,8.310355186462402,8.48284912109375,8.27435302734375,8.287614822387695,0.035485297441482544,8.318471908569336,8.48284912109375,7.89483642578125,7.894891262054443,0.030963193625211716,7.7764058113098145,8.08880615234375,7.89483642578125,7.894891262054443,0.030963193625211716,7.9776716232299805,8.11627197265625,7.89483642578125,7.894891262054443,0.030963193625211716,7.930335998535156,8.106201171875,7.89483642578125,7.894891262054443,0.030963193625211716,7.938114643096924,8.10821533203125,8.31195068359375,8.301687240600586,0.06192144751548767,8.094073295593262,8.468231201171875,8.31195068359375,8.301687240600586,0.06192144751548767,8.364508628845215,8.498138427734375,8.31195068359375,8.301687240600586,0.06192144751548767,8.29726505279541,8.486785888671875,8.31195068359375,8.301687240600586,0.06192144751548767,8.31005859375,8.4892578125,3.0,3.0,0.0,3.0,3.0,0.0,3.0,3.0,0.0,8.62982177734375,8.63036823272705,0.01229252852499485,8.62982177734375,8.63036823272705,0.01229252852499485,8.62982177734375,8.63036823272705,0.01229252852499485,8.62982177734375,8.63036823272705,0.01229252852499485,8.248443603515625,8.248056411743164,0.007342576049268246,8.248443603515625,8.248056411743164,0.007342576049268246,8.248443603515625,8.248056411743164,0.007342576049268246,8.248443603515625,8.248056411743164,0.007342576049268246,8.743377685546875,8.730032920837402,0.02928946539759636,8.743377685546875,8.730032920837402,0.02928946539759636,8.743377685546875,8.730032920837402,0.02928946539759636,8.743377685546875,8.730032920837402,0.02928946539759636
LC08_L1TP_196028_20190104_20200829_02_T1,LANDSAT_8,20190104,geneva,196028,3.0,3.0,0.0,2.8991894721984863,3.0,3.0,3.0,0.0,2.8214824199676514,3.0,3.0,3.0,0.0,2.834665298461914,3.0,6.657623291015625,6.656666278839111,0.03859151527285576,6.9723429679870605,7.016510009765625,6.657623291015625,6.656666278839111,0.03859151527285576,6.977190017700195,7.019927978515625,6.657623291015625,6.656666278839111,0.03859151527285576,6.977023124694824,7.019927978515625,6.657623291015625,6.656666278839111,0.03859151527285576,6.97862434387207,7.019927978515625,5.9381103515625,5.942309379577637,0.038643427193164825,6.285597324371338,6.330596923828125,5.9381103515625,5.942309379577637,0.038643427193164825,6.290546894073486,6.3328704833984375,5.9381103515625,5.942309379577637,0.038643427193164825,6.290378093719482,6.332855224609375,5.9381103515625,5.942309379577637,0.038643427193164825,6.291958808898926,6.334014892578125,6.131927490234375,6.148114204406738,0.04809175804257393,6.460018157958984,6.474945068359375,6.131927490234375,6.148114204406738,0.04809175804257393,6.468934535980225,6.47723388671875,6.131927490234375,6.148114204406738,0.04809175804257393,6.468989849090576,6.47723388671875,6.131927490234375,6.148114204406738,0.04809175804257393,6.47268009185791,6.47857666015625,3.0,3.0,0.0,3.0,2.9600000381469727,0.1959591656923294,3.0,2.8399999141693115,0.3666060268878937,7.341217041015625,7.342174053192139,0.019753849133849144,7.341217041015625,7.342174053192139,0.019753849133849144,7.341217041015625,7.342174053192139,0.019753849133849144,7.341217041015625,7.342174053192139,0.019753849133849144,6.640411376953125,6.646358489990234,0.024886807426810265,6.640411376953125,6.646358489990234,0.024886807426810265,6.640411376953125,6.646358489990234,0.024886807426810265,6.640411376953125,6.646358489990234,0.024886807426810265,7.10498046875,7.133974552154541,0.09892614185810089,7.10498046875,7.133974552154541,0.09892614185810089,7.10498046875,7.133974552154541,0.09892614185810089,7.10498046875,7.133974552154541,0.09892614185810089
LC08_L1TP_195028_20190129_20200830_02_T1,LANDSAT_8,20190129,geneva,195028,2.0,1.529411792755127,0.4991341829299927,1.4536219835281372,1.0,2.0,1.529411792755127,0.4991341829299927,2.189892292022705,2.0,2.0,1.529411792755127,0.4991341829299927,2.13059401512146,2.0,3.140472412109375,3.022660255432129,0.3893906772136688,4.202499866485596,4.3436279296875,3.304534912109375,3.31594181060791,0.15593931078910828,4.46522331237793,4.4700927734375,3.304534912109375,3.31594181060791,0.15593931078910828,4.43276834487915,4.4188232421875,3.304534912109375,3.31594181060791,0.15593931078910828,4.420969486236572,4.4085693359375,2.793060302734375,2.693391799926758,0.48111361265182495,3.7556276321411133,3.89752197265625,3.07110595703125,3.0309786796569824,0.17149081826210022,4.023167610168457,4.025360107421875,3.07110595703125,3.0309786796569824,0.17149081826210022,3.9907054901123047,3.971221923828125,3.07110595703125,3.0309786796569824,0.17149081826210022,3.9791462421417236,3.964752197265625,2.21978759765625,2.038841724395752,0.7082072496414185,3.4571900367736816,3.61285400390625,2.557525634765625,2.509650230407715,0.18640542030334473,3.8251373767852783,3.8271942138671875,2.557525634765625,2.509650230407715,0.18640542030334473,3.765972137451172,3.72039794921875,2.557525634765625,2.509650230407715,0.18640542030334473,3.750275135040283,3.709136962890625,1.0,1.0,0.0,1.0,1.0,0.0,1.0,1.0,0.0,2.914886474609375,2.834632635116577,0.35095083713531494,,,,,,,,,,2.301116943359375,2.2365429401397705,0.4134750962257385,,,,,,,,,,1.530120849609375,1.405332088470459,0.5643445253372192,,,,,,,,,
LC08_L1TP_196028_20190205_20200829_02_T1,LANDSAT_8,20190205,geneva,196028,3.0,3.0,0.0,2.4305310249328613,3.0,3.0,3.0,0.0,2.5207879543304443,3.0,3.0,3.0,0.0,2.466071128845215,3.0,5.287017822265625,5.278541088104248,0.04390056058764458,5.134091854095459,5.420318603515625,5.287017822265625,5.278541088104248,0.04390056058764458,5.384885311126709,5.495513916015625,5.287017822265625,5.278541088104248,0.04390056058764458,5.371372699737549,5.492095947265625,5.287017822265625,5.278541088104248,0.04390056058764458,5.3689117431640625,5.492095947265625,4.835418701171875,4.827111721038818,0.04628463834524155,4.676043510437012,4.97210693359375,4.835418701171875,4.827111721038818,0.04628463834524155,4.936678409576416,5.04986572265625,4.835418701171875,4.827111721038818,0.04628463834524155,4.922683238983154,5.0445556640625,4.835418701171875,4.827111721038818,0.04628463834524155,4.920129299163818,5.043792724609375,5.112396240234375,5.104886531829834,0.029836224392056465,4.849669933319092,5.208160400390625,5.112396240234375,5.104886531829834,0.029836224392056465,5.21566915512085,5.309844970703125,5.112396240234375,5.104886531829834,0.029836224392056465,5.196080207824707,5.303253173828125,5.112396240234375,5.104886531829834,0.029836224392056465,5.192584991455078,5.3023681640625,3.0,2.8399999141693115,0.36660605669021606,3.0,3.0,0.0,3.0,3.0,0.0,5.594635009765625,5.598599910736084,0.026363687589764595,5.594635009765625,5.598599910736084,0.026363687589764595,5.594635009765625,5.598599910736084,0.026363687589764595,5.594635009765625,5.598599910736084,0.026363687589764595,5.1380615234375,5.143735408782959,0.030560418963432312,5.1380615234375,5.143735408782959,0.030560418963432312,5.1380615234375,5.143735408782959,0.030560418963432312,5.1380615234375,5.143735408782959,0.030560418963432312,5.738067626953125,5.74461555480957,0.03604733571410179,5.738067626953125,5.74461555480957,0.03604733571410179,5.738067626953125,5.74461555480957,0.03604733571410179,5.738067626953125,5.74461555480957,0.03604733571410179
LC08_L1TP_195028_20190214_20200829_02_T1,LANDSAT_8,20190214,geneva,195028,3.0,3.0,0.0,2.9967775344848633,3.0,3.0,3.0,0.0,2.996508836746216,3.0,3.0,3.0,0.0,2.9970548152923584,3.0,6.144927978515625,6.140006065368652,0.03856195881962776,6.0927958488464355,6.083404541015625,6.144927978515625,6.140006065368652,0.03856195881962776,6.092200756072998,6.083404541015625,6.144927978515625,6.140006065368652,0.03856195881962776,6.092228412628174,6.083404541015625,6.144927978515625,6.140006065368652,0.03856195881962776,6.092235565185547,6.083404541015625,5.651123046875,5.650619029998779,0.03797544538974762,5.579890251159668,5.570770263671875,5.651123046875,5.650619029998779,0.03797544538974762,5.579499244689941,5.5706787109375,5.651123046875,5.650619029998779,0.03797544538974762,5.579528331756592,5.5706787109375,5.651123046875,5.650619029998779,0.03797544538974762,5.579535007476807,5.5706787109375,6.1026611328125,6.106706619262695,0.01919580064713955,6.030411720275879,6.016204833984375,6.1026611328125,6.106706619262695,0.01919580064713955,6.029831409454346,6.016082763671875,6.1026611328125,6.106706619262695,0.01919580064713955,6.029872894287109,6.01611328125,6.1026611328125,6.106706619262695,0.01919580064713955,6.029883861541748,6.01611328125,3.0,3.0,0.0,3.0,3.0,0.0,3.0,3.0,0.0,6.038970947265625,6.042252063751221,0.017916938289999962,6.038970947265625,6.042252063751221,0.017916938289999962,6.038970947265625,6.042252063751221,0.017916938289999962,6.038970947265625,6.042252063751221,0.017916938289999962,5.523712158203125,5.525948524475098,0.015249189920723438,5.523712158203125,5.525948524475098,0.015249189920723438,5.523712158203125,5.525948524475098,0.015249189920723438,5.523712158203125,5.525948524475098,0.015249189920723438,6.0419921875,6.04879903793335,0.06317485123872757,6.0419921875,6.04879903793335,0.06317485123872757,6.0419921875,6.04879903793335,0.06317485123872757,6.0419921875,6.04879903793335,0.06317485123872757
LC08_L1TP_196028_20190221_20200829_02_T1,LANDSAT_8,20190221,geneva,196028,2.0,1.9199999570846558,0.27129319310188293,1.9968032836914062,2.0,2.0,1.9600000381469727,0.1959591656923294,2.4297924041748047,2.0,2.0,1.9600000381469727,0.1959591656923294,1.9965096712112427,2.0,6.370513916015625,6.381587982177734,0.06746678799390793,6.342816352844238,6.315826416015625,6.370513916015625,6.380173206329346,0.06720272451639175,6.3392653465271,6.312408447265625,6.370513916015625,6.378061771392822,0.06656254082918167,6.335050582885742,6.312408447265625,6.370513916015625,6.378061771392822,0.06656254082918167,6.336019515991211,6.312408447265625,5.867706298828125,5.885826587677002,0.058742303401231766,5.847703456878662,5.822998046875,5.867706298828125,5.886444091796875,0.06069081276655197,5.8447370529174805,5.82257080078125,5.862945556640625,5.88500452041626,0.05981266126036644,5.841194152832031,5.821533203125,5.862945556640625,5.88500452041626,0.05981266126036644,5.841977119445801,5.821807861328125,6.50897216796875,6.509422779083252,0.01615290343761444,6.421470642089844,6.388885498046875,6.50897216796875,6.50946044921875,0.01679966226220131,6.417752265930176,6.388336181640625,6.508941650390625,6.509275913238525,0.016469700261950493,6.412684917449951,6.38702392578125,6.508941650390625,6.509275913238525,0.016469700261950493,6.413896083831787,6.387359619140625,2.0,2.0,0.0,2.0,2.0,0.0,2.0,2.0,0.0,6.363677978515625,6.362310886383057,0.019334951415657997,6.363677978515625,6.362310886383057,0.019334951415657997,6.363677978515625,6.362310886383057,0.019334951415657997,6.363677978515625,6.362310886383057,0.019334951415657997,5.876800537109375,5.873988151550293,0.01899820938706398,5.876800537109375,5.873988151550293,0.01899820938706398,5.876800537109375,5.873988151550293,0.01899820938706398,5.876800537109375,5.873988151550293,0.01899820938706398,6.5965576171875,6.603600978851318,0.06718035042285919,6.5965576171875,6.603600978851318,0.06718035042285919,6.5965576171875,6.603600978851318,0.06718035042285919,6.5965576171875,6.603600978851318,0.06718035042285919
LC08_L1TP_196028_20190325_20200829_02_T1,LANDSAT_8,20190325,geneva,196028,,,,2.297365665435791,2.0,,,,2.2847213745117188,3.0,,,,2.495026111602783,3.0,,,,8.532341003417969,8.51361083984375,,,,8.536059379577637,8.51702880859375,,,,8.523639678955078,8.51019287109375,,,,8.529505729675293,8.51361083984375,,,,7.781935214996338,7.7725830078125,,,,7.785533905029297,7.77618408203125,,,,7.772727966308594,7.7728729248046875,,,,7.779168605804443,7.7751312255859375,,,,8.075562477111816,8.089004516601562,,,,8.087733268737793,8.09686279296875,,,,8.138045310974121,8.134674072265625,,,,8.093948364257812,8.103744506835938,3.0,2.9600000381469727,0.1959591656923294,3.0,3.0,0.0,3.0,3.0,0.0,8.69818115234375,8.701053619384766,0.015641862526535988,8.69818115234375,8.701053619384766,0.015641862526535988,8.69818115234375,8.701053619384766,0.015641862526535988,8.69818115234375,8.701053619384766,0.015641862526535988,7.9591064453125,7.966393947601318,0.01283358410000801,7.9591064453125,7.966393947601318,0.01283358410000801,7.9591064453125,7.966393947601318,0.01283358410000801,7.9591064453125,7.966393947601318,0.01283358410000801,8.574859619140625,8.563558578491211,0.041909076273441315,8.574859619140625,8.563558578491211,0.041909076273441315,8.574859619140625,8.563558578491211,0.041909076273441315,8.574859619140625,8.563558578491211,0.041909076273441315
LC08_L1TP_196028_20190613_20200828_02_T1,LANDSAT_8,20190613,geneva,196028,3.0,2.8399999141693115,0.4630334675312042,2.968761682510376,3.0,3.0,2.799999952316284,0.4898979365825653,2.9647367000579834,3.0,3.0,2.799999952316284,0.4898979365825653,2.9665024280548096,3.0,19.041107177734375,19.050403594970703,0.05062767490744591,17.727645874023438,17.691009521484375,19.037689208984375,19.050790786743164,0.051635339856147766,17.723773956298828,17.687591552734375,19.037689208984375,19.050790786743164,0.051635339856147766,17.72402000427246,17.687591552734375,19.037689208984375,19.050790786743164,0.051635339856147766,17.72437286376953,17.687591552734375,18.118865966796875,18.120895385742188,0.043305207043886185,16.892799377441406,16.863327026367188,18.117477416992188,18.118362426757812,0.042345721274614334,16.88981819152832,16.862091064453125,18.117477416992188,18.118362426757812,0.042345721274614334,16.890043258666992,16.86224365234375,18.117477416992188,18.118362426757812,0.042345721274614334,16.890270233154297,16.86236572265625,18.700347900390625,18.699464797973633,0.04282437264919281,17.39991569519043,17.340911865234375,18.700164794921875,18.697946548461914,0.04304324835538864,17.396493911743164,17.33941650390625,18.700164794921875,18.697946548461914,0.04304324835538864,17.39672088623047,17.339569091796875,18.700164794921875,18.697946548461914,0.04304324835538864,17.397018432617188,17.339630126953125,3.0,3.0,0.0,3.0,3.0,0.0,3.0,3.0,0.0,17.540618896484375,17.52913475036621,0.0572986975312233,17.540618896484375,17.52913475036621,0.0572986975312233,17.540618896484375,17.52913475036621,0.0572986975312233,17.540618896484375,17.52913475036621,0.0572986975312233,16.681976318359375,16.679378509521484,0.05791119486093521,16.681976318359375,16.679378509521484,0.05791119486093521,16.681976318359375,16.679378509521484,0.05791119486093521,16.681976318359375,16.679378509521484,0.05791119486093521,17.213348388671875,17.2200870513916,0.0919179767370224,17.213348388671875,17.2200870513916,0.0919179767370224,17.213348388671875,17.2200870513916,0.0919179767370224,17.213348388671875,17.2200870513916,0.0919179767370224
LC08_L1TP_196028_20190629_20200827_02_T1,LANDSAT_8,20190629,geneva,196028,3.0,2.9200000762939453,0.27129319310188293,2.1779403686523438,2.0,3.0,2.9200000762939453,0.27129319310188293,2.1907429695129395,2.0,3.0,2.8399999141693115,0.5425863862037659,2.152571439743042,2.0,24.45184326171875,24.475906372070312,0.12748420238494873,23.505001068115234,23.518707275390625,24.45184326171875,24.475906372070312,0.12748420238494873,23.640676498413086,23.634918212890625,24.45184326171875,24.475906372070312,0.12748420238494873,23.637386322021484,23.634918212890625,24.41766357421875,24.46373176574707,0.1257493793964386,23.6309757232666,23.628082275390625,22.973052978515625,23.031774520874023,0.11932908743619919,22.088253021240234,22.112579345703125,22.973052978515625,23.031774520874023,0.11932908743619919,22.232566833496094,22.226318359375,22.973052978515625,23.031774520874023,0.11932908743619919,22.22846031188965,22.224822998046875,22.96990966796875,23.02712631225586,0.12331470102071762,22.22110939025879,22.218170166015625,23.468170166015625,23.4997501373291,0.09916283935308456,22.315174102783203,22.352569580078125,23.468170166015625,23.4997501373291,0.09916283935308456,22.466318130493164,22.487640380859375,23.468170166015625,23.4997501373291,0.09916283935308456,22.462677001953125,22.486175537109375,23.463409423828125,23.4891300201416,0.09631632268428802,22.453773498535156,22.477081298828125,2.0,2.0,0.0,2.0,2.0,0.0,2.0,2.0,0.0,22.920562744140625,22.90839385986328,0.03232581913471222,22.920562744140625,22.90839385986328,0.03232581913471222,22.920562744140625,22.90839385986328,0.03232581913471222,22.920562744140625,22.90839385986328,0.03232581913471222,21.470916748046875,21.455659866333008,0.038269538432359695,21.470916748046875,21.455659866333008,0.038269538432359695,21.470916748046875,21.455659866333008,0.038269538432359695,21.470916748046875,21.455659866333008,0.038269538432359695,21.75469970703125,21.7670955657959,0.08240482956171036,21.75469970703125,21.7670955657959,0.08240482956171036,21.75469970703125,21.7670955657959,0.08240482956171036,21.75469970703125,21.7670955657959,0.08240482956171036
LC08_L1TP_195028_20190724_20200827_02_T1,LANDSAT_8,20190724,geneva,195028,3.0,2.680000066757202,0.6144917011260986,2.854234457015991,3.0,3.0,2.8399999141693115,0.5425863862037659,2.931915044784546,3.0,3.0,2.8399999141693115,0.5425863862037659,2.9759082794189453,3.0,27.210174560546875,27.209766387939453,0.04353928938508034,25.952993392944336,25.778045654296875,27.206756591796875,27.208538055419922,0.04500570148229599,25.950551986694336,25.778045654296875,27.206756591796875,27.208538055419922,0.04500570148229599,25.95039939880371,25.778045654296875,27.206756591796875,27.208538055419922,0.04500570148229599,25.950307846069336,25.778045654296875,27.326751708984375,27.324308395385742,0.05503569915890694,25.5035400390625,25.23553466796875,27.3265380859375,27.320629119873047,0.05574432760477066,25.500476837158203,25.233322143554688,27.3265380859375,27.320629119873047,0.05574432760477066,25.50025749206543,25.233108520507812,27.3265380859375,27.320629119873047,0.05574432760477066,25.500123977661133,25.233047485351562,31.2110595703125,31.231733322143555,0.10572792589664459,28.591344833374023,28.252471923828125,31.195770263671875,31.220151901245117,0.10233873873949051,28.58746337890625,28.249282836914062,31.195770263671875,31.220151901245117,0.10233873873949051,28.587202072143555,28.249130249023438,31.195770263671875,31.220151901245117,0.10233873873949051,28.58702850341797,28.249114990234375,2.0,2.0,0.0,2.0,2.200000047683716,0.4000000059604645,3.0,3.0,0.0,25.374725341796875,25.3681640625,0.05154605209827423,25.374725341796875,25.3681640625,0.05154605209827423,25.374725341796875,25.3681640625,0.05154605209827423,25.374725341796875,25.3681640625,0.05154605209827423,24.58258056640625,24.577688217163086,0.07321560382843018,24.58258056640625,24.577688217163086,0.07321560382843018,24.58258056640625,24.577688217163086,0.07321560382843018,24.58258056640625,24.577688217163086,0.07321560382843018,27.44403076171875,27.431961059570312,0.09637627750635147,27.44403076171875,27.431961059570312,0.09637627750635147,27.44403076171875,27.431961059570312,0.09637627750635147,27.44403076171875,27.431961059570312,0.09637627750635147
LC08_L1TP_195028_20190809_20200827_02_T1,LANDSAT_8,20190809,geneva,195028,3.0,2.880000114440918,0.430813193321228,2.9516794681549072,3.0,3.0,2.880000114440918,0.430813193321228,2.9520626068115234,3.0,3.0,2.880000114440918,0.430813193321228,2.9496402740478516,3.0,23.734039306640625,23.750581741333008,0.05766290798783302,23.275304794311523,23.347808837890625,23.739166259765625,23.751272201538086,0.05875095725059509,23.278579711914062,23.351226806640625,23.739166259765625,23.751272201538086,0.05875095725059509,23.27863883972168,23.351226806640625,23.739166259765625,23.751272201538086,0.05875095725059509,23.279727935791016,23.354644775390625,23.9017333984375,23.912681579589844,0.060306843370199203,23.676321029663086,23.795196533203125,23.90655517578125,23.913137435913086,0.06150816008448601,23.68042755126953,23.800994873046875,23.90655517578125,23.913137435913086,0.06150816008448601,23.680482864379883,23.801361083984375,23.90655517578125,23.913137435913086,0.06150816008448601,23.68161392211914,23.8026123046875,27.29327392578125,27.30901527404785,0.10040827095508575,26.479032516479492,26.633697509765625,27.293014526367188,27.308595657348633,0.10245738178491592,26.525558471679688,26.642608642578125,27.293014526367188,27.308595657348633,0.10245738178491592,26.526987075805664,26.64337158203125,27.293014526367188,27.308595657348633,0.10245738178491592,26.5353946685791,26.645416259765625,3.0,3.0,0.0,3.0,3.0,0.0,3.0,3.0,0.0,23.443511962890625,23.472768783569336,0.12091720849275589,23.443511962890625,23.472768783569336,0.12091720849275589,23.443511962890625,23.472768783569336,0.12091720849275589,23.443511962890625,23.472768783569336,0.12091720849275589,23.94012451171875,23.93377685546875,0.16150422394275665,23.94012451171875,23.93377685546875,0.16150422394275665,23.94012451171875,23.93377685546875,0.16150422394275665,23.94012451171875,23.93377685546875,0.16150422394275665,26.63201904296875,26.612546920776367,0.32474297285079956,26.63201904296875,26.612546920776367,0.32474297285079956,26.63201904296875,26.612546920776367,0.32474297285079956,26.63201904296875,26.612546920776367,0.32474297285079956
LC08_L1TP_195028_20190825_20200826_02_T1,LANDSAT_8,20190825,geneva,195028,3.0,2.880000114440918,0.430813193321228,2.993863821029663,3.0,3.0,2.9200000762939453,0.3919183313846588,2.9964711666107178,3.0,3.0,2.9200000762939453,0.3919183313846588,2.996640205383301,3.0,22.055816650390625,22.063608169555664,0.021147700026631355,21.972732543945312,21.980621337890625,22.054107666015625,22.063507080078125,0.021577689796686172,21.970964431762695,21.980621337890625,22.054107666015625,22.063507080078125,0.021577689796686172,21.970970153808594,21.980621337890625,22.054107666015625,22.063507080078125,0.021577689796686172,21.970977783203125,21.980621337890625,21.97210693359375,21.966142654418945,0.030420688912272453,21.87860870361328,21.88861083984375,21.970306396484375,21.96575164794922,0.030985621735453606,21.87674331665039,21.88800048828125,21.970306396484375,21.96575164794922,0.030985621735453606,21.876747131347656,21.88800048828125,21.970306396484375,21.96575164794922,0.030985621735453606,21.876745223999023,21.88800048828125,24.21295166015625,24.215866088867188,0.09607118368148804,23.753170013427734,23.782867431640625,24.207656860351562,24.209470748901367,0.09268945455551147,23.750904083251953,23.782257080078125,24.207656860351562,24.209470748901367,0.09268945455551147,23.750898361206055,23.782257080078125,24.207656860351562,24.209470748901367,0.09268945455551147,23.75089454650879,23.782257080078125,3.0,3.0,0.0,3.0,3.0,0.0,3.0,3.0,0.0,21.611480712890625,21.602867126464844,0.03833150863647461,21.611480712890625,21.602867126464844,0.03833150863647461,21.611480712890625,21.602867126464844,0.03833150863647461,21.611480712890625,21.602867126464844,0.03833150863647461,21.417999267578125,21.412986755371094,0.04191089794039726,21.417999267578125,21.412986755371094,0.04191089794039726,21.417999267578125,21.412986755371094,0.04191089794039726,21.417999267578125,21.412986755371094,0.04191089794039726,23.04052734375,23.059303283691406,0.06904064863920212,23.04052734375,23.059303283691406,0.06904064863920212,23.04052734375,23.059303283691406,0.06904064863920212,23.04052734375,23.059303283691406,0.06904064863920212
LC08_L1TP_196028_20190917_20200826_02_T1,LANDSAT_8,20190917,geneva,196028,2.0,1.840000033378601,0.36660605669021606,1.9170604944229126,2.0,2.0,1.8799999952316284,0.3249615430831909,2.0370445251464844,2.0,2.0,1.8799999952316284,0.3249615430831909,2.046703577041626,2.0,19.786224365234375,19.802370071411133,0.5733426809310913,19.829238891601562,20.3604736328125,19.786224365234375,19.785097122192383,0.5929962992668152,20.56695556640625,20.8594970703125,19.786224365234375,19.792606353759766,0.5803836584091187,20.54392433166504,20.8321533203125,19.741790771484375,19.75780487060547,0.59270840883255,20.545900344848633,20.8287353515625,17.146728515625,17.144006729125977,0.5619462132453918,17.555822372436523,18.120208740234375,17.146728515625,17.145219802856445,0.5998494029045105,18.33207130432129,18.634414672851562,17.126724243164062,17.14067268371582,0.5864283442497253,18.306930541992188,18.604248046875,17.126724243164062,17.126747131347656,0.5921398401260376,18.30780029296875,18.599395751953125,17.987091064453125,17.883207321166992,0.606488823890686,17.436811447143555,18.1741943359375,17.837371826171875,17.800973892211914,0.6144225001335144,18.619417190551758,18.934051513671875,17.85736083984375,17.840049743652344,0.6264349222183228,18.5813045501709,18.885467529296875,17.85736083984375,17.836509704589844,0.6219919919967651,18.576501846313477,18.881973266601562,1.0,1.0399999618530273,0.1959591805934906,1.0,1.2000000476837158,0.4000000059604645,1.0,1.2000000476837158,0.4000000059604645,18.398529052734375,18.363256454467773,0.23311594128608704,,,,18.463470458984375,18.477142333984375,0.12002862989902496,18.463470458984375,18.477142333984375,0.12002862989902496,16.14666748046875,16.088455200195312,0.25879916548728943,,,,16.2462158203125,16.2484130859375,0.11294566094875336,16.2462158203125,16.2484130859375,0.11294566094875336,15.722686767578125,15.787287712097168,0.29256466031074524,,,,16.218017578125,16.225194931030273,0.13692720234394073,16.218017578125,16.225194931030273,0.13692720234394073
LC08_L1TP_196028_20191003_20200825_02_T1,LANDSAT_8,20191003,geneva,196028,3.0,2.9200000762939453,0.27129319310188293,2.9727983474731445,3.0,3.0,2.9200000762939453,0.27129319310188293,2.971327543258667,3.0,3.0,2.9600000381469727,0.1959591656923294,2.934238910675049,3.0,16.53570556640625,16.535295486450195,0.04587031155824661,16.48459243774414,16.53570556640625,16.53570556640625,16.535295486450195,0.04587031155824661,16.48603630065918,16.53570556640625,16.53570556640625,16.535295486450195,0.04587031155824661,16.487606048583984,16.53912353515625,16.53570556640625,16.535295486450195,0.04587031155824661,16.48590087890625,16.53570556640625,16.07623291015625,16.073091506958008,0.0504041351377964,16.10637664794922,16.159027099609375,16.07623291015625,16.073091506958008,0.0504041351377964,16.10809326171875,16.159774780273438,16.07623291015625,16.073091506958008,0.0504041351377964,16.10961151123047,16.160736083984375,16.07623291015625,16.073091506958008,0.0504041351377964,16.10794448852539,16.159698486328125,16.767303466796875,16.768165588378906,0.05383262783288956,16.77117347717285,16.838287353515625,16.767303466796875,16.768165588378906,0.05383262783288956,16.773588180541992,16.839019775390625,16.767303466796875,16.768165588378906,0.05383262783288956,16.775320053100586,16.84033203125,16.767303466796875,16.768165588378906,0.05383262783288956,16.77340316772461,16.83892822265625,3.0,3.0,0.0,3.0,3.0,0.0,3.0,3.0,0.0,15.814483642578125,15.818180084228516,0.02240990474820137,15.814483642578125,15.818180084228516,0.02240990474820137,15.814483642578125,15.818180084228516,0.02240990474820137,15.814483642578125,15.818180084228516,0.02240990474820137,15.41845703125,15.416433334350586,0.027215611189603806,15.41845703125,15.416433334350586,0.027215611189603806,15.41845703125,15.416433334350586,0.027215611189603806,15.41845703125,15.416433334350586,0.027215611189603806,16.440185546875,16.44366455078125,0.05994419381022453,16.440185546875,16.44366455078125,0.05994419381022453,16.440185546875,16.44366455078125,0.05994419381022453,16.440185546875,16.44366455078125,0.05994419381022453
LC08_L1TP_195028_20191113_20200825_02_T1,LANDSAT_8,20191113,geneva,195028,,,,1.307692289352417,1.0,,,,1.4125874042510986,1.0,,,,1.4475524425506592,1.0,,,,7.271179676055908,6.633697509765625,,,,9.979572296142578,10.526824951171875,,,,9.632351875305176,9.921844482421875,,,,9.406960487365723,9.781707763671875,,,,6.492948055267334,5.962066650390625,,,,8.992157936096191,9.39288330078125,,,,8.627286911010742,8.976593017578125,,,,8.448427200317383,8.752838134765625,,,,5.56617546081543,4.75421142578125,,,,9.026992797851562,9.4583740234375,,,,8.523298263549805,8.8594970703125,,,,8.294933319091797,8.565032958984375,,,,,,,,,,,,,,,,,,,,,,,,,,,,,,,,,,,,,,,,,,,,,
LC08_L1TP_196028_20191206_20200824_02_T1,LANDSAT_8,20191206,geneva,196028,3.0,2.8399999141693115,0.3666060268878937,2.1890547275543213,2.0,3.0,2.9600000381469727,0.1959591656923294,2.421313762664795,3.0,3.0,2.9600000381469727,0.1959591656923294,2.3151211738586426,2.0,8.68450927734375,8.684925079345703,0.04498403146862984,8.65605640411377,8.814422607421875,8.68450927734375,8.684925079345703,0.04498403146862984,8.816208839416504,8.858856201171875,8.68450927734375,8.684925079345703,0.04498403146862984,8.80103874206543,8.855438232421875,8.68450927734375,8.684925079345703,0.04498403146862984,8.803050994873047,8.855438232421875,8.071990966796875,8.075589179992676,0.03813134506344795,8.065874099731445,8.22186279296875,8.071990966796875,8.075589179992676,0.03813134506344795,8.229400634765625,8.2698974609375,8.071990966796875,8.075589179992676,0.03813134506344795,8.214417457580566,8.265777587890625,8.071990966796875,8.075589179992676,0.03813134506344795,8.216327667236328,8.266021728515625,8.2894287109375,8.299448013305664,0.041019707918167114,8.128546714782715,8.352447509765625,8.2894287109375,8.299448013305664,0.041019707918167114,8.350174903869629,8.40264892578125,8.2894287109375,8.299448013305664,0.041019707918167114,8.330778121948242,8.3980712890625,8.2894287109375,8.299448013305664,0.041019707918167114,8.333106994628906,8.39837646484375,,,,,,,,,,,,,,,,,,,,,,,,,,,,,,,,,,,,,,,,,,,,,
LC08_L1TP_195028_20191231_20200824_02_T1,LANDSAT_8,20191231,geneva,195028,,,,,,,,,,,,,,,,,,,,,,,,,,,,,,,,,,,,,,,,,,,,,,,,,,,,,,,,,,,,,,,,,,,,,,,,,,,,,,,,,,,,,,,,,,,,,,,,,,,,,,,,,,,,,,,,,,,,,,,,
LC08_L1TP_195028_20200116_20200823_02_T1,LANDSAT_8,20200116,geneva,195028,3.0,2.9200000762939453,0.27129319310188293,2.996898651123047,3.0,3.0,2.9200000762939453,0.27129319310188293,2.994696617126465,3.0,3.0,2.9200000762939453,0.27129319310188293,2.993608236312866,3.0,7.689849853515625,7.685344219207764,0.022174173966050148,7.722433567047119,7.73089599609375,7.689849853515625,7.685344219207764,0.022174173966050148,7.722584247589111,7.73089599609375,7.689849853515625,7.685344219207764,0.022174173966050148,7.722563743591309,7.73089599609375,7.689849853515625,7.685344219207764,0.022174173966050148,7.7225542068481445,7.73089599609375,7.116119384765625,7.119386196136475,0.02366056852042675,7.132678508758545,7.139984130859375,7.116119384765625,7.119386196136475,0.02366056852042675,7.132909297943115,7.140045166015625,7.116119384765625,7.119386196136475,0.02366056852042675,7.132889270782471,7.140045166015625,7.116119384765625,7.119386196136475,0.02366056852042675,7.132881164550781,7.140045166015625,7.55902099609375,7.572924613952637,0.07476683706045151,7.637744426727295,7.643951416015625,7.55902099609375,7.572924613952637,0.07476683706045151,7.637845516204834,7.644012451171875,7.55902099609375,7.572924613952637,0.07476683706045151,7.6378397941589355,7.644012451171875,7.55902099609375,7.572924613952637,0.07476683706045151,7.63783597946167,7.644012451171875,3.0,3.0,0.0,3.0,3.0,0.0,3.0,3.0,0.0,7.607818603515625,7.607955455780029,0.03523632138967514,7.607818603515625,7.607955455780029,0.03523632138967514,7.607818603515625,7.607955455780029,0.03523632138967514,7.607818603515625,7.607955455780029,0.03523632138967514,7.00921630859375,7.006776332855225,0.03709099441766739,7.00921630859375,7.006776332855225,0.03709099441766739,7.00921630859375,7.006776332855225,0.03709099441766739,7.00921630859375,7.006776332855225,0.03709099441766739,7.48516845703125,7.485579967498779,0.04695644974708557,7.48516845703125,7.485579967498779,0.04695644974708557,7.48516845703125,7.485579967498779,0.04695644974708557,7.48516845703125,7.485579967498779,0.04695644974708557
LC08_L1TP_196028_20200208_20200823_02_T1,LANDSAT_8,20200208,geneva,196028,,,,1.6048696041107178,2.0,,,,1.635295033454895,2.0,,,,1.6195826530456543,2.0,,,,2.2911837100982666,3.031097412109375,,,,2.8353519439697266,3.6224365234375,,,,3.479292631149292,3.9779052734375,,,,3.636051654815674,3.9471435546875,,,,1.6596406698226929,2.382415771484375,,,,2.1874184608459473,2.9685821533203125,,,,2.8294787406921387,3.31573486328125,,,,2.9831674098968506,3.28680419921875,,,,1.8392428159713745,2.5647735595703125,,,,2.6777572631835938,3.1656494140625,,,,3.3418807983398438,3.534576416015625,,,,3.356555938720703,3.511627197265625,,,,,,,,,,,,,,,,,,,,,,,,,,,,,,,,,,,,,,,,,,,,,
LC08_L1TP_196028_20200224_20200822_02_T1,LANDSAT_8,20200224,geneva,196028,2.0,2.0,0.0,2.48482084274292,3.0,3.0,2.5999999046325684,0.4898979365825653,2.6545889377593994,3.0,3.0,2.559999942779541,0.49638694524765015,2.6356382369995117,3.0,7.351470947265625,7.378677845001221,0.09252274036407471,7.2700724601745605,7.515533447265625,7.351470947265625,7.378677845001221,0.09252274036407471,7.297262668609619,7.525787353515625,7.351470947265625,7.378677845001221,0.09252274036407471,7.370789527893066,7.553131103515625,7.351470947265625,7.378677845001221,0.09252274036407471,7.370481967926025,7.553131103515625,6.67388916015625,6.68876838684082,0.08638680726289749,6.491596698760986,6.72601318359375,6.67388916015625,6.68876838684082,0.08638680726289749,6.517736434936523,6.735931396484375,6.67388916015625,6.68876838684082,0.08638680726289749,6.587516784667969,6.760162353515625,6.67388916015625,6.68876838684082,0.08638680726289749,6.587246894836426,6.760009765625,6.706268310546875,6.718381404876709,0.15548984706401825,6.486317157745361,6.779022216796875,6.706268310546875,6.718381404876709,0.15548984706401825,6.522149562835693,6.78948974609375,6.706268310546875,6.718381404876709,0.15548984706401825,6.622452259063721,6.814056396484375,6.706268310546875,6.718381404876709,0.15548984706401825,6.622736930847168,6.813995361328125,2.0,2.0,0.0,1.0,1.0,0.0,1.0,1.0399999618530273,0.1959591805934906,5.601470947265625,5.531470775604248,0.20517636835575104,5.601470947265625,5.531470775604248,0.20517636835575104,,,,,,,4.81939697265625,4.800594329833984,0.2048492580652237,4.81939697265625,4.800594329833984,0.2048492580652237,,,,,,,3.918792724609375,3.831677198410034,0.18121932446956635,3.918792724609375,3.831677198410034,0.18121932446956635,,,,,,
LC08_L1TP_195028_20200304_20200822_02_T1,LANDSAT_8,20200304,geneva,195028,3.0,2.9200000762939453,0.27129319310188293,2.0284383296966553,2.0,3.0,2.9200000762939453,0.27129319310188293,2.0377864837646484,2.0,3.0,2.9200000762939453,0.27129319310188293,2.1001317501068115,2.0,7.009674072265625,7.010221004486084,0.024735894054174423,4.534704685211182,4.6512451171875,7.009674072265625,7.010221004486084,0.024735894054174423,5.32465934753418,5.283599853515625,7.009674072265625,7.010221004486084,0.024735894054174423,5.326244354248047,5.290435791015625,7.009674072265625,7.010221004486084,0.024735894054174423,5.225172519683838,5.126373291015625,6.515838623046875,6.517229080200195,0.024090910330414772,3.979010581970215,4.088226318359375,6.515838623046875,6.517229080200195,0.024090910330414772,4.772541522979736,4.7281494140625,6.515838623046875,6.517229080200195,0.024090910330414772,4.774746894836426,4.734283447265625,6.515838623046875,6.517229080200195,0.024090910330414772,4.672243118286133,4.5689697265625,6.85260009765625,6.84626579284668,0.07371164113283157,3.819129705429077,4.21429443359375,6.85260009765625,6.84626579284668,0.07371164113283157,4.9803853034973145,4.980438232421875,6.85260009765625,6.84626579284668,0.07371164113283157,4.962857246398926,4.97833251953125,6.85260009765625,6.84626579284668,0.07371164113283157,4.852118968963623,4.76739501953125,1.0,1.0,0.0,2.0,2.0,0.0,2.0,2.0,0.0,3.5335693359375,3.530698299407959,0.021761056035757065,,,,3.5335693359375,3.530698299407959,0.021761056035757065,3.5335693359375,3.530698299407959,0.021761056035757065,2.97161865234375,2.964609384536743,0.017449289560317993,,,,2.97161865234375,2.964609384536743,0.017449289560317993,2.97161865234375,2.964609384536743,0.017449289560317993,3.30291748046875,3.3051793575286865,0.03562595695257187,,,,3.30291748046875,3.3051793575286865,0.03562595695257187,3.30291748046875,3.3051793575286865,0.03562595695257187
LC08_L1TP_195028_20200405_20200822_02_T1,LANDSAT_8,20200405,geneva,195028,3.0,2.9200000762939453,0.27129319310188293,2.9962568283081055,3.0,3.0,2.9200000762939453,0.27129319310188293,2.9971935749053955,3.0,3.0,2.9200000762939453,0.27129319310188293,2.9971768856048584,3.0,10.718231201171875,10.70756721496582,0.03556422144174576,10.428705215454102,10.284149169921875,10.718231201171875,10.70756721496582,0.03556422144174576,10.425182342529297,10.284149169921875,10.718231201171875,10.70756721496582,0.03556422144174576,10.425322532653809,10.284149169921875,10.718231201171875,10.70756721496582,0.03556422144174576,10.425331115722656,10.284149169921875,10.344390869140625,10.333871841430664,0.030296096578240395,9.933084487915039,9.798248291015625,10.344390869140625,10.333871841430664,0.030296096578240395,9.929780006408691,9.797607421875,10.344390869140625,10.333871841430664,0.030296096578240395,9.929906845092773,9.797637939453125,10.344390869140625,10.333871841430664,0.030296096578240395,9.92992115020752,9.797637939453125,11.667572021484375,11.659139633178711,0.049741584807634354,10.987361907958984,10.879791259765625,11.667572021484375,11.659139633178711,0.049741584807634354,10.983722686767578,10.879058837890625,11.667572021484375,11.659139633178711,0.049741584807634354,10.983859062194824,10.879119873046875,11.667572021484375,11.659139633178711,0.049741584807634354,10.983877182006836,10.879119873046875,3.0,3.0,0.0,3.0,3.0,0.0,3.0,3.0,0.0,9.966278076171875,9.981043815612793,0.0662960484623909,9.966278076171875,9.981043815612793,0.0662960484623909,9.966278076171875,9.981043815612793,0.0662960484623909,9.966278076171875,9.981043815612793,0.0662960484623909,9.488311767578125,9.506495475769043,0.0705251693725586,9.488311767578125,9.506495475769043,0.0705251693725586,9.488311767578125,9.506495475769043,0.0705251693725586,9.488311767578125,9.506495475769043,0.0705251693725586,10.449554443359375,10.44650650024414,0.0733950287103653,10.449554443359375,10.44650650024414,0.0733950287103653,10.449554443359375,10.44650650024414,0.0733950287103653,10.449554443359375,10.44650650024414,0.0733950287103653
LC08_L1TP_196028_20200412_20200822_02_T1,LANDSAT_8,20200412,geneva,196028,3.0,2.880000114440918,0.430813193321228,2.9948835372924805,3.0,3.0,2.880000114440918,0.430813193321228,2.9964897632598877,3.0,3.0,2.880000114440918,0.430813193321228,2.9968361854553223,3.0,14.245635986328125,14.238936424255371,0.10931294411420822,14.613706588745117,14.508819580078125,14.250762939453125,14.24449634552002,0.10804811865091324,14.610677719116211,14.505401611328125,14.250762939453125,14.24449634552002,0.10804811865091324,14.610666275024414,14.505401611328125,14.250762939453125,14.24449634552002,0.10804811865091324,14.610665321350098,14.505401611328125,13.492431640625,13.487536430358887,0.09272732585668564,13.839085578918457,13.73699951171875,13.495452880859375,13.490729331970215,0.09328364580869675,13.836483001708984,13.736114501953125,13.495452880859375,13.490729331970215,0.09328364580869675,13.836467742919922,13.736114501953125,13.495452880859375,13.490729331970215,0.09328364580869675,13.83648681640625,13.736083984375,13.804229736328125,13.799408912658691,0.04729148745536804,14.29742431640625,14.195220947265625,13.802413940429688,13.797725677490234,0.047527015209198,14.294679641723633,14.19482421875,13.802413940429688,13.797725677490234,0.047527015209198,14.294668197631836,14.19482421875,13.802413940429688,13.797725677490234,0.047527015209198,14.294684410095215,14.19482421875,3.0,3.0,0.0,3.0,3.0,0.0,3.0,3.0,0.0,13.821807861328125,13.832881927490234,0.0381256639957428,13.821807861328125,13.832881927490234,0.0381256639957428,13.821807861328125,13.832881927490234,0.0381256639957428,13.821807861328125,13.832881927490234,0.0381256639957428,13.079681396484375,13.0903902053833,0.037754300981760025,13.079681396484375,13.0903902053833,0.037754300981760025,13.079681396484375,13.0903902053833,0.037754300981760025,13.079681396484375,13.0903902053833,0.037754300981760025,13.64276123046875,13.652060508728027,0.03196607530117035,13.64276123046875,13.652060508728027,0.03196607530117035,13.64276123046875,13.652060508728027,0.03196607530117035,13.64276123046875,13.652060508728027,0.03196607530117035
LC08_L1TP_195028_20200507_20200820_02_T1,LANDSAT_8,20200507,geneva,195028,3.0,2.7200000286102295,0.5306599736213684,2.9030237197875977,3.0,3.0,2.799999952316284,0.4000000059604645,2.963775634765625,3.0,3.0,2.880000114440918,0.32496151328086853,2.9771571159362793,3.0,15.636749267578125,15.641671180725098,0.026031911373138428,14.408096313476562,14.546417236328125,15.636749267578125,15.64287281036377,0.025880049914121628,14.405045509338379,14.542999267578125,15.636749267578125,15.641671180725098,0.026031911373138428,14.405045509338379,14.542999267578125,15.636749267578125,15.641671180725098,0.026031911373138428,14.405255317687988,14.546417236328125,15.51214599609375,15.512255668640137,0.029093315824866295,14.286641120910645,14.42999267578125,15.512161254882812,15.513144493103027,0.02935917116701603,14.283746719360352,14.428848266601562,15.51214599609375,15.512255668640137,0.029093315824866295,14.283760070800781,14.428863525390625,15.51214599609375,15.512255668640137,0.029093315824866295,14.284000396728516,14.428955078125,16.964691162109375,16.950031280517578,0.07596971094608307,15.46340560913086,15.5946044921875,16.960662841796875,16.9476375579834,0.07660608738660812,15.4603853225708,15.593643188476562,16.964691162109375,16.950031280517578,0.07596971094608307,15.460408210754395,15.593658447265625,16.964691162109375,16.950031280517578,0.07596971094608307,15.460640907287598,15.59368896484375,2.0,2.0,0.0,2.0,2.4000000953674316,0.4898979365825653,3.0,2.680000066757202,0.4664761424064636,13.972198486328125,13.970148086547852,0.02795221470296383,13.972198486328125,13.970148086547852,0.02795221470296383,13.972198486328125,13.970148086547852,0.02795221470296383,13.972198486328125,13.970148086547852,0.02795221470296383,13.852752685546875,13.847193717956543,0.028934985399246216,13.852752685546875,13.847193717956543,0.028934985399246216,13.852752685546875,13.847193717956543,0.028934985399246216,13.852752685546875,13.847193717956543,0.028934985399246216,15.00726318359375,15.017899513244629,0.06714504212141037,15.00726318359375,15.017899513244629,0.06714504212141037,15.00726318359375,15.017899513244629,0.06714504212141037,15.00726318359375,15.017899513244629,0.06714504212141037
LC08_L1TP_196028_20200530_20200820_02_T1,LANDSAT_8,20200530,geneva,196028,3.0,2.799999952316284,0.4898979365825653,1.9255893230438232,2.0,3.0,2.880000114440918,0.430813193321228,2.0019843578338623,2.0,3.0,2.880000114440918,0.430813193321228,1.9615085124969482,2.0,17.065521240234375,17.069076538085938,0.0407811664044857,15.519661903381348,15.544464111328125,17.067230224609375,17.069793701171875,0.0414670892059803,15.828800201416016,15.90679931640625,17.067230224609375,17.069793701171875,0.0414670892059803,15.828237533569336,15.90679931640625,17.067230224609375,17.069793701171875,0.0414670892059803,15.827207565307617,15.90679931640625,15.51080322265625,15.516797065734863,0.03301103785634041,14.028989791870117,14.054779052734375,15.515655517578125,15.518478393554688,0.03262585401535034,14.315159797668457,14.39031982421875,15.515655517578125,15.518478393554688,0.03262585401535034,14.3147554397583,14.3905029296875,15.515655517578125,15.518478393554688,0.03262585401535034,14.313840866088867,14.39178466796875,15.977996826171875,15.954675674438477,0.08265428245067596,14.369532585144043,14.39874267578125,15.978607177734375,15.956704139709473,0.08374632894992828,14.612072944641113,14.67352294921875,15.978607177734375,15.956704139709473,0.08374632894992828,14.611061096191406,14.673248291015625,15.978607177734375,15.956704139709473,0.08374632894992828,14.609365463256836,14.673431396484375,1.0,1.0,0.0,1.0,1.0,0.0,1.0,1.0,0.0,15.394073486328125,15.413623809814453,0.07143813371658325,,,,,,,,,,13.978668212890625,13.978758811950684,0.05235028639435768,,,,,,,,,,14.454254150390625,14.45043659210205,0.05192306265234947,,,,,,,,,
LC08_L1TP_195028_20200624_20200824_02_T1,LANDSAT_8,20200624,geneva,195028,3.0,2.880000114440918,0.430813193321228,2.912649154663086,3.0,3.0,2.880000114440918,0.430813193321228,2.9601078033447266,3.0,3.0,2.880000114440918,0.430813193321228,2.956521987915039,3.0,23.593902587890625,23.60552215576172,0.09445475041866302,22.176807403564453,22.025054931640625,23.590484619140625,23.604156494140625,0.09615980088710785,22.173816680908203,22.025054931640625,23.590484619140625,23.604156494140625,0.09615980088710785,22.17377471923828,22.025054931640625,23.590484619140625,23.604156494140625,0.09615980088710785,22.173782348632812,22.025054931640625,21.772613525390625,21.786455154418945,0.07856016606092453,19.90085792541504,19.743621826171875,21.76373291015625,21.78702735900879,0.0801282674074173,19.897945404052734,19.742324829101562,21.76373291015625,21.78702735900879,0.0801282674074173,19.89788818359375,19.742279052734375,21.76373291015625,21.78702735900879,0.0801282674074173,19.89790153503418,19.74224853515625,23.749267578125,23.761953353881836,0.0597529411315918,21.43427276611328,21.1981201171875,23.748809814453125,23.761377334594727,0.06091635674238205,21.431045532226562,21.196624755859375,23.748809814453125,23.761377334594727,0.06091635674238205,21.430978775024414,21.196578979492188,23.748809814453125,23.761377334594727,0.06091635674238205,21.430986404418945,21.196502685546875,2.0,2.0,0.0,2.0,2.0,0.0,2.0,2.0,0.0,21.560211181640625,21.556928634643555,0.052955176681280136,21.560211181640625,21.556928634643555,0.052955176681280136,21.560211181640625,21.556928634643555,0.052955176681280136,21.560211181640625,21.556928634643555,0.052955176681280136,19.261138916015625,19.257814407348633,0.05550243705511093,19.261138916015625,19.257814407348633,0.05550243705511093,19.261138916015625,19.257814407348633,0.05550243705511093,19.261138916015625,19.257814407348633,0.05550243705511093,20.363433837890625,20.36306381225586,0.03708402067422867,20.363433837890625,20.36306381225586,0.03708402067422867,20.363433837890625,20.36306381225586,0.03708402067422867,20.363433837890625,20.36306381225586,0.03708402067422867
LC08_L1TP_195028_20200811_20200918_02_T1,LANDSAT_8,20200811,geneva,195028,2.0,1.559999942779541,0.49638694524765015,1.3931655883789062,1.0,2.0,1.7200000286102295,0.44899889826774597,1.4887274503707886,1.0,2.0,1.8799999952316284,0.3249615430831909,1.4330307245254517,1.0,23.788726806640625,23.807044982910156,0.06647315621376038,21.561588287353516,21.580718994140625,23.798980712890625,23.814605712890625,0.06791499257087708,22.88015365600586,22.821441650390625,23.802398681640625,23.822715759277344,0.06737890839576721,22.7407169342041,22.599273681640625,23.790435791015625,23.813274383544922,0.06650591641664505,22.854034423828125,22.804351806640625,20.467926025390625,20.483007431030273,0.08511026203632355,18.530588150024414,18.56573486328125,20.483383178710938,20.485639572143555,0.0829753428697586,19.9228458404541,19.86688232421875,20.483383178710938,20.501243591308594,0.08097045123577118,19.76776123046875,19.638290405273438,20.461227416992188,20.48141860961914,0.0866648405790329,19.88009262084961,19.837554931640625,20.636474609375,20.59762191772461,0.19553053379058838,17.33439064025879,17.518280029296875,20.542221069335938,20.491424560546875,0.19618019461631775,19.989452362060547,19.89501953125,20.57135009765625,20.534563064575195,0.19011683762073517,19.7042179107666,19.501785278320312,20.611190795898438,20.573530197143555,0.19514068961143494,19.883329391479492,19.827606201171875,1.0,1.0,0.0,1.0,1.0,0.0,1.0,1.0,0.0,17.930267333984375,18.008453369140625,0.20958195626735687,,,,,,,,,,14.929534912109375,15.002235412597656,0.3087981343269348,,,,,,,,,,8.773696899414062,8.89703369140625,1.8197435140609741,,,,,,,,,
LC08_L1TP_195028_20200827_20200905_02_T1,LANDSAT_8,20200827,geneva,195028,,,,1.1525295972824097,1.0,,,,1.1862701177597046,1.0,,,,1.2645329236984253,1.0,,,,19.315841674804688,19.758880615234375,,,,21.465532302856445,21.881500244140625,,,,21.431716918945312,21.806304931640625,,,,21.398218154907227,21.737945556640625,,,,17.72579002380371,18.178451538085938,,,,19.866806030273438,20.299301147460938,,,,19.833393096923828,20.2203369140625,,,,19.79798126220703,20.14990234375,,,,15.906560897827148,16.517105102539062,,,,19.351701736450195,19.914932250976562,,,,19.300668716430664,19.777008056640625,,,,19.246244430541992,19.708709716796875,,,,,,,,,,,,,,,,,,,,,,,,,,,,,,,,,,,,,,,,,,,,,
LC08_L1TP_196028_20200903_20200918_02_T1,LANDSAT_8,20200903,geneva,196028,,,,2.216658353805542,3.0,,,,2.261446952819824,3.0,,,,2.2661921977996826,3.0,,,,19.91478729248047,20.6270751953125,,,,20.719514846801758,20.7330322265625,,,,20.68368148803711,20.7261962890625,,,,20.67926025390625,20.7261962890625,,,,18.83405876159668,19.506210327148438,,,,19.592132568359375,19.6026611328125,,,,19.560895919799805,19.5965576171875,,,,19.5566463470459,19.595977783203125,,,,19.37886619567871,20.3353271484375,,,,20.444429397583008,20.449493408203125,,,,20.399457931518555,20.441162109375,,,,20.394012451171875,20.440582275390625,,,,,,,,,,,,,,,,,,,,,,,,,,,,,,,,,,,,,,,,,,,,,
LC08_L1TP_195028_20200912_20200919_02_T1,LANDSAT_8,20200912,geneva,195028,2.0,1.9600000381469727,0.1959591656923294,2.5985217094421387,3.0,2.0,1.9600000381469727,0.1959591656923294,2.7884554862976074,3.0,2.0,2.0,0.0,2.7718913555145264,3.0,21.970367431640625,21.9700927734375,0.051799267530441284,22.89418601989746,22.923980712890625,21.965240478515625,21.967803955078125,0.051612552255392075,22.89262580871582,22.923980712890625,21.965240478515625,21.967803955078125,0.051612552255392075,22.895742416381836,22.923980712890625,21.970367431640625,21.9700927734375,0.051799267530441284,22.89400291442871,22.923980712890625,19.94891357421875,19.945035934448242,0.0514649897813797,20.209373474121094,20.218231201171875,19.944915771484375,19.942270278930664,0.05067150294780731,20.207477569580078,20.217498779296875,19.944915771484375,19.942270278930664,0.05067150294780731,20.21108055114746,20.2210693359375,19.94891357421875,19.945035934448242,0.0514649897813797,20.209104537963867,20.21893310546875,21.680755615234375,21.676109313964844,0.09654520452022552,21.789522171020508,21.841033935546875,21.692398071289062,21.67690086364746,0.0984567329287529,21.78733253479004,21.840301513671875,21.692398071289062,21.67690086364746,0.0984567329287529,21.792890548706055,21.84393310546875,21.680755615234375,21.676109313964844,0.09654520452022552,21.789676666259766,21.841644287109375,3.0,2.9200000762939453,0.27129319310188293,3.0,3.0,0.0,3.0,3.0,0.0,23.248687744140625,23.2609920501709,0.06702008098363876,23.248687744140625,23.2609920501709,0.06702008098363876,23.248687744140625,23.2609920501709,0.06702008098363876,23.248687744140625,23.2609920501709,0.06702008098363876,20.69256591796875,20.68533706665039,0.06471992284059525,20.69256591796875,20.68533706665039,0.06471992284059525,20.69256591796875,20.68533706665039,0.06471992284059525,20.69256591796875,20.68533706665039,0.06471992284059525,22.644805908203125,22.6641902923584,0.07834935188293457,22.644805908203125,22.6641902923584,0.07834935188293457,22.644805908203125,22.6641902923584,0.07834935188293457,22.644805908203125,22.6641902923584,0.07834935188293457
LC08_L1TP_195028_20201030_20201106_02_T1,LANDSAT_8,20201030,geneva,195028,3.0,2.9200000762939453,0.27129319310188293,2.460360288619995,3.0,3.0,2.9600000381469727,0.1959591805934906,2.4731128215789795,3.0,3.0,2.9200000762939453,0.27129319310188293,2.4529733657836914,3.0,13.022003173828125,13.034034729003906,0.07580879330635071,11.518939018249512,12.49560546875,13.022003173828125,13.034034729003906,0.07580879330635071,11.91274356842041,12.6904296875,13.022003173828125,13.034034729003906,0.07580879330635071,11.989550590515137,12.7109375,13.022003173828125,13.034034729003906,0.07580879330635071,12.067086219787598,12.74169921875,12.483428955078125,12.484989166259766,0.07034863531589508,11.177286148071289,12.12396240234375,12.483428955078125,12.484989166259766,0.07034863531589508,11.56674575805664,12.327987670898438,12.483428955078125,12.484989166259766,0.07034863531589508,11.642352104187012,12.352294921875,12.483428955078125,12.484989166259766,0.07034863531589508,11.718424797058105,12.385467529296875,13.1090087890625,13.080462455749512,0.06782674789428711,11.700393676757812,12.86566162109375,13.1090087890625,13.080462455749512,0.06782674789428711,12.188972473144531,13.060791015625,13.1090087890625,13.080462455749512,0.06782674789428711,12.278665542602539,13.07476806640625,13.1090087890625,13.080462455749512,0.06782674789428711,12.367219924926758,13.096588134765625,,,,,,,,,,,,,,,,,,,,,,,,,,,,,,,,,,,,,,,,,,,,,
LC08_L1TP_196028_20201122_20210315_02_T1,LANDSAT_8,20201122,geneva,196028,3.0,2.9200000762939453,0.27129319310188293,2.3530640602111816,2.0,3.0,2.9200000762939453,0.27129319310188293,2.455181837081909,3.0,3.0,2.9200000762939453,0.27129319310188293,2.4255259037017822,3.0,10.390106201171875,10.392293930053711,0.05495073273777962,10.077882766723633,10.318328857421875,10.390106201171875,10.392293930053711,0.05495073273777962,10.253154754638672,10.383270263671875,10.390106201171875,10.392293930053711,0.05495073273777962,10.249112129211426,10.379852294921875,10.390106201171875,10.392293930053711,0.05495073273777962,10.24319076538086,10.376434326171875,9.694915771484375,9.691473007202148,0.046241287142038345,9.450956344604492,9.690765380859375,9.694915771484375,9.691473007202148,0.046241287142038345,9.63100814819336,9.754364013671875,9.694915771484375,9.691473007202148,0.046241287142038345,9.627120018005371,9.751678466796875,9.694915771484375,9.691473007202148,0.046241287142038345,9.62119197845459,9.749053955078125,10.238250732421875,10.230408668518066,0.051074229180812836,9.670530319213867,10.044586181640625,10.238250732421875,10.230408668518066,0.051074229180812836,9.943784713745117,10.119186401367188,10.238250732421875,10.230408668518066,0.051074229180812836,9.935230255126953,10.115814208984375,10.238250732421875,10.230408668518066,0.051074229180812836,9.926420211791992,10.1124267578125,2.0,2.0,0.0,2.0,2.0799999237060547,0.27129319310188293,2.0,2.0,0.0,10.130340576171875,10.13075065612793,0.07425930351018906,10.130340576171875,10.13075065612793,0.07425930351018906,10.130340576171875,10.13075065612793,0.07425930351018906,10.130340576171875,10.13075065612793,0.07425930351018906,9.49212646484375,9.486948013305664,0.06639304012060165,9.49212646484375,9.486948013305664,0.06639304012060165,9.49212646484375,9.486948013305664,0.06639304012060165,9.49212646484375,9.486948013305664,0.06639304012060165,9.98175048828125,9.979798316955566,0.06117483600974083,9.98175048828125,9.979798316955566,0.06117483600974083,9.98175048828125,9.979798316955566,0.06117483600974083,9.98175048828125,9.979798316955566,0.06117483600974083
LC08_L1TP_195028_20201217_20210309_02_T1,LANDSAT_8,20201217,geneva,195028,,,,,,,,,,,,,,,,,,,,,,,,,,,,,,,,,,,,,,,,,,,,,,,,,,,,,,,,,,,,,,,,,,,,,,,,,,,,,,,,,,,,,,,,,,,,,,,,,,,,,,,,,,,,,,,,,,,,,,,,
LC08_L1TP_195028_20210118_20210306_02_T1,LANDSAT_8,20210118,geneva,195028,,,,2.7667393684387207,3.0,,,,2.766413688659668,3.0,,,,2.764162302017212,3.0,,,,6.399206638336182,6.702056884765625,,,,6.683879375457764,6.725982666015625,,,,6.650184154510498,6.719146728515625,,,,6.650298118591309,6.719146728515625,,,,5.773924827575684,6.08489990234375,,,,6.066579818725586,6.1064453125,,,,6.032314300537109,6.101531982421875,,,,6.032339096069336,6.1016845703125,,,,6.251194953918457,6.6387939453125,,,,6.6219329833984375,6.6629638671875,,,,6.575795650482178,6.657501220703125,,,,6.576503276824951,6.65777587890625,3.0,3.0,0.0,3.0,3.0,0.0,3.0,3.0,0.0,6.954986572265625,6.953209400177002,0.0199328251183033,6.954986572265625,6.953209400177002,0.0199328251183033,6.954986572265625,6.953209400177002,0.0199328251183033,6.954986572265625,6.953209400177002,0.0199328251183033,6.345489501953125,6.341611385345459,0.013615377247333527,6.345489501953125,6.341611385345459,0.013615377247333527,6.345489501953125,6.341611385345459,0.013615377247333527,6.345489501953125,6.341611385345459,0.013615377247333527,6.928192138671875,6.905936241149902,0.051124148070812225,6.928192138671875,6.905936241149902,0.051124148070812225,6.928192138671875,6.905936241149902,0.051124148070812225,6.928192138671875,6.905936241149902,0.051124148070812225
LC08_L1TP_195028_20210219_20210302_02_T1,LANDSAT_8,20210219,geneva,195028,1.0,1.0,0.0,1.0002459287643433,1.0,1.0,1.0,0.0,1.1070899963378906,1.0,1.0,1.0,0.0,1.0912927389144897,1.0,1.192230224609375,1.1852575540542603,0.05989529937505722,0.5500787496566772,0.59405517578125,,,,1.65923273563385,1.769866943359375,,,,1.1738861799240112,1.144378662109375,,,,1.3168874979019165,1.294769287109375,0.860687255859375,0.8467810153961182,0.05460083857178688,0.17295973002910614,0.218048095703125,,,,1.3137640953063965,1.446624755859375,,,,0.8152143955230713,0.783905029296875,,,,0.9679452180862427,0.949005126953125,0.291046142578125,0.30289551615715027,0.06434415280818939,-0.694201648235321,-0.52276611328125,,,,0.9743914604187012,1.04241943359375,,,,0.21003763377666473,0.1824188232421875,,,,0.3934083878993988,0.3815765380859375,1.0,1.0,0.0,1.0,1.0,0.0,1.0,1.0,0.0,1.229827880859375,1.238031029701233,0.05806926637887955,,,,,,,,,,0.852020263671875,0.8499401807785034,0.04903772473335266,,,,,,,,,,-0.168914794921875,-0.15881836414337158,0.08910022675991058,,,,,,,,,
LC08_L1TP_196028_20210226_20210304_02_T1,LANDSAT_8,20210226,geneva,196028,1.0,1.0,0.0,1.7263354063034058,2.0,1.0,1.0,0.0,1.4437353610992432,1.0,1.0,1.0,0.0,1.4209316968917847,1.0,7.542877197265625,7.53563117980957,0.018878081813454628,7.3027448654174805,7.245513916015625,,,,7.221943378448486,7.187408447265625,,,,7.2146196365356445,7.180572509765625,,,,7.2364182472229,7.207916259765625,6.78338623046875,6.777045726776123,0.015816815197467804,6.675965785980225,6.63751220703125,,,,6.617628574371338,6.592010498046875,,,,6.612239360809326,6.58734130859375,,,,6.629336833953857,6.608978271484375,7.218963623046875,7.223129749298096,0.03179316967725754,7.119480609893799,7.034637451171875,,,,7.045193195343018,6.989959716796875,,,,7.011743545532227,6.9704132080078125,,,,7.036082744598389,6.989013671875,1.0,1.0,0.0,1.0,1.0,0.0,1.0,1.2400000095367432,0.42708316445350647,7.696685791015625,7.682615756988525,0.03700539842247963,,,,,,,7.671051025390625,7.67162561416626,0.03428227826952934,7.02587890625,7.015210151672363,0.032004524022340775,,,,,,,7.02752685546875,7.0196380615234375,0.02447325736284256,7.605224609375,7.603403091430664,0.03268950805068016,,,,,,,7.5858154296875,7.59168004989624,0.03325257450342178
LC08_L1TP_195028_20210323_20210402_02_T1,LANDSAT_8,20210323,geneva,195028,3.0,2.880000114440918,0.430813193321228,2.9924004077911377,3.0,3.0,2.880000114440918,0.430813193321228,2.99507212638855,3.0,3.0,2.9200000762939453,0.3919183313846588,2.995248794555664,3.0,7.334381103515625,7.333697319030762,0.02588645927608013,7.181210994720459,7.125885009765625,7.332672119140625,7.332672119140625,0.025918031111359596,7.179387092590332,7.125885009765625,7.332672119140625,7.332672119140625,0.025918031111359596,7.179259777069092,7.125885009765625,7.332672119140625,7.332672119140625,0.025918031111359596,7.179265975952148,7.125885009765625,6.882843017578125,6.878116607666016,0.02928474172949791,6.710926055908203,6.65771484375,6.882843017578125,6.877138614654541,0.029486145824193954,6.709291934967041,6.657623291015625,6.882843017578125,6.877138614654541,0.029486145824193954,6.709171295166016,6.657623291015625,6.882843017578125,6.877138614654541,0.029486145824193954,6.709175109863281,6.657623291015625,8.162384033203125,8.167228698730469,0.06159272417426109,7.74282693862915,7.678924560546875,8.160400390625,8.166145324707031,0.0626288577914238,7.740960597991943,7.6788330078125,8.160400390625,8.166145324707031,0.0626288577914238,7.7408246994018555,7.6788330078125,8.160400390625,8.166145324707031,0.0626288577914238,7.740826606750488,7.6788330078125,3.0,3.0,0.0,3.0,3.0,0.0,3.0,3.0,0.0,7.351470947265625,7.354341983795166,0.051770035177469254,7.351470947265625,7.354341983795166,0.051770035177469254,7.351470947265625,7.354341983795166,0.051770035177469254,7.351470947265625,7.354341983795166,0.051770035177469254,6.884613037109375,6.891226768493652,0.041392941027879715,6.884613037109375,6.891226768493652,0.041392941027879715,6.884613037109375,6.891226768493652,0.041392941027879715,6.884613037109375,6.891226768493652,0.041392941027879715,7.9041748046875,7.917365550994873,0.035587895661592484,7.9041748046875,7.917365550994873,0.035587895661592484,7.9041748046875,7.917365550994873,0.035587895661592484,7.9041748046875,7.917365550994873,0.035587895661592484
LC08_L1TP_196028_20210330_20210409_02_T1,LANDSAT_8,20210330,geneva,196028,2.0,2.319999933242798,0.4664761424064636,2.8954367637634277,3.0,3.0,2.640000104904175,0.48000001907348633,2.9572880268096924,3.0,3.0,2.640000104904175,0.6248199343681335,2.970301866531372,3.0,10.875457763671875,10.871219635009766,0.0270565003156662,10.203241348266602,10.102996826171875,10.875457763671875,10.871219635009766,0.0270565003156662,10.200136184692383,10.099578857421875,10.875457763671875,10.871219635009766,0.0270565003156662,10.200297355651855,10.102996826171875,10.875457763671875,10.870107650756836,0.027819357812404633,10.2001953125,10.099578857421875,10.16455078125,10.159326553344727,0.025421559810638428,9.547651290893555,9.45257568359375,10.16455078125,10.159326553344727,0.025421559810638428,9.544883728027344,9.451629638671875,10.16455078125,10.159326553344727,0.025421559810638428,9.545026779174805,9.45172119140625,10.15850830078125,10.15807819366455,0.025995194911956787,9.544955253601074,9.451629638671875,10.878021240234375,10.909093856811523,0.0796780213713646,10.241259574890137,10.1220703125,10.878021240234375,10.909093856811523,0.0796780213713646,10.23827838897705,10.121124267578125,10.878021240234375,10.909093856811523,0.0796780213713646,10.238431930541992,10.12115478515625,10.874053955078125,10.90462589263916,0.07912123203277588,10.23835563659668,10.121124267578125,3.0,2.9200000762939453,0.27129319310188293,3.0,3.0,0.0,3.0,3.0,0.0,10.663543701171875,10.662997245788574,0.018436258658766747,10.663543701171875,10.662997245788574,0.018436258658766747,10.663543701171875,10.662997245788574,0.018436258658766747,10.663543701171875,10.662997245788574,0.018436258658766747,10.019989013671875,10.016376495361328,0.020367830991744995,10.019989013671875,10.016376495361328,0.020367830991744995,10.019989013671875,10.016376495361328,0.020367830991744995,10.019989013671875,10.016376495361328,0.020367830991744995,10.810882568359375,10.817220687866211,0.024253157898783684,10.810882568359375,10.817220687866211,0.024253157898783684,10.810882568359375,10.817220687866211,0.024253157898783684,10.810882568359375,10.817220687866211,0.024253157898783684
LC08_L1TP_195028_20210408_20210416_02_T1,LANDSAT_8,20210408,geneva,195028,3.0,2.880000114440918,0.32496151328086853,2.9951601028442383,3.0,3.0,2.880000114440918,0.32496151328086853,2.9957356452941895,3.0,3.0,2.9600000381469727,0.1959591656923294,2.9960339069366455,3.0,8.67083740234375,8.661677360534668,0.019568460062146187,8.974611282348633,8.927215576171875,8.67083740234375,8.661677360534668,0.019568460062146187,8.972729682922363,8.927215576171875,8.67083740234375,8.661677360534668,0.019568460062146187,8.97262954711914,8.927215576171875,8.67083740234375,8.661677360534668,0.019568460062146187,8.972622871398926,8.927215576171875,8.0882568359375,8.082453727722168,0.01722351834177971,8.393867492675781,8.3524169921875,8.0882568359375,8.082453727722168,0.01722351834177971,8.392206192016602,8.3521728515625,8.0882568359375,8.082453727722168,0.01722351834177971,8.392118453979492,8.352142333984375,8.0882568359375,8.082453727722168,0.01722351834177971,8.392121315002441,8.352142333984375,9.205108642578125,9.21691608428955,0.05781899392604828,9.413799285888672,9.376708984375,9.205108642578125,9.21691608428955,0.05781899392604828,9.411951065063477,9.37646484375,9.205108642578125,9.21691608428955,0.05781899392604828,9.411857604980469,9.376434326171875,9.205108642578125,9.21691608428955,0.05781899392604828,9.411858558654785,9.376434326171875,3.0,3.0,0.0,3.0,3.0,0.0,3.0,3.0,0.0,8.896453857421875,8.902059555053711,0.03624826297163963,8.896453857421875,8.902059555053711,0.03624826297163963,8.896453857421875,8.902059555053711,0.03624826297163963,8.896453857421875,8.902059555053711,0.03624826297163963,8.322052001953125,8.321563720703125,0.030888475477695465,8.322052001953125,8.321563720703125,0.030888475477695465,8.322052001953125,8.321563720703125,0.030888475477695465,8.322052001953125,8.321563720703125,0.030888475477695465,9.26507568359375,9.279545783996582,0.0833720713853836,9.26507568359375,9.279545783996582,0.0833720713853836,9.26507568359375,9.279545783996582,0.0833720713853836,9.26507568359375,9.279545783996582,0.0833720713853836
LC08_L1TP_196028_20210415_20210424_02_T1,LANDSAT_8,20210415,geneva,196028,,,,2.476384401321411,2.0,,,,2.5147223472595215,3.0,,,,2.515695810317993,3.0,,,,7.690129280090332,7.659088134765625,,,,7.689208030700684,7.662506103515625,,,,7.685277938842773,7.655670166015625,,,,7.689165115356445,7.662506103515625,,,,6.890456199645996,6.866912841796875,,,,6.889876365661621,6.867431640625,,,,6.88557767868042,6.86077880859375,,,,6.889397144317627,6.866912841796875,,,,7.376911640167236,7.351715087890625,,,,7.376951694488525,7.352264404296875,,,,7.36905574798584,7.345428466796875,,,,7.376514911651611,7.3525390625,2.0,2.0,0.0,2.0,2.0799999237060547,0.27129319310188293,2.0,2.0,0.0,7.78216552734375,7.770133018493652,0.03523492440581322,7.78216552734375,7.770133018493652,0.03523492440581322,7.78216552734375,7.770133018493652,0.03523492440581322,7.78216552734375,7.770133018493652,0.03523492440581322,7.001373291015625,6.993985652923584,0.023640790954232216,7.001373291015625,6.993985652923584,0.023640790954232216,7.001373291015625,6.993985652923584,0.023640790954232216,7.001373291015625,6.993985652923584,0.023640790954232216,7.3985595703125,7.393167495727539,0.019699444994330406,7.3985595703125,7.393167495727539,0.019699444994330406,7.3985595703125,7.393167495727539,0.019699444994330406,7.3985595703125,7.393167495727539,0.019699444994330406
LC08_L1TP_195028_20210424_20210501_02_T1,LANDSAT_8,20210424,geneva,195028,3.0,2.8399999141693115,0.3666060268878937,2.992924928665161,3.0,3.0,2.8399999141693115,0.3666060268878937,2.9961936473846436,3.0,3.0,2.8399999141693115,0.3666060268878937,2.9963784217834473,3.0,13.507354736328125,13.444190979003906,0.16176526248455048,12.755535125732422,12.816925048828125,13.507354736328125,13.444190979003906,0.16176526248455048,12.752739906311035,12.816925048828125,13.507354736328125,13.444190979003906,0.16176526248455048,12.752821922302246,12.816925048828125,13.507354736328125,13.444190979003906,0.16176526248455048,12.752768516540527,12.816925048828125,12.927459716796875,12.87255859375,0.1866089552640915,12.1807222366333,12.249282836914062,12.927459716796875,12.87255859375,0.1866089552640915,12.178192138671875,12.2484130859375,12.927459716796875,12.87255859375,0.1866089552640915,12.178261756896973,12.2484130859375,12.927459716796875,12.87255859375,0.1866089552640915,12.178220748901367,12.2484130859375,14.2784423828125,14.233850479125977,0.2153429538011551,13.459085464477539,13.541732788085938,14.2784423828125,14.233850479125977,0.2153429538011551,13.456296920776367,13.541168212890625,14.2784423828125,14.233850479125977,0.2153429538011551,13.456371307373047,13.54119873046875,14.2784423828125,14.233850479125977,0.2153429538011551,13.456319808959961,13.541168212890625,3.0,3.0,0.0,3.0,3.0,0.0,3.0,3.0,0.0,11.606903076171875,11.611824989318848,0.0508170910179615,11.606903076171875,11.611824989318848,0.0508170910179615,11.606903076171875,11.611824989318848,0.0508170910179615,11.606903076171875,11.611824989318848,0.0508170910179615,11.04632568359375,11.048218727111816,0.04345126822590828,11.04632568359375,11.048218727111816,0.04345126822590828,11.04632568359375,11.048218727111816,0.04345126822590828,11.04632568359375,11.048218727111816,0.04345126822590828,12.242828369140625,12.260730743408203,0.06514466553926468,12.242828369140625,12.260730743408203,0.06514466553926468,12.242828369140625,12.260730743408203,0.06514466553926468,12.242828369140625,12.260730743408203,0.06514466553926468
LC08_L1TP_195028_20210611_20210622_02_T1,LANDSAT_8,20210611,geneva,195028,3.0,2.880000114440918,0.430813193321228,2.9560089111328125,3.0,3.0,2.880000114440918,0.430813193321228,2.975733757019043,3.0,3.0,2.8399999141693115,0.4630334675312042,2.9702131748199463,3.0,22.934234619140625,22.931499481201172,0.1392049342393875,21.711450576782227,21.683258056640625,22.956451416015625,22.936655044555664,0.1397174596786499,21.70873260498047,21.683258056640625,22.956451416015625,22.936655044555664,0.1397174596786499,21.708707809448242,21.683258056640625,22.956451416015625,22.936655044555664,0.1397174596786499,21.708642959594727,21.683258056640625,21.8558349609375,21.848276138305664,0.14309650659561157,20.720643997192383,20.70037841796875,21.873062133789062,21.852102279663086,0.14478780329227448,20.717994689941406,20.699615478515625,21.873062133789062,21.852102279663086,0.14478780329227448,20.717967987060547,20.699615478515625,21.873062133789062,21.852102279663086,0.14478780329227448,20.71790885925293,20.6995849609375,25.2054443359375,25.24530029296875,0.13659116625785828,23.494909286499023,23.403900146484375,25.208450317382812,25.251245498657227,0.13620096445083618,23.491743087768555,23.40325927734375,25.208450317382812,25.251245498657227,0.13620096445083618,23.49170684814453,23.40325927734375,25.208450317382812,25.251245498657227,0.13620096445083618,23.491634368896484,23.403228759765625,3.0,3.0,0.0,3.0,3.0,0.0,3.0,3.0,0.0,21.673004150390625,21.678062438964844,0.022068964317440987,21.673004150390625,21.678062438964844,0.022068964317440987,21.673004150390625,21.678062438964844,0.022068964317440987,21.673004150390625,21.678062438964844,0.022068964317440987,20.685516357421875,20.69133758544922,0.024077368900179863,20.685516357421875,20.69133758544922,0.024077368900179863,20.685516357421875,20.69133758544922,0.024077368900179863,20.685516357421875,20.69133758544922,0.024077368900179863,23.281402587890625,23.2618465423584,0.08230896294116974,23.281402587890625,23.2618465423584,0.08230896294116974,23.281402587890625,23.2618465423584,0.08230896294116974,23.281402587890625,23.2618465423584,0.08230896294116974
LC08_L1TP_196028_20210618_20210628_02_T1,LANDSAT_8,20210618,geneva,196028,1.0,1.0,0.0,1.0008026361465454,1.0,1.0,1.0,0.0,1.0038083791732788,1.0,1.0,1.159999966621399,0.5425863862037659,1.3092206716537476,1.0,22.718902587890625,22.704545974731445,0.06495219469070435,22.632503509521484,22.568511962890625,,,,22.771596908569336,22.775299072265625,,,,22.52686882019043,22.301910400390625,,,,22.214914321899414,22.216461181640625,19.493988037109375,19.48352813720703,0.0772562250494957,19.60335350036621,19.54522705078125,,,,19.89278221130371,19.900482177734375,,,,19.4317626953125,19.09912109375,,,,19.088712692260742,19.088729858398438,19.777923583984375,19.775182723999023,0.1107916533946991,19.9898681640625,19.870849609375,,,,20.470888137817383,20.505645751953125,,,,19.72492790222168,19.292572021484375,,,,19.41832733154297,19.41876220703125,1.0,1.0,0.0,1.0,1.0,0.0,1.0,1.0,0.0,23.429840087890625,23.449115753173828,0.052923399955034256,,,,,,,,,,20.6865234375,20.703527450561523,0.07081671059131622,,,,,,,,,,21.332427978515625,21.344511032104492,0.05621711164712906,,,,,,,,,
LC08_L1TP_196028_20210720_20210729_02_T1,LANDSAT_8,20210720,geneva,196028,3.0,2.880000114440918,0.430813193321228,2.7419536113739014,3.0,3.0,2.880000114440918,0.430813193321228,2.775754451751709,3.0,3.0,2.880000114440918,0.430813193321228,2.8071329593658447,3.0,22.131011962890625,22.155345916748047,0.16549554467201233,20.524986267089844,20.5108642578125,22.137847900390625,22.159210205078125,0.16780059039592743,20.561176300048828,20.5963134765625,22.137847900390625,22.159210205078125,0.16780059039592743,20.553762435913086,20.5792236328125,22.137847900390625,22.159210205078125,0.16780059039592743,20.534809112548828,20.5382080078125,20.083282470703125,20.131519317626953,0.13933907449245453,18.81191635131836,18.80120849609375,20.105697631835938,20.134763717651367,0.141283318400383,18.8432674407959,18.872528076171875,20.105697631835938,20.134763717651367,0.141283318400383,18.836862564086914,18.858718872070312,20.105697631835938,20.134763717651367,0.141283318400383,18.82059097290039,18.823318481445312,20.490631103515625,20.589994430541992,0.23877015709877014,19.19147491455078,19.16619873046875,20.490493774414062,20.594106674194336,0.24282589554786682,19.216064453125,19.209091186523438,20.490493774414062,20.594106674194336,0.24282589554786682,19.21125602722168,19.200897216796875,20.490493774414062,20.594106674194336,0.24282589554786682,19.1981258392334,19.179656982421875,1.0,1.0,0.0,1.0,1.4800000190734863,0.4995998442173004,2.0,2.0,0.0,20.1177978515625,20.1154727935791,0.03820451349020004,,,,20.1075439453125,20.11637306213379,0.02847594954073429,20.1177978515625,20.1154727935791,0.03820451349020004,18.487548828125,18.481246948242188,0.03330238163471222,,,,18.487518310546875,18.48675537109375,0.014856225810945034,18.487548828125,18.481246948242188,0.03330238163471222,18.9461669921875,18.933815002441406,0.0653432309627533,,,,18.941574096679688,18.92828941345215,0.05403270944952965,18.9461669921875,18.933815002441406,0.0653432309627533
LC08_L1TP_195028_20210729_20210804_02_T1,LANDSAT_8,20210729,geneva,195028,3.0,2.8399999141693115,0.3666060268878937,2.995208740234375,3.0,3.0,2.9200000762939453,0.27129319310188293,2.997323513031006,3.0,3.0,2.9200000762939453,0.27129319310188293,2.9973361492156982,3.0,22.951324462890625,22.940658569335938,0.030005328357219696,22.733654022216797,22.657379150390625,22.951324462890625,22.940658569335938,0.030005328357219696,22.732074737548828,22.657379150390625,22.951324462890625,22.940658569335938,0.030005328357219696,22.732009887695312,22.657379150390625,22.951324462890625,22.940658569335938,0.030005328357219696,22.731977462768555,22.657379150390625,22.87646484375,22.866239547729492,0.03794018179178238,23.085018157958984,23.012359619140625,22.87646484375,22.866239547729492,0.03794018179178238,23.083690643310547,23.012054443359375,22.87646484375,22.866239547729492,0.03794018179178238,23.083646774291992,23.012054443359375,22.87646484375,22.866239547729492,0.03794018179178238,23.08360481262207,23.012054443359375,25.479888916015625,25.482826232910156,0.03211688995361328,25.436779022216797,25.386810302734375,25.479888916015625,25.482826232910156,0.03211688995361328,25.43520164489746,25.38641357421875,25.479888916015625,25.482826232910156,0.03211688995361328,25.435148239135742,25.38641357421875,25.479888916015625,25.482826232910156,0.03211688995361328,25.435104370117188,25.38641357421875,3.0,3.0,0.0,3.0,3.0,0.0,3.0,3.0,0.0,22.650543212890625,22.642202377319336,0.046715814620256424,22.650543212890625,22.642202377319336,0.046715814620256424,22.650543212890625,22.642202377319336,0.046715814620256424,22.650543212890625,22.642202377319336,0.046715814620256424,23.0048828125,22.994558334350586,0.05567556619644165,23.0048828125,22.994558334350586,0.05567556619644165,23.0048828125,22.994558334350586,0.05567556619644165,23.0048828125,22.994558334350586,0.05567556619644165,25.565155029296875,25.567678451538086,0.043908219784498215,25.565155029296875,25.567678451538086,0.043908219784498215,25.565155029296875,25.567678451538086,0.043908219784498215,25.565155029296875,25.567678451538086,0.043908219784498215
LC08_L1TP_195028_20210814_20210819_02_T1,LANDSAT_8,20210814,geneva,195028,2.0,1.9199999570846558,0.27129319310188293,2.003932237625122,2.0,2.0,1.9199999570846558,0.27129319310188293,2.480933904647827,2.0,2.0,1.9199999570846558,0.27129319310188293,2.3802900314331055,2.0,25.477264404296875,25.472753524780273,0.04614860191941261,25.0595645904541,25.091033935546875,25.463592529296875,25.468050003051758,0.044921718537807465,25.052244186401367,25.087615966796875,25.463592529296875,25.468050003051758,0.044921718537807465,25.055484771728516,25.087615966796875,25.463592529296875,25.468050003051758,0.044921718537807465,25.055070877075195,25.087615966796875,23.960601806640625,23.959550857543945,0.05016719549894333,24.180604934692383,24.25628662109375,23.956298828125,23.95497703552246,0.04967391863465309,24.175870895385742,24.253997802734375,23.956298828125,23.95497703552246,0.04967391863465309,24.177942276000977,24.255035400390625,23.956298828125,23.95497703552246,0.04967391863465309,24.177663803100586,24.255126953125,26.935882568359375,26.958961486816406,0.07521700859069824,26.84459114074707,26.942657470703125,26.935882568359375,26.952665328979492,0.07476229220628738,26.839481353759766,26.940261840820312,26.935882568359375,26.952665328979492,0.07476229220628738,26.841686248779297,26.941314697265625,26.935882568359375,26.952665328979492,0.07476229220628738,26.841205596923828,26.94140625,2.0,2.0,0.0,2.0,2.0,0.0,2.0,2.0,0.0,24.85858154296875,24.875261306762695,0.06343308091163635,24.85858154296875,24.875261306762695,0.06343308091163635,24.85858154296875,24.875261306762695,0.06343308091163635,24.85858154296875,24.875261306762695,0.06343308091163635,23.861114501953125,23.897016525268555,0.07752211391925812,23.861114501953125,23.897016525268555,0.07752211391925812,23.861114501953125,23.897016525268555,0.07752211391925812,23.861114501953125,23.897016525268555,0.07752211391925812,26.5234375,26.5355281829834,0.06066744402050972,26.5234375,26.5355281829834,0.06066744402050972,26.5234375,26.5355281829834,0.06066744402050972,26.5234375,26.5355281829834,0.06066744402050972
LC08_L1TP_196028_20210821_20210827_02_T1,LANDSAT_8,20210821,geneva,196028,3.0,2.9200000762939453,0.27129319310188293,2.9935383796691895,3.0,3.0,2.9600000381469727,0.1959591656923294,2.9975035190582275,3.0,3.0,2.9200000762939453,0.27129319310188293,2.997495174407959,3.0,22.701812744140625,22.675424575805664,0.0515696182847023,22.738548278808594,22.742828369140625,22.701812744140625,22.675424575805664,0.0515696182847023,22.737464904785156,22.742828369140625,22.701812744140625,22.675424575805664,0.0515696182847023,22.737459182739258,22.742828369140625,22.701812744140625,22.675424575805664,0.0515696182847023,22.737545013427734,22.742828369140625,21.115875244140625,21.099037170410156,0.05705512315034866,21.553117752075195,21.5546875,21.115875244140625,21.099037170410156,0.05705512315034866,21.55220603942871,21.554290771484375,21.115875244140625,21.099037170410156,0.05705512315034866,21.552213668823242,21.554290771484375,21.115875244140625,21.099037170410156,0.05705512315034866,21.552282333374023,21.5543212890625,21.50372314453125,21.486642837524414,0.061987489461898804,22.12028694152832,22.0689697265625,21.50372314453125,21.486642837524414,0.061987489461898804,22.119251251220703,22.068252563476562,21.50372314453125,21.486642837524414,0.061987489461898804,22.1192569732666,22.068267822265625,21.50372314453125,21.486642837524414,0.061987489461898804,22.119352340698242,22.068328857421875,3.0,3.0,0.0,3.0,3.0,0.0,3.0,3.0,0.0,23.057281494140625,23.062475204467773,0.04024643450975418,23.057281494140625,23.062475204467773,0.04024643450975418,23.057281494140625,23.062475204467773,0.04024643450975418,23.057281494140625,23.062475204467773,0.04024643450975418,22.16595458984375,22.156200408935547,0.039980169385671616,22.16595458984375,22.156200408935547,0.039980169385671616,22.16595458984375,22.156200408935547,0.039980169385671616,22.16595458984375,22.156200408935547,0.039980169385671616,23.296234130859375,23.303770065307617,0.04238772392272949,23.296234130859375,23.303770065307617,0.04238772392272949,23.296234130859375,23.303770065307617,0.04238772392272949,23.296234130859375,23.303770065307617,0.04238772392272949
LC08_L1TP_195028_20210830_20210909_02_T1,LANDSAT_8,20210830,geneva,195028,3.0,2.880000114440918,0.430813193321228,2.836613416671753,3.0,3.0,2.9200000762939453,0.3919183313846588,2.8556439876556396,3.0,3.0,2.880000114440918,0.430813193321228,2.859971046447754,3.0,19.676849365234375,19.691204071044922,0.03906664997339249,19.921743392944336,19.919525146484375,19.673431396484375,19.690521240234375,0.03972546383738518,19.97026252746582,19.9434814453125,19.673431396484375,19.690521240234375,0.03972546383738518,19.969486236572266,19.9434814453125,19.673431396484375,19.690521240234375,0.03972546383738518,19.970998764038086,19.9434814453125,19.143463134765625,19.15475845336914,0.033381085842847824,19.748191833496094,19.7911376953125,19.146728515625,19.155546188354492,0.03384127467870712,19.800451278686523,19.81634521484375,19.146728515625,19.155546188354492,0.03384127467870712,19.799402236938477,19.816192626953125,19.146728515625,19.155546188354492,0.03384127467870712,19.800962448120117,19.817047119140625,21.217742919921875,21.256532669067383,0.10227051377296448,21.548137664794922,21.62322998046875,21.233932495117188,21.258150100708008,0.10406608879566193,21.632423400878906,21.648529052734375,21.233932495117188,21.258150100708008,0.10406608879566193,21.630887985229492,21.648284912109375,21.233932495117188,21.258150100708008,0.10406608879566193,21.633277893066406,21.649139404296875,3.0,3.0,0.0,3.0,3.0,0.0,3.0,3.0,0.0,20.4937744140625,20.5029354095459,0.037587959319353104,20.4937744140625,20.5029354095459,0.037587959319353104,20.4937744140625,20.5029354095459,0.037587959319353104,20.4937744140625,20.5029354095459,0.037587959319353104,20.277923583984375,20.288619995117188,0.028647420927882195,20.277923583984375,20.288619995117188,0.028647420927882195,20.277923583984375,20.288619995117188,0.028647420927882195,20.277923583984375,20.288619995117188,0.028647420927882195,22.230194091796875,22.242708206176758,0.06746803969144821,22.230194091796875,22.242708206176758,0.06746803969144821,22.230194091796875,22.242708206176758,0.06746803969144821,22.230194091796875,22.242708206176758,0.06746803969144821
LC08_L1TP_196028_20210906_20210915_02_T1,LANDSAT_8,20210906,geneva,196028,3.0,2.880000114440918,0.430813193321228,2.9970922470092773,3.0,3.0,2.880000114440918,0.430813193321228,2.997622489929199,3.0,3.0,2.880000114440918,0.430813193321228,2.9975695610046387,3.0,22.339508056640625,22.3483943939209,0.04124286025762558,21.76119041442871,21.768707275390625,22.341217041015625,22.348764419555664,0.042052581906318665,21.759410858154297,21.765289306640625,22.341217041015625,22.348764419555664,0.042052581906318665,21.75940704345703,21.765289306640625,22.341217041015625,22.348764419555664,0.042052581906318665,21.759464263916016,21.765289306640625,20.5899658203125,20.588823318481445,0.042400360107421875,20.086986541748047,20.115447998046875,20.583526611328125,20.587766647338867,0.042951393872499466,20.085412979125977,20.114654541015625,20.583526611328125,20.587766647338867,0.042951393872499466,20.08541488647461,20.11468505859375,20.583526611328125,20.587766647338867,0.042951393872499466,20.08547019958496,20.11468505859375,21.141448974609375,21.139097213745117,0.036810606718063354,20.843542098999023,20.872848510742188,21.141464233398438,21.140214920043945,0.03715268522500992,20.841880798339844,20.872100830078125,21.141464233398438,21.140214920043945,0.03715268522500992,20.841882705688477,20.87213134765625,21.141464233398438,21.140214920043945,0.03715268522500992,20.841943740844727,20.8721923828125,3.0,3.0,0.0,3.0,3.0,0.0,3.0,3.0,0.0,21.631988525390625,21.634584426879883,0.04513044282793999,21.631988525390625,21.634584426879883,0.04513044282793999,21.631988525390625,21.634584426879883,0.04513044282793999,21.631988525390625,21.634584426879883,0.04513044282793999,20.111846923828125,20.095439910888672,0.0446942113339901,20.111846923828125,20.095439910888672,0.0446942113339901,20.111846923828125,20.095439910888672,0.0446942113339901,20.111846923828125,20.095439910888672,0.0446942113339901,21.30242919921875,21.293624877929688,0.02975986897945404,21.30242919921875,21.293624877929688,0.02975986897945404,21.30242919921875,21.293624877929688,0.02975986897945404,21.30242919921875,21.293624877929688,0.02975986897945404
LC08_L1TP_195028_20211017_20211026_02_T1,LANDSAT_8,20211017,geneva,195028,3.0,2.880000114440918,0.430813193321228,2.9969029426574707,3.0,3.0,2.9200000762939453,0.3919183313846588,2.997762441635132,3.0,3.0,2.880000114440918,0.430813193321228,2.997694969177246,3.0,14.782257080078125,14.768448829650879,0.0451945960521698,14.549057006835938,14.566925048828125,14.783966064453125,14.77086353302002,0.044517502188682556,14.548318862915039,14.566925048828125,14.783966064453125,14.77086353302002,0.044517502188682556,14.54835033416748,14.566925048828125,14.783966064453125,14.77086353302002,0.044517502188682556,14.548357963562012,14.566925048828125,14.629913330078125,14.618295669555664,0.045432232320308685,14.477503776550293,14.498931884765625,14.631454467773438,14.6206693649292,0.04482516646385193,14.476899147033691,14.49884033203125,14.631454467773438,14.6206693649292,0.04482516646385193,14.476927757263184,14.49884033203125,14.631454467773438,14.6206693649292,0.04482516646385193,14.47693157196045,14.49884033203125,15.866790771484375,15.848749160766602,0.054385267198085785,15.543686866760254,15.556610107421875,15.858688354492188,15.84765338897705,0.05523601546883583,15.54287052154541,15.556488037109375,15.858688354492188,15.84765338897705,0.05523601546883583,15.5429105758667,15.556488037109375,15.858688354492188,15.84765338897705,0.05523601546883583,15.542915344238281,15.556488037109375,3.0,3.0,0.0,3.0,3.0,0.0,3.0,3.0,0.0,14.525909423828125,14.526729583740234,0.03455064445734024,14.525909423828125,14.526729583740234,0.03455064445734024,14.525909423828125,14.526729583740234,0.03455064445734024,14.525909423828125,14.526729583740234,0.03455064445734024,14.44061279296875,14.449851989746094,0.039683256298303604,14.44061279296875,14.449851989746094,0.039683256298303604,14.44061279296875,14.449851989746094,0.039683256298303604,14.44061279296875,14.449851989746094,0.039683256298303604,15.482330322265625,15.508820533752441,0.07108443975448608,15.482330322265625,15.508820533752441,0.07108443975448608,15.482330322265625,15.508820533752441,0.07108443975448608,15.482330322265625,15.508820533752441,0.07108443975448608
LC08_L1TP_196028_20211024_20211103_02_T1,LANDSAT_8,20211024,geneva,196028,3.0,2.880000114440918,0.430813193321228,2.997251510620117,3.0,3.0,2.8399999141693115,0.4630334675312042,2.9978060722351074,3.0,3.0,2.9200000762939453,0.27129319310188293,2.9978060722351074,3.0,13.343292236328125,13.348897933959961,0.033931050449609756,13.27956485748291,13.295440673828125,13.341583251953125,13.34913158416748,0.03461103513836861,13.279244422912598,13.295440673828125,13.341583251953125,13.34913158416748,0.03461103513836861,13.27926254272461,13.295440673828125,13.343292236328125,13.348897933959961,0.033931050449609756,13.279281616210938,13.295440673828125,12.917022705078125,12.928001403808594,0.030279137194156647,12.850014686584473,12.873260498046875,12.916717529296875,12.927472114562988,0.030789999291300774,12.849771499633789,12.87310791015625,12.916717529296875,12.927472114562988,0.030789999291300774,12.849791526794434,12.87310791015625,12.917022705078125,12.928001403808594,0.030279137194156647,12.849812507629395,12.873138427734375,13.314788818359375,13.311964988708496,0.027939243242144585,13.403770446777344,13.389129638671875,13.31793212890625,13.313301086425781,0.027722200378775597,13.40338134765625,13.388885498046875,13.31793212890625,13.313301086425781,0.027722200378775597,13.403403282165527,13.388916015625,13.314788818359375,13.311964988708496,0.027939243242144585,13.403430938720703,13.388916015625,3.0,3.0,0.0,3.0,3.0,0.0,3.0,3.0,0.0,13.459503173828125,13.460460662841797,0.032274313271045685,13.459503173828125,13.460460662841797,0.032274313271045685,13.459503173828125,13.460460662841797,0.032274313271045685,13.459503173828125,13.460460662841797,0.032274313271045685,13.0736083984375,13.066783905029297,0.030805202201008797,13.0736083984375,13.066783905029297,0.030805202201008797,13.0736083984375,13.066783905029297,0.030805202201008797,13.0736083984375,13.066783905029297,0.030805202201008797,14.07171630859375,14.072265625,0.05516469106078148,14.07171630859375,14.072265625,0.05516469106078148,14.07171630859375,14.072265625,0.05516469106078148,14.07171630859375,14.072265625,0.05516469106078148
LC08_L1TP_195028_20211220_20211229_02_T1,LANDSAT_8,20211220,geneva,195028,3.0,3.0,0.0,2.2016971111297607,2.0,3.0,2.9600000381469727,0.1959591656923294,2.2720582485198975,2.0,3.0,2.9600000381469727,0.1959591656923294,2.2527596950531006,2.0,6.787506103515625,6.790240287780762,0.0292590893805027,6.1352434158325195,6.743072509765625,6.787506103515625,6.790240287780762,0.0292590893805027,6.721343517303467,6.869537353515625,6.787506103515625,6.790240287780762,0.0292590893805027,6.5850911140441895,6.828521728515625,6.787506103515625,6.790240287780762,0.0292590893805027,6.615074157714844,6.835357666015625,6.397613525390625,6.401771068572998,0.03464716672897339,5.740602970123291,6.370086669921875,6.397613525390625,6.401771068572998,0.03464716672897339,6.360597133636475,6.50823974609375,6.397613525390625,6.401771068572998,0.03464716672897339,6.219527244567871,6.4624481201171875,6.397613525390625,6.401771068572998,0.03464716672897339,6.250545024871826,6.470947265625,6.745147705078125,6.758305549621582,0.04447333142161369,5.819327354431152,6.679931640625,6.745147705078125,6.758305549621582,0.04447333142161369,6.639096736907959,6.8265380859375,6.745147705078125,6.758305549621582,0.04447333142161369,6.4364800453186035,6.778778076171875,6.745147705078125,6.758305549621582,0.04447333142161369,6.479640483856201,6.786651611328125,,,,,,,,,,,,,,,,,,,,,,,,,,,,,,,,,,,,,,,,,,,,,
LC08_L1TP_195028_20220121_20220128_02_T1,LANDSAT_8,20220121,geneva,195028,3.0,2.880000114440918,0.32496151328086853,2.959829330444336,3.0,3.0,2.759999990463257,0.42708316445350647,2.7297096252441406,3.0,3.0,2.799999952316284,0.4000000059604645,2.832767963409424,3.0,6.948150634765625,6.940630912780762,0.021681886166334152,6.94808292388916,6.982330322265625,6.948150634765625,6.940630912780762,0.021681886166334152,6.950957775115967,6.982330322265625,6.948150634765625,6.940630912780762,0.021681886166334152,6.950475692749023,6.982330322265625,6.948150634765625,6.940630912780762,0.021681886166334152,6.950333595275879,6.982330322265625,6.410125732421875,6.406374454498291,0.01046203076839447,6.4417033195495605,6.473663330078125,6.410125732421875,6.406374454498291,0.01046203076839447,6.444797515869141,6.4739990234375,6.410125732421875,6.406374454498291,0.01046203076839447,6.444300651550293,6.473907470703125,6.410125732421875,6.406374454498291,0.01046203076839447,6.444149017333984,6.473876953125,7.10064697265625,7.079997539520264,0.05282139778137207,7.177831172943115,7.209716796875,7.10064697265625,7.079997539520264,0.05282139778137207,7.1818437576293945,7.210113525390625,7.10064697265625,7.079997539520264,0.05282139778137207,7.181151390075684,7.209991455078125,7.10064697265625,7.079997539520264,0.05282139778137207,7.180949687957764,7.209991455078125,3.0,3.0,0.0,3.0,2.640000104904175,0.48000001907348633,3.0,2.759999990463257,0.42708316445350647,6.924224853515625,6.919166088104248,0.041672538965940475,6.924224853515625,6.919166088104248,0.041672538965940475,6.924224853515625,6.919166088104248,0.041672538965940475,6.924224853515625,6.919166088104248,0.041672538965940475,6.430145263671875,6.414363861083984,0.05037498474121094,6.430145263671875,6.414363861083984,0.05037498474121094,6.430145263671875,6.414363861083984,0.05037498474121094,6.430145263671875,6.414363861083984,0.05037498474121094,7.0953369140625,7.108891487121582,0.043260227888822556,7.0953369140625,7.108891487121582,0.043260227888822556,7.0953369140625,7.108891487121582,0.043260227888822556,7.0953369140625,7.108891487121582,0.043260227888822556
LC08_L1TP_196028_20220213_20220222_02_T1,LANDSAT_8,20220213,geneva,196028,3.0,2.9200000762939453,0.27129319310188293,2.9947731494903564,3.0,3.0,2.9600000381469727,0.1959591656923294,2.9962246417999268,3.0,3.0,2.9600000381469727,0.1959591656923294,2.996110439300537,3.0,6.076568603515625,6.083404541015625,0.027446096763014793,6.058045864105225,6.049224853515625,6.076568603515625,6.083404541015625,0.027446096763014793,6.057506561279297,6.049224853515625,6.076568603515625,6.083404541015625,0.027446096763014793,6.057534217834473,6.049224853515625,6.076568603515625,6.083404541015625,0.027446096763014793,6.057559967041016,6.049224853515625,5.51824951171875,5.526232719421387,0.032582297921180725,5.454530239105225,5.448944091796875,5.51824951171875,5.526232719421387,0.032582297921180725,5.454169273376465,5.4488525390625,5.51824951171875,5.526232719421387,0.032582297921180725,5.454196453094482,5.4488525390625,5.51824951171875,5.526232719421387,0.032582297921180725,5.454222679138184,5.4488525390625,5.687042236328125,5.668198108673096,0.03962097316980362,5.73322868347168,5.70062255859375,5.687042236328125,5.668198108673096,0.03962097316980362,5.732708930969238,5.700439453125,5.687042236328125,5.668198108673096,0.03962097316980362,5.732742786407471,5.700469970703125,5.687042236328125,5.668198108673096,0.03962097316980362,5.732785224914551,5.700469970703125,3.0,3.0,0.0,3.0,3.0,0.0,3.0,3.0,0.0,6.411529541015625,6.400455474853516,0.06562699377536774,6.411529541015625,6.400455474853516,0.06562699377536774,6.411529541015625,6.400455474853516,0.06562699377536774,6.411529541015625,6.400455474853516,0.06562699377536774,5.77069091796875,5.758941650390625,0.07098690420389175,5.77069091796875,5.758941650390625,0.07098690420389175,5.77069091796875,5.758941650390625,0.07098690420389175,5.77069091796875,5.758941650390625,0.07098690420389175,6.19659423828125,6.196820259094238,0.013740924187004566,6.19659423828125,6.196820259094238,0.013740924187004566,6.19659423828125,6.196820259094238,0.013740924187004566,6.19659423828125,6.196820259094238,0.013740924187004566
LC08_L1TP_195028_20220222_20220301_02_T1,LANDSAT_8,20220222,geneva,195028,2.0,1.9600000381469727,0.1959591656923294,2.2699103355407715,2.0,2.0,1.9600000381469727,0.1959591656923294,2.3826894760131836,2.0,2.0,1.9600000381469727,0.1959591656923294,2.3739120960235596,2.0,4.5042724609375,4.493198394775391,0.044985245913267136,5.478815078735352,5.710845947265625,4.5025634765625,4.4923095703125,0.04569736123085022,5.555703639984131,5.734771728515625,4.5025634765625,4.4923095703125,0.04569736123085022,5.601457118988037,5.745025634765625,4.5025634765625,4.4923095703125,0.04569736123085022,5.593150615692139,5.741607666015625,3.872161865234375,3.860816717147827,0.04843124747276306,4.869918346405029,5.1040802001953125,3.8671417236328125,3.8593711853027344,0.04889871925115585,4.947865009307861,5.12890625,3.8671417236328125,3.8593711853027344,0.04889871925115585,4.993771553039551,5.139617919921875,3.8671417236328125,3.8593711853027344,0.04889871925115585,4.985387325286865,5.13623046875,4.082122802734375,4.07443380355835,0.10924434661865234,5.120946407318115,5.3797454833984375,4.0800323486328125,4.071813106536865,0.11072441935539246,5.225767612457275,5.410858154296875,4.0800323486328125,4.071813106536865,0.11072441935539246,5.275745868682861,5.421966552734375,4.0800323486328125,4.071813106536865,0.11072441935539246,5.2632551193237305,5.4191436767578125,2.0,2.0799999237060547,0.27129319310188293,3.0,2.8399999141693115,0.36660605669021606,3.0,2.799999952316284,0.4000000059604645,6.288482666015625,6.313502311706543,0.071045882999897,6.288482666015625,6.313502311706543,0.071045882999897,6.288482666015625,6.313502311706543,0.071045882999897,6.288482666015625,6.313502311706543,0.071045882999897,5.694671630859375,5.706313610076904,0.06907554715871811,5.694671630859375,5.706313610076904,0.06907554715871811,5.694671630859375,5.706313610076904,0.06907554715871811,5.694671630859375,5.706313610076904,0.06907554715871811,6.05853271484375,6.053851127624512,0.05956338718533516,6.05853271484375,6.053851127624512,0.05956338718533516,6.05853271484375,6.053851127624512,0.05956338718533516,6.05853271484375,6.053851127624512,0.05956338718533516
LC08_L1TP_196028_20220301_20220309_02_T1,LANDSAT_8,20220301,geneva,196028,1.0,1.0,0.0,2.1970455646514893,2.0,1.0,1.0,0.0,2.1903419494628906,2.0,1.0,1.0,0.0,2.2164571285247803,2.0,0.71026611328125,0.6549011468887329,0.2635710835456848,4.130662441253662,4.699127197265625,,,,4.542192459106445,5.372467041015625,,,,4.908326148986816,5.587799072265625,,,,4.84186315536499,5.543365478515625,0.169769287109375,0.14539794623851776,0.25902390480041504,3.662874221801758,4.220855712890625,,,,4.061764240264893,4.8791961669921875,,,,4.416944980621338,5.082061767578125,,,,4.352747440338135,5.038360595703125,0.527862548828125,0.48515015840530396,0.08967475593090057,3.8160390853881836,4.332550048828125,,,,4.270446300506592,5.0830078125,,,,4.622193336486816,5.300506591796875,,,,4.541659832000732,5.25762939453125,3.0,3.0,0.0,3.0,3.0,0.0,3.0,3.0,0.0,6.213287353515625,6.19660758972168,0.05132255330681801,6.213287353515625,6.19660758972168,0.05132255330681801,6.213287353515625,6.19660758972168,0.05132255330681801,6.213287353515625,6.19660758972168,0.05132255330681801,5.669708251953125,5.652116775512695,0.05635039880871773,5.669708251953125,5.652116775512695,0.05635039880871773,5.669708251953125,5.652116775512695,0.05635039880871773,5.669708251953125,5.652116775512695,0.05635039880871773,5.861663818359375,5.859055042266846,0.05769862234592438,5.861663818359375,5.859055042266846,0.05769862234592438,5.861663818359375,5.859055042266846,0.05769862234592438,5.861663818359375,5.859055042266846,0.05769862234592438
LC08_L1TP_195028_20220310_20220315_02_T1,LANDSAT_8,20220310,geneva,195028,3.0,2.9600000381469727,0.1959591656923294,2.9942195415496826,3.0,3.0,2.9600000381469727,0.1959591656923294,2.9966139793395996,3.0,3.0,2.9600000381469727,0.1959591656923294,2.996429204940796,3.0,7.358306884765625,7.358990669250488,0.02800232172012329,7.155060291290283,7.112213134765625,7.358306884765625,7.358990669250488,0.02800232172012329,7.153354167938232,7.112213134765625,7.358306884765625,7.358990669250488,0.02800232172012329,7.1534271240234375,7.112213134765625,7.358306884765625,7.358990669250488,0.02800232172012329,7.153528690338135,7.112213134765625,7.03717041015625,7.036330699920654,0.029331278055906296,6.798306941986084,6.757293701171875,7.03717041015625,7.036330699920654,0.029331278055906296,6.79673433303833,6.75714111328125,7.03717041015625,7.036330699920654,0.029331278055906296,6.796811580657959,6.75714111328125,7.03717041015625,7.036330699920654,0.029331278055906296,6.796915054321289,6.75714111328125,8.0963134765625,8.086334228515625,0.03571000695228577,7.659256935119629,7.625732421875,8.0963134765625,8.086334228515625,0.03571000695228577,7.657429218292236,7.625579833984375,8.0963134765625,8.086334228515625,0.03571000695228577,7.657523155212402,7.625579833984375,8.0963134765625,8.086334228515625,0.03571000695228577,7.6576385498046875,7.6256103515625,3.0,3.0,0.0,3.0,3.0,0.0,3.0,3.0,0.0,7.173736572265625,7.183443546295166,0.036310091614723206,7.173736572265625,7.183443546295166,0.036310091614723206,7.173736572265625,7.183443546295166,0.036310091614723206,7.173736572265625,7.183443546295166,0.036310091614723206,6.82415771484375,6.83631706237793,0.04105495288968086,6.82415771484375,6.83631706237793,0.04105495288968086,6.82415771484375,6.83631706237793,0.04105495288968086,6.82415771484375,6.83631706237793,0.04105495288968086,7.71954345703125,7.723371505737305,0.03384704887866974,7.71954345703125,7.723371505737305,0.03384704887866974,7.71954345703125,7.723371505737305,0.03384704887866974,7.71954345703125,7.723371505737305,0.03384704887866974
LC08_L1TP_195028_20220326_20220330_02_T1,LANDSAT_8,20220326,geneva,195028,3.0,2.759999990463257,0.5122499465942383,2.9612412452697754,3.0,3.0,2.880000114440918,0.430813193321228,2.985183000564575,3.0,3.0,2.8399999141693115,0.4630334675312042,2.9879136085510254,3.0,10.229461669921875,10.204578399658203,0.057254962623119354,9.752657890319824,9.764617919921875,10.229461669921875,10.207244873046875,0.05689489468932152,9.749271392822266,9.764617919921875,10.229461669921875,10.207244873046875,0.05689489468932152,9.749420166015625,9.764617919921875,10.229461669921875,10.207244873046875,0.05689489468932152,9.749430656433105,9.764617919921875,9.758453369140625,9.743307113647461,0.04852405562996864,9.220349311828613,9.236846923828125,9.759963989257812,9.743685722351074,0.049488481134176254,9.217171669006348,9.235748291015625,9.759963989257812,9.743685722351074,0.049488481134176254,9.217304229736328,9.23577880859375,9.759963989257812,9.743685722351074,0.049488481134176254,9.217293739318848,9.23577880859375,10.98876953125,10.997208595275879,0.06020044535398483,10.26319694519043,10.296112060546875,10.98876953125,10.998028755187988,0.06130459904670715,10.259689331054688,10.29547119140625,10.98876953125,10.998028755187988,0.06130459904670715,10.259832382202148,10.295501708984375,10.98876953125,10.998028755187988,0.06130459904670715,10.259822845458984,10.295501708984375,3.0,3.0,0.0,3.0,3.0,0.0,3.0,3.0,0.0,9.337371826171875,9.340516090393066,0.0311154592782259,9.337371826171875,9.340516090393066,0.0311154592782259,9.337371826171875,9.340516090393066,0.0311154592782259,9.337371826171875,9.340516090393066,0.0311154592782259,8.811737060546875,8.813193321228027,0.02342422679066658,8.811737060546875,8.813193321228027,0.02342422679066658,8.811737060546875,8.813193321228027,0.02342422679066658,8.811737060546875,8.813193321228027,0.02342422679066658,9.85601806640625,9.841567039489746,0.05316317453980446,9.85601806640625,9.841567039489746,0.05316317453980446,9.85601806640625,9.841567039489746,0.05316317453980446,9.85601806640625,9.841567039489746,0.05316317453980446
LC08_L1TP_196028_20220418_20220427_02_T1,LANDSAT_8,20220418,geneva,196028,3.0,2.9200000762939453,0.27129319310188293,2.8694493770599365,3.0,3.0,2.8399999141693115,0.4630334675312042,2.849529504776001,3.0,3.0,2.8399999141693115,0.4630334675312042,2.855445146560669,3.0,10.458465576171875,10.466805458068848,0.09997814893722534,9.803140640258789,9.638153076171875,10.458465576171875,10.466805458068848,0.09997814893722534,9.799921035766602,9.638153076171875,10.461883544921875,10.46715259552002,0.10202497243881226,9.800188064575195,9.638153076171875,10.461883544921875,10.46715259552002,0.10202497243881226,9.808998107910156,9.648406982421875,9.87030029296875,9.875308990478516,0.10484377294778824,9.06355094909668,8.906723022460938,9.87030029296875,9.875308990478516,0.10484377294778824,9.060578346252441,8.905914306640625,9.861328125,9.873390197753906,0.10657484084367752,9.060864448547363,8.906158447265625,9.861328125,9.873390197753906,0.10657484084367752,9.069472312927246,8.915313720703125,10.271148681640625,10.273050308227539,0.09726101160049438,9.522892951965332,9.376861572265625,10.271148681640625,10.273050308227539,0.09726101160049438,9.519753456115723,9.37591552734375,10.269287109375,10.269845008850098,0.09796439856290817,9.52031421661377,9.376312255859375,10.269287109375,10.269845008850098,0.09796439856290817,9.52929401397705,9.3848876953125,3.0,3.0,0.0,3.0,3.0,0.0,3.0,3.0,0.0,9.463836669921875,9.505946159362793,0.07748299092054367,9.463836669921875,9.505946159362793,0.07748299092054367,9.463836669921875,9.505946159362793,0.07748299092054367,9.463836669921875,9.505946159362793,0.07748299092054367,8.740386962890625,8.766510963439941,0.05492245778441429,8.740386962890625,8.766510963439941,0.05492245778441429,8.740386962890625,8.766510963439941,0.05492245778441429,8.740386962890625,8.766510963439941,0.05492245778441429,9.362274169921875,9.375296592712402,0.0658310204744339,9.362274169921875,9.375296592712402,0.0658310204744339,9.362274169921875,9.375296592712402,0.0658310204744339,9.362274169921875,9.375296592712402,0.0658310204744339
LC08_L1TP_195028_20220427_20220503_02_T1,LANDSAT_8,20220427,geneva,195028,3.0,2.759999990463257,0.5851495862007141,2.924996852874756,3.0,3.0,2.759999990463257,0.5851495862007141,2.9794445037841797,3.0,3.0,2.8399999141693115,0.5425863862037659,2.983822822570801,3.0,12.33154296875,12.332636833190918,0.057533424347639084,11.13112735748291,10.967742919921875,12.341796875,12.336150169372559,0.058680519461631775,11.128398895263672,10.967742919921875,12.341796875,12.336150169372559,0.058680519461631775,11.128387451171875,10.967742919921875,12.341796875,12.336150169372559,0.058680519461631775,11.128273963928223,10.967742919921875,12.3740234375,12.392980575561523,0.06293115019798279,11.167535781860352,11.00341796875,12.36431884765625,12.39238452911377,0.06551387906074524,11.164819717407227,11.00286865234375,12.36431884765625,12.39238452911377,0.06551387906074524,11.164790153503418,11.00286865234375,12.36431884765625,12.39238452911377,0.06551387906074524,11.164702415466309,11.002822875976562,14.44769287109375,14.424792289733887,0.10482321679592133,12.788371086120605,12.633697509765625,14.44769287109375,14.420965194702148,0.1077238991856575,12.785295486450195,12.63323974609375,14.44769287109375,14.420965194702148,0.1077238991856575,12.785270690917969,12.63323974609375,14.44769287109375,14.420965194702148,0.1077238991856575,12.785178184509277,12.633193969726562,3.0,2.9600000381469727,0.1959591805934906,3.0,3.0,0.0,3.0,3.0,0.0,10.584930419921875,10.593544006347656,0.07222270965576172,10.584930419921875,10.593544006347656,0.07222270965576172,10.584930419921875,10.593544006347656,0.07222270965576172,10.584930419921875,10.593544006347656,0.07222270965576172,10.5916748046875,10.595760345458984,0.053326476365327835,10.5916748046875,10.595760345458984,0.053326476365327835,10.5916748046875,10.595760345458984,0.053326476365327835,10.5916748046875,10.595760345458984,0.053326476365327835,12.163177490234375,12.188437461853027,0.1000017374753952,12.163177490234375,12.188437461853027,0.1000017374753952,12.163177490234375,12.188437461853027,0.1000017374753952,12.163177490234375,12.188437461853027,0.1000017374753952
LC08_L1TP_196028_20220520_20220525_02_T1,LANDSAT_8,20220520,geneva,196028,1.0,1.0,0.0,1.4610744714736938,1.0,2.0,1.8799999952316284,0.3249615430831909,1.8698341846466064,2.0,2.0,1.9199999570846558,0.27129319310188293,1.650951862335205,2.0,19.793060302734375,19.75505256652832,0.10784900188446045,20.101459503173828,20.0528564453125,,,,20.474868774414062,20.4869384765625,19.786224365234375,19.74427604675293,0.11054936051368713,20.41768455505371,20.3878173828125,19.786224365234375,19.749073028564453,0.11043474823236465,20.355453491210938,20.3194580078125,16.84912109375,16.78997039794922,0.11539158970117569,17.36345863342285,17.32427978515625,,,,17.751863479614258,17.765625,16.808547973632812,16.776111602783203,0.11586466431617737,17.675922393798828,17.65985107421875,16.83880615234375,16.779422760009766,0.11437709629535675,17.615129470825195,17.59326171875,16.25909423828125,16.261022567749023,0.11932935565710068,16.939800262451172,16.92022705078125,,,,17.219186782836914,17.217681884765625,16.25286865234375,16.25011444091797,0.1223687008023262,17.194608688354492,17.145477294921875,16.257659912109375,16.25584602355957,0.1226620152592659,17.14630126953125,17.106048583984375,,,,,,,,,,,,,,,,,,,,,,,,,,,,,,,,,,,,,,,,,,,,,
LC08_L1TP_196028_20220621_20220701_02_T1,LANDSAT_8,20220621,geneva,196028,,,,1.0,1.0,,,,2.0027291774749756,2.0,,,,1.7443389892578125,1.0,,,,21.5437068939209,21.618316650390625,,,,,,,,,21.42588996887207,21.409820556640625,,,,21.28679084777832,21.218414306640625,,,,18.99982452392578,19.041259765625,,,,,,,,,18.90837287902832,18.894454956054688,,,,18.79732322692871,18.74774169921875,,,,18.534690856933594,18.607635498046875,,,,,,,,,18.42766571044922,18.445846557617188,,,,18.346435546875,18.2750244140625,,,,,,,,,,,,,,,,,,,,,,,,,,,,,,,,,,,,,,,,,,,,,
LC08_L1TP_196028_20220707_20220721_02_T1,LANDSAT_8,20220707,geneva,196028,1.0,1.0,0.0,1.1303298473358154,1.0,1.0,1.0,0.0,1.1492372751235962,1.0,1.0,1.0800000429153442,0.27129319310188293,1.2192524671554565,1.0,23.853668212890625,23.845600128173828,0.04480413720011711,23.537029266357422,23.433258056640625,,,,24.14017677307129,24.21600341796875,,,,24.1253604888916,24.19891357421875,,,,23.887907028198242,23.959625244140625,21.62933349609375,21.623388290405273,0.04295353591442108,21.617502212524414,21.5562744140625,,,,22.026716232299805,22.094635009765625,,,,22.01259422302246,22.078720092773438,,,,21.82591438293457,21.88250732421875,22.174774169921875,22.174795150756836,0.0736129954457283,22.297500610351562,22.24102783203125,,,,22.753442764282227,22.84283447265625,,,,22.735109329223633,22.8148193359375,,,,22.517513275146484,22.569900512695312,1.0,1.0,0.0,1.0,1.0,0.0,1.0,1.0,0.0,23.566558837890625,23.56888198852539,0.07865618914365768,,,,,,,,,,21.807525634765625,21.799306869506836,0.07413172721862793,,,,,,,,,,22.525482177734375,22.525625228881836,0.07541028410196304,,,,,,,,,
LC08_L1TP_195028_20220716_20220726_02_T1,LANDSAT_8,20220716,geneva,195028,2.0,2.1600000858306885,0.4630334973335266,2.3283145427703857,2.0,3.0,2.5199999809265137,0.5741080045700073,2.3508694171905518,2.0,3.0,2.5199999809265137,0.5741080045700073,2.361487627029419,2.0,25.019256591796875,25.01992416381836,0.04580756276845932,23.311077117919922,23.399078369140625,25.017532348632812,25.019384384155273,0.046673599630594254,23.449462890625,23.443511962890625,25.017532348632812,25.019384384155273,0.046673599630594254,23.468950271606445,23.457183837890625,25.017532348632812,25.019384384155273,0.046673599630594254,23.487133026123047,23.464019775390625,24.807464599609375,24.795429229736328,0.048302099108695984,23.183242797851562,23.304367065429688,24.8043212890625,24.79478645324707,0.049192894250154495,23.333620071411133,23.350830078125,24.8043212890625,24.79478645324707,0.049192894250154495,23.354196548461914,23.364837646484375,24.8043212890625,24.79478645324707,0.049192894250154495,23.372602462768555,23.37127685546875,27.7713623046875,27.7806453704834,0.10499497503042221,25.58403968811035,25.6683349609375,27.7689208984375,27.779664993286133,0.10704821348190308,25.801143646240234,25.744338989257812,27.7689208984375,27.779664993286133,0.10704821348190308,25.832597732543945,25.768768310546875,27.7689208984375,27.779664993286133,0.10704821348190308,25.854005813598633,25.77630615234375,2.0,2.0,0.0,2.0,2.0,0.0,2.0,2.0,0.0,23.587066650390625,23.597455978393555,0.08469106256961823,23.587066650390625,23.597455978393555,0.08469106256961823,23.587066650390625,23.597455978393555,0.08469106256961823,23.587066650390625,23.597455978393555,0.08469106256961823,23.501983642578125,23.511075973510742,0.07801233977079391,23.501983642578125,23.511075973510742,0.07801233977079391,23.501983642578125,23.511075973510742,0.07801233977079391,23.501983642578125,23.511075973510742,0.07801233977079391,26.0372314453125,26.03885269165039,0.016014881432056427,26.0372314453125,26.03885269165039,0.016014881432056427,26.0372314453125,26.03885269165039,0.016014881432056427,26.0372314453125,26.03885269165039,0.016014881432056427
LC08_L1TP_195028_20220801_20220806_02_T1,LANDSAT_8,20220801,geneva,195028,3.0,2.9200000762939453,0.3919183313846588,2.9952690601348877,3.0,3.0,2.880000114440918,0.430813193321228,2.9959747791290283,3.0,3.0,2.9200000762939453,0.3919183313846588,2.9964284896850586,3.0,26.502655029296875,26.500879287719727,0.08344952017068863,26.289289474487305,26.287322998046875,26.504364013671875,26.503936767578125,0.08378563076257706,26.28683090209961,26.287322998046875,26.504364013671875,26.503936767578125,0.08378563076257706,26.28684425354004,26.287322998046875,26.504364013671875,26.503936767578125,0.08378563076257706,26.286977767944336,26.287322998046875,27.47076416015625,27.4824275970459,0.08426199853420258,27.45280647277832,27.473541259765625,27.469100952148438,27.482912063598633,0.08596520870923996,27.450342178344727,27.473007202148438,27.469100952148438,27.482912063598633,0.08596520870923996,27.45035743713379,27.4730224609375,27.469100952148438,27.482912063598633,0.08596520870923996,27.45048713684082,27.4730224609375,31.99786376953125,32.00263214111328,0.05429254099726677,31.215856552124023,31.443161010742188,32.00067138671875,32.00284194946289,0.05540236830711365,31.212871551513672,31.44195556640625,32.00067138671875,32.00284194946289,0.05540236830711365,31.212892532348633,31.44195556640625,32.00067138671875,32.00284194946289,0.05540236830711365,31.21303939819336,31.442047119140625,3.0,3.0,0.0,3.0,3.0,0.0,3.0,3.0,0.0,25.880584716796875,25.867734909057617,0.09491511434316635,25.880584716796875,25.867734909057617,0.09491511434316635,25.880584716796875,25.867734909057617,0.09491511434316635,25.880584716796875,25.867734909057617,0.09491511434316635,26.95184326171875,26.943819046020508,0.08822744339704514,26.95184326171875,26.943819046020508,0.08822744339704514,26.95184326171875,26.943819046020508,0.08822744339704514,26.95184326171875,26.943819046020508,0.08822744339704514,30.14154052734375,30.141298294067383,0.09079235792160034,30.14154052734375,30.141298294067383,0.09079235792160034,30.14154052734375,30.141298294067383,0.09079235792160034,30.14154052734375,30.141298294067383,0.09079235792160034
LC08_L1TP_196028_20220808_20220818_02_T1,LANDSAT_8,20220808,geneva,196028,2.0,1.9199999570846558,0.27129319310188293,2.2462069988250732,2.0,2.0,2.0,0.4898979365825653,2.3254127502441406,2.0,2.0,2.0,0.4000000059604645,2.2155325412750244,2.0,23.279449462890625,23.262632369995117,0.09937261790037155,23.84996795654297,23.963043212890625,23.279449462890625,23.260726928710938,0.10186748206615448,23.82866096496582,23.949371337890625,23.279449462890625,23.25769805908203,0.10314085334539413,23.828603744506836,23.949371337890625,23.279449462890625,23.260726928710938,0.10186748206615448,23.833251953125,23.949371337890625,21.749298095703125,21.727588653564453,0.07870448380708694,22.260160446166992,22.364898681640625,21.749298095703125,21.728273391723633,0.08154299855232239,22.23975372314453,22.348876953125,21.751144409179688,21.729570388793945,0.08314327895641327,22.239622116088867,22.34930419921875,21.749298095703125,21.728273391723633,0.08154299855232239,22.24276351928711,22.348968505859375,22.761505126953125,22.759838104248047,0.059489935636520386,23.235340118408203,23.315216064453125,22.7568359375,22.75659942626953,0.06091973930597305,23.21541404724121,23.2978515625,22.749649047851562,22.755949020385742,0.06221045181155205,23.214584350585938,23.29766845703125,22.7568359375,22.75659942626953,0.06091973930597305,23.215633392333984,23.294525146484375,2.0,2.0,0.0,2.0,2.0,0.0,2.0,2.0,0.0,24.33221435546875,24.334674835205078,0.06887368857860565,24.33221435546875,24.334674835205078,0.06887368857860565,24.33221435546875,24.334674835205078,0.06887368857860565,24.33221435546875,24.334674835205078,0.06887368857860565,22.73846435546875,22.74333953857422,0.06535415351390839,22.73846435546875,22.74333953857422,0.06535415351390839,22.73846435546875,22.74333953857422,0.06535415351390839,22.73846435546875,22.74333953857422,0.06535415351390839,23.598968505859375,23.60745620727539,0.07225970923900604,23.598968505859375,23.60745620727539,0.07225970923900604,23.598968505859375,23.60745620727539,0.07225970923900604,23.598968505859375,23.60745620727539,0.07225970923900604
LC08_L1TP_196028_20220824_20220924_02_T1,LANDSAT_8,20220824,geneva,196028,,,,,,,,,,,,,,,,,,,,,,,,,,,,,,,,,,,,,,,,,,,,,,,,,,,,,,,,,,,,,,,,,,,,,,,,,,,,,,,,,,,,,,,,,,,,,,,,,,,,,,,,,,,,,,,,,,,,,,,,
LC08_L1TP_195028_20220918_20220928_02_T1,LANDSAT_8,20220918,geneva,195028,3.0,2.9200000762939453,0.3919183313846588,2.996457815170288,3.0,3.0,2.9600000381469727,0.1959591656923294,2.9974117279052734,3.0,3.0,2.9600000381469727,0.1959591656923294,2.997537851333618,3.0,20.3126220703125,20.314809799194336,0.05602866783738136,20.2358455657959,20.2032470703125,20.3126220703125,20.31219482421875,0.05566947162151337,20.235370635986328,20.1998291015625,20.3126220703125,20.314809799194336,0.05602866783738136,20.235401153564453,20.1998291015625,20.3126220703125,20.314809799194336,0.05602866783738136,20.235427856445312,20.1998291015625,19.941741943359375,19.945201873779297,0.04123708978295326,19.97091293334961,19.92547607421875,19.940231323242188,19.944358825683594,0.04187542200088501,19.970600128173828,19.92529296875,19.941741943359375,19.945201873779297,0.04123708978295326,19.970619201660156,19.925323486328125,19.941741943359375,19.945201873779297,0.04123708978295326,19.970640182495117,19.925323486328125,21.307342529296875,21.324769973754883,0.06158590316772461,21.311077117919922,21.272705078125,21.303604125976562,21.322858810424805,0.06212526559829712,21.310705184936523,21.27252197265625,21.307342529296875,21.324769973754883,0.06158590316772461,21.310728073120117,21.27252197265625,21.307342529296875,21.324769973754883,0.06158590316772461,21.310752868652344,21.272552490234375,3.0,3.0,0.0,3.0,3.0,0.0,3.0,3.0,0.0,20.1929931640625,20.215415954589844,0.06697879731655121,20.1929931640625,20.215415954589844,0.06697879731655121,20.1929931640625,20.215415954589844,0.06697879731655121,20.1929931640625,20.215415954589844,0.06697879731655121,19.893157958984375,19.905046463012695,0.053584422916173935,19.893157958984375,19.905046463012695,0.053584422916173935,19.893157958984375,19.905046463012695,0.053584422916173935,19.893157958984375,19.905046463012695,0.053584422916173935,21.35064697265625,21.339275360107422,0.055426131933927536,21.35064697265625,21.339275360107422,0.055426131933927536,21.35064697265625,21.339275360107422,0.055426131933927536,21.35064697265625,21.339275360107422,0.055426131933927536
LC08_L1TP_196028_20221027_20221107_02_T1,LANDSAT_8,20221027,geneva,196028,2.0,1.9199999570846558,0.27129319310188293,1.9897936582565308,2.0,2.0,2.0799999237060547,0.3919183611869812,2.0502076148986816,2.0,2.0,2.0,0.0,2.1003785133361816,2.0,15.284698486328125,15.290030479431152,0.0393892377614975,15.267642974853516,15.322296142578125,15.284698486328125,15.285738945007324,0.038146667182445526,15.264081954956055,15.318878173828125,15.284698486328125,15.28783130645752,0.03866885229945183,15.264623641967773,15.318878173828125,15.284698486328125,15.290030479431152,0.0393892377614975,15.264451026916504,15.318878173828125,15.09857177734375,15.101288795471191,0.031035955995321274,15.167094230651855,15.22845458984375,15.0953369140625,15.098047256469727,0.03024258092045784,15.164228439331055,15.22662353515625,15.096954345703125,15.09988021850586,0.03088274784386158,15.164653778076172,15.22705078125,15.09857177734375,15.101288795471191,0.031035955995321274,15.16448974609375,15.22705078125,15.351531982421875,15.355363845825195,0.11236365884542465,15.677760124206543,15.7896728515625,15.351531982421875,15.351441383361816,0.11522108316421509,15.671422958374023,15.783538818359375,15.360107421875,15.355742454528809,0.11466508358716965,15.6729154586792,15.7855224609375,15.351531982421875,15.355363845825195,0.11236365884542465,15.672890663146973,15.78582763671875,2.0,2.0,0.0,2.0,2.0,0.0,2.0,2.4800000190734863,0.4995998442173004,15.496612548828125,15.50303840637207,0.04722559452056885,15.496612548828125,15.50303840637207,0.04722559452056885,15.496612548828125,15.50303840637207,0.04722559452056885,15.496612548828125,15.50303840637207,0.04722559452056885,15.370025634765625,15.374419212341309,0.05432284623384476,15.370025634765625,15.374419212341309,0.05432284623384476,15.370025634765625,15.374419212341309,0.05432284623384476,15.370025634765625,15.374419212341309,0.05432284623384476,16.109710693359375,16.102027893066406,0.10335076600313187,16.109710693359375,16.102027893066406,0.10335076600313187,16.109710693359375,16.102027893066406,0.10335076600313187,16.109710693359375,16.102027893066406,0.10335076600313187
LC08_L1TP_195028_20221207_20221213_02_T1,LANDSAT_8,20221207,geneva,195028,,,,1.298392653465271,1.0,,,,1.5513203144073486,2.0,,,,1.5011481046676636,2.0,,,,6.541818141937256,6.732818603515625,,,,8.438332557678223,8.804168701171875,,,,7.779970169067383,8.08978271484375,,,,7.891066074371338,8.19915771484375,,,,5.753997802734375,5.966827392578125,,,,7.676871299743652,8.0614013671875,,,,7.029451370239258,7.348663330078125,,,,7.138489246368408,7.453704833984375,,,,5.139828681945801,5.219024658203125,,,,7.633634567260742,8.054229736328125,,,,6.743036270141602,7.0706787109375,,,,6.881249904632568,7.23419189453125,,,,,,,,,,,,,,,,,,,,,,,,,,,,,,,,,,,,,,,,,,,,,
LC08_L1TP_196028_20230131_20230208_02_T1,LANDSAT_8,20230131,geneva,196028,3.0,2.9600000381469727,0.1959591656923294,2.801912307739258,3.0,3.0,3.0,0.0,2.8141255378723145,3.0,3.0,2.9600000381469727,0.1959591656923294,2.8146650791168213,3.0,6.274810791015625,6.283970832824707,0.054083630442619324,6.343698978424072,6.432037353515625,6.274810791015625,6.283970832824707,0.054083630442619324,6.405819892883301,6.445709228515625,6.274810791015625,6.283970832824707,0.054083630442619324,6.398601055145264,6.445709228515625,6.274810791015625,6.283970832824707,0.054083630442619324,6.397085666656494,6.442291259765625,5.7264404296875,5.734838962554932,0.056320130825042725,5.813359260559082,5.90643310546875,5.7264404296875,5.734838962554932,0.056320130825042725,5.878169059753418,5.92108154296875,5.7264404296875,5.734838962554932,0.056320130825042725,5.870889186859131,5.918609619140625,5.7264404296875,5.734838962554932,0.056320130825042725,5.869358539581299,5.918121337890625,6.218536376953125,6.225069522857666,0.02668684907257557,6.160975933074951,6.2899169921875,6.218536376953125,6.225069522857666,0.02668684907257557,6.2518205642700195,6.30169677734375,6.218536376953125,6.225069522857666,0.02668684907257557,6.24150276184082,6.2996826171875,6.218536376953125,6.225069522857666,0.02668684907257557,6.239302635192871,6.299285888671875,3.0,3.0,0.0,3.0,3.0,0.0,3.0,3.0,0.0,6.531158447265625,6.523775577545166,0.03109682723879814,6.531158447265625,6.523775577545166,0.03109682723879814,6.531158447265625,6.523775577545166,0.03109682723879814,6.531158447265625,6.523775577545166,0.03109682723879814,5.966796875,5.957624435424805,0.03299298137426376,5.966796875,5.957624435424805,0.03299298137426376,5.966796875,5.957624435424805,0.03299298137426376,5.966796875,5.957624435424805,0.03299298137426376,6.44354248046875,6.456560134887695,0.04395509138703346,6.44354248046875,6.456560134887695,0.04395509138703346,6.44354248046875,6.456560134887695,0.04395509138703346,6.44354248046875,6.456560134887695,0.04395509138703346
LC08_L1TP_195028_20230209_20230217_02_T1,LANDSAT_8,20230209,geneva,195028,3.0,2.7200000286102295,0.44899889826774597,2.5260677337646484,3.0,3.0,2.9200000762939453,0.27129319310188293,2.8159377574920654,3.0,3.0,2.9200000762939453,0.27129319310188293,2.7324609756469727,3.0,6.237213134765625,6.243502140045166,0.03395582735538483,6.102187156677246,6.155181884765625,6.237213134765625,6.243502140045166,0.03395582735538483,6.1382551193237305,6.165435791015625,6.237213134765625,6.243502140045166,0.03395582735538483,6.135995864868164,6.162017822265625,6.237213134765625,6.243502140045166,0.03395582735538483,6.135866641998291,6.162017822265625,5.671234130859375,5.676775932312012,0.02637931890785694,5.529386043548584,5.5845947265625,5.671234130859375,5.676775932312012,0.02637931890785694,5.567403316497803,5.59173583984375,5.671234130859375,5.676775932312012,0.02637931890785694,5.565124034881592,5.5908203125,5.671234130859375,5.676775932312012,0.02637931890785694,5.5650248527526855,5.5908050537109375,6.305938720703125,6.295855522155762,0.03317375108599663,6.081836700439453,6.1634521484375,6.305938720703125,6.295855522155762,0.03317375108599663,6.136530876159668,6.17132568359375,6.305938720703125,6.295855522155762,0.03317375108599663,6.132996559143066,6.1702880859375,6.305938720703125,6.295855522155762,0.03317375108599663,6.132896423339844,6.1702880859375,2.0,1.9199999570846558,0.27129319310188293,3.0,2.4800000190734863,0.5741080045700073,2.0,2.0399999618530273,0.3440930247306824,6.151763916015625,6.149849891662598,0.04762720689177513,6.151763916015625,6.151763916015625,0.04919149726629257,6.151763916015625,6.150766849517822,0.04839252308011055,6.151763916015625,6.150766849517822,0.04839252308011055,5.5804443359375,5.583460807800293,0.04105134680867195,5.583526611328125,5.584774971008301,0.04254591464996338,5.5819854736328125,5.584089756011963,0.041779566556215286,5.5819854736328125,5.584089756011963,0.041779566556215286,5.936187744140625,5.93756103515625,0.12752880156040192,5.93621826171875,5.955578327178955,0.11660421639680862,5.9362030029296875,5.945509433746338,0.12394256144762039,5.9362030029296875,5.945509433746338,0.12394256144762039
LC08_L1TP_196028_20230216_20230223_02_T1,LANDSAT_8,20230216,geneva,196028,3.0,2.9200000762939453,0.27129319310188293,2.9968159198760986,3.0,3.0,2.9600000381469727,0.1959591656923294,2.997260332107544,3.0,3.0,2.9600000381469727,0.1959591656923294,2.9973011016845703,3.0,6.548248291015625,6.540182113647461,0.04160250723361969,6.3751115798950195,6.350006103515625,6.548248291015625,6.540182113647461,0.04160250723361969,6.374156475067139,6.350006103515625,6.548248291015625,6.540182113647461,0.04160250723361969,6.3741583824157715,6.350006103515625,6.548248291015625,6.540182113647461,0.04160250723361969,6.374162197113037,6.350006103515625,5.986602783203125,5.981223106384277,0.040953028947114944,5.870578765869141,5.853668212890625,5.986602783203125,5.981223106384277,0.040953028947114944,5.869889259338379,5.853485107421875,5.986602783203125,5.981223106384277,0.040953028947114944,5.869893550872803,5.853485107421875,5.986602783203125,5.981223106384277,0.040953028947114944,5.869896411895752,5.853485107421875,6.433624267578125,6.432845592498779,0.04919758439064026,6.274279594421387,6.257965087890625,6.433624267578125,6.432845592498779,0.04919758439064026,6.273435115814209,6.2578125,6.433624267578125,6.432845592498779,0.04919758439064026,6.273436546325684,6.2578125,6.433624267578125,6.432845592498779,0.04919758439064026,6.273441791534424,6.2578125,3.0,3.0,0.0,3.0,3.0,0.0,3.0,3.0,0.0,6.524322509765625,6.525552749633789,0.028627483174204826,6.524322509765625,6.525552749633789,0.028627483174204826,6.524322509765625,6.525552749633789,0.028627483174204826,6.524322509765625,6.525552749633789,0.028627483174204826,6.02880859375,6.020409107208252,0.02595537155866623,6.02880859375,6.020409107208252,0.02595537155866623,6.02880859375,6.020409107208252,0.02595537155866623,6.02880859375,6.020409107208252,0.02595537155866623,6.4718017578125,6.470267295837402,0.03418430685997009,6.4718017578125,6.470267295837402,0.03418430685997009,6.4718017578125,6.470267295837402,0.03418430685997009,6.4718017578125,6.470267295837402,0.03418430685997009
LC08_L1TP_196028_20230405_20230412_02_T1,LANDSAT_8,20230405,geneva,196028,3.0,2.880000114440918,0.32496151328086853,2.8392856121063232,3.0,3.0,2.880000114440918,0.32496151328086853,2.834563970565796,3.0,3.0,2.9600000381469727,0.1959591656923294,2.8468692302703857,3.0,8.13079833984375,8.12997817993164,0.04028310999274254,7.556138038635254,7.587310791015625,8.13079833984375,8.12997817993164,0.04028310999274254,7.620169639587402,7.600982666015625,8.13079833984375,8.12997817993164,0.04028310999274254,7.630358695983887,7.604400634765625,8.13079833984375,8.12997817993164,0.04028310999274254,7.632128715515137,7.604400634765625,7.502960205078125,7.493814468383789,0.03495102748274803,6.904383659362793,6.93707275390625,7.502960205078125,7.493814468383789,0.03495102748274803,6.966579437255859,6.947906494140625,7.502960205078125,7.493814468383789,0.03495102748274803,6.9764933586120605,6.950958251953125,7.502960205078125,7.493814468383789,0.03495102748274803,6.978221893310547,6.951507568359375,8.003753662109375,8.002158164978027,0.0315784253180027,7.363017559051514,7.496673583984375,8.003753662109375,8.002158164978027,0.0315784253180027,7.4690985679626465,7.51165771484375,8.003753662109375,8.002158164978027,0.0315784253180027,7.486311912536621,7.515594482421875,8.003753662109375,8.002158164978027,0.0315784253180027,7.489113807678223,7.516387939453125,3.0,3.0,0.0,3.0,3.0,0.0,3.0,3.0,0.0,8.08978271484375,8.06982135772705,0.08065062016248703,8.08978271484375,8.06982135772705,0.08065062016248703,8.08978271484375,8.06982135772705,0.08065062016248703,8.08978271484375,8.06982135772705,0.08065062016248703,7.405426025390625,7.395237922668457,0.0796448141336441,7.405426025390625,7.395237922668457,0.0796448141336441,7.405426025390625,7.395237922668457,0.0796448141336441,7.405426025390625,7.395237922668457,0.0796448141336441,8.002899169921875,8.015830993652344,0.039497166872024536,8.002899169921875,8.015830993652344,0.039497166872024536,8.002899169921875,8.015830993652344,0.039497166872024536,8.002899169921875,8.015830993652344,0.039497166872024536
LC08_L1TP_195028_20230617_20230623_02_T1,LANDSAT_8,20230617,geneva,195028,3.0,2.759999990463257,0.5122499465942383,1.667866587638855,2.0,3.0,2.8399999141693115,0.4630334675312042,1.9213290214538574,2.0,3.0,2.8399999141693115,0.4630334675312042,1.859370231628418,2.0,22.459136962890625,22.468706130981445,0.025431159883737564,20.012435913085938,19.779388427734375,22.460845947265625,22.469247817993164,0.025814136490225792,20.71281623840332,20.8492431640625,22.460845947265625,22.469247817993164,0.025814136490225792,20.64496612548828,20.6441650390625,22.460845947265625,22.469247817993164,0.025814136490225792,20.866477966308594,20.975738525390625,21.9805908203125,21.983617782592773,0.03342035040259361,19.330657958984375,19.09869384765625,21.9805908203125,21.98374366760254,0.034103672951459885,20.082292556762695,20.219024658203125,21.9805908203125,21.98374366760254,0.034103672951459885,20.018184661865234,20.0147705078125,21.9805908203125,21.98374366760254,0.034103672951459885,20.252559661865234,20.354400634765625,24.305816650390625,24.318063735961914,0.10817836970090866,20.37972068786621,20.20074462890625,24.303359985351562,24.31565284729004,0.10974928736686707,21.38241195678711,21.446258544921875,24.303359985351562,24.31565284729004,0.10974928736686707,21.288888931274414,21.2965087890625,24.303359985351562,24.31565284729004,0.10974928736686707,21.590126037597656,21.54779052734375,2.0,2.0,0.0,3.0,3.0,0.0,3.0,3.0,0.0,21.539703369140625,21.544214248657227,0.019876478239893913,21.539703369140625,21.544214248657227,0.019876478239893913,21.539703369140625,21.544214248657227,0.019876478239893913,21.539703369140625,21.544214248657227,0.019876478239893913,20.945098876953125,20.94672393798828,0.021832134574651718,20.945098876953125,20.94672393798828,0.021832134574651718,20.945098876953125,20.94672393798828,0.021832134574651718,20.945098876953125,20.94672393798828,0.021832134574651718,22.229949951171875,22.22161865234375,0.05323011428117752,22.229949951171875,22.22161865234375,0.05323011428117752,22.229949951171875,22.22161865234375,0.05323011428117752,22.229949951171875,22.22161865234375,0.05323011428117752
LC08_L1TP_196028_20230624_20230630_02_T1,LANDSAT_8,20230624,geneva,196028,1.0,1.0,0.0,1.1626288890838623,1.0,1.0,1.2400000095367432,0.6499230861663818,2.577908754348755,3.0,1.0,1.7200000286102295,0.9599999785423279,2.222816228866577,3.0,22.230133056640625,22.238882064819336,0.06328380107879639,22.00992774963379,21.994293212890625,,,,23.752714157104492,23.747711181640625,,,,21.92707061767578,21.867828369140625,22.243804931640625,22.244943618774414,0.05375382676720619,21.70589256286621,21.498687744140625,20.60150146484375,20.597549438476562,0.0512838214635849,20.502796173095703,20.49725341796875,,,,22.193988800048828,22.1951904296875,,,,20.43039894104004,20.387054443359375,20.6112060546875,20.609703063964844,0.05598437786102295,20.21303367614746,20.025543212890625,21.792388916015625,21.794965744018555,0.06868646293878555,21.58693504333496,21.547760009765625,,,,23.238914489746094,23.2421875,,,,21.498376846313477,21.41595458984375,21.79278564453125,21.77567481994629,0.042237382382154465,21.287227630615234,21.0128173828125,1.0,1.0,0.0,3.0,2.680000066757202,0.7332121133804321,3.0,3.0,0.0,20.5382080078125,20.525083541870117,0.0362456850707531,,,,20.5382080078125,20.52713966369629,0.03556603938341141,20.5382080078125,20.525083541870117,0.0362456850707531,19.057373046875,19.047082901000977,0.03770400583744049,,,,19.0604248046875,19.048574447631836,0.03794453293085098,19.057373046875,19.047082901000977,0.03770400583744049,20.265899658203125,20.253122329711914,0.05259473994374275,,,,20.275115966796875,20.257564544677734,0.05285785347223282,20.265899658203125,20.253122329711914,0.05259473994374275
LC08_L1TP_196028_20230710_20230718_02_T1,LANDSAT_8,20230710,geneva,196028,2.0,1.9199999570846558,0.27129319310188293,1.968155860900879,2.0,2.0,1.9199999570846558,0.27129319310188293,2.5477559566497803,3.0,2.0,1.9199999570846558,0.27129319310188293,2.171661138534546,2.0,28.061248779296875,28.06563949584961,0.06579123437404633,25.460018157958984,25.138885498046875,28.061248779296875,28.0640869140625,0.06769798696041107,25.45098304748535,25.128631591796875,28.061248779296875,28.0640869140625,0.06769798696041107,25.446849822998047,25.125213623046875,28.061248779296875,28.0640869140625,0.06769798696041107,25.456409454345703,25.132049560546875,25.08941650390625,25.084150314331055,0.06153334304690361,23.268590927124023,22.994583129882812,25.081268310546875,25.080690383911133,0.06296813488006592,23.267536163330078,22.9921875,25.081268310546875,25.080690383911133,0.06296813488006592,23.264739990234375,22.990142822265625,25.081268310546875,25.080690383911133,0.06296813488006592,23.271404266357422,22.994293212890625,26.59039306640625,26.561670303344727,0.08120297640562057,24.539724349975586,24.285018920898438,26.561767578125,26.557971954345703,0.08364362269639969,24.54492950439453,24.29010009765625,26.561767578125,26.557971954345703,0.08364362269639969,24.54178237915039,24.28680419921875,26.561767578125,26.557971954345703,0.08364362269639969,24.550838470458984,24.296112060546875,2.0,2.0,0.0,3.0,3.0,0.0,3.0,3.0,0.0,25.026092529296875,25.024438858032227,0.03761725872755051,25.026092529296875,25.024438858032227,0.03761725872755051,25.026092529296875,25.024438858032227,0.03761725872755051,25.026092529296875,25.024438858032227,0.03761725872755051,23.066375732421875,23.051010131835938,0.03607197478413582,23.066375732421875,23.051010131835938,0.03607197478413582,23.066375732421875,23.051010131835938,0.03607197478413582,23.066375732421875,23.051010131835938,0.03607197478413582,24.9305419921875,24.947172164916992,0.05433988943696022,24.9305419921875,24.947172164916992,0.05433988943696022,24.9305419921875,24.947172164916992,0.05433988943696022,24.9305419921875,24.947172164916992,0.05433988943696022
LC08_L1TP_196028_20230811_20230818_02_T1,LANDSAT_8,20230811,geneva,196028,3.0,2.880000114440918,0.32496151328086853,2.9246175289154053,3.0,3.0,2.8399999141693115,0.3666060268878937,2.9068424701690674,3.0,3.0,2.880000114440918,0.32496151328086853,2.902886152267456,3.0,24.86883544921875,24.871295928955078,0.03632090240716934,24.031402587890625,24.22283935546875,24.86883544921875,24.871295928955078,0.03632090240716934,24.032102584838867,24.22283935546875,24.86883544921875,24.871295928955078,0.03632090240716934,24.0416202545166,24.22967529296875,24.86883544921875,24.871295928955078,0.03632090240716934,24.047100067138672,24.23309326171875,22.624664306640625,22.631235122680664,0.03964034840464592,22.01011848449707,22.20733642578125,22.624664306640625,22.631235122680664,0.03964034840464592,22.011125564575195,22.2083740234375,22.624664306640625,22.631235122680664,0.03964034840464592,22.020244598388672,22.2138671875,22.624664306640625,22.631235122680664,0.03964034840464592,22.025510787963867,22.21575927734375,23.7532958984375,23.756336212158203,0.10808572918176651,22.84722137451172,23.042816162109375,23.7532958984375,23.756336212158203,0.10808572918176651,22.8494815826416,23.043731689453125,23.7532958984375,23.756336212158203,0.10808572918176651,22.862625122070312,23.048187255859375,23.7532958984375,23.756336212158203,0.10808572918176651,22.869462966918945,23.05010986328125,3.0,3.0,0.0,3.0,3.0,0.0,3.0,3.0,0.0,24.01776123046875,24.03170394897461,0.029309982433915138,24.01776123046875,24.03170394897461,0.029309982433915138,24.01776123046875,24.03170394897461,0.029309982433915138,24.01776123046875,24.03170394897461,0.029309982433915138,22.10015869140625,22.0948543548584,0.030285222455859184,22.10015869140625,22.0948543548584,0.030285222455859184,22.10015869140625,22.0948543548584,0.030285222455859184,22.10015869140625,22.0948543548584,0.030285222455859184,23.2471923828125,23.240968704223633,0.07400516420602798,23.2471923828125,23.240968704223633,0.07400516420602798,23.2471923828125,23.240968704223633,0.07400516420602798,23.2471923828125,23.240968704223633,0.07400516420602798
LC08_L1TP_195028_20230820_20230826_02_T1,LANDSAT_8,20230820,geneva,195028,3.0,2.5999999046325684,0.5656853914260864,2.8117754459381104,3.0,3.0,2.680000066757202,0.4664761424064636,2.8411340713500977,3.0,3.0,2.640000104904175,0.48000001907348633,2.8388423919677734,3.0,26.557342529296875,26.597949981689453,0.1372043341398239,26.170156478881836,26.109588623046875,26.560760498046875,26.599639892578125,0.13977782428264618,26.18454360961914,26.113006591796875,26.557342529296875,26.597949981689453,0.1372043341398239,26.185895919799805,26.113006591796875,26.557342529296875,26.597949981689453,0.1372043341398239,26.185665130615234,26.113006591796875,25.49908447265625,25.52811050415039,0.13864177465438843,25.207063674926758,25.150787353515625,25.504501342773438,25.53116798400879,0.14067137241363525,25.226505279541016,25.154022216796875,25.49908447265625,25.52811050415039,0.13864177465438843,25.2280216217041,25.15423583984375,25.49908447265625,25.52811050415039,0.13864177465438843,25.227745056152344,25.154266357421875,29.261383056640625,29.265161514282227,0.1062217578291893,28.383779525756836,28.425979614257812,29.264984130859375,29.273483276367188,0.10010863095521927,28.45870018005371,28.440399169921875,29.261383056640625,29.265161514282227,0.1062217578291893,28.46202278137207,28.44097900390625,29.261383056640625,29.265161514282227,0.1062217578291893,28.46256446838379,28.4412841796875,,,,,,,,,,,,,,,,,,,,,,,,,,,,,,,,,,,,,,,,,,,,,
LC08_L1TP_196028_20230912_20230918_02_T1,LANDSAT_8,20230912,geneva,196028,,,,2.9281375408172607,3.0,,,,2.8855769634246826,3.0,,,,2.8952088356018066,3.0,,,,23.528825759887695,23.501617431640625,,,,23.554805755615234,23.505035400390625,,,,23.566204071044922,23.508453369140625,,,,23.558818817138672,23.505035400390625,,,,21.764436721801758,21.7294921875,,,,21.79126739501953,21.734176635742188,,,,21.80275535583496,21.736083984375,,,,21.795257568359375,21.735107421875,,,,22.236875534057617,22.32696533203125,,,,22.287761688232422,22.334136962890625,,,,22.307954788208008,22.337310791015625,,,,22.295589447021484,22.335601806640625,3.0,3.0,0.0,3.0,3.0,0.0,3.0,3.0,0.0,24.22967529296875,24.19713592529297,0.0584871880710125,24.22967529296875,24.19713592529297,0.0584871880710125,24.22967529296875,24.19713592529297,0.0584871880710125,24.22967529296875,24.19713592529297,0.0584871880710125,22.44000244140625,22.4273738861084,0.054690148681402206,22.44000244140625,22.4273738861084,0.054690148681402206,22.44000244140625,22.4273738861084,0.054690148681402206,22.44000244140625,22.4273738861084,0.054690148681402206,22.45263671875,22.4681396484375,0.08720966428518295,22.45263671875,22.4681396484375,0.08720966428518295,22.45263671875,22.4681396484375,0.08720966428518295,22.45263671875,22.4681396484375,0.08720966428518295
LC08_L1TP_195028_20231007_20231011_02_T1,LANDSAT_8,20231007,geneva,195028,2.0,2.0799999237060547,0.3919183611869812,2.8602662086486816,3.0,3.0,2.7200000286102295,0.5306599140167236,2.955456256866455,3.0,3.0,2.759999990463257,0.5122499465942383,2.9596972465515137,3.0,19.567474365234375,19.57280731201172,0.027310917153954506,19.09837532043457,19.068450927734375,19.567474365234375,19.573883056640625,0.027349313721060753,19.097259521484375,19.068450927734375,19.567474365234375,19.573883056640625,0.027349313721060753,19.097293853759766,19.068450927734375,19.567474365234375,19.573883056640625,0.027349313721060753,19.09743881225586,19.068450927734375,18.242095947265625,18.244295120239258,0.021142054349184036,18.093839645385742,18.090179443359375,18.244918823242188,18.245113372802734,0.021187126636505127,18.09309196472168,18.089996337890625,18.244918823242188,18.245113372802734,0.021187126636505127,18.093120574951172,18.089996337890625,18.244918823242188,18.245113372802734,0.021187126636505127,18.093210220336914,18.089996337890625,18.980316162109375,18.967700958251953,0.08411220461130142,18.686527252197266,18.694091796875,18.971023559570312,18.962827682495117,0.08231809735298157,18.6856689453125,18.69390869140625,18.971023559570312,18.962827682495117,0.08231809735298157,18.685691833496094,18.693939208984375,18.971023559570312,18.962827682495117,0.08231809735298157,18.685789108276367,18.6939697265625,2.0,2.4800000190734863,0.4995998442173004,3.0,3.0,0.0,3.0,3.0,0.0,18.825775146484375,18.827415466308594,0.031933706253767014,18.825775146484375,18.827415466308594,0.031933706253767014,18.825775146484375,18.827415466308594,0.031933706253767014,18.825775146484375,18.827415466308594,0.031933706253767014,17.805877685546875,17.807947158813477,0.028974471613764763,17.805877685546875,17.807947158813477,0.028974471613764763,17.805877685546875,17.807947158813477,0.028974471613764763,17.805877685546875,17.807947158813477,0.028974471613764763,18.354644775390625,18.361560821533203,0.03678612411022186,18.354644775390625,18.361560821533203,0.03678612411022186,18.354644775390625,18.361560821533203,0.03678612411022186,18.354644775390625,18.361560821533203,0.03678612411022186
LC08_L1TP_195028_20231108_20231117_02_T1,LANDSAT_8,20231108,geneva,195028,3.0,2.880000114440918,0.32496151328086853,2.8516876697540283,3.0,3.0,2.9200000762939453,0.27129319310188293,2.8673014640808105,3.0,3.0,2.8399999141693115,0.3666060268878937,2.8687727451324463,3.0,12.615234375,12.612773895263672,0.01595924235880375,12.606080055236816,12.76220703125,12.615234375,12.612773895263672,0.01595924235880375,12.646431922912598,12.7724609375,12.615234375,12.612773895263672,0.01595924235880375,12.651762008666992,12.76904296875,12.615234375,12.612773895263672,0.01595924235880375,12.650636672973633,12.76904296875,11.915863037109375,11.913585662841797,0.01678513176739216,11.896854400634766,12.05157470703125,11.915863037109375,11.913585662841797,0.01678513176739216,11.938445091247559,12.059967041015625,11.915863037109375,11.913585662841797,0.01678513176739216,11.94387149810791,12.05816650390625,11.915863037109375,11.913585662841797,0.01678513176739216,11.942753791809082,12.057708740234375,12.70196533203125,12.691946029663086,0.04838015139102936,12.6822509765625,12.865081787109375,12.70196533203125,12.691946029663086,0.04838015139102936,12.742789268493652,12.875732421875,12.70196533203125,12.691946029663086,0.04838015139102936,12.74332332611084,12.873291015625,12.70196533203125,12.691946029663086,0.04838015139102936,12.741080284118652,12.8726806640625,2.0,2.0,0.0,2.0,2.1600000858306885,0.3666060268878937,2.0,2.0,0.0,12.68701171875,12.65283203125,0.0871468111872673,12.68701171875,12.65283203125,0.0871468111872673,12.68701171875,12.65283203125,0.0871468111872673,12.68701171875,12.65283203125,0.0871468111872673,12.003753662109375,11.976175308227539,0.07686623185873032,12.003753662109375,11.976175308227539,0.07686623185873032,12.003753662109375,11.976175308227539,0.07686623185873032,12.003753662109375,11.976175308227539,0.07686623185873032,12.688446044921875,12.637128829956055,0.10683736205101013,12.688446044921875,12.637128829956055,0.10683736205101013,12.688446044921875,12.637128829956055,0.10683736205101013,12.688446044921875,12.637128829956055,0.10683736205101013
LC08_L1TP_195028_20231124_20231129_02_T1,LANDSAT_8,20231124,geneva,195028,3.0,2.9200000762939453,0.27129319310188293,2.561067819595337,3.0,2.0,2.319999933242798,0.4664761424064636,2.401231288909912,2.0,3.0,2.7200000286102295,0.44899889826774597,2.5032904148101807,3.0,10.246551513671875,10.257079124450684,0.08195099979639053,10.11693286895752,10.280731201171875,10.246551513671875,10.257079124450684,0.08195099979639053,10.283802032470703,10.332000732421875,10.246551513671875,10.257079124450684,0.08195099979639053,10.2512845993042,10.321746826171875,10.246551513671875,10.257079124450684,0.08195099979639053,10.25732421875,10.321746826171875,9.500457763671875,9.52072525024414,0.09853535890579224,9.34268569946289,9.510498046875,9.500457763671875,9.52072525024414,0.09853535890579224,9.516754150390625,9.562957763671875,9.500457763671875,9.52072525024414,0.09853535890579224,9.483267784118652,9.552566528320312,9.500457763671875,9.52072525024414,0.09853535890579224,9.489663124084473,9.553009033203125,10.165771484375,10.179927825927734,0.0502031072974205,9.979516983032227,10.20770263671875,10.165771484375,10.179927825927734,0.0502031072974205,10.227867126464844,10.275970458984375,10.165771484375,10.179927825927734,0.0502031072974205,10.180570602416992,10.2618408203125,10.165771484375,10.179927825927734,0.0502031072974205,10.18937873840332,10.262237548828125,3.0,3.0,0.0,3.0,3.0,0.0,3.0,3.0,0.0,10.516571044921875,10.530242919921875,0.049493320286273956,10.516571044921875,10.530242919921875,0.049493320286273956,10.516571044921875,10.530242919921875,0.049493320286273956,10.516571044921875,10.530242919921875,0.049493320286273956,9.745574951171875,9.7577543258667,0.04208368435502052,9.745574951171875,9.7577543258667,0.04208368435502052,9.745574951171875,9.7577543258667,0.04208368435502052,9.745574951171875,9.7577543258667,0.04208368435502052,10.441253662109375,10.43549919128418,0.03424229100346565,10.441253662109375,10.43549919128418,0.03424229100346565,10.441253662109375,10.43549919128418,0.03424229100346565,10.441253662109375,10.43549919128418,0.03424229100346565
LC08_L1TP_196028_20231217_20240103_02_T1,LANDSAT_8,20231217,geneva,196028,,,,,,,,,,,,,,,,,,,,,,,,,,,,,,,,,,,,,,,,,,,,,,,,,,,,,,,,,,,,,,,,,,,,,,,,,,,,,,,,,,,,,,,,,,,,,,,,,,,,,,,,,,,,,,,,,,,,,,,,
LC08_L1TP_195028_20240111_20240123_02_T1,LANDSAT_8,20240111,geneva,195028,,,,1.0499999523162842,1.0,,,,1.0,1.0,,,,1.0,1.0,,,,-2.320568799972534,-2.297576904296875,,,,-1.962615966796875,-1.962615966796875,,,,,,,,,,,,,,-3.0557944774627686,-3.1738128662109375,,,,-2.132354736328125,-2.132354736328125,,,,,,,,,,,,,,-2.875889539718628,-2.998748779296875,,,,-2.282257080078125,-2.282257080078125,,,,,,,,,,,,,,,,,,,,,,,,,,,,,,,,,,,,,,,,,,,,,,,,,,,,,,,
LC08_L1TP_195028_20240127_20240207_02_T1,LANDSAT_8,20240127,geneva,195028,,,,1.0,1.0,,,,1.2440944910049438,1.0,,,,1.0,1.0,,,,4.083596229553223,4.0941162109375,,,,,,,,,4.476059436798096,4.6102294921875,,,,,,,,,3.5378236770629883,3.543304443359375,,,,,,,,,4.017710208892822,4.128204345703125,,,,,,,,,4.047372817993164,3.9735107421875,,,,,,,,,4.579773902893066,4.701690673828125,,,,,,,,,,,,,,,,,,,,,,,,,,,,,,,,,,,,,,,,,,,,,,,,,,
LC08_L1TP_196028_20240203_20240208_02_T1,LANDSAT_8,20240203,geneva,196028,3.0,2.9200000762939453,0.27129319310188293,2.5723459720611572,3.0,3.0,2.9600000381469727,0.1959591656923294,2.6334545612335205,3.0,3.0,2.9600000381469727,0.1959591656923294,2.6223998069763184,3.0,7.173736572265625,7.188502311706543,0.07167453318834305,6.996737957000732,7.026763916015625,7.173736572265625,7.188502311706543,0.07167453318834305,7.046926975250244,7.050689697265625,7.173736572265625,7.188502311706543,0.07167453318834305,7.040467262268066,7.047271728515625,7.173736572265625,7.188502311706543,0.07167453318834305,7.0397562980651855,7.047271728515625,6.377349853515625,6.392290115356445,0.062672458589077,6.335386276245117,6.364593505859375,6.377349853515625,6.392290115356445,0.062672458589077,6.386682510375977,6.38885498046875,6.377349853515625,6.392290115356445,0.062672458589077,6.380176544189453,6.384979248046875,6.377349853515625,6.392290115356445,0.062672458589077,6.379432678222656,6.384552001953125,6.7493896484375,6.759233474731445,0.04995742067694664,6.728475570678711,6.7237548828125,6.7493896484375,6.759233474731445,0.04995742067694664,6.795810699462891,6.75518798828125,6.7493896484375,6.759233474731445,0.04995742067694664,6.787006378173828,6.749725341796875,6.7493896484375,6.759233474731445,0.04995742067694664,6.785993576049805,6.749114990234375,3.0,3.0,0.0,3.0,3.0,0.0,3.0,3.0,0.0,7.098541259765625,7.11945915222168,0.06056902930140495,7.098541259765625,7.11945915222168,0.06056902930140495,7.098541259765625,7.11945915222168,0.06056902930140495,7.098541259765625,7.11945915222168,0.06056902930140495,6.4661865234375,6.478144645690918,0.053557973355054855,6.4661865234375,6.478144645690918,0.053557973355054855,6.4661865234375,6.478144645690918,0.053557973355054855,6.4661865234375,6.478144645690918,0.053557973355054855,7.206756591796875,7.231789588928223,0.06034455820918083,7.206756591796875,7.231789588928223,0.06034455820918083,7.206756591796875,7.231789588928223,0.06034455820918083,7.206756591796875,7.231789588928223,0.06034455820918083
LC08_L1TP_195028_20240212_20240222_02_T1,LANDSAT_8,20240212,geneva,195028,,,,,,,,,,,,,,,,,,,,,,,,,,,,,,,,,,,,,,,,,,,,,,,,,,,,,,,,,,,,,,,,,,,,,,,,,,,,,,,,,,,,,,,,,,,,,,,,,,,,,,,,,,,,,,,,,,,,,,,,
LC08_L1TP_196028_20240219_20240228_02_T1,LANDSAT_8,20240219,geneva,196028,3.0,2.9200000762939453,0.27129319310188293,2.6557140350341797,3.0,3.0,2.9600000381469727,0.1959591656923294,2.708195686340332,3.0,3.0,2.9200000762939453,0.27129319310188293,2.7209599018096924,3.0,8.01458740234375,8.011305809020996,0.04350879788398743,7.40703821182251,7.645416259765625,8.01458740234375,8.011305809020996,0.04350879788398743,7.546819686889648,7.679595947265625,8.01458740234375,8.011305809020996,0.04350879788398743,7.495532989501953,7.665924072265625,8.01458740234375,8.011305809020996,0.04350879788398743,7.488396644592285,7.665924072265625,7.156494140625,7.159811019897461,0.03982605040073395,6.5898613929748535,6.81243896484375,7.156494140625,7.159811019897461,0.03982605040073395,6.722793102264404,6.84228515625,7.156494140625,7.159811019897461,0.03982605040073395,6.674193382263184,6.830718994140625,7.156494140625,7.159811019897461,0.03982605040073395,6.667473793029785,6.829132080078125,7.334014892578125,7.344738960266113,0.060630545020103455,6.671697616577148,6.984832763671875,7.334014892578125,7.344738960266113,0.060630545020103455,6.860432147979736,7.018829345703125,7.334014892578125,7.344738960266113,0.060630545020103455,6.791207313537598,7.005218505859375,7.334014892578125,7.344738960266113,0.060630545020103455,6.781517505645752,7.00335693359375,,,,,,,,,,,,,,,,,,,,,,,,,,,,,,,,,,,,,,,,,,,,,
LC08_L1TP_195028_20240315_20240401_02_T1,LANDSAT_8,20240315,geneva,195028,1.0,1.3600000143051147,0.47999998927116394,1.5958170890808105,2.0,2.0,1.7599999904632568,0.42708316445350647,1.666480302810669,2.0,2.0,1.840000033378601,0.36660605669021606,1.650177001953125,2.0,8.21624755859375,8.180700302124023,0.13819080591201782,6.047541618347168,5.898834228515625,8.30169677734375,8.18206787109375,0.18897655606269836,6.525940895080566,6.449127197265625,8.21966552734375,8.17523193359375,0.1523687094449997,6.448760986328125,6.319244384765625,8.21966552734375,8.181742668151855,0.14655724167823792,6.475858688354492,6.394439697265625,7.206573486328125,7.172725677490234,0.1712704598903656,5.0629658699035645,4.9119415283203125,7.333099365234375,7.18265438079834,0.2287295162677765,5.528714656829834,5.444366455078125,7.206573486328125,7.169902801513672,0.18820269405841827,5.452600955963135,5.319732666015625,7.221160888671875,7.178081512451172,0.18094229698181152,5.480836391448975,5.384307861328125,6.9132080078125,6.90878438949585,0.09635577350854874,4.183661937713623,4.0429229736328125,6.9522705078125,6.92024040222168,0.10520800948143005,4.943291187286377,4.993133544921875,6.927520751953125,6.911007404327393,0.10364523530006409,4.809659481048584,4.71630859375,6.9132080078125,6.907206058502197,0.09967147558927536,4.864803791046143,4.85858154296875,,,,,,,,,,,,,,,,,,,,,,,,,,,,,,,,,,,,,,,,,,,,,
LC08_L1TP_196028_20240322_20240403_02_T1,LANDSAT_8,20240322,geneva,196028,,,,1.0000776052474976,1.0,,,,1.0142745971679688,1.0,,,,1.0294026136398315,1.0,,,,2.393213987350464,2.364593505859375,,,,6.790924072265625,6.790924072265625,,,,1.8296455144882202,1.518646240234375,,,,2.541073799133301,2.754241943359375,,,,1.9667632579803467,1.9315948486328125,,,,6.3020782470703125,6.3020782470703125,,,,1.419129729270935,1.1079864501953125,,,,2.116173267364502,2.33892822265625,,,,0.864061713218689,0.763671875,,,,6.0325927734375,6.0325927734375,,,,0.26755812764167786,-0.10064697265625,,,,1.231892704963684,1.248626708984375,,,,,,,,,,,,,,,,,,,,,,,,,,,,,,,,,,,,,,,,,,,,,
LC08_L1TP_195028_20240416_20240423_02_T1,LANDSAT_8,20240416,geneva,195028,2.0,2.119999885559082,0.32496151328086853,2.2743008136749268,2.0,2.0,2.240000009536743,0.42708316445350647,2.5462586879730225,3.0,2.0,2.0399999618530273,0.1959591805934906,2.5845935344696045,3.0,8.25726318359375,8.242361068725586,0.04355602711439133,9.003737449645996,9.026336669921875,8.25726318359375,8.242361068725586,0.04355602711439133,9.012070655822754,9.036590576171875,8.25726318359375,8.242361068725586,0.04355602711439133,9.009642601013184,9.033172607421875,8.25726318359375,8.242361068725586,0.04355602711439133,9.008590698242188,9.033172607421875,7.484222412109375,7.470538139343262,0.045206066220998764,8.263236999511719,8.29510498046875,7.484222412109375,7.470538139343262,0.045206066220998764,8.271872520446777,8.302886962890625,7.484222412109375,7.470538139343262,0.045206066220998764,8.269444465637207,8.30078125,7.484222412109375,7.470538139343262,0.045206066220998764,8.268385887145996,8.29986572265625,8.25274658203125,8.240296363830566,0.08205465227365494,9.174184799194336,9.223419189453125,8.25274658203125,8.240296363830566,0.08205465227365494,9.18936538696289,9.234039306640625,8.25274658203125,8.240296363830566,0.08205465227365494,9.185626029968262,9.231292724609375,8.25274658203125,8.240296363830566,0.08205465227365494,9.18397331237793,9.23065185546875,,,,,,,,,,,,,,,,,,,,,,,,,,,,,,,,,,,,,,,,,,,,,
LC08_L1TP_196028_20240509_20240514_02_T1,LANDSAT_8,20240509,geneva,196028,3.0,2.880000114440918,0.32496151328086853,2.5781023502349854,3.0,3.0,2.8399999141693115,0.4630334675312042,2.476166248321533,3.0,3.0,2.8399999141693115,0.4630334675312042,2.472729206085205,3.0,12.37255859375,12.405234336853027,0.08429062366485596,11.83993148803711,11.78125,12.37255859375,12.405234336853027,0.08429062366485596,11.837228775024414,11.78125,12.37255859375,12.401753425598145,0.08425009995698929,11.8941011428833,11.8154296875,12.37255859375,12.401753425598145,0.08425009995698929,11.89816665649414,11.81884765625,11.3248291015625,11.341134071350098,0.06607329100370407,10.994962692260742,10.929779052734375,11.3248291015625,11.341134071350098,0.06607329100370407,10.992600440979004,10.931182861328125,11.321502685546875,11.339316368103027,0.06682033091783524,11.040534973144531,10.959564208984375,11.321502685546875,11.339316368103027,0.06682033091783524,11.044381141662598,10.9635009765625,12.094482421875,12.10385513305664,0.07259884476661682,11.624908447265625,11.576141357421875,12.094482421875,12.10385513305664,0.07259884476661682,11.622355461120605,11.57769775390625,12.096633911132812,12.105365753173828,0.07370983809232712,11.672852516174316,11.605682373046875,12.096633911132812,12.105365753173828,0.07370983809232712,11.67605972290039,11.6092529296875,2.0,1.9285714626312256,0.25753939151763916,2.0,1.9285714626312256,0.25753939151763916,2.0,1.9285714626312256,0.25753939151763916,11.365936279296875,11.362762451171875,0.02288159169256687,11.367645263671875,11.365015983581543,0.022197730839252472,11.367645263671875,11.365015983581543,0.022197730839252472,11.367645263671875,11.365015983581543,0.022197730839252472,10.61181640625,10.60887336730957,0.022123433649539948,10.61328125,10.61163330078125,0.020505506545305252,10.61328125,10.61163330078125,0.020505506545305252,10.61328125,10.61163330078125,0.020505506545305252,11.26708984375,11.274638175964355,0.04591553285717964,11.269805908203125,11.280557632446289,0.0421893447637558,11.269805908203125,11.280557632446289,0.0421893447637558,11.269805908203125,11.280557632446289,0.0421893447637558
LC08_L1TP_196028_20240525_20240610_02_T1,LANDSAT_8,20240525,geneva,196028,3.0,2.880000114440918,0.32496151328086853,2.875494956970215,3.0,3.0,2.880000114440918,0.32496151328086853,2.9063429832458496,3.0,3.0,2.880000114440918,0.32496151328086853,2.908336639404297,3.0,16.29986572265625,16.293167114257812,0.02915477380156517,15.931414604187012,15.824737548828125,16.29986572265625,16.293167114257812,0.02915477380156517,15.926934242248535,15.824737548828125,16.29986572265625,16.293167114257812,0.02915477380156517,15.92698860168457,15.824737548828125,16.29986572265625,16.293167114257812,0.02915477380156517,15.927428245544434,15.824737548828125,15.096649169921875,15.08751106262207,0.03871352598071098,14.82624626159668,14.721527099609375,15.096649169921875,15.08751106262207,0.03871352598071098,14.822715759277344,14.7203369140625,15.096649169921875,15.08751106262207,0.03871352598071098,14.82268238067627,14.720458984375,15.096649169921875,15.08751106262207,0.03871352598071098,14.82303524017334,14.72088623046875,15.230133056640625,15.218225479125977,0.04864678159356117,15.053817749023438,14.883270263671875,15.230133056640625,15.218225479125977,0.04864678159356117,15.050041198730469,14.881805419921875,15.230133056640625,15.218225479125977,0.04864678159356117,15.049956321716309,14.881927490234375,15.230133056640625,15.218225479125977,0.04864678159356117,15.05025577545166,14.882476806640625,3.0,3.0,0.0,3.0,3.0,0.0,3.0,3.0,0.0,16.37164306640625,16.370960235595703,0.047832027077674866,16.37164306640625,16.370960235595703,0.047832027077674866,16.37164306640625,16.370960235595703,0.047832027077674866,16.37164306640625,16.370960235595703,0.047832027077674866,15.312896728515625,15.316688537597656,0.05188654363155365,15.312896728515625,15.316688537597656,0.05188654363155365,15.312896728515625,15.316688537597656,0.05188654363155365,15.312896728515625,15.316688537597656,0.05188654363155365,15.843994140625,15.833244323730469,0.06455420702695847,15.843994140625,15.833244323730469,0.06455420702695847,15.843994140625,15.833244323730469,0.06455420702695847,15.843994140625,15.833244323730469,0.06455420702695847
LC08_L1TP_196028_20240610_20240627_02_T1,LANDSAT_8,20240610,geneva,196028,,,,1.6543567180633545,1.0,,,,1.6942118406295776,1.0,,,,1.7674955129623413,2.0,,,,18.789663314819336,18.757415771484375,,,,18.814647674560547,18.805267333984375,,,,18.80259895324707,18.791595458984375,,,,18.797279357910156,18.788177490234375,,,,18.023935317993164,17.989837646484375,,,,18.05057716369629,18.032379150390625,,,,18.03752326965332,18.0162353515625,,,,18.029525756835938,18.006500244140625,,,,18.71358299255371,18.670745849609375,,,,18.727624893188477,18.705108642578125,,,,18.713029861450195,18.686187744140625,,,,18.700681686401367,18.666900634765625,1.0,1.0,0.0,1.0,1.0,0.0,1.0,1.0,0.0,18.774505615234375,18.7587833404541,0.07926151156425476,,,,,,,,,,17.980499267578125,17.983890533447266,0.08195757120847702,,,,,,,,,,18.87890625,18.88161277770996,0.11080145835876465,,,,,,,,,
LC08_L1TP_195028_20240619_20240706_02_T1,LANDSAT_8,20240619,geneva,195028,2.0,1.9199999570846558,0.27129319310188293,1.9463145732879639,2.0,2.0,2.119999885559082,0.6523802876472473,2.376706838607788,2.0,2.0,1.8799999952316284,0.3249615430831909,1.9801656007766724,2.0,25.692596435546875,25.6802921295166,0.04757733643054962,23.38308334350586,23.269195556640625,25.692596435546875,25.67966651916504,0.04934569075703621,23.326555252075195,23.235015869140625,25.689178466796875,25.675832748413086,0.04942881315946579,23.346281051635742,23.252105712890625,25.690887451171875,25.678926467895508,0.05032872408628464,23.321962356567383,23.235015869140625,22.73193359375,22.74024200439453,0.06066952273249626,21.15627670288086,21.1251220703125,22.730743408203125,22.73567008972168,0.06077909842133522,21.107969284057617,21.093658447265625,22.727569580078125,22.730836868286133,0.05995365232229233,21.129079818725586,21.10992431640625,22.729156494140625,22.734142303466797,0.06171074137091637,21.11229705810547,21.096176147460938,24.362579345703125,24.375341415405273,0.11631277948617935,22.45826530456543,22.40179443359375,24.39263916015625,24.37948989868164,0.11993058025836945,22.39434814453125,22.357025146484375,24.39263916015625,24.384571075439453,0.121799997985363,22.423593521118164,22.380126953125,24.393264770507812,24.382457733154297,0.12179741263389587,22.40161895751953,22.36175537109375,2.0,2.0,0.0,3.0,2.9600000381469727,0.1959591805934906,2.0,2.0,0.0,23.344390869140625,23.3293514251709,0.06478651612997055,23.344390869140625,23.3293514251709,0.06478651612997055,23.344390869140625,23.3293514251709,0.06478651612997055,23.344390869140625,23.3293514251709,0.06478651612997055,21.356903076171875,21.337743759155273,0.0765460729598999,21.356903076171875,21.337743759155273,0.0765460729598999,21.356903076171875,21.337743759155273,0.0765460729598999,21.356903076171875,21.337743759155273,0.0765460729598999,22.914215087890625,22.914501190185547,0.10340344160795212,22.914215087890625,22.914501190185547,0.10340344160795212,22.914215087890625,22.914501190185547,0.10340344160795212,22.914215087890625,22.914501190185547,0.10340344160795212
LC08_L1TP_196028_20240626_20240709_02_T1,LANDSAT_8,20240626,geneva,196028,1.0,1.0,0.0,1.581978440284729,2.0,1.0,1.0,0.0,1.5241429805755615,2.0,1.0,1.0,0.0,1.6571009159088135,2.0,16.05718994140625,16.078380584716797,0.16490627825260162,16.04482650756836,16.36480712890625,,,,16.038002014160156,16.62799072265625,,,,16.7578182220459,17.072357177734375,,,,16.552419662475586,16.898040771484375,14.035430908203125,14.06170654296875,0.17613090574741364,13.870035171508789,14.2008056640625,,,,13.855430603027344,14.443923950195312,,,,14.590738296508789,14.90899658203125,,,,14.382803916931152,14.736557006835938,11.514739990234375,11.558752059936523,0.33113783597946167,12.226765632629395,12.627120971679688,,,,12.233040809631348,13.030120849609375,,,,13.45901107788086,13.762451171875,,,,13.13475227355957,13.478378295898438,,,,,,,,,,,,,,,,,,,,,,,,,,,,,,,,,,,,,,,,,,,,,
LC08_L1TP_195028_20240705_20240712_02_T1,LANDSAT_8,20240705,geneva,195028,3.0,2.640000104904175,0.5571355223655701,2.10223126411438,2.0,3.0,2.640000104904175,0.48000001907348633,2.147420883178711,2.0,3.0,2.640000104904175,0.48000001907348633,2.1210546493530273,2.0,19.799896240234375,19.79867172241211,0.11801394820213318,18.607404708862305,18.791595458984375,19.805023193359375,19.803178787231445,0.11832130700349808,18.93863296508789,19.030853271484375,19.799896240234375,19.79867172241211,0.11801394820213318,18.93425178527832,19.020599365234375,19.799896240234375,19.79867172241211,0.11801394820213318,18.976200103759766,19.054779052734375,18.16650390625,18.167823791503906,0.10544680804014206,17.342117309570312,17.555709838867188,18.17138671875,18.169750213623047,0.10718970000743866,17.677522659301758,17.806182861328125,18.16650390625,18.167823791503906,0.10544680804014206,17.672412872314453,17.797271728515625,18.16650390625,18.167823791503906,0.10544680804014206,17.714509963989258,17.82757568359375,19.29547119140625,19.28345489501953,0.21122507750988007,17.325963973999023,17.686660766601562,19.315841674804688,19.284725189208984,0.2154870629310608,17.900157928466797,18.052902221679688,19.29547119140625,19.28345489501953,0.21122507750988007,17.88319969177246,18.034149169921875,19.29547119140625,19.28345489501953,0.21122507750988007,17.931846618652344,18.066497802734375,2.0,2.0,0.0,2.0,2.0,0.0,1.0,1.3600000143051147,0.47999998927116394,15.462432861328125,15.435638427734375,0.2666909098625183,15.462432861328125,15.435638427734375,0.2666909098625183,15.462432861328125,15.435638427734375,0.2666909098625183,15.257354736328125,15.216718673706055,0.22749653458595276,14.12286376953125,14.118330001831055,0.2550491392612457,14.12286376953125,14.118330001831055,0.2550491392612457,14.12286376953125,14.118330001831055,0.2550491392612457,13.920501708984375,13.91994571685791,0.22685393691062927,14.3056640625,14.337340354919434,0.0973215326666832,14.3056640625,14.337340354919434,0.0973215326666832,14.3056640625,14.337340354919434,0.0973215326666832,14.27056884765625,14.274810791015625,0.050880253314971924
LC08_L1TP_196028_20240712_20240719_02_T1,LANDSAT_8,20240712,geneva,196028,1.0,1.0,0.0,1.3520153760910034,1.0,1.0,1.0,0.0,1.4365051984786987,1.0,1.0,1.0,0.0,1.5181009769439697,1.0,18.877044677734375,18.873798370361328,0.09216782450675964,19.65294075012207,20.5587158203125,,,,20.571842193603516,21.444000244140625,,,,20.922622680664062,21.413238525390625,,,,20.542621612548828,21.211578369140625,16.547500610351562,16.548126220703125,0.10617169737815857,17.52468490600586,18.469207763671875,,,,18.475688934326172,19.34576416015625,,,,18.806217193603516,19.314910888671875,,,,18.422374725341797,19.1341552734375,15.85003662109375,15.560575485229492,0.6667851805686951,17.73063850402832,18.810333251953125,,,,19.061697006225586,20.418731689453125,,,,19.562089920043945,20.339752197265625,,,,19.075180053710938,19.887344360351562,2.0,1.9600000381469727,0.1959591656923294,2.0,2.0,0.0,2.0,2.0399999618530273,0.1959591656923294,22.223297119140625,22.2116756439209,0.07828864455223083,22.223297119140625,22.208343505859375,0.07814633846282959,22.223297119140625,22.2116756439209,0.07828864455223083,22.223297119140625,22.2116756439209,0.07828864455223083,20.15283203125,20.142621994018555,0.0665993019938469,20.152694702148438,20.13957405090332,0.06624283641576767,20.15283203125,20.142621994018555,0.0665993019938469,20.15283203125,20.142621994018555,0.0665993019938469,21.431182861328125,21.425743103027344,0.07249180972576141,21.429306030273438,21.422677993774414,0.0723835676908493,21.431182861328125,21.425743103027344,0.07249180972576141,21.431182861328125,21.425743103027344,0.07249180972576141
LC08_L1TP_196028_20240728_20240801_02_T1,LANDSAT_8,20240728,geneva,196028,3.0,2.9200000762939453,0.27129319310188293,2.597519874572754,3.0,3.0,2.5199999809265137,0.5741080045700073,2.197695255279541,2.0,3.0,2.680000066757202,0.6144917011260986,2.2000060081481934,2.0,28.153564453125,28.1524715423584,0.029886730015277863,25.958467483520508,26.030975341796875,28.153564453125,28.1524715423584,0.029886730015277863,25.954818725585938,26.034393310546875,28.153564453125,28.1527099609375,0.0304795503616333,26.079084396362305,26.277069091796875,28.153564453125,28.1522274017334,0.031045064330101013,26.087345123291016,26.290740966796875,26.41485595703125,26.411279678344727,0.037129174917936325,25.082260131835938,25.264617919921875,26.41485595703125,26.411279678344727,0.037129174917936325,25.079891204833984,25.271392822265625,26.41839599609375,26.412109375,0.03766820579767227,25.18657684326172,25.463775634765625,26.42193603515625,26.4119873046875,0.03847391903400421,25.192394256591797,25.47259521484375,29.235107421875,29.219369888305664,0.13323016464710236,27.828399658203125,28.020675659179688,29.235107421875,29.219369888305664,0.13323016464710236,27.83477783203125,28.03662109375,29.232757568359375,29.215322494506836,0.13446062803268433,27.975290298461914,28.28057861328125,29.235107421875,29.22148895263672,0.13398753106594086,27.984521865844727,28.293121337890625,3.0,3.0,0.0,2.0,2.1600000858306885,0.3666060268878937,2.0,2.319999933242798,0.4664761424064636,25.306365966796875,25.301855087280273,0.061353977769613266,25.306365966796875,25.301855087280273,0.061353977769613266,25.306365966796875,25.301855087280273,0.061353977769613266,25.306365966796875,25.301855087280273,0.061353977769613266,24.46368408203125,24.464767456054688,0.0706281065940857,24.46368408203125,24.464767456054688,0.0706281065940857,24.46368408203125,24.464767456054688,0.0706281065940857,24.46368408203125,24.464767456054688,0.0706281065940857,27.77294921875,27.732372283935547,0.20753775537014008,27.77294921875,27.732372283935547,0.20753775537014008,27.77294921875,27.732372283935547,0.20753775537014008,27.77294921875,27.732372283935547,0.20753775537014008
LC08_L1TP_195028_20240806_20240814_02_T1,LANDSAT_8,20240806,geneva,195028,3.0,2.9200000762939453,0.3919183313846588,2.9974112510681152,3.0,3.0,2.9200000762939453,0.3919183313846588,2.9976680278778076,3.0,3.0,2.9200000762939453,0.3919183313846588,2.997492551803589,3.0,26.075408935546875,26.08074188232422,0.05320695787668228,25.81416130065918,25.832733154296875,26.075408935546875,26.082387924194336,0.05367661267518997,25.812156677246094,25.832733154296875,26.075408935546875,26.082387924194336,0.05367661267518997,25.81209945678711,25.832733154296875,26.075408935546875,26.082387924194336,0.05367661267518997,25.812036514282227,25.832733154296875,24.44659423828125,24.46453094482422,0.060100872069597244,24.472755432128906,24.512115478515625,24.4464111328125,24.46442222595215,0.06133768707513809,24.470983505249023,24.511810302734375,24.4464111328125,24.46442222595215,0.06133768707513809,24.470932006835938,24.511810302734375,24.4464111328125,24.46442222595215,0.06133768707513809,24.47087860107422,24.51177978515625,26.28302001953125,26.287500381469727,0.06263457983732224,25.901700973510742,25.911376953125,26.289077758789062,26.28847312927246,0.06374145299196243,25.89957618713379,25.910888671875,26.289077758789062,26.28847312927246,0.06374145299196243,25.899511337280273,25.910858154296875,26.289077758789062,26.28847312927246,0.06374145299196243,25.899450302124023,25.91082763671875,3.0,3.0,0.0,3.0,3.0,0.0,3.0,3.0,0.0,25.613983154296875,25.607969284057617,0.03467215597629547,25.613983154296875,25.607969284057617,0.03467215597629547,25.613983154296875,25.607969284057617,0.03467215597629547,25.613983154296875,25.607969284057617,0.03467215597629547,24.50701904296875,24.5010929107666,0.030636483803391457,24.50701904296875,24.5010929107666,0.030636483803391457,24.50701904296875,24.5010929107666,0.030636483803391457,24.50701904296875,24.5010929107666,0.030636483803391457,25.663909912109375,25.709638595581055,0.10709305107593536,25.663909912109375,25.709638595581055,0.10709305107593536,25.663909912109375,25.709638595581055,0.10709305107593536,25.663909912109375,25.709638595581055,0.10709305107593536
LC08_L1TP_196028_20240813_20240822_02_T1,LANDSAT_8,20240813,geneva,196028,3.0,2.9200000762939453,0.27129319310188293,2.9115283489227295,3.0,3.0,2.880000114440918,0.430813193321228,2.9081339836120605,3.0,3.0,2.880000114440918,0.430813193321228,2.9035849571228027,3.0,24.09979248046875,24.098833084106445,0.06517604738473892,25.334686279296875,25.367889404296875,24.09979248046875,24.098833084106445,0.06517604738473892,25.332645416259766,25.367889404296875,24.10491943359375,24.100645065307617,0.06590054929256439,25.33307647705078,25.367889404296875,24.10491943359375,24.100645065307617,0.06590054929256439,25.332584381103516,25.367889404296875,21.77655029296875,21.761564254760742,0.051739808171987534,23.10956573486328,23.179901123046875,21.77655029296875,21.761564254760742,0.051739808171987534,23.107791900634766,23.179168701171875,21.77215576171875,21.759042739868164,0.05127648636698723,23.108247756958008,23.179443359375,21.77215576171875,21.759042739868164,0.05127648636698723,23.107812881469727,23.17919921875,21.576629638671875,21.58492660522461,0.07022369652986526,23.21709442138672,23.361419677734375,21.576629638671875,21.58492660522461,0.07022369652986526,23.215028762817383,23.360626220703125,21.57952880859375,21.58934783935547,0.06817962974309921,23.215557098388672,23.360992431640625,21.57952880859375,21.58934783935547,0.06817962974309921,23.21502685546875,23.360748291015625,2.0,2.0,0.0,2.0,2.0,0.0,2.0,2.0,0.0,25.384979248046875,25.387714385986328,0.03602999448776245,25.384979248046875,25.387714385986328,0.03602999448776245,25.384979248046875,25.387714385986328,0.03602999448776245,25.384979248046875,25.387714385986328,0.03602999448776245,23.3477783203125,23.3587703704834,0.0409843809902668,23.3477783203125,23.3587703704834,0.0409843809902668,23.3477783203125,23.3587703704834,0.0409843809902668,23.3477783203125,23.3587703704834,0.0409843809902668,23.82623291015625,23.8233699798584,0.01386419776827097,23.82623291015625,23.8233699798584,0.01386419776827097,23.82623291015625,23.8233699798584,0.01386419776827097,23.82623291015625,23.8233699798584,0.01386419776827097
LC08_L1TP_195028_20240822_20240830_02_T1,LANDSAT_8,20240822,geneva,195028,3.0,2.8399999141693115,0.4630334675312042,2.9953196048736572,3.0,3.0,2.8399999141693115,0.4630334675312042,2.9964370727539062,3.0,3.0,2.8399999141693115,0.4630334675312042,2.996285915374756,3.0,23.255523681640625,23.262357711791992,0.03711605817079544,23.128787994384766,23.070953369140625,23.258941650390625,23.262643814086914,0.0378546342253685,23.126983642578125,23.070953369140625,23.258941650390625,23.262643814086914,0.0378546342253685,23.126934051513672,23.070953369140625,23.258941650390625,23.262643814086914,0.0378546342253685,23.126916885375977,23.070953369140625,21.84393310546875,21.841758728027344,0.02580132521688938,21.825300216674805,21.783966064453125,21.84527587890625,21.842679977416992,0.025928210467100143,21.82357406616211,21.78369140625,21.84527587890625,21.842679977416992,0.025928210467100143,21.823530197143555,21.78369140625,21.84527587890625,21.842679977416992,0.025928210467100143,21.823528289794922,21.78369140625,23.416778564453125,23.417238235473633,0.04331422597169876,23.070575714111328,23.03314208984375,23.416366577148438,23.41481590270996,0.04251241683959961,23.06853485107422,23.0328369140625,23.416366577148438,23.41481590270996,0.04251241683959961,23.068498611450195,23.0328369140625,23.416366577148438,23.41481590270996,0.04251241683959961,23.06849479675293,23.0328369140625,3.0,3.0,0.0,3.0,3.0,0.0,3.0,3.0,0.0,23.142730712890625,23.146556854248047,0.03585213050246239,23.142730712890625,23.146556854248047,0.03585213050246239,23.142730712890625,23.146556854248047,0.03585213050246239,23.142730712890625,23.146556854248047,0.03585213050246239,21.9532470703125,21.95240020751953,0.03563052415847778,21.9532470703125,21.95240020751953,0.03563052415847778,21.9532470703125,21.95240020751953,0.03563052415847778,21.9532470703125,21.95240020751953,0.03563052415847778,23.0755615234375,23.04922866821289,0.11849948018789291,23.0755615234375,23.04922866821289,0.11849948018789291,23.0755615234375,23.04922866821289,0.11849948018789291,23.0755615234375,23.04922866821289,0.11849948018789291
LC08_L1TP_196028_20240829_20240905_02_T1,LANDSAT_8,20240829,geneva,196028,3.0,2.880000114440918,0.32496151328086853,2.987961530685425,3.0,3.0,2.880000114440918,0.32496151328086853,2.993217706680298,3.0,3.0,2.880000114440918,0.32496151328086853,2.9940338134765625,3.0,24.10321044921875,24.113737106323242,0.05026083067059517,23.806255340576172,23.781890869140625,24.10321044921875,24.113737106323242,0.05026083067059517,23.805082321166992,23.781890869140625,24.10321044921875,24.113737106323242,0.05026083067059517,23.805145263671875,23.781890869140625,24.10321044921875,24.113737106323242,0.05026083067059517,23.805137634277344,23.781890869140625,22.35015869140625,22.3609676361084,0.04892381653189659,22.36503791809082,22.361663818359375,22.35015869140625,22.3609676361084,0.04892381653189659,22.36406707763672,22.361328125,22.35015869140625,22.3609676361084,0.04892381653189659,22.364112854003906,22.361358642578125,22.35015869140625,22.3609676361084,0.04892381653189659,22.364107131958008,22.361343383789062,23.4365234375,23.437328338623047,0.07917045056819916,23.414386749267578,23.455230712890625,23.4365234375,23.437328338623047,0.07917045056819916,23.41326904296875,23.4547119140625,23.4365234375,23.437328338623047,0.07917045056819916,23.4133243560791,23.454742431640625,23.4365234375,23.437328338623047,0.07917045056819916,23.413326263427734,23.454742431640625,3.0,3.0,0.0,3.0,3.0,0.0,3.0,3.0,0.0,23.720367431640625,23.70382308959961,0.05404006317257881,23.720367431640625,23.70382308959961,0.05404006317257881,23.720367431640625,23.70382308959961,0.05404006317257881,23.720367431640625,23.70382308959961,0.05404006317257881,22.29248046875,22.271099090576172,0.060981180518865585,22.29248046875,22.271099090576172,0.060981180518865585,22.29248046875,22.271099090576172,0.060981180518865585,22.29248046875,22.271099090576172,0.060981180518865585,23.842132568359375,23.8017578125,0.11562395840883255,23.842132568359375,23.8017578125,0.11562395840883255,23.842132568359375,23.8017578125,0.11562395840883255,23.842132568359375,23.8017578125,0.11562395840883255
LC08_L1TP_195028_20240907_20240914_02_T1,LANDSAT_8,20240907,geneva,195028,,,,1.0,1.0,,,,1.0,1.0,,,,1.0,1.0,,,,7.358009338378906,7.522369384765625,,,,,,,,,,,,,,,,,,,5.716351509094238,5.902740478515625,,,,,,,,,,,,,,,,,,,-0.7325646281242371,-0.872528076171875,,,,,,,,,,,,,,,,,,,,,,,,,,,,,,,,,,,,,,,,,,,,,,,,,,,,,,,,,,,,
LC08_L1TP_196028_20240914_20240920_02_T1,LANDSAT_8,20240914,geneva,196028,1.0,1.159999966621399,0.36660605669021606,1.5269008874893188,2.0,2.0,1.9199999570846558,0.27129319310188293,1.6466971635818481,2.0,2.0,1.9199999570846558,0.27129319310188293,1.7147736549377441,2.0,17.503021240234375,17.485383987426758,0.043500203639268875,16.003782272338867,16.13922119140625,17.503021240234375,17.480804443359375,0.05242433026432991,16.18384552001953,16.49127197265625,17.499603271484375,17.48162269592285,0.04333069920539856,16.364580154418945,16.53570556640625,17.499603271484375,17.48162269592285,0.04333069920539856,16.310932159423828,16.46392822265625,16.677886962890625,16.672077178955078,0.04136952757835388,15.267967224121094,15.40374755859375,16.694671630859375,16.690093994140625,0.023998044431209564,15.445673942565918,15.753753662109375,16.6751708984375,16.669174194335938,0.041892968118190765,15.62425422668457,15.798324584960938,16.6751708984375,16.669174194335938,0.041892968118190765,15.571508407592773,15.72772216796875,16.625518798828125,16.623769760131836,0.023865271359682083,15.03276538848877,15.246337890625,16.60552978515625,16.60944366455078,0.026719454675912857,15.239826202392578,15.58026123046875,16.625152587890625,16.623241424560547,0.02478286437690258,15.501851081848145,15.621902465820312,16.625152587890625,16.623241424560547,0.02478286437690258,15.450119972229004,15.58013916015625,1.0,1.0,0.0,1.0,1.0,0.0,1.0,1.0,0.0,15.599151611328125,15.609405517578125,0.05066901072859764,,,,,,,,,,14.87139892578125,14.88049602508545,0.05179775878787041,,,,,,,,,,14.581695556640625,14.589041709899902,0.03844057023525238,,,,,,,,,
LC08_L1TP_196028_20240930_20241005_02_T1,LANDSAT_8,20240930,geneva,196028,2.0,1.8333333730697632,0.3726780116558075,1.6493538618087769,2.0,1.0,1.0555555820465088,0.22906143963336945,1.4808063507080078,1.0,1.0,1.3333333730697632,0.471404492855072,1.5807602405548096,2.0,11.571014404296875,11.517098426818848,0.7843542098999023,11.983415603637695,12.0546875,11.627410888671875,11.652262687683105,0.7922270894050598,12.30057144165039,12.3349609375,,,,12.601921081542969,12.953643798828125,11.210418701171875,11.071426391601562,0.7822176218032837,12.466262817382812,12.71435546875,10.40216064453125,10.194868087768555,0.6728336811065674,10.391685485839844,10.445938110351562,10.474365234375,10.292266845703125,0.6759448647499084,10.694411277770996,10.71417236328125,,,,10.996050834655762,11.34759521484375,9.641555786132812,9.730463981628418,0.7837087512016296,10.861074447631836,11.1068115234375,9.83489990234375,9.62295913696289,0.8224828243255615,9.681427955627441,9.681411743164062,10.000762939453125,9.717000007629395,0.8584189414978027,10.226715087890625,10.125656127929688,,,,10.68303108215332,11.090576171875,8.97528076171875,8.994969367980957,1.0030595064163208,10.466279029846191,10.650161743164062,,,,,,,,,,,,,,,,,,,,,,,,,,,,,,,,,,,,,,,,,,,,,
LC08_L1TP_195028_20241110_20241118_02_T1,LANDSAT_8,20241110,geneva,195028,3.0,2.880000114440918,0.32496151328086853,2.392415761947632,3.0,3.0,2.9200000762939453,0.27129319310188293,2.4769675731658936,3.0,3.0,2.880000114440918,0.32496151328086853,2.4397664070129395,3.0,13.356964111328125,13.364620208740234,0.0470070019364357,12.95687484741211,13.189483642578125,13.356964111328125,13.364620208740234,0.0470070019364357,13.182513236999512,13.295440673828125,13.356964111328125,13.364620208740234,0.0470070019364357,13.140124320983887,13.274932861328125,13.356964111328125,13.364620208740234,0.0470070019364357,13.140214920043945,13.274932861328125,12.829833984375,12.82383918762207,0.0427480973303318,12.440927505493164,12.688079833984375,12.829833984375,12.82383918762207,0.0427480973303318,12.677366256713867,12.796173095703125,12.829833984375,12.82383918762207,0.0427480973303318,12.633599281311035,12.77490234375,12.829833984375,12.82383918762207,0.0427480973303318,12.633513450622559,12.774078369140625,13.78460693359375,13.802716255187988,0.060416460037231445,13.22011947631836,13.5858154296875,13.78460693359375,13.802716255187988,0.060416460037231445,13.518091201782227,13.702957153320312,13.78460693359375,13.802716255187988,0.060416460037231445,13.465794563293457,13.6812744140625,13.78460693359375,13.802716255187988,0.060416460037231445,13.46611499786377,13.6805419921875,,,,,,,,,,,,,,,,,,,,,,,,,,,,,,,,,,,,,,,,,,,,,
LC08_L1TP_195028_20241212_20241218_02_T1,LANDSAT_8,20241212,geneva,195028,,,,1.0,1.0,,,,1.0,1.0,,,,1.0,1.0,,,,-0.7042415142059326,-0.67742919921875,,,,,,,,,,,,,,,,,,,-1.3799411058425903,-1.497161865234375,,,,,,,,,,,,,,,,,,,-1.6874903440475464,-1.8099365234375,,,,,,,,,,,,,,,,,,,,,,,,,,,,,,,,,,,,,,,,,,,,,,,,,,,,,,,,,,,,
LC08_L1TP_195028_20241228_20250104_02_T1,LANDSAT_8,20241228,geneva,195028,,,,,,,,,,,,,,,,,,,,,,,,,,,,,,,,,,,,,,,,,,,,,,,,,,,,,,,,,,,,,,,,,,,,,,,,,,,,,,,,,,,,,,,,,,,,,,,,,,,,,,,,,,,,,,,,,,,,,,,,
LC08_L1TP_195028_20250113_20250122_02_T1,LANDSAT_8,20250113,geneva,195028,3.0,2.9600000381469727,0.1959591656923294,2.8514184951782227,3.0,3.0,2.9600000381469727,0.1959591656923294,2.84336256980896,3.0,3.0,2.9600000381469727,0.1959591656923294,2.847860336303711,3.0,6.917388916015625,6.920259952545166,0.03903888911008835,6.9839653968811035,7.197662353515625,6.917388916015625,6.920259952545166,0.03903888911008835,7.103949546813965,7.211334228515625,6.917388916015625,6.920259952545166,0.03903888911008835,7.085444927215576,7.207916259765625,6.917388916015625,6.920259952545166,0.03903888911008835,7.084491729736328,7.207916259765625,6.414947509765625,6.419407844543457,0.03897085040807724,6.477431297302246,6.69378662109375,6.414947509765625,6.419407844543457,0.03897085040807724,6.602643013000488,6.707550048828125,6.414947509765625,6.419407844543457,0.03897085040807724,6.583521842956543,6.704010009765625,6.414947509765625,6.419407844543457,0.03897085040807724,6.58258581161499,6.703887939453125,6.68194580078125,6.684207916259766,0.051382794976234436,6.880894184112549,7.1475830078125,6.68194580078125,6.684207916259766,0.051382794976234436,7.053410530090332,7.169158935546875,6.68194580078125,6.684207916259766,0.051382794976234436,7.026640892028809,7.1636962890625,6.68194580078125,6.684207916259766,0.051382794976234436,7.025555610656738,7.163543701171875,3.0,3.0,0.0,3.0,3.0,0.0,3.0,3.0,0.0,7.310455322265625,7.301568508148193,0.05254341661930084,7.310455322265625,7.301568508148193,0.05254341661930084,7.310455322265625,7.301568508148193,0.05254341661930084,7.310455322265625,7.301568508148193,0.05254341661930084,6.813873291015625,6.807682991027832,0.05660102888941765,6.813873291015625,6.807682991027832,0.05660102888941765,6.813873291015625,6.807682991027832,0.05660102888941765,6.813873291015625,6.807682991027832,0.05660102888941765,7.12396240234375,7.139912128448486,0.0792049840092659,7.12396240234375,7.139912128448486,0.0792049840092659,7.12396240234375,7.139912128448486,0.0792049840092659,7.12396240234375,7.139912128448486,0.0792049840092659
LC08_L1TP_195028_20250129_20250131_02_T1,LANDSAT_8,20250129,geneva,195028,1.0,1.0800000429153442,0.27129319310188293,1.1478575468063354,1.0,2.0,2.0,0.0,1.4573465585708618,1.0,1.0,1.159999966621399,0.36660605669021606,1.4009802341461182,1.0,5.283599853515625,5.293169975280762,0.018696006387472153,2.5440163612365723,2.501312255859375,,,,4.396247863769531,4.2308349609375,5.283599853515625,5.293169975280762,0.018696006387472153,3.71627140045166,3.3831787109375,5.281890869140625,5.283599853515625,0.006394433788955212,3.64935302734375,3.352386474609375,4.66973876953125,4.675405502319336,0.024403272196650505,1.9160232543945312,1.8714599609375,,,,3.7387328147888184,3.585418701171875,4.66973876953125,4.675405502319336,0.024403272196650505,3.0774519443511963,2.7621307373046875,4.66497802734375,4.6713409423828125,0.014326312579214573,3.01166033744812,2.7309722900390625,5.272003173828125,5.245927810668945,0.08352092653512955,1.8819783926010132,1.8143310546875,,,,4.031282901763916,3.837432861328125,5.272003173828125,5.245927810668945,0.08352092653512955,3.2306668758392334,2.84674072265625,5.2637481689453125,5.2509002685546875,0.056562066078186035,3.15606427192688,2.8098297119140625,1.0,1.0,0.0,2.0,1.8799999952316284,0.3249615430831909,2.0,1.840000033378601,0.36660605669021606,3.4139404296875,3.399442195892334,0.03713091090321541,,,,3.4156494140625,3.4002630710601807,0.037082262337207794,3.4139404296875,3.398960590362549,0.037460118532180786,2.7978515625,2.7646117210388184,0.0629400983452797,,,,2.7995452880859375,2.7686004638671875,0.06390246003866196,2.801116943359375,2.768463134765625,0.06540308147668839,2.791656494140625,2.7695202827453613,0.0591646283864975,,,,2.7691192626953125,2.7603871822357178,0.057042378932237625,2.76708984375,2.758514404296875,0.05772024020552635
LC08_L1TP_195028_20250302_20250311_02_T1,LANDSAT_8,20250302,geneva,195028,3.0,2.9600000381469727,0.1959591656923294,2.7168190479278564,3.0,3.0,2.9600000381469727,0.1959591656923294,2.7591428756713867,3.0,3.0,2.9600000381469727,0.1959591656923294,2.746415615081787,3.0,7.488189697265625,7.501998424530029,0.03978351131081581,7.103126049041748,7.276275634765625,7.488189697265625,7.501998424530029,0.03978351131081581,7.219558238983154,7.296783447265625,7.488189697265625,7.501998424530029,0.03978351131081581,7.213287830352783,7.293365478515625,7.488189697265625,7.501998424530029,0.03978351131081581,7.210784912109375,7.293365478515625,6.8634033203125,6.87061882019043,0.034697603434324265,6.458482265472412,6.629119873046875,6.8634033203125,6.87061882019043,0.034697603434324265,6.573918342590332,6.647552490234375,6.8634033203125,6.87061882019043,0.034697603434324265,6.567798614501953,6.6458740234375,6.8634033203125,6.87061882019043,0.034697603434324265,6.565256595611572,6.64556884765625,7.842926025390625,7.826672554016113,0.08508358895778656,7.140241622924805,7.343994140625,7.842926025390625,7.826672554016113,0.08508358895778656,7.301799297332764,7.36431884765625,7.842926025390625,7.826672554016113,0.08508358895778656,7.293123245239258,7.3625640869140625,7.842926025390625,7.826672554016113,0.08508358895778656,7.289617538452148,7.3621826171875,,,,,,,,,,,,,,,,,,,,,,,,,,,,,,,,,,,,,,,,,,,,,
LC08_L1TP_195028_20250403_20250411_02_T1,LANDSAT_8,20250403,geneva,195028,1.0,1.0800000429153442,0.27129319310188293,1.6662890911102295,2.0,1.0,1.0,0.0,1.3721412420272827,1.0,1.0,1.0,0.0,1.3107625246047974,1.0,5.967193603515625,5.971978664398193,0.04195060953497887,5.7893877029418945,5.707427978515625,,,,6.219335556030273,6.144927978515625,,,,6.602736473083496,6.643951416015625,,,,6.648266315460205,6.958404541015625,5.159912109375,5.157426834106445,0.05000624433159828,4.998651027679443,4.9223785400390625,,,,5.415977478027344,5.344085693359375,,,,5.785670280456543,5.821136474609375,,,,5.828886985778809,6.123931884765625,4.575439453125,4.573502063751221,0.24527503550052643,4.275745391845703,4.2391204833984375,,,,4.897832870483398,4.820281982421875,,,,5.4450554847717285,5.486053466796875,,,,5.52235221862793,5.975006103515625,2.0,2.0,0.0,2.0,1.6799999475479126,0.4664761424064636,2.0,1.7599999904632568,0.42708316445350647,7.474517822265625,7.361451625823975,0.22432278096675873,7.474517822265625,7.361451625823975,0.22432278096675873,7.334381103515625,7.284317970275879,0.21582116186618805,7.334381103515625,7.294445037841797,0.2147073596715927,6.646148681640625,6.589623928070068,0.16070802509784698,6.646148681640625,6.589623928070068,0.16070802509784698,6.5106201171875,6.532517433166504,0.15831893682479858,6.53643798828125,6.5424275398254395,0.15668489038944244,6.885711669921875,6.870369911193848,0.16720427572727203,6.885711669921875,6.870369911193848,0.16720427572727203,6.885711669921875,6.878211498260498,0.16655929386615753,6.82794189453125,6.849299430847168,0.17756301164627075
LC08_L1TP_196028_20250410_20250416_02_T1,LANDSAT_8,20250410,geneva,196028,3.0,2.880000114440918,0.32496151328086853,2.6419503688812256,3.0,3.0,2.8399999141693115,0.4630334675312042,2.6045987606048584,3.0,3.0,2.799999952316284,0.5656853914260864,2.645294189453125,3.0,10.058563232421875,10.036415100097656,0.274318128824234,10.141440391540527,10.003875732421875,10.058563232421875,10.036415100097656,0.274318128824234,10.140070915222168,10.003875732421875,10.036346435546875,10.03221607208252,0.2791866660118103,10.164387702941895,10.007293701171875,10.014129638671875,10.022154808044434,0.2808990776538849,10.16697883605957,10.010711669921875,9.119049072265625,9.098759651184082,0.2346746176481247,9.46336841583252,9.347320556640625,9.119049072265625,9.098759651184082,0.2346746176481247,9.462383270263672,9.346832275390625,9.135833740234375,9.09816837310791,0.23949553072452545,9.485504150390625,9.349884033203125,9.119049072265625,9.095671653747559,0.2443404495716095,9.487914085388184,9.351119995117188,9.933135986328125,9.829581260681152,0.4850181043148041,9.958309173583984,9.868255615234375,9.933135986328125,9.829581260681152,0.4850181043148041,9.959239959716797,9.86865234375,9.900497436523438,9.824317932128906,0.49431949853897095,9.992981910705566,9.8743896484375,9.86785888671875,9.81078815460205,0.5005822777748108,9.99570083618164,9.875350952148438,2.0,2.0,0.0,2.0,2.0,0.0,2.0,2.0,0.0,10.027801513671875,10.022879600524902,0.05092732235789299,10.027801513671875,10.022879600524902,0.05092732235789299,10.027801513671875,10.022879600524902,0.05092732235789299,10.027801513671875,10.022879600524902,0.05092732235789299,9.372161865234375,9.3723726272583,0.04994551092386246,9.372161865234375,9.3723726272583,0.04994551092386246,9.372161865234375,9.3723726272583,0.04994551092386246,9.372161865234375,9.3723726272583,0.04994551092386246,10.062347412109375,10.068024635314941,0.02654833160340786,10.062347412109375,10.068024635314941,0.02654833160340786,10.062347412109375,10.068024635314941,0.02654833160340786,10.062347412109375,10.068024635314941,0.02654833160340786
LC08_L1TP_196028_20250613_20250626_02_T1,LANDSAT_8,20250613,geneva,196028,1.0,1.0,0.0,1.001993179321289,1.0,1.0,1.0,0.0,2.506232500076294,3.0,1.0,1.0,0.0,1.875084638595581,2.0,22.807769775390625,22.815288543701172,0.10283485800027847,22.734846115112305,22.756500244140625,,,,22.655099868774414,22.688140869140625,,,,22.775959014892578,22.763336181640625,,,,22.73681640625,22.715484619140625,20.93109130859375,20.937294006347656,0.09323306381702423,21.07887840270996,21.092727661132812,,,,21.06511688232422,21.09295654296875,,,,21.132814407348633,21.11260986328125,,,,21.094459533691406,21.06524658203125,21.945159912109375,21.993688583374023,0.19316212832927704,22.2276668548584,22.263900756835938,,,,22.45355987548828,22.386474609375,,,,22.38019561767578,22.344284057617188,,,,22.334274291992188,22.291091918945312,1.0,1.0,0.0,1.0,1.0,0.0,1.0,1.0399999618530273,0.1959591805934906,22.472808837890625,22.412513732910156,0.3642546236515045,,,,,,,,,,20.7763671875,20.780424118041992,0.3907592296600342,,,,,,,,,,21.6898193359375,21.685802459716797,0.1393187940120697,,,,,,,,,
LC08_L1TP_195028_20250622_20250630_02_T1,LANDSAT_8,20250622,geneva,195028,3.0,2.8399999141693115,0.3666060268878937,2.627037525177002,3.0,3.0,2.880000114440918,0.32496151328086853,2.619309902191162,3.0,3.0,2.880000114440918,0.32496151328086853,2.621797561645508,3.0,22.626617431640625,22.634136199951172,0.10850422084331512,23.202516555786133,23.501617431640625,22.626617431640625,22.634136199951172,0.10850422084331512,23.500925064086914,23.607574462890625,22.626617431640625,22.634136199951172,0.10850422084331512,23.56797218322754,23.638336181640625,22.626617431640625,22.634136199951172,0.10850422084331512,23.55744743347168,23.634918212890625,22.203948974609375,22.182985305786133,0.09456523507833481,22.727338790893555,23.061920166015625,22.203948974609375,22.182985305786133,0.09456523507833481,23.03171730041504,23.15740966796875,22.203948974609375,22.182985305786133,0.09456523507833481,23.09978485107422,23.183807373046875,22.203948974609375,22.182985305786133,0.09456523507833481,23.08942985534668,23.179611206054688,24.547882080078125,24.51885223388672,0.07122690230607986,24.1123046875,24.70013427734375,24.547882080078125,24.51885223388672,0.07122690230607986,24.57949447631836,24.805633544921875,24.547882080078125,24.51885223388672,0.07122690230607986,24.668703079223633,24.83612060546875,24.547882080078125,24.51885223388672,0.07122690230607986,24.65932846069336,24.832489013671875,3.0,3.0,0.0,3.0,3.0,0.0,3.0,3.0,0.0,23.296539306640625,23.305015563964844,0.06831233203411102,23.296539306640625,23.305015563964844,0.06831233203411102,23.296539306640625,23.305015563964844,0.06831233203411102,23.296539306640625,23.305015563964844,0.06831233203411102,22.903289794921875,22.893808364868164,0.06920407712459564,22.903289794921875,22.893808364868164,0.06920407712459564,22.903289794921875,22.893808364868164,0.06920407712459564,22.903289794921875,22.893808364868164,0.06920407712459564,24.37066650390625,24.37148666381836,0.0313473641872406,24.37066650390625,24.37148666381836,0.0313473641872406,24.37066650390625,24.37148666381836,0.0313473641872406,24.37066650390625,24.37148666381836,0.0313473641872406
LC08_L1TP_196028_20250629_20250711_02_T1,LANDSAT_8,20250629,geneva,196028,3.0,2.8399999141693115,0.4630334675312042,2.082312822341919,2.0,3.0,2.8399999141693115,0.4630334675312042,2.0762860774993896,2.0,3.0,2.880000114440918,0.430813193321228,2.103247880935669,2.0,27.856170654296875,27.909086227416992,0.1555968075990677,26.472991943359375,26.324920654296875,27.854461669921875,27.902318954467773,0.15515734255313873,26.65029525756836,26.502655029296875,27.854461669921875,27.902318954467773,0.15515734255313873,26.67363739013672,26.523162841796875,27.854461669921875,27.902318954467773,0.15515734255313873,26.652359008789062,26.502655029296875,27.481475830078125,27.524307250976562,0.15772560238838196,25.72773551940918,25.5699462890625,27.468780517578125,27.518646240234375,0.1584738790988922,25.863506317138672,25.681472778320312,27.468780517578125,27.518646240234375,0.1584738790988922,25.88611602783203,25.697906494140625,27.468780517578125,27.518646240234375,0.1584738790988922,25.868568420410156,25.680908203125,30.400482177734375,30.437089920043945,0.24309712648391724,28.645126342773438,28.4525146484375,30.390213012695312,30.42889976501465,0.24470564723014832,28.71185874938965,28.45806884765625,30.390213012695312,30.42889976501465,0.24470564723014832,28.730342864990234,28.465728759765625,30.390213012695312,30.42889976501465,0.24470564723014832,28.71586799621582,28.4566650390625,1.0,1.0,0.0,1.0,1.0,0.0,1.0,1.0,0.0,26.622283935546875,26.595352172851562,0.28723031282424927,,,,,,,,,,26.05303955078125,26.036052703857422,0.34844303131103516,,,,,,,,,,28.80621337890625,28.789873123168945,0.0893489196896553,,,,,,,,,
LC08_L1TP_195028_20250708_20250715_02_T1,LANDSAT_8,20250708,geneva,195028,,,,2.676856756210327,3.0,,,,2.8018598556518555,3.0,,,,2.7188289165496826,3.0,,,,21.662771224975586,21.700347900390625,,,,21.671680450439453,21.703765869140625,,,,21.6745662689209,21.707183837890625,,,,21.67490005493164,21.707183837890625,,,,13.707010269165039,13.747283935546875,,,,13.723134994506836,13.757781982421875,,,,13.728575706481934,13.760986328125,,,,13.72896957397461,13.7611083984375,,,,10.563335418701172,10.668212890625,,,,10.597618103027344,10.685638427734375,,,,10.606180191040039,10.69049072265625,,,,10.605790138244629,10.69049072265625,,,,,,,,,,,,,,,,,,,,,,,,,,,,,,,,,,,,,,,,,,,,,
LC09_L1TP_195028_20211106_20230507_02_T1,LANDSAT_9,20211106,geneva,195028,3.0,2.9200000762939453,0.27129319310188293,2.690056800842285,3.0,3.0,2.9600000381469727,0.1959591656923294,2.723581075668335,3.0,3.0,2.9200000762939453,0.27129319310188293,2.7273778915405273,3.0,12.47509765625,12.482207298278809,0.044015370309352875,12.162153244018555,12.33837890625,12.47509765625,12.482207298278809,0.044015370309352875,12.297727584838867,12.36572265625,12.47509765625,12.482207298278809,0.044015370309352875,12.280294418334961,12.35888671875,12.47509765625,12.482207298278809,0.044015370309352875,12.27469539642334,12.35888671875,11.780975341796875,11.786948204040527,0.05021718889474869,11.502782821655273,11.679229736328125,11.780975341796875,11.786948204040527,0.05021718889474869,11.642754554748535,11.7061767578125,11.780975341796875,11.786948204040527,0.05021718889474869,11.625564575195312,11.70086669921875,11.780975341796875,11.786948204040527,0.05021718889474869,11.620100975036621,11.6995849609375,13.266937255859375,13.291302680969238,0.07625698298215866,12.781473159790039,13.044219970703125,13.266937255859375,13.291302680969238,0.07625698298215866,12.986889839172363,13.08135986328125,13.266937255859375,13.291302680969238,0.07625698298215866,12.960968971252441,13.074005126953125,13.266937255859375,13.291302680969238,0.07625698298215866,12.952889442443848,13.072158813476562,3.0,3.0,0.0,3.0,3.0,0.0,3.0,3.0,0.0,12.33154296875,12.329492568969727,0.030905695632100105,12.33154296875,12.329492568969727,0.030905695632100105,12.33154296875,12.329492568969727,0.030905695632100105,12.33154296875,12.329492568969727,0.030905695632100105,11.689117431640625,11.689932823181152,0.028910821303725243,11.689117431640625,11.689932823181152,0.028910821303725243,11.689117431640625,11.689932823181152,0.028910821303725243,11.689117431640625,11.689932823181152,0.028910821303725243,12.966217041015625,12.966211318969727,0.017221936956048012,12.966217041015625,12.966211318969727,0.017221936956048012,12.966217041015625,12.966211318969727,0.017221936956048012,12.966217041015625,12.966211318969727,0.017221936956048012
LC09_L1TP_195028_20211212_20230505_02_T1,LANDSAT_9,20211212,geneva,195028,,,,1.195870041847229,1.0,,,,1.3238584995269775,1.0,,,,1.270094633102417,1.0,,,,3.272064685821533,3.037933349609375,,,,6.341370105743408,6.302154541015625,,,,5.643327236175537,5.683502197265625,,,,5.9077467918396,5.926177978515625,,,,2.8484630584716797,2.627960205078125,,,,5.894123554229736,5.86309814453125,,,,5.20655632019043,5.245330810546875,,,,5.46315860748291,5.49139404296875,,,,2.809720754623413,2.434112548828125,,,,6.205536842346191,6.1623077392578125,,,,5.392001628875732,5.4481048583984375,,,,5.7024102210998535,5.71575927734375,1.0,1.0,0.0,1.0,1.0,0.0,1.0,1.0,0.0,4.832427978515625,4.854027271270752,0.15128251910209656,,,,,,,,,,4.44775390625,4.470778942108154,0.15640847384929657,,,,,,,,,,4.735076904296875,4.740530014038086,0.17522405087947845,,,,,,,,,
LC09_L1TP_195028_20220113_20230502_02_T1,LANDSAT_9,20220113,geneva,195028,3.0,2.9600000381469727,0.1959591656923294,2.765756368637085,3.0,3.0,3.0,0.0,2.8212263584136963,3.0,3.0,2.9600000381469727,0.1959591656923294,2.801743745803833,3.0,6.650787353515625,6.637115478515625,0.06254789233207703,6.589709758758545,6.719146728515625,6.650787353515625,6.637115478515625,0.06254789233207703,6.65025520324707,6.732818603515625,6.650787353515625,6.637115478515625,0.06254789233207703,6.637918472290039,6.729400634765625,6.650787353515625,6.637115478515625,0.06254789233207703,6.6384148597717285,6.729400634765625,6.159149169921875,6.158279895782471,0.05399239808320999,6.141572952270508,6.269439697265625,6.159149169921875,6.158279895782471,0.05399239808320999,6.2052764892578125,6.281494140625,6.159149169921875,6.158279895782471,0.05399239808320999,6.192746639251709,6.278289794921875,6.159149169921875,6.158279895782471,0.05399239808320999,6.193332195281982,6.2781982421875,6.52899169921875,6.53839111328125,0.05037083849310875,6.4132843017578125,6.58697509765625,6.52899169921875,6.53839111328125,0.05037083849310875,6.50797700881958,6.6002197265625,6.52899169921875,6.53839111328125,0.05037083849310875,6.489864826202393,6.596710205078125,6.52899169921875,6.53839111328125,0.05037083849310875,6.4905924797058105,6.59661865234375,2.0,1.7083333730697632,0.45452964305877686,2.0,2.125,0.7806247472763062,2.0,2.0,0.7071067690849304,6.314117431640625,6.235361576080322,0.26001468300819397,6.414947509765625,6.365889549255371,0.14336758852005005,6.384185791015625,6.32930850982666,0.2053326517343521,6.384185791015625,6.335004806518555,0.1887536495923996,5.69171142578125,5.6342644691467285,0.3519442677497864,5.84771728515625,5.797384738922119,0.22201141715049744,5.8253326416015625,5.751486778259277,0.28699013590812683,5.8253326416015625,5.766801834106445,0.2499028444290161,5.6523284912109375,5.567310333251953,0.5128191709518433,5.810577392578125,5.814892768859863,0.33017295598983765,5.803131103515625,5.748395919799805,0.42205315828323364,5.803131103515625,5.766374588012695,0.37812259793281555
LC09_L1TP_195028_20220129_20230430_02_T1,LANDSAT_9,20220129,geneva,195028,3.0,2.9200000762939453,0.27129319310188293,2.8197999000549316,3.0,3.0,2.9200000762939453,0.27129319310188293,2.8333849906921387,3.0,3.0,2.9200000762939453,0.27129319310188293,2.830472946166992,3.0,6.708892822265625,6.704654693603516,0.028388159349560738,6.687517166137695,6.784088134765625,6.708892822265625,6.704654693603516,0.028388159349560738,6.748959064483643,6.794342041015625,6.708892822265625,6.704654693603516,0.028388159349560738,6.7433366775512695,6.790924072265625,6.708892822265625,6.704654693603516,0.028388159349560738,6.741644382476807,6.790924072265625,5.921356201171875,5.922152042388916,0.03519035875797272,5.965158462524414,6.064300537109375,5.921356201171875,5.922152042388916,0.03519035875797272,6.027243137359619,6.072479248046875,5.921356201171875,5.922152042388916,0.03519035875797272,6.0216240882873535,6.0714111328125,5.921356201171875,5.922152042388916,0.03519035875797272,6.019947528839111,6.0711669921875,6.213653564453125,6.223275184631348,0.03357618674635887,6.332286357879639,6.4603271484375,6.213653564453125,6.223275184631348,0.03357618674635887,6.420318603515625,6.469268798828125,6.213653564453125,6.223275184631348,0.03357618674635887,6.41257905960083,6.468231201171875,6.213653564453125,6.223275184631348,0.03357618674635887,6.410243034362793,6.46795654296875,3.0,3.0,0.0,3.0,3.0,0.0,3.0,3.0,0.0,6.797760009765625,6.79051399230957,0.020786646753549576,6.797760009765625,6.79051399230957,0.020786646753549576,6.797760009765625,6.79051399230957,0.020786646753549576,6.797760009765625,6.79051399230957,0.020786646753549576,6.076904296875,6.069684982299805,0.023539863526821136,6.076904296875,6.069684982299805,0.023539863526821136,6.076904296875,6.069684982299805,0.023539863526821136,6.076904296875,6.069684982299805,0.023539863526821136,6.476226806640625,6.477584362030029,0.04608999937772751,6.476226806640625,6.477584362030029,0.04608999937772751,6.476226806640625,6.477584362030029,0.04608999937772751,6.476226806640625,6.477584362030029,0.04608999937772751
LC09_L1TP_196028_20220205_20230429_02_T1,LANDSAT_9,20220205,geneva,196028,3.0,2.9200000762939453,0.27129319310188293,2.997138261795044,3.0,3.0,2.9200000762939453,0.27129319310188293,2.997753858566284,3.0,3.0,2.9200000762939453,0.27129319310188293,2.9979004859924316,3.0,7.084869384765625,7.088834285736084,0.042828988283872604,6.866022109985352,6.852447509765625,7.084869384765625,7.088834285736084,0.042828988283872604,6.865181922912598,6.852447509765625,7.084869384765625,7.088834285736084,0.042828988283872604,6.865232944488525,6.852447509765625,7.084869384765625,7.088834285736084,0.042828988283872604,6.865302085876465,6.852447509765625,6.5367431640625,6.542243480682373,0.045018430799245834,6.300722122192383,6.2852783203125,6.5367431640625,6.542243480682373,0.045018430799245834,6.300070762634277,6.285186767578125,6.5367431640625,6.542243480682373,0.045018430799245834,6.300119876861572,6.285186767578125,6.5367431640625,6.542243480682373,0.045018430799245834,6.300172805786133,6.285186767578125,7.23114013671875,7.237725734710693,0.05873623862862587,7.018558025360107,7.0177001953125,7.23114013671875,7.237725734710693,0.05873623862862587,7.017740726470947,7.01751708984375,7.23114013671875,7.237725734710693,0.05873623862862587,7.0178022384643555,7.017547607421875,7.23114013671875,7.237725734710693,0.05873623862862587,7.0178656578063965,7.0175628662109375,3.0,3.0,0.0,3.0,3.0,0.0,3.0,3.0,0.0,6.852447509765625,6.853677749633789,0.049027349799871445,6.852447509765625,6.853677749633789,0.049027349799871445,6.852447509765625,6.853677749633789,0.049027349799871445,6.852447509765625,6.853677749633789,0.049027349799871445,6.267425537109375,6.266684532165527,0.05373011901974678,6.267425537109375,6.266684532165527,0.05373011901974678,6.267425537109375,6.266684532165527,0.05373011901974678,6.267425537109375,6.266684532165527,0.05373011901974678,6.853912353515625,6.84390115737915,0.02832506038248539,6.853912353515625,6.84390115737915,0.02832506038248539,6.853912353515625,6.84390115737915,0.02832506038248539,6.853912353515625,6.84390115737915,0.02832506038248539
LC09_L1TP_196028_20220309_20230425_02_T1,LANDSAT_9,20220309,geneva,196028,3.0,2.9200000762939453,0.27129319310188293,2.9922304153442383,3.0,3.0,2.9200000762939453,0.27129319310188293,2.9962334632873535,3.0,3.0,2.9200000762939453,0.27129319310188293,2.99430513381958,3.0,7.057525634765625,7.06736946105957,0.03954600542783737,6.9335103034973145,6.896881103515625,7.057525634765625,7.06736946105957,0.03954600542783737,6.932107448577881,6.896881103515625,7.057525634765625,7.06736946105957,0.03954600542783737,6.93209981918335,6.896881103515625,7.057525634765625,7.06736946105957,0.03954600542783737,6.932078838348389,6.896881103515625,6.471954345703125,6.485957145690918,0.03941554203629494,6.291916847229004,6.256622314453125,6.471954345703125,6.485957145690918,0.03941554203629494,6.290724277496338,6.256561279296875,6.471954345703125,6.485957145690918,0.03941554203629494,6.290715217590332,6.256561279296875,6.471954345703125,6.485957145690918,0.03941554203629494,6.2906951904296875,6.256561279296875,7.17578125,7.192398548126221,0.07151810079813004,6.771131992340088,6.745086669921875,7.17578125,7.192398548126221,0.07151810079813004,6.769782543182373,6.744964599609375,7.17578125,7.192398548126221,0.07151810079813004,6.769763469696045,6.744964599609375,7.17578125,7.192398548126221,0.07151810079813004,6.769740581512451,6.744964599609375,3.0,3.0,0.0,3.0,3.0,0.0,3.0,3.0,0.0,7.037017822265625,7.035650730133057,0.04218388348817825,7.037017822265625,7.035650730133057,0.04218388348817825,7.037017822265625,7.035650730133057,0.04218388348817825,7.037017822265625,7.035650730133057,0.04218388348817825,6.37591552734375,6.389367580413818,0.041565533727407455,6.37591552734375,6.389367580413818,0.041565533727407455,6.37591552734375,6.389367580413818,0.041565533727407455,6.37591552734375,6.389367580413818,0.041565533727407455,6.63531494140625,6.644431114196777,0.09598446637392044,6.63531494140625,6.644431114196777,0.09598446637392044,6.63531494140625,6.644431114196777,0.09598446637392044,6.63531494140625,6.644431114196777,0.09598446637392044
LC09_L1TP_196028_20220325_20230424_02_T1,LANDSAT_9,20220325,geneva,196028,3.0,2.759999990463257,0.42708316445350647,2.9761664867401123,3.0,3.0,2.8399999141693115,0.5425863862037659,2.98966908454895,3.0,3.0,2.880000114440918,0.430813193321228,2.99017071723938,3.0,10.287567138671875,10.295086860656738,0.09271708875894547,9.667367935180664,9.621063232421875,10.287567138671875,10.295086860656738,0.09271708875894547,9.664569854736328,9.621063232421875,10.287567138671875,10.289499282836914,0.0944305807352066,9.664464950561523,9.621063232421875,10.287567138671875,10.29155445098877,0.09296658635139465,9.664222717285156,9.621063232421875,9.605560302734375,9.589704513549805,0.09413694590330124,8.998244285583496,8.95794677734375,9.605560302734375,9.589704513549805,0.09413694590330124,8.99578857421875,8.957275390625,9.605499267578125,9.585561752319336,0.09668048471212387,8.995682716369629,8.957199096679688,9.60552978515625,9.586531639099121,0.09475897997617722,8.995471000671387,8.957183837890625,10.46197509765625,10.453346252441406,0.14236201345920563,9.638056755065918,9.582183837890625,10.46197509765625,10.453346252441406,0.14236201345920563,9.635430335998535,9.581451416015625,10.46197509765625,10.449226379394531,0.1469658762216568,9.635324478149414,9.5814208984375,10.456298828125,10.449284553527832,0.14387176930904388,9.635091781616211,9.58135986328125,3.0,3.0,0.0,3.0,3.0,0.0,3.0,3.0,0.0,9.306610107421875,9.303328514099121,0.028043679893016815,9.306610107421875,9.303328514099121,0.028043679893016815,9.306610107421875,9.303328514099121,0.028043679893016815,9.306610107421875,9.303328514099121,0.028043679893016815,8.6248779296875,8.620170593261719,0.03210476413369179,8.6248779296875,8.620170593261719,0.03210476413369179,8.6248779296875,8.620170593261719,0.03210476413369179,8.6248779296875,8.620170593261719,0.03210476413369179,9.062774658203125,9.050448417663574,0.051252324134111404,9.062774658203125,9.050448417663574,0.051252324134111404,9.062774658203125,9.050448417663574,0.051252324134111404,9.062774658203125,9.050448417663574,0.051252324134111404
LC09_L1TP_196028_20220410_20230422_02_T1,LANDSAT_9,20220410,geneva,196028,2.0,2.0,0.0,2.5847089290618896,3.0,2.0,2.0,0.0,2.590318202972412,3.0,2.0,2.0,0.0,2.575716018676758,3.0,7.505279541015625,7.501861572265625,0.04588742181658745,7.499120712280273,7.488189697265625,7.505279541015625,7.501861572265625,0.04588742181658745,7.496587753295898,7.488189697265625,7.505279541015625,7.501861572265625,0.04588742181658745,7.496160507202148,7.488189697265625,7.505279541015625,7.501861572265625,0.04588742181658745,7.4961347579956055,7.488189697265625,6.98046875,6.971908092498779,0.05491156876087189,6.923662185668945,6.91693115234375,6.98046875,6.971908092498779,0.05491156876087189,6.921391010284424,6.9165191650390625,6.98046875,6.971908092498779,0.05491156876087189,6.920984745025635,6.916412353515625,6.98046875,6.971908092498779,0.05491156876087189,6.9209980964660645,6.91632080078125,7.566925048828125,7.554759502410889,0.08763503283262253,7.409185886383057,7.400604248046875,7.566925048828125,7.554759502410889,0.08763503283262253,7.406767845153809,7.4000701904296875,7.566925048828125,7.554759502410889,0.08763503283262253,7.40634298324585,7.399932861328125,7.566925048828125,7.554759502410889,0.08763503283262253,7.406338214874268,7.399871826171875,2.0,2.0,0.0,2.0,2.0,0.0,2.0,2.0,0.0,6.838775634765625,6.840689659118652,0.04282244294881821,6.838775634765625,6.840689659118652,0.04282244294881821,6.838775634765625,6.840689659118652,0.04282244294881821,6.838775634765625,6.840689659118652,0.04282244294881821,6.25897216796875,6.2677001953125,0.03861447051167488,6.25897216796875,6.2677001953125,0.03861447051167488,6.25897216796875,6.2677001953125,0.03861447051167488,6.25897216796875,6.2677001953125,0.03861447051167488,6.4776611328125,6.462399959564209,0.0512285940349102,6.4776611328125,6.462399959564209,0.0512285940349102,6.4776611328125,6.462399959564209,0.0512285940349102,6.4776611328125,6.462399959564209,0.0512285940349102
LC09_L1TP_195028_20220419_20230421_02_T1,LANDSAT_9,20220419,geneva,195028,,,,1.02535080909729,1.0,,,,1.2890753746032715,1.0,,,,1.1495622396469116,1.0,,,,3.250582456588745,3.304534912109375,,,,5.856924057006836,5.442535400390625,,,,3.9912664890289307,4.1146240234375,,,,3.5927858352661133,3.6531982421875,,,,2.7535107135772705,2.8106536865234375,,,,5.29221773147583,4.881805419921875,,,,3.47344970703125,3.589508056640625,,,,3.087804079055786,3.1500396728515625,,,,1.6166731119155884,1.557891845703125,,,,4.897680759429932,4.3529205322265625,,,,2.4622559547424316,2.573272705078125,,,,2.1929264068603516,2.2868804931640625,,,,,,,,,,,,,,,,,,,,,,,,,,,,,,,,,,,,,,,,,,,,,
LC09_L1TP_196028_20220512_20230417_02_T1,LANDSAT_9,20220512,geneva,196028,,,,1.5032620429992676,2.0,,,,1.3468958139419556,1.0,,,,1.3191628456115723,1.0,,,,8.853561401367188,9.169891357421875,,,,10.053754806518555,10.058563232421875,,,,8.878055572509766,9.135711669921875,,,,9.056866645812988,9.176727294921875,,,,7.876495838165283,8.169708251953125,,,,8.972038269042969,8.965255737304688,,,,7.909754276275635,8.14080810546875,,,,8.07144832611084,8.1778564453125,,,,6.470666885375977,6.82269287109375,,,,7.832457542419434,7.8274383544921875,,,,6.5283708572387695,6.825439453125,,,,6.70341682434082,6.881256103515625,,,,,,,,,,,,,,,,,,,,,,,,,,,,,,,,,,,,,,,,,,,,,
LC09_L1TP_195028_20220521_20230415_02_T1,LANDSAT_9,20220521,geneva,195028,2.0,2.1600000858306885,0.4630334973335266,2.4390947818756104,2.0,3.0,2.680000066757202,0.4664761424064636,2.672318935394287,3.0,3.0,2.680000066757202,0.4664761424064636,2.6599905490875244,3.0,20.8150634765625,20.833524703979492,0.09332314878702164,18.96201515197754,18.836029052734375,20.8116455078125,20.834293365478516,0.09516985714435577,18.956546783447266,18.832611083984375,20.8150634765625,20.833524703979492,0.09332314878702164,18.95705795288086,18.832611083984375,20.8150634765625,20.833524703979492,0.09332314878702164,18.95694351196289,18.832611083984375,18.4774169921875,18.481386184692383,0.0644976943731308,16.864748001098633,16.754241943359375,18.481307983398438,18.482332229614258,0.06565793603658676,16.860197067260742,16.7530517578125,18.4774169921875,18.481386184692383,0.0644976943731308,16.86049461364746,16.753265380859375,18.4774169921875,18.481386184692383,0.0644976943731308,16.86039161682129,16.753204345703125,18.183135986328125,18.21805191040039,0.08948181569576263,16.52217674255371,16.330001831054688,18.187545776367188,18.220735549926758,0.09033529460430145,16.517929077148438,16.3291015625,18.183135986328125,18.21805191040039,0.08948181569576263,16.51820945739746,16.329345703125,18.183135986328125,18.21805191040039,0.08948181569576263,16.51813507080078,16.329254150390625,2.0,2.0,0.0,2.0,2.0,0.0,2.0,2.0,0.0,18.097747802734375,18.115795135498047,0.08324431627988815,18.097747802734375,18.115795135498047,0.08324431627988815,18.097747802734375,18.115795135498047,0.08324431627988815,18.097747802734375,18.115795135498047,0.08324431627988815,16.204345703125,16.21621322631836,0.05434134230017662,16.204345703125,16.21621322631836,0.05434134230017662,16.204345703125,16.21621322631836,0.05434134230017662,16.204345703125,16.21621322631836,0.05434134230017662,15.834503173828125,15.858116149902344,0.09825222939252853,15.834503173828125,15.858116149902344,0.09825222939252853,15.834503173828125,15.858116149902344,0.09825222939252853,15.834503173828125,15.858116149902344,0.09825222939252853
LC09_L1TP_196028_20220528_20230415_02_T1,LANDSAT_9,20220528,geneva,196028,1.0,1.0,0.0,1.0375334024429321,1.0,1.0,1.0,0.0,1.0450636148452759,1.0,1.0,1.0,0.0,1.0599136352539062,1.0,19.635833740234375,19.63733673095703,0.07103509455919266,18.920183181762695,18.883880615234375,,,,19.405378341674805,19.153900146484375,,,,19.42424964904785,19.153900146484375,,,,19.4570369720459,19.225677490234375,18.648162841796875,18.65121841430664,0.0652286484837532,17.98634147644043,17.957916259765625,,,,18.409440994262695,18.203231811523438,,,,18.42779541015625,18.207672119140625,,,,18.45830535888672,18.276031494140625,19.9949951171875,20.00604820251465,0.04782339185476303,19.045948028564453,18.996612548828125,,,,19.584909439086914,19.358673095703125,,,,19.59913444519043,19.36248779296875,,,,19.572357177734375,19.341705322265625,1.0,1.0,0.0,1.0,1.0,0.0,1.0,1.3200000524520874,0.4664761424064636,19.417083740234375,19.417766571044922,0.03217977285385132,,,,,,,19.415374755859375,19.418365478515625,0.04443154111504555,18.489105224609375,18.498157501220703,0.029925553128123283,,,,,,,18.501052856445312,18.504955291748047,0.0335376113653183,19.41558837890625,19.42801856994629,0.0884801372885704,,,,,,,19.382598876953125,19.40167236328125,0.059955205768346786
LC09_L1TP_195028_20220606_20230414_02_T1,LANDSAT_9,20220606,geneva,195028,,,,1.5466053485870361,2.0,,,,1.7904714345932007,2.0,,,,1.8704639673233032,2.0,,,,17.738243103027344,18.179779052734375,,,,18.159086227416992,18.634368896484375,,,,18.165172576904297,18.566009521484375,,,,17.939760208129883,18.371185302734375,,,,15.453153610229492,15.946075439453125,,,,15.852224349975586,16.376190185546875,,,,15.861437797546387,16.30999755859375,,,,15.653491020202637,16.133804321289062,,,,14.832159996032715,15.673553466796875,,,,15.677807807922363,16.46417236328125,,,,15.714133262634277,16.377105712890625,,,,15.360269546508789,16.073806762695312,,,,,,,,,,,,,,,,,,,,,,,,,,,,,,,,,,,,,,,,,,,,,
LC09_L1TP_196028_20220613_20230412_02_T1,LANDSAT_9,20220613,geneva,196028,,,,1.8907161951065063,2.0,,,,2.018484115600586,2.0,,,,2.0332353115081787,2.0,,,,21.494213104248047,21.450836181640625,,,,21.68632698059082,21.563629150390625,,,,21.674108505249023,21.556793212890625,,,,21.644821166992188,21.546539306640625,,,,19.409866333007812,19.376983642578125,,,,19.60070037841797,19.5126953125,,,,19.587793350219727,19.504241943359375,,,,19.563011169433594,19.5003662109375,,,,19.294776916503906,19.285064697265625,,,,19.500436782836914,19.44061279296875,,,,19.485078811645508,19.42877197265625,,,,19.461566925048828,19.424591064453125,1.0,1.0399999618530273,0.1959591805934906,1.0,1.0800000429153442,0.3919183611869812,1.0,1.0800000429153442,0.3919183611869812,22.284820556640625,22.273609161376953,0.06071697920560837,,,,,,,,,,20.22528076171875,20.23912239074707,0.05764888972043991,,,,,,,,,,20.100494384765625,20.105854034423828,0.052616752684116364,,,,,,,,,
LC09_L1TP_196028_20220629_20230409_02_T1,LANDSAT_9,20220629,geneva,196028,3.0,2.759999990463257,0.5122499465942383,2.959094285964966,3.0,3.0,2.759999990463257,0.5122499465942383,2.9679131507873535,3.0,3.0,2.759999990463257,0.5122499465942383,2.9638359546661377,3.0,25.00555419921875,25.01007652282715,0.023746557533740997,24.245426177978516,24.33221435546875,25.00555419921875,25.010976791381836,0.023814354091882706,24.24249839782715,24.33221435546875,25.00555419921875,25.010976791381836,0.023814354091882706,24.242494583129883,24.33221435546875,25.00555419921875,25.010976791381836,0.023814354091882706,24.242509841918945,24.33221435546875,23.29815673828125,23.3016300201416,0.02682989463210106,22.928691864013672,22.891143798828125,23.29864501953125,23.301986694335938,0.02732609398663044,22.92582893371582,22.89031982421875,23.29864501953125,23.301986694335938,0.02732609398663044,22.925792694091797,22.890289306640625,23.29864501953125,23.301986694335938,0.02732609398663044,22.925817489624023,22.890228271484375,24.567474365234375,24.5695858001709,0.07497827708721161,24.237655639648438,24.219696044921875,24.577316284179688,24.5699405670166,0.07650379091501236,24.234432220458984,24.218780517578125,24.577316284179688,24.5699405670166,0.07650379091501236,24.234384536743164,24.21875,24.577316284179688,24.5699405670166,0.07650379091501236,24.234420776367188,24.218719482421875,3.0,3.0,0.0,3.0,3.0,0.0,3.0,3.0,0.0,23.385406494140625,23.388412475585938,0.08412548154592514,23.385406494140625,23.388412475585938,0.08412548154592514,23.385406494140625,23.388412475585938,0.08412548154592514,23.385406494140625,23.388412475585938,0.08412548154592514,22.518310546875,22.536924362182617,0.09140244871377945,22.518310546875,22.536924362182617,0.09140244871377945,22.518310546875,22.536924362182617,0.09140244871377945,22.518310546875,22.536924362182617,0.09140244871377945,23.97113037109375,23.946514129638672,0.22631999850273132,23.97113037109375,23.946514129638672,0.22631999850273132,23.97113037109375,23.946514129638672,0.22631999850273132,23.97113037109375,23.946514129638672,0.22631999850273132
LC09_L1TP_195028_20220708_20230408_02_T1,LANDSAT_9,20220708,geneva,195028,2.0,1.840000033378601,0.36660605669021606,1.9947024583816528,2.0,2.0,1.840000033378601,0.4630334973335266,2.0163674354553223,2.0,2.0,1.8799999952316284,0.430813193321228,2.0041255950927734,2.0,22.387359619140625,22.394878387451172,0.06920859217643738,22.337430953979492,22.319000244140625,22.387359619140625,22.392730712890625,0.07435140758752823,22.332677841186523,22.319000244140625,22.392486572265625,22.393169403076172,0.07616090029478073,22.333219528198242,22.319000244140625,22.387359619140625,22.392730712890625,0.07435140758752823,22.32763671875,22.312164306640625,21.35772705078125,21.351049423217773,0.06617184728384018,21.397092819213867,21.379486083984375,21.347259521484375,21.345117568969727,0.06993934512138367,21.39277458190918,21.377166748046875,21.34906005859375,21.34710693359375,0.07108426094055176,21.393327713012695,21.377716064453125,21.350860595703125,21.347780227661133,0.06943636387586594,21.387657165527344,21.37127685546875,22.522430419921875,22.491430282592773,0.11658048629760742,22.305814743041992,22.217681884765625,22.500762939453125,22.481170654296875,0.12395865470170975,22.299724578857422,22.214111328125,22.5115966796875,22.480880737304688,0.12701287865638733,22.30010986328125,22.214385986328125,22.505157470703125,22.482036590576172,0.12405964732170105,22.292762756347656,22.207427978515625,2.0,2.0,0.0,2.0,2.0,0.0,2.0,2.0,0.0,22.811187744140625,22.819664001464844,0.03702933341264725,22.811187744140625,22.819664001464844,0.03702933341264725,22.811187744140625,22.819664001464844,0.03702933341264725,22.811187744140625,22.819664001464844,0.03702933341264725,21.902008056640625,21.907289505004883,0.034760553389787674,21.902008056640625,21.907289505004883,0.034760553389787674,21.902008056640625,21.907289505004883,0.034760553389787674,21.902008056640625,21.907289505004883,0.034760553389787674,22.819732666015625,22.827713012695312,0.05488460510969162,22.819732666015625,22.827713012695312,0.05488460510969162,22.819732666015625,22.827713012695312,0.05488460510969162,22.819732666015625,22.827713012695312,0.05488460510969162
LC09_L1TP_196028_20220715_20230407_02_T1,LANDSAT_9,20220715,geneva,196028,3.0,2.799999952316284,0.4898979365825653,2.5427746772766113,3.0,3.0,2.799999952316284,0.4898979365825653,2.5435006618499756,3.0,3.0,2.799999952316284,0.4898979365825653,2.5176315307617188,3.0,25.911346435546875,25.923377990722656,0.11645244061946869,24.37171173095703,24.24334716796875,25.904510498046875,25.919179916381836,0.1169852763414383,24.428953170776367,24.29119873046875,25.904510498046875,25.919179916381836,0.1169852763414383,24.44232749938965,24.30145263671875,25.904510498046875,25.919179916381836,0.1169852763414383,24.465269088745117,24.31854248046875,23.8341064453125,23.836626052856445,0.11576681584119797,22.53975486755371,22.404266357421875,23.829132080078125,23.833602905273438,0.11718317121267319,22.582229614257812,22.44049072265625,23.829132080078125,23.833602905273438,0.11718317121267319,22.592008590698242,22.4478759765625,23.829132080078125,23.833602905273438,0.11718317121267319,22.61037826538086,22.4600830078125,24.26556396484375,24.278404235839844,0.10201852023601532,22.82028579711914,22.686981201171875,24.262161254882812,24.27617835998535,0.1035265177488327,22.876466751098633,22.73028564453125,24.262161254882812,24.27617835998535,0.1035265177488327,22.88867950439453,22.739410400390625,24.262161254882812,24.27617835998535,0.1035265177488327,22.90923500061035,22.753021240234375,1.0,1.0399999618530273,0.1959591805934906,1.0,1.0,0.0,1.0,1.0,0.0,23.672515869140625,23.648725509643555,0.0711166188120842,,,,,,,,,,22.030242919921875,22.032325744628906,0.07094217091798782,,,,,,,,,,22.03216552734375,22.035263061523438,0.055317044258117676,,,,,,,,,
LC09_L1TP_195028_20220724_20230406_02_T1,LANDSAT_9,20220724,geneva,195028,3.0,2.880000114440918,0.430813193321228,2.8946268558502197,3.0,3.0,2.880000114440918,0.430813193321228,2.936370372772217,3.0,3.0,2.880000114440918,0.430813193321228,2.9391350746154785,3.0,27.175994873046875,27.1705265045166,0.044312484562397,25.575119018554688,25.354217529296875,27.179412841796875,27.171579360961914,0.04491822049021721,25.57127571105957,25.354217529296875,27.179412841796875,27.171579360961914,0.04491822049021721,25.571239471435547,25.354217529296875,27.179412841796875,27.171579360961914,0.04491822049021721,25.571048736572266,25.354217529296875,24.427093505859375,24.423128128051758,0.047176558524370193,23.23147201538086,23.032623291015625,24.427139282226562,24.423295974731445,0.048141948878765106,23.228191375732422,23.032119750976562,24.427139282226562,24.423295974731445,0.048141948878765106,23.22813606262207,23.0321044921875,24.427139282226562,24.423295974731445,0.048141948878765106,23.227985382080078,23.032089233398438,25.010986328125,25.041603088378906,0.13367947936058044,23.919227600097656,23.724884033203125,25.01324462890625,25.04450225830078,0.13566361367702484,23.91553497314453,23.724166870117188,25.01324462890625,25.04450225830078,0.13566361367702484,23.91546630859375,23.724151611328125,25.01324462890625,25.04450225830078,0.13566361367702484,23.915292739868164,23.724105834960938,2.0,2.0,0.0,3.0,2.7200000286102295,0.44899889826774597,3.0,2.5999999046325684,0.4898979365825653,26.427459716796875,26.426504135131836,0.04021623358130455,26.427459716796875,26.426504135131836,0.04021623358130455,26.427459716796875,26.426504135131836,0.04021623358130455,26.427459716796875,26.426504135131836,0.04021623358130455,24.087890625,24.085365295410156,0.03565945103764534,24.087890625,24.085365295410156,0.03565945103764534,24.087890625,24.085365295410156,0.03565945103764534,24.087890625,24.085365295410156,0.03565945103764534,24.918853759765625,24.91995620727539,0.11992130428552628,24.918853759765625,24.91995620727539,0.11992130428552628,24.918853759765625,24.91995620727539,0.11992130428552628,24.918853759765625,24.91995620727539,0.11992130428552628
LC09_L1TP_196028_20220731_20230405_02_T1,LANDSAT_9,20220731,geneva,196028,3.0,2.8399999141693115,0.4630334675312042,2.9672958850860596,3.0,3.0,2.8399999141693115,0.4630334675312042,2.9735217094421387,3.0,3.0,2.8399999141693115,0.4630334675312042,2.974260091781616,3.0,26.225799560546875,26.2305850982666,0.07298783957958221,25.98186492919922,25.935272216796875,26.224090576171875,26.228078842163086,0.0734311044216156,25.97884178161621,25.935272216796875,26.224090576171875,26.228078842163086,0.0734311044216156,25.97886085510254,25.935272216796875,26.224090576171875,26.228078842163086,0.0734311044216156,25.979053497314453,25.935272216796875,23.809295654296875,23.819658279418945,0.06323965638875961,23.821401596069336,23.7679443359375,23.804061889648438,23.818540573120117,0.064300537109375,23.81883430480957,23.767547607421875,23.804061889648438,23.818540573120117,0.064300537109375,23.818866729736328,23.767547607421875,23.804061889648438,23.818540573120117,0.064300537109375,23.819040298461914,23.767608642578125,24.950714111328125,24.9750919342041,0.06892291456460953,24.808284759521484,24.7471923828125,24.94732666015625,24.974374771118164,0.07025263458490372,24.805553436279297,24.74688720703125,24.94732666015625,24.974374771118164,0.07025263458490372,24.80559539794922,24.74688720703125,24.94732666015625,24.974374771118164,0.07025263458490372,24.80577278137207,24.7469482421875,3.0,3.0,0.0,3.0,3.0,0.0,3.0,3.0,0.0,25.829315185546875,25.846952438354492,0.04232411831617355,25.829315185546875,25.846952438354492,0.04232411831617355,25.829315185546875,25.846952438354492,0.04232411831617355,25.829315185546875,25.846952438354492,0.04232411831617355,23.884796142578125,23.892919540405273,0.03934762254357338,23.884796142578125,23.892919540405273,0.03934762254357338,23.884796142578125,23.892919540405273,0.03934762254357338,23.884796142578125,23.892919540405273,0.03934762254357338,24.61907958984375,24.600893020629883,0.0908408835530281,24.61907958984375,24.600893020629883,0.0908408835530281,24.61907958984375,24.600893020629883,0.0908408835530281,24.61907958984375,24.600893020629883,0.0908408835530281
LC09_L1TP_195028_20220809_20230403_02_T1,LANDSAT_9,20220809,geneva,195028,3.0,2.9200000762939453,0.27129319310188293,2.9782445430755615,3.0,3.0,2.9200000762939453,0.27129319310188293,2.9824795722961426,3.0,3.0,2.880000114440918,0.430813193321228,2.9867148399353027,3.0,24.20574951171875,24.18865966796875,0.051736801862716675,23.63112449645996,23.610992431640625,24.20574951171875,24.18865966796875,0.051736801862716675,23.628036499023438,23.610992431640625,24.20574951171875,24.18865966796875,0.051736801862716675,23.627979278564453,23.610992431640625,24.20745849609375,24.18922996520996,0.052726779133081436,23.628007888793945,23.610992431640625,22.32305908203125,22.30889892578125,0.051099613308906555,21.632343292236328,21.602142333984375,22.32305908203125,22.30889892578125,0.051099613308906555,21.6296329498291,21.601593017578125,22.32305908203125,22.30889892578125,0.051099613308906555,21.629587173461914,21.601593017578125,22.324813842773438,22.308454513549805,0.05210583284497261,21.629621505737305,21.601593017578125,22.622314453125,22.64160919189453,0.17354916036128998,22.041929244995117,22.0059814453125,22.622314453125,22.64160919189453,0.17354916036128998,22.03896713256836,22.005615234375,22.622314453125,22.64160919189453,0.17354916036128998,22.038908004760742,22.005615234375,22.644424438476562,22.644439697265625,0.17656195163726807,22.03895378112793,22.005615234375,3.0,3.0,0.0,3.0,3.0,0.0,3.0,3.0,0.0,23.839996337890625,23.847929000854492,0.11788488179445267,23.839996337890625,23.847929000854492,0.11788488179445267,23.839996337890625,23.847929000854492,0.11788488179445267,23.839996337890625,23.847929000854492,0.11788488179445267,21.845458984375,21.849956512451172,0.08925287425518036,21.845458984375,21.849956512451172,0.08925287425518036,21.845458984375,21.849956512451172,0.08925287425518036,21.845458984375,21.849956512451172,0.08925287425518036,22.396484375,22.400165557861328,0.10383033007383347,22.396484375,22.400165557861328,0.10383033007383347,22.396484375,22.400165557861328,0.10383033007383347,22.396484375,22.400165557861328,0.10383033007383347
LC09_L1TP_196028_20220816_20230402_02_T1,LANDSAT_9,20220816,geneva,196028,3.0,2.8399999141693115,0.3666060268878937,2.977879524230957,3.0,3.0,2.8399999141693115,0.3666060268878937,2.978001832962036,3.0,3.0,2.8399999141693115,0.3666060268878937,2.978980302810669,3.0,24.84149169921875,24.81647300720215,0.053063079714775085,24.13617706298828,24.04510498046875,24.84149169921875,24.81647300720215,0.053063079714775085,24.133136749267578,24.04510498046875,24.84149169921875,24.81647300720215,0.053063079714775085,24.133241653442383,24.04510498046875,24.84149169921875,24.81647300720215,0.053063079714775085,24.133241653442383,24.04510498046875,22.915191650390625,22.88910675048828,0.05868113413453102,22.43815040588379,22.3203125,22.915191650390625,22.88910675048828,0.05868113413453102,22.435590744018555,22.31988525390625,22.915191650390625,22.88910675048828,0.05868113413453102,22.43568992614746,22.319915771484375,22.915191650390625,22.88910675048828,0.05868113413453102,22.435684204101562,22.319915771484375,23.93994140625,23.94388198852539,0.09182726591825485,23.470155715942383,23.39471435546875,23.93994140625,23.94388198852539,0.09182726591825485,23.46738052368164,23.39410400390625,23.93994140625,23.94388198852539,0.09182726591825485,23.467493057250977,23.394134521484375,23.93994140625,23.94388198852539,0.09182726591825485,23.46748924255371,23.394134521484375,3.0,3.0,0.0,3.0,3.0,0.0,3.0,3.0,0.0,24.80047607421875,24.790769577026367,0.04442496970295906,24.80047607421875,24.790769577026367,0.04442496970295906,24.80047607421875,24.790769577026367,0.04442496970295906,24.80047607421875,24.790769577026367,0.04442496970295906,23.20989990234375,23.2039737701416,0.04026036337018013,23.20989990234375,23.2039737701416,0.04026036337018013,23.20989990234375,23.2039737701416,0.04026036337018013,23.20989990234375,23.2039737701416,0.04026036337018013,24.06439208984375,24.0700626373291,0.07990147173404694,24.06439208984375,24.0700626373291,0.07990147173404694,24.06439208984375,24.0700626373291,0.07990147173404694,24.06439208984375,24.0700626373291,0.07990147173404694
LC09_L1TP_195028_20220825_20230401_02_T1,LANDSAT_9,20220825,geneva,195028,3.0,2.8399999141693115,0.4630334675312042,1.9288697242736816,2.0,3.0,2.8399999141693115,0.4630334675312042,1.967411756515503,2.0,3.0,2.8399999141693115,0.4630334675312042,1.9584619998931885,2.0,24.08270263671875,24.080373764038086,0.08155260235071182,20.689083099365234,20.5006103515625,24.07757568359375,24.076574325561523,0.08103687316179276,22.420764923095703,22.941070556640625,24.07757568359375,24.076574325561523,0.08103687316179276,22.47222137451172,22.961578369140625,24.07757568359375,24.076574325561523,0.08103687316179276,22.582788467407227,23.006011962890625,21.722381591796875,21.735820770263672,0.05310326814651489,18.734142303466797,18.635986328125,21.719696044921875,21.731414794921875,0.04952835664153099,20.265724182128906,20.745147705078125,21.719696044921875,21.731414794921875,0.04952835664153099,20.310815811157227,20.760284423828125,21.719696044921875,21.731414794921875,0.04952835664153099,20.407115936279297,20.793365478515625,21.760986328125,21.7602481842041,0.06042470037937164,17.718761444091797,17.718536376953125,21.762603759765625,21.763046264648438,0.060063865035772324,20.053089141845703,20.681671142578125,21.762603759765625,21.763046264648438,0.060063865035772324,20.119892120361328,20.697891235351562,21.762603759765625,21.763046264648438,0.060063865035772324,20.260257720947266,20.73199462890625,1.0,1.0,0.0,1.0,1.0,0.0,1.0,1.0,0.0,19.434173583984375,19.423099517822266,0.21673324704170227,,,,,,,,,,17.78717041015625,17.75823211669922,0.18628764152526855,,,,,,,,,,15.08148193359375,15.172586441040039,0.32030540704727173,,,,,,,,,
LC09_L1TP_196028_20220901_20230331_02_T1,LANDSAT_9,20220901,geneva,196028,2.0,2.0,0.0,1.8415658473968506,2.0,1.0,1.0,0.0,2.0499963760375977,2.0,2.0,2.0,0.0,2.035583019256592,2.0,22.185699462890625,22.18364906311035,0.06926258653402328,23.188617706298828,23.364898681640625,22.185699462890625,22.18364906311035,0.06926258653402328,23.43852996826172,23.440093994140625,,,,23.429712295532227,23.436676025390625,22.185699462890625,22.18364906311035,0.06926258653402328,23.420028686523438,23.433258056640625,19.992431640625,19.97223472595215,0.0542214959859848,21.093223571777344,21.28564453125,19.992431640625,19.97223472595215,0.0542214959859848,21.33660125732422,21.344451904296875,,,,21.328100204467773,21.341064453125,19.992431640625,19.97223472595215,0.0542214959859848,21.3184871673584,21.337738037109375,20.1380615234375,20.10076332092285,0.10600779205560684,21.679256439208984,22.009979248046875,20.1380615234375,20.10076332092285,0.10600779205560684,22.069334030151367,22.104736328125,,,,22.054630279541016,22.09844970703125,20.1380615234375,20.10076332092285,0.10600779205560684,22.037540435791016,22.093048095703125,2.0,2.200000047683716,0.4000000059604645,3.0,2.640000104904175,0.48000001907348633,3.0,2.5999999046325684,0.4898979365825653,23.672515869140625,23.669370651245117,0.021463537588715553,23.672515869140625,23.669370651245117,0.021463537588715553,23.672515869140625,23.669370651245117,0.021463537588715553,23.672515869140625,23.669370651245117,0.021463537588715553,21.583740234375,21.577722549438477,0.02272614650428295,21.583740234375,21.577722549438477,0.02272614650428295,21.583740234375,21.577722549438477,0.02272614650428295,21.583740234375,21.577722549438477,0.02272614650428295,22.318817138671875,22.337875366210938,0.07889345288276672,22.318817138671875,22.337875366210938,0.07889345288276672,22.318817138671875,22.337875366210938,0.07889345288276672,22.318817138671875,22.337875366210938,0.07889345288276672
LC09_L1TP_196028_20221019_20230325_02_T1,LANDSAT_9,20221019,geneva,196028,,,,1.6115309000015259,2.0,,,,1.8857160806655884,2.0,,,,2.0432486534118652,2.0,,,,14.398672103881836,15.089874267578125,,,,15.303441047668457,15.582061767578125,,,,15.282610893249512,15.523956298828125,,,,15.25172233581543,15.517120361328125,,,,14.03139877319336,14.7431640625,,,,14.949188232421875,15.24310302734375,,,,14.926898002624512,15.185440063476562,,,,14.895273208618164,15.17718505859375,,,,13.651827812194824,14.64764404296875,,,,15.019904136657715,15.385528564453125,,,,14.98475170135498,15.2906494140625,,,,14.945323944091797,15.277008056640625,2.0,1.600000023841858,0.4898979365825653,2.0,1.6799999475479126,0.4664761424064636,3.0,2.1600000858306885,0.92433762550354,15.96832275390625,15.973244667053223,0.042887866497039795,16.00592041015625,15.995210647583008,0.039661530405282974,15.99566650390625,15.990036964416504,0.04028772562742233,16.00079345703125,15.99139404296875,0.041148923337459564,15.632080078125,15.631328582763672,0.045020561665296555,15.658477783203125,15.656514167785645,0.03767639771103859,15.658050537109375,15.651164054870605,0.039211951196193695,15.65826416015625,15.652143478393555,0.040216632187366486,16.07476806640625,16.066675186157227,0.03571701794862747,16.078857421875,16.071033477783203,0.033371452242136,16.08465576171875,16.074670791625977,0.03301556408405304,16.081756591796875,16.073484420776367,0.033678088337183
LC09_L1TP_196028_20221120_20230321_02_T1,LANDSAT_9,20221120,geneva,196028,3.0,2.9600000381469727,0.1959591656923294,2.9757750034332275,3.0,3.0,2.9600000381469727,0.1959591656923294,2.9789276123046875,3.0,3.0,2.9600000381469727,0.1959591656923294,2.9801623821258545,3.0,12.881866455078125,12.879405975341797,0.04159846156835556,13.030137062072754,13.086944580078125,12.881866455078125,12.879405975341797,0.04159846156835556,13.041731834411621,13.090362548828125,12.881866455078125,12.879405975341797,0.04159846156835556,13.039846420288086,13.086944580078125,12.881866455078125,12.879405975341797,0.04159846156835556,13.039408683776855,13.086944580078125,12.15618896484375,12.147461891174316,0.03949546441435814,12.338376998901367,12.3873291015625,12.15618896484375,12.147461891174316,0.03949546441435814,12.350584983825684,12.390167236328125,12.15618896484375,12.147461891174316,0.03949546441435814,12.348647117614746,12.3896484375,12.15618896484375,12.147461891174316,0.03949546441435814,12.34819507598877,12.3895263671875,12.77032470703125,12.769867897033691,0.06723208725452423,12.951661109924316,13.02301025390625,12.77032470703125,12.769867897033691,0.06723208725452423,12.967650413513184,13.02508544921875,12.77032470703125,12.769867897033691,0.06723208725452423,12.965136528015137,13.024627685546875,12.77032470703125,12.769867897033691,0.06723208725452423,12.964581489562988,13.0245361328125,3.0,3.0,0.0,3.0,3.0,0.0,3.0,3.0,0.0,12.615234375,12.615234375,0.04281065613031387,12.615234375,12.615234375,0.04281065613031387,12.615234375,12.615234375,0.04281065613031387,12.615234375,12.615234375,0.04281065613031387,11.95758056640625,11.971341133117676,0.049090877175331116,11.95758056640625,11.971341133117676,0.049090877175331116,11.95758056640625,11.971341133117676,0.049090877175331116,11.95758056640625,11.971341133117676,0.049090877175331116,12.517059326171875,12.51948356628418,0.04096222296357155,12.517059326171875,12.51948356628418,0.04096222296357155,12.517059326171875,12.51948356628418,0.04096222296357155,12.517059326171875,12.51948356628418,0.04096222296357155
LC09_L1TP_196028_20221206_20230318_02_T1,LANDSAT_9,20221206,geneva,196028,,,,1.1300358772277832,1.0,,,,1.2532907724380493,1.0,,,,1.2030315399169922,1.0,,,,5.064142227172852,4.958892822265625,,,,8.010552406311035,8.31878662109375,,,,7.182265758514404,7.348052978515625,,,,7.3698954582214355,7.74798583984375,,,,4.352865695953369,4.2546234130859375,,,,7.503628730773926,7.7630615234375,,,,6.606001853942871,6.8173370361328125,,,,6.817815780639648,7.2852630615234375,,,,3.123608350753784,2.7455596923828125,,,,7.316422939300537,7.658050537109375,,,,6.003580093383789,6.272308349609375,,,,6.359524726867676,6.9519805908203125,,,,,,,,,,,,,,,,,,,,,,,,,,,,,,,,,,,,,,,,,,,,,
LC09_L1TP_196028_20230107_20230314_02_T1,LANDSAT_9,20230107,geneva,196028,3.0,2.9600000381469727,0.1959591656923294,2.996819257736206,3.0,3.0,2.9600000381469727,0.1959591656923294,2.996880292892456,3.0,3.0,2.9600000381469727,0.1959591656923294,2.9970598220825195,3.0,8.69134521484375,8.6787748336792,0.06375324726104736,8.609482765197754,8.62640380859375,8.69134521484375,8.6787748336792,0.06375324726104736,8.609339714050293,8.62640380859375,8.69134521484375,8.6787748336792,0.06375324726104736,8.609349250793457,8.62640380859375,8.69134521484375,8.6787748336792,0.06375324726104736,8.609352111816406,8.62640380859375,8.0423583984375,8.023746490478516,0.05722390115261078,7.968848705291748,7.98504638671875,8.0423583984375,8.023746490478516,0.05722390115261078,7.968862533569336,7.985076904296875,8.0423583984375,8.023746490478516,0.05722390115261078,7.968864440917969,7.985076904296875,8.0423583984375,8.023746490478516,0.05722390115261078,7.968864440917969,7.985076904296875,8.42071533203125,8.445331573486328,0.07358664274215698,8.294734001159668,8.308074951171875,8.42071533203125,8.445331573486328,0.07358664274215698,8.294562339782715,8.3079833984375,8.42071533203125,8.445331573486328,0.07358664274215698,8.294583320617676,8.3079833984375,8.42071533203125,8.445331573486328,0.07358664274215698,8.294593811035156,8.3079833984375,3.0,3.0,0.0,3.0,3.0,0.0,3.0,3.0,0.0,8.59222412109375,8.609040260314941,0.041983120143413544,8.59222412109375,8.609040260314941,0.041983120143413544,8.59222412109375,8.609040260314941,0.041983120143413544,8.59222412109375,8.609040260314941,0.041983120143413544,7.99468994140625,7.999402046203613,0.04133646935224533,7.99468994140625,7.999402046203613,0.04133646935224533,7.99468994140625,7.999402046203613,0.04133646935224533,7.99468994140625,7.999402046203613,0.04133646935224533,8.320098876953125,8.328840255737305,0.04209002107381821,8.320098876953125,8.328840255737305,0.04209002107381821,8.320098876953125,8.328840255737305,0.04209002107381821,8.320098876953125,8.328840255737305,0.04209002107381821
LC09_L1TP_195028_20230201_20230311_02_T1,LANDSAT_9,20230201,geneva,195028,,,,2.1248254776000977,2.0,,,,2.139490842819214,2.0,,,,2.1599748134613037,2.0,,,,5.307013034820557,5.974029541015625,,,,6.105871677398682,6.490142822265625,,,,5.9608917236328125,6.401275634765625,,,,5.924365043640137,6.384185791015625,,,,4.758431911468506,5.413604736328125,,,,5.5375075340271,5.92791748046875,,,,5.397899627685547,5.8378143310546875,,,,5.36175537109375,5.823638916015625,,,,4.7446064949035645,5.605010986328125,,,,5.808352470397949,6.293060302734375,,,,5.610802173614502,6.1941070556640625,,,,5.564932346343994,6.174835205078125,2.0,1.6399999856948853,0.47999998927116394,2.0,1.8799999952316284,0.3249615430831909,2.0,1.9199999570846558,0.27129319310188293,5.847564697265625,5.859595775604248,0.18014509975910187,5.796295166015625,5.834747314453125,0.15891027450561523,5.796295166015625,5.849895000457764,0.1877095103263855,5.816802978515625,5.849942207336426,0.18358366191387177,5.204559326171875,5.259120941162109,0.1693849414587021,5.191986083984375,5.2341766357421875,0.1497812718153,5.191986083984375,5.2494730949401855,0.1693960428237915,5.204559326171875,5.254062652587891,0.1670655459165573,5.319183349609375,5.337543964385986,0.22999294102191925,5.402618408203125,5.399770736694336,0.20193569362163544,5.36328125,5.371991157531738,0.21046677231788635,5.3526611328125,5.361392021179199,0.2117592692375183
LC09_L1TP_196028_20230208_20230310_02_T1,LANDSAT_9,20230208,geneva,196028,,,,,,,,,,,,,,,,,,,,,,,,,,,,,,,,,,,,,,,,,,,,,,,,,,,,,,,,,,,,,,,,,,,,,,,,,,,,,,,,,,,,,,,,,,,,,,,,,,,,,,,,,,,,,,,,,,,,,,,,
LC09_L1TP_196028_20230224_20230308_02_T1,LANDSAT_9,20230224,geneva,196028,2.0,1.9600000381469727,0.1959591656923294,1.9990415573120117,2.0,2.0,1.9199999570846558,0.27129319310188293,1.9843099117279053,2.0,2.0,1.9199999570846558,0.27129319310188293,1.9801254272460938,2.0,8.44525146484375,8.440876007080078,0.014836346730589867,7.857327938079834,7.80267333984375,8.44525146484375,8.440409660339355,0.01496107131242752,7.855475902557373,7.80267333984375,8.44525146484375,8.440347671508789,0.015279840677976608,7.842872142791748,7.79925537109375,8.44525146484375,8.440347671508789,0.015279840677976608,7.842221736907959,7.79583740234375,7.384429931640625,7.382919788360596,0.014766469597816467,6.861961841583252,6.81341552734375,7.3842926025390625,7.382116794586182,0.01452635694295168,6.860384941101074,6.813140869140625,7.3841552734375,7.381396770477295,0.01441322173923254,6.849040508270264,6.809234619140625,7.3841552734375,7.381396770477295,0.01441322173923254,6.848224639892578,6.808074951171875,7.926605224609375,7.918985366821289,0.05436649173498154,7.262518882751465,7.2110595703125,7.9177398681640625,7.917980194091797,0.055259380489587784,7.260739326477051,7.21075439453125,7.90887451171875,7.91537618637085,0.05498737096786499,7.250415802001953,7.206146240234375,7.90887451171875,7.91537618637085,0.05498737096786499,7.249903678894043,7.20489501953125,2.0,2.0,0.0,2.0,2.0,0.0,2.0,2.0,0.0,7.88470458984375,7.885934829711914,0.021786808967590332,7.88470458984375,7.885934829711914,0.021786808967590332,7.88470458984375,7.885934829711914,0.021786808967590332,7.88470458984375,7.885934829711914,0.021786808967590332,6.901611328125,6.904545783996582,0.0229486133903265,6.901611328125,6.904545783996582,0.0229486133903265,6.901611328125,6.904545783996582,0.0229486133903265,6.901611328125,6.904545783996582,0.0229486133903265,7.204681396484375,7.205502986907959,0.0331035740673542,7.204681396484375,7.205502986907959,0.0331035740673542,7.204681396484375,7.205502986907959,0.0331035740673542,7.204681396484375,7.205502986907959,0.0331035740673542
LC09_L1TP_195028_20230305_20230307_02_T1,LANDSAT_9,20230305,geneva,195028,,,,1.8906055688858032,2.0,,,,2.388484477996826,3.0,,,,2.2617201805114746,2.0,,,,6.3487067222595215,6.428619384765625,,,,6.442944049835205,6.452545166015625,,,,6.42792272567749,6.445709228515625,,,,6.434568405151367,6.449127197265625,,,,5.867788791656494,5.955352783203125,,,,5.962095260620117,5.9764404296875,,,,5.948668956756592,5.97265625,,,,5.954440593719482,5.97393798828125,,,,6.210662841796875,6.34271240234375,,,,6.357481956481934,6.375244140625,,,,6.339159965515137,6.37030029296875,,,,6.346773147583008,6.37213134765625,2.0,2.0,0.0,3.0,2.640000104904175,0.48000001907348633,3.0,2.559999942779541,0.49638694524765015,6.599517822265625,6.603755950927734,0.030082473531365395,6.599517822265625,6.603755950927734,0.030082473531365395,6.599517822265625,6.603755950927734,0.030082473531365395,6.599517822265625,6.603755950927734,0.030082473531365395,6.09503173828125,6.102820873260498,0.030449457466602325,6.09503173828125,6.102820873260498,0.030449457466602325,6.09503173828125,6.102820873260498,0.030449457466602325,6.09503173828125,6.102820873260498,0.030449457466602325,6.6395263671875,6.640335559844971,0.047512829303741455,6.6395263671875,6.640335559844971,0.047512829303741455,6.6395263671875,6.640335559844971,0.047512829303741455,6.6395263671875,6.640335559844971,0.047512829303741455
LC09_L1TP_195028_20230406_20230406_02_T1,LANDSAT_9,20230406,geneva,195028,,,,1.3972811698913574,1.0,,,,1.3737493753433228,1.0,,,,1.4837055206298828,1.0,,,,1.8015165328979492,1.940765380859375,,,,3.11704158782959,3.078948974609375,,,,2.2331581115722656,2.084320068359375,,,,2.728318214416504,2.638031005859375,,,,1.2005627155303955,1.33355712890625,,,,2.4586851596832275,2.42291259765625,,,,1.6136564016342163,1.474090576171875,,,,2.088839530944824,2.00244140625,,,,0.8125644326210022,0.938201904296875,,,,2.233397960662842,2.1810302734375,,,,1.2535085678100586,1.10198974609375,,,,1.7813165187835693,1.6400146484375,,,,,,,,,,,,,,,,,,,,,,,,,,,,,,,,,,,,,,,,,,,,,
LC09_L1TP_196028_20230616_20230616_02_T1,LANDSAT_9,20230616,geneva,196028,3.0,2.8399999141693115,0.4630334675312042,2.7615697383880615,3.0,3.0,2.9200000762939453,0.3919183313846588,2.7897825241088867,3.0,3.0,2.880000114440918,0.430813193321228,2.807783603668213,3.0,22.985504150390625,22.991382598876953,0.07125473022460938,22.711994171142578,22.732574462890625,22.978668212890625,22.988494873046875,0.07127586752176285,22.720502853393555,22.749664306640625,22.978668212890625,22.988494873046875,0.07127586752176285,22.730833053588867,22.759918212890625,22.978668212890625,22.988494873046875,0.07127586752176285,22.722070693969727,22.749664306640625,21.21307373046875,21.212072372436523,0.06760426610708237,20.980266571044922,21.001861572265625,21.211441040039062,21.21005630493164,0.06825771927833557,20.98825454711914,21.01373291015625,21.211441040039062,21.21005630493164,0.06825771927833557,20.997743606567383,21.022430419921875,21.211441040039062,21.21005630493164,0.06825771927833557,20.989696502685547,21.01470947265625,22.0665283203125,22.072999954223633,0.04879787191748619,21.45769500732422,21.45037841796875,22.0604248046875,22.072677612304688,0.049777742475271225,21.465181350708008,21.464248657226562,22.0604248046875,22.072677612304688,0.049777742475271225,21.475265502929688,21.476760864257812,22.0604248046875,22.072677612304688,0.049777742475271225,21.46670913696289,21.465667724609375,3.0,3.0,0.0,3.0,3.0,0.0,3.0,3.0,0.0,22.442047119140625,22.448881149291992,0.032784003764390945,22.442047119140625,22.448881149291992,0.032784003764390945,22.442047119140625,22.448881149291992,0.032784003764390945,22.442047119140625,22.448881149291992,0.032784003764390945,20.8111572265625,20.815542221069336,0.03135651722550392,20.8111572265625,20.815542221069336,0.03135651722550392,20.8111572265625,20.815542221069336,0.03135651722550392,20.8111572265625,20.815542221069336,0.03135651722550392,20.963836669921875,20.986215591430664,0.09083932638168335,20.963836669921875,20.986215591430664,0.09083932638168335,20.963836669921875,20.986215591430664,0.09083932638168335,20.963836669921875,20.986215591430664,0.09083932638168335
LC09_L1TP_195028_20230625_20230625_02_T1,LANDSAT_9,20230625,geneva,195028,3.0,2.9200000762939453,0.3919183313846588,2.994128704071045,3.0,3.0,2.9200000762939453,0.3919183313846588,2.99603533744812,3.0,3.0,2.9600000381469727,0.1959591656923294,2.9960901737213135,3.0,24.04510498046875,24.024038314819336,0.09356100112199783,23.580759048461914,23.737457275390625,24.03656005859375,24.020599365234375,0.09392735362052917,23.578479766845703,23.737457275390625,24.03656005859375,24.020599365234375,0.09392735362052917,23.578554153442383,23.737457275390625,24.04510498046875,24.024038314819336,0.09356100112199783,23.5784912109375,23.737457275390625,21.9476318359375,21.96105194091797,0.0979902446269989,21.668506622314453,21.77545166015625,21.94000244140625,21.9571590423584,0.09809505939483643,21.666505813598633,21.7747802734375,21.94000244140625,21.9571590423584,0.09809505939483643,21.666584014892578,21.7747802734375,21.9476318359375,21.96105194091797,0.0979902446269989,21.666513442993164,21.7747802734375,22.6053466796875,22.608970642089844,0.12993746995925903,22.2475643157959,22.322265625,22.60528564453125,22.60544776916504,0.1314420998096466,22.2452335357666,22.32171630859375,22.60528564453125,22.60544776916504,0.1314420998096466,22.245325088500977,22.32171630859375,22.6053466796875,22.608970642089844,0.12993746995925903,22.245241165161133,22.32171630859375,3.0,2.9600000381469727,0.1959591656923294,3.0,3.0,0.0,3.0,3.0,0.0,21.710601806640625,21.693374633789062,0.0514240637421608,21.710601806640625,21.693374633789062,0.0514240637421608,21.710601806640625,21.693374633789062,0.0514240637421608,21.710601806640625,21.693374633789062,0.0514240637421608,19.97747802734375,19.972976684570312,0.04225907474756241,19.97747802734375,19.972976684570312,0.04225907474756241,19.97747802734375,19.972976684570312,0.04225907474756241,19.97747802734375,19.972976684570312,0.04225907474756241,20.537322998046875,20.530345916748047,0.04626110941171646,20.537322998046875,20.530345916748047,0.04626110941171646,20.537322998046875,20.530345916748047,0.04626110941171646,20.537322998046875,20.530345916748047,0.04626110941171646
LC09_L1TP_195028_20230711_20230711_02_T1,LANDSAT_9,20230711,geneva,195028,2.0,2.4000000953674316,0.6324555277824402,2.9054205417633057,3.0,3.0,2.7200000286102295,0.6013318300247192,2.937601089477539,3.0,3.0,2.759999990463257,0.5851495862007141,2.9416306018829346,3.0,26.526580810546875,26.524805068969727,0.04131214693188667,26.030244827270508,26.024139404296875,26.526580810546875,26.52524185180664,0.04293646290898323,26.026456832885742,26.024139404296875,26.526580810546875,26.52524185180664,0.04293646290898323,26.026941299438477,26.024139404296875,26.526580810546875,26.52524185180664,0.04293646290898323,26.026206970214844,26.024139404296875,23.93194580078125,23.921825408935547,0.039270393550395966,23.889400482177734,23.84503173828125,23.92974853515625,23.91946029663086,0.040014393627643585,23.886184692382812,23.844329833984375,23.92974853515625,23.91946029663086,0.040014393627643585,23.88658332824707,23.844436645507812,23.92974853515625,23.91946029663086,0.040014393627643585,23.88597869873047,23.84429931640625,23.523406982421875,23.53060531616211,0.15237271785736084,23.87642478942871,23.811553955078125,23.523406982421875,23.528919219970703,0.1584988832473755,23.872879028320312,23.8109130859375,23.523406982421875,23.528919219970703,0.1584988832473755,23.873374938964844,23.81097412109375,23.523406982421875,23.528919219970703,0.1584988832473755,23.872676849365234,23.81085205078125,2.0,2.119999885559082,0.32496151328086853,2.0,2.240000009536743,0.4270831346511841,2.0,2.240000009536743,0.4270831346511841,25.702850341796875,25.701074600219727,0.053443919867277145,25.702850341796875,25.701074600219727,0.053443919867277145,25.702850341796875,25.701074600219727,0.053443919867277145,25.702850341796875,25.701074600219727,0.053443919867277145,23.754791259765625,23.759990692138672,0.04356016963720322,23.754791259765625,23.759990692138672,0.04356016963720322,23.754791259765625,23.759990692138672,0.04356016963720322,23.754791259765625,23.759990692138672,0.04356016963720322,24.18194580078125,24.164012908935547,0.06347277015447617,24.18194580078125,24.164012908935547,0.06347277015447617,24.18194580078125,24.164012908935547,0.06347277015447617,24.18194580078125,24.164012908935547,0.06347277015447617
LC09_L1TP_196028_20230819_20230819_02_T1,LANDSAT_9,20230819,geneva,196028,2.0,2.0,0.0,2.847945213317871,3.0,2.0,2.440000057220459,0.49638694524765015,2.9030449390411377,3.0,2.0,2.0799999237060547,0.27129319310188293,2.877310276031494,3.0,26.273651123046875,26.287734985351562,0.10096529126167297,26.982166290283203,26.967498779296875,26.273651123046875,26.287734985351562,0.10096529126167297,26.978239059448242,26.967498779296875,26.273651123046875,26.287734985351562,0.10096529126167297,26.979284286499023,26.967498779296875,26.273651123046875,26.287734985351562,0.10096529126167297,26.97905158996582,26.967498779296875,24.553802490234375,24.553388595581055,0.12988217175006866,25.933347702026367,25.93890380859375,24.553802490234375,24.553388595581055,0.12988217175006866,25.9288272857666,25.93780517578125,24.553802490234375,24.553388595581055,0.12988217175006866,25.930068969726562,25.938140869140625,24.553802490234375,24.553388595581055,0.12988217175006866,25.929746627807617,25.938095092773438,28.3939208984375,28.481098175048828,0.34005361795425415,29.604557037353516,29.62744140625,28.3939208984375,28.481098175048828,0.34005361795425415,29.598865509033203,29.626190185546875,28.3939208984375,28.481098175048828,0.34005361795425415,29.600364685058594,29.62652587890625,28.3939208984375,28.481098175048828,0.34005361795425415,29.599964141845703,29.626495361328125,2.0,2.1600000858306885,0.3666060268878937,3.0,3.0,0.0,3.0,2.680000066757202,0.4664761424064636,27.780975341796875,27.78125,0.05213199555873871,27.780975341796875,27.78125,0.05213199555873871,27.780975341796875,27.78125,0.05213199555873871,27.780975341796875,27.78125,0.05213199555873871,27.25958251953125,27.264610290527344,0.07144235074520111,27.25958251953125,27.264610290527344,0.07144235074520111,27.25958251953125,27.264610290527344,0.07144235074520111,27.25958251953125,27.264610290527344,0.07144235074520111,30.766265869140625,30.77892303466797,0.07919137924909592,30.766265869140625,30.77892303466797,0.07919137924909592,30.766265869140625,30.77892303466797,0.07919137924909592,30.766265869140625,30.77892303466797,0.07919137924909592
LC09_L1TP_196028_20230904_20230904_02_T1,LANDSAT_9,20230904,geneva,196028,2.0,1.8799999952316284,0.3249615430831909,1.9001073837280273,2.0,2.0,1.8799999952316284,0.3249615430831909,1.932469367980957,2.0,1.0,1.4800000190734863,0.4995998442173004,1.905329704284668,2.0,21.727691650390625,21.7182559967041,0.033184658735990524,20.188711166381836,20.3399658203125,21.727691650390625,21.721010208129883,0.03301766887307167,20.421884536743164,20.4801025390625,21.727691650390625,21.721010208129883,0.03301766887307167,20.416032791137695,20.4698486328125,21.729400634765625,21.720571517944336,0.03458905592560768,20.443559646606445,20.4869384765625,18.82012939453125,18.818452835083008,0.024147477000951767,17.746776580810547,17.891510009765625,18.820083618164062,18.818010330200195,0.025637758895754814,17.968921661376953,18.023468017578125,18.820083618164062,18.818010330200195,0.025637758895754814,17.96120262145996,18.011871337890625,18.820083618164062,18.816818237304688,0.030323578044772148,17.985151290893555,18.027450561523438,18.200897216796875,18.241050720214844,0.14962886273860931,16.895662307739258,17.270767211914062,18.195083618164062,18.238019943237305,0.1564813256263733,17.36482048034668,17.483367919921875,18.195083618164062,18.238019943237305,0.1564813256263733,17.351469039916992,17.466888427734375,18.221481323242188,18.251516342163086,0.14756205677986145,17.398876190185547,17.490554809570312,2.0,2.0,0.0,2.0,2.0,0.0,2.0,1.8799999952316284,0.3249615430831909,19.581146240234375,19.58155632019043,0.060792356729507446,19.581146240234375,19.58155632019043,0.060792356729507446,19.581146240234375,19.58155632019043,0.060792356729507446,19.584564208984375,19.582233428955078,0.06358111649751663,17.178558349609375,17.172935485839844,0.05312385410070419,17.178558349609375,17.172935485839844,0.05312385410070419,17.178558349609375,17.172935485839844,0.05312385410070419,17.174224853515625,17.170833587646484,0.05526724085211754,16.380340576171875,16.365068435668945,0.09304153919219971,16.380340576171875,16.365068435668945,0.09304153919219971,16.380340576171875,16.365068435668945,0.09304153919219971,16.383255004882812,16.366214752197266,0.09280691295862198
LC09_L1TP_196028_20230920_20230920_02_T1,LANDSAT_9,20230920,geneva,196028,3.0,2.880000114440918,0.430813193321228,2.997333288192749,3.0,3.0,2.880000114440918,0.430813193321228,2.9975576400756836,3.0,3.0,2.9200000762939453,0.27129319310188293,2.9976840019226074,3.0,22.346343994140625,22.344839096069336,0.037467923015356064,22.16310691833496,22.172027587890625,22.348052978515625,22.345346450805664,0.0381564237177372,22.161794662475586,22.172027587890625,22.348052978515625,22.345346450805664,0.0381564237177372,22.16181755065918,22.172027587890625,22.346343994140625,22.344839096069336,0.037467923015356064,22.161914825439453,22.172027587890625,20.791717529296875,20.780529022216797,0.035528842359781265,20.419143676757812,20.406707763671875,20.788116455078125,20.77907943725586,0.03552895411849022,20.417863845825195,20.406494140625,20.788116455078125,20.77907943725586,0.03552895411849022,20.417888641357422,20.406524658203125,20.791717529296875,20.780529022216797,0.035528842359781265,20.417997360229492,20.406524658203125,21.73388671875,21.729591369628906,0.08895815163850784,21.123382568359375,21.137191772460938,21.73663330078125,21.734399795532227,0.08755359798669815,21.121858596801758,21.136932373046875,21.73663330078125,21.734399795532227,0.08755359798669815,21.121883392333984,21.136932373046875,21.73388671875,21.729591369628906,0.08895815163850784,21.12201499938965,21.136962890625,3.0,3.0,0.0,3.0,3.0,0.0,3.0,3.0,0.0,22.011383056640625,22.008920669555664,0.08383724838495255,22.011383056640625,22.008920669555664,0.08383724838495255,22.011383056640625,22.008920669555664,0.08383724838495255,22.011383056640625,22.008920669555664,0.08383724838495255,20.4173583984375,20.426532745361328,0.0862300917506218,20.4173583984375,20.426532745361328,0.0862300917506218,20.4173583984375,20.426532745361328,0.0862300917506218,20.4173583984375,20.426532745361328,0.0862300917506218,20.99346923828125,21.003662109375,0.05795187130570412,20.99346923828125,21.003662109375,0.05795187130570412,20.99346923828125,21.003662109375,0.05795187130570412,20.99346923828125,21.003662109375,0.05795187130570412
LC09_L1TP_195028_20230929_20230929_02_T1,LANDSAT_9,20230929,geneva,195028,3.0,2.8399999141693115,0.4630334675312042,2.9955034255981445,3.0,3.0,2.8399999141693115,0.4630334675312042,2.9965908527374268,3.0,3.0,2.880000114440918,0.32496151328086853,2.9966371059417725,3.0,21.050933837890625,21.0449161529541,0.022636760026216507,20.401386260986328,20.3673095703125,21.050933837890625,21.045236587524414,0.02304842136800289,20.399694442749023,20.3638916015625,21.050933837890625,21.045236587524414,0.02304842136800289,20.3997802734375,20.3638916015625,21.050933837890625,21.0449161529541,0.022636760026216507,20.399864196777344,20.3673095703125,19.47479248046875,19.470705032348633,0.018593251705169678,19.1060733795166,19.103729248046875,19.475845336914062,19.47053337097168,0.018957534804940224,19.104692459106445,19.10357666015625,19.475845336914062,19.47053337097168,0.018957534804940224,19.104772567749023,19.10357666015625,19.47479248046875,19.470705032348633,0.018593251705169678,19.104843139648438,19.103591918945312,20.377593994140625,20.384584426879883,0.05385811626911163,19.879804611206055,19.89141845703125,20.37103271484375,20.383703231811523,0.0547923780977726,19.878162384033203,19.89117431640625,20.37103271484375,20.383703231811523,0.0547923780977726,19.87826919555664,19.891204833984375,20.377593994140625,20.384584426879883,0.05385811626911163,19.878347396850586,19.8912353515625,3.0,3.0,0.0,3.0,3.0,0.0,3.0,3.0,0.0,20.1964111328125,20.196958541870117,0.06123168766498566,20.1964111328125,20.196958541870117,0.06123168766498566,20.1964111328125,20.196958541870117,0.06123168766498566,20.1964111328125,20.196958541870117,0.06123168766498566,19.068328857421875,19.057233810424805,0.06144590303301811,19.068328857421875,19.057233810424805,0.06144590303301811,19.068328857421875,19.057233810424805,0.06144590303301811,19.068328857421875,19.057233810424805,0.06144590303301811,20.127197265625,20.14253044128418,0.06442452222108841,20.127197265625,20.14253044128418,0.06442452222108841,20.127197265625,20.14253044128418,0.06442452222108841,20.127197265625,20.14253044128418,0.06442452222108841
LC09_L1TP_196028_20231006_20231006_02_T1,LANDSAT_9,20231006,geneva,196028,2.0,1.9600000381469727,0.1959591656923294,1.996728777885437,2.0,2.0,1.9600000381469727,0.1959591656923294,2.079855442047119,2.0,2.0,2.0,0.0,2.0240814685821533,2.0,18.231048583984375,18.224895477294922,0.028317619115114212,17.443462371826172,17.369720458984375,18.231048583984375,18.226633071899414,0.027565008029341698,17.441293716430664,17.369720458984375,18.231048583984375,18.226633071899414,0.027565008029341698,17.441556930541992,17.369720458984375,18.231048583984375,18.224895477294922,0.028317619115114212,17.463123321533203,17.383392333984375,17.994384765625,17.990100860595703,0.024237198755145073,17.271535873413086,17.19622802734375,17.994384765625,17.989778518676758,0.02468448504805565,17.26959228515625,17.1953125,17.994384765625,17.989778518676758,0.02468448504805565,17.26980209350586,17.1954345703125,17.994384765625,17.990100860595703,0.024237198755145073,17.29144287109375,17.210235595703125,18.592681884765625,18.592199325561523,0.03316996246576309,17.544116973876953,17.424835205078125,18.596725463867188,18.594709396362305,0.03144126012921333,17.542098999023438,17.423309326171875,18.596725463867188,18.594709396362305,0.03144126012921333,17.54227066040039,17.423553466796875,18.592681884765625,18.592199325561523,0.03316996246576309,17.568172454833984,17.4464111328125,2.0,2.0,0.0,2.0,2.0,0.0,2.0,2.0,0.0,17.301361083984375,17.298490524291992,0.032146062701940536,17.301361083984375,17.298490524291992,0.032146062701940536,17.301361083984375,17.298490524291992,0.032146062701940536,17.301361083984375,17.298490524291992,0.032146062701940536,17.1058349609375,17.108196258544922,0.02821277640759945,17.1058349609375,17.108196258544922,0.02821277640759945,17.1058349609375,17.108196258544922,0.02821277640759945,17.1058349609375,17.108196258544922,0.02821277640759945,17.28021240234375,17.26995849609375,0.05408614128828049,17.28021240234375,17.26995849609375,0.05408614128828049,17.28021240234375,17.26995849609375,0.05408614128828049,17.28021240234375,17.26995849609375,0.05408614128828049
LC09_L1TP_196028_20231022_20231022_02_T1,LANDSAT_9,20231022,geneva,196028,,,,1.1802341938018799,1.0,,,,1.7030739784240723,2.0,,,,1.6041113138198853,2.0,,,,10.357268333435059,10.434539794921875,,,,11.246920585632324,10.921600341796875,,,,10.504068374633789,10.516571044921875,,,,10.54781436920166,10.550750732421875,,,,9.269745826721191,9.340576171875,,,,10.158699989318848,9.843643188476562,,,,9.399569511413574,9.410690307617188,,,,9.440001487731934,9.440155029296875,,,,8.420079231262207,8.46868896484375,,,,9.477375030517578,9.103897094726562,,,,8.538463592529297,8.533279418945312,,,,8.572809219360352,8.56573486328125,,,,,,,,,,,,,,,,,,,,,,,,,,,,,,,,,,,,,,,,,,,,,
LC09_L1TP_196028_20231123_20231123_02_T1,LANDSAT_9,20231123,geneva,196028,3.0,2.9600000381469727,0.1959591656923294,2.896836757659912,3.0,3.0,3.0,0.0,2.9022698402404785,3.0,3.0,3.0,0.0,2.9062082767486572,3.0,10.895965576171875,10.895965576171875,0.02710343711078167,10.609663963317871,10.714813232421875,10.895965576171875,10.895965576171875,0.02710343711078167,10.66222858428955,10.721649169921875,10.895965576171875,10.895965576171875,0.02710343711078167,10.655399322509766,10.721649169921875,10.895965576171875,10.895965576171875,0.02710343711078167,10.654413223266602,10.721649169921875,10.322418212890625,10.320748329162598,0.02464291639626026,10.065264701843262,10.169830322265625,10.322418212890625,10.320748329162598,0.02464291639626026,10.118968963623047,10.1783447265625,10.322418212890625,10.320748329162598,0.02464291639626026,10.112008094787598,10.176513671875,10.322418212890625,10.320748329162598,0.02464291639626026,10.111014366149902,10.17608642578125,10.669525146484375,10.669286727905273,0.015141007490456104,10.302498817443848,10.435272216796875,10.669525146484375,10.669286727905273,0.015141007490456104,10.379132270812988,10.444427490234375,10.669525146484375,10.669286727905273,0.015141007490456104,10.369186401367188,10.44244384765625,10.669525146484375,10.669286727905273,0.015141007490456104,10.36763858795166,10.442047119140625,3.0,3.0,0.0,3.0,3.0,0.0,3.0,3.0,0.0,10.537078857421875,10.540223121643066,0.025337640196084976,10.537078857421875,10.540223121643066,0.025337640196084976,10.537078857421875,10.540223121643066,0.025337640196084976,10.537078857421875,10.540223121643066,0.025337640196084976,9.97174072265625,9.973965644836426,0.029889320954680443,9.97174072265625,9.973965644836426,0.029889320954680443,9.97174072265625,9.973965644836426,0.029889320954680443,9.97174072265625,9.973965644836426,0.029889320954680443,10.267791748046875,10.255104064941406,0.0383644625544548,10.267791748046875,10.255104064941406,0.0383644625544548,10.267791748046875,10.255104064941406,0.0383644625544548,10.267791748046875,10.255104064941406,0.0383644625544548
LC09_L1TP_195028_20231218_20231218_02_T1,LANDSAT_9,20231218,geneva,195028,,,,1.2000000476837158,1.0,,,,1.2285714149475098,1.0,,,,1.2000000476837158,1.0,,,,1.3516871929168701,0.66583251953125,,,,3.4764316082000732,3.4481201171875,,,,3.432300567626953,3.4139404296875,,,,3.4764316082000732,3.4481201171875,,,,0.8819048404693604,0.2015380859375,,,,3.11041259765625,3.035003662109375,,,,3.0599822998046875,3.0190582275390625,,,,3.11041259765625,3.035003662109375,,,,0.9687002897262573,0.255157470703125,,,,3.0815646648406982,3.064971923828125,,,,3.0173797607421875,3.028656005859375,,,,3.0815646648406982,3.064971923828125,,,,,,,,,,,,,,,,,,,,,,,,,,,,,,,,,,,,,,,,,,,,,
LC09_L1TP_196028_20231225_20231225_02_T1,LANDSAT_9,20231225,geneva,196028,3.0,2.9600000381469727,0.1959591656923294,2.9572529792785645,3.0,3.0,2.9600000381469727,0.1959591656923294,2.9600346088409424,3.0,3.0,2.9600000381469727,0.1959591656923294,2.954631805419922,3.0,8.53753662109375,8.509099006652832,0.05258537828922272,8.394213676452637,8.46575927734375,8.53753662109375,8.509099006652832,0.05258537828922272,8.404389381408691,8.46917724609375,8.53753662109375,8.509099006652832,0.05258537828922272,8.401861190795898,8.46575927734375,8.53753662109375,8.509099006652832,0.05258537828922272,8.400815963745117,8.46575927734375,7.86517333984375,7.871218204498291,0.05449706315994263,7.727460861206055,7.796905517578125,7.86517333984375,7.871218204498291,0.05449706315994263,7.737780570983887,7.798858642578125,7.86517333984375,7.871218204498291,0.05449706315994263,7.735245227813721,7.7982177734375,7.86517333984375,7.871218204498291,0.05449706315994263,7.734187602996826,7.79803466796875,8.4686279296875,8.472951889038086,0.045901086181402206,7.942102432250977,8.05224609375,8.4686279296875,8.472951889038086,0.045901086181402206,7.9640302658081055,8.055145263671875,8.4686279296875,8.472951889038086,0.045901086181402206,7.958028793334961,8.05389404296875,8.4686279296875,8.472951889038086,0.045901086181402206,7.955838680267334,8.053680419921875,2.0,1.75,0.6614378094673157,2.0,1.7916666269302368,0.6441510319709778,2.0,1.8333333730697632,0.6236096024513245,5.269927978515625,5.2165207862854,0.3880825340747833,5.122955322265625,5.062341213226318,0.38462162017822266,5.122955322265625,5.098386764526367,0.3977147936820984,5.122955322265625,5.093398094177246,0.3863556683063507,4.597625732421875,4.577149868011475,0.4062645435333252,4.396820068359375,4.412038326263428,0.37574973702430725,4.420013427734375,4.46185302734375,0.41180872917175293,4.396820068359375,4.451428413391113,0.4016832709312439,0.5337982177734375,0.6888096928596497,1.091171383857727,-0.0250244140625,0.2873372435569763,0.9626372456550598,0.0651092529296875,0.41986846923828125,1.0640588998794556,-0.0250244140625,0.3644068241119385,1.0558580160140991
LC09_L1TP_195028_20240103_20240103_02_T1,LANDSAT_9,20240103,geneva,195028,,,,2.0256450176239014,2.0,,,,2.0428216457366943,2.0,,,,2.0681474208831787,2.0,,,,5.706320762634277,6.510650634765625,,,,6.4354424476623535,7.002838134765625,,,,6.344345569610596,6.900299072265625,,,,6.357851028442383,6.896881103515625,,,,4.820267200469971,5.61395263671875,,,,5.54721736907959,6.1015625,,,,5.460859775543213,5.996551513671875,,,,5.475509166717529,5.9952850341796875,,,,4.430497169494629,5.4324951171875,,,,5.602042198181152,6.157318115234375,,,,5.393350124359131,5.994842529296875,,,,5.400166034698486,5.99847412109375,,,,,,,,,,,,,,,,,,,,,,,,,,,,,,,,,,,,,,,,,,,,,
LC09_L1TP_195028_20240119_20240119_02_T1,LANDSAT_9,20240119,geneva,195028,3.0,2.9600000381469727,0.1959591656923294,2.9610648155212402,3.0,3.0,2.9200000762939453,0.27129319310188293,2.9172005653381348,3.0,3.0,2.8399999141693115,0.36660605669021606,2.9064340591430664,3.0,6.729400634765625,6.731998443603516,0.031508851796388626,7.012269496917725,7.088287353515625,6.729400634765625,6.731998443603516,0.031508851796388626,7.030944347381592,7.088287353515625,6.729400634765625,6.731998443603516,0.031508851796388626,7.026620864868164,7.088287353515625,6.729400634765625,6.731998443603516,0.031508851796388626,7.02584981918335,7.088287353515625,6.198455810546875,6.203201770782471,0.028658168390393257,6.445687770843506,6.51800537109375,6.198455810546875,6.203201770782471,0.028658168390393257,6.465170860290527,6.5196533203125,6.198455810546875,6.203201770782471,0.028658168390393257,6.46080207824707,6.519073486328125,6.198455810546875,6.203201770782471,0.028658168390393257,6.4600067138671875,6.519012451171875,6.490692138671875,6.483448505401611,0.052489541471004486,6.710477828979492,6.789581298828125,6.490692138671875,6.483448505401611,0.052489541471004486,6.73990535736084,6.79168701171875,6.490692138671875,6.483448505401611,0.052489541471004486,6.732968807220459,6.79095458984375,6.490692138671875,6.483448505401611,0.052489541471004486,6.7318434715271,6.7908935546875,3.0,3.0,0.0,3.0,3.0,0.0,3.0,2.9600000381469727,0.1959591656923294,6.913970947265625,6.914244174957275,0.01179748959839344,6.913970947265625,6.914244174957275,0.01179748959839344,6.913970947265625,6.914244174957275,0.01179748959839344,6.913970947265625,6.914244174957275,0.01179748959839344,6.35345458984375,6.353520393371582,0.010018492117524147,6.35345458984375,6.353520393371582,0.010018492117524147,6.35345458984375,6.353520393371582,0.010018492117524147,6.35345458984375,6.353520393371582,0.010018492117524147,6.612548828125,6.610126972198486,0.04160931706428528,6.612548828125,6.610126972198486,0.04160931706428528,6.612548828125,6.610126972198486,0.04160931706428528,6.612548828125,6.610126972198486,0.04160931706428528
LC09_L1TP_195028_20240204_20240204_02_T1,LANDSAT_9,20240204,geneva,195028,,,,2.6986262798309326,3.0,,,,2.7558746337890625,3.0,,,,2.7450523376464844,3.0,,,,6.58378267288208,6.602935791015625,,,,6.612044811248779,6.609771728515625,,,,6.610309600830078,6.609771728515625,,,,6.609888553619385,6.609771728515625,,,,6.128164768218994,6.1533660888671875,,,,6.156938552856445,6.160186767578125,,,,6.155257225036621,6.159423828125,,,,6.154839038848877,6.159271240234375,,,,6.334009170532227,6.36981201171875,,,,6.3740034103393555,6.37994384765625,,,,6.371435642242432,6.3787841796875,,,,6.370824337005615,6.378570556640625,3.0,2.880000114440918,0.32496151328086853,3.0,3.0,0.0,3.0,3.0,0.0,6.555084228515625,6.564517974853516,0.053541406989097595,6.555084228515625,6.564517974853516,0.053541406989097595,6.555084228515625,6.564517974853516,0.053541406989097595,6.555084228515625,6.564517974853516,0.053541406989097595,6.0606689453125,6.087197303771973,0.05374494567513466,6.0606689453125,6.087197303771973,0.05374494567513466,6.0606689453125,6.087197303771973,0.05374494567513466,6.0606689453125,6.087197303771973,0.05374494567513466,6.31597900390625,6.309255599975586,0.023002566769719124,6.31597900390625,6.309255599975586,0.023002566769719124,6.31597900390625,6.309255599975586,0.023002566769719124,6.31597900390625,6.309255599975586,0.023002566769719124
LC09_L1TP_195028_20240220_20240220_02_T1,LANDSAT_9,20240220,geneva,195028,,,,1.9496699571609497,2.0,,,,1.9571876525878906,2.0,,,,2.012450933456421,2.0,,,,6.004934787750244,5.809967041015625,,,,7.1926589012146,8.26409912109375,,,,7.3127827644348145,8.26068115234375,,,,7.015965461730957,8.21282958984375,,,,5.221911430358887,5.03570556640625,,,,6.363330364227295,7.3862152099609375,,,,6.478780746459961,7.3851318359375,,,,6.193964958190918,7.341217041015625,,,,5.222229480743408,4.938873291015625,,,,6.57205867767334,7.749114990234375,,,,6.690682411193848,7.7459716796875,,,,6.370316505432129,7.69140625,,,,,,,,,,,,,,,,,,,,,,,,,,,,,,,,,,,,,,,,,,,,,
LC09_L1TP_195028_20240307_20240307_02_T1,LANDSAT_9,20240307,geneva,195028,3.0,2.9200000762939453,0.27129319310188293,2.988222122192383,3.0,3.0,2.880000114440918,0.32496151328086853,2.99017596244812,3.0,3.0,2.880000114440918,0.32496151328086853,2.9900412559509277,3.0,7.652252197265625,7.661691665649414,0.04821418225765228,7.468997478485107,7.433502197265625,7.652252197265625,7.661691665649414,0.04821418225765228,7.468278408050537,7.433502197265625,7.652252197265625,7.661691665649414,0.04821418225765228,7.468175411224365,7.433502197265625,7.652252197265625,7.661691665649414,0.04821418225765228,7.468111991882324,7.433502197265625,7.01904296875,7.02337646484375,0.03727716580033302,6.90048360824585,6.87078857421875,7.01904296875,7.02337646484375,0.03727716580033302,6.900054931640625,6.87091064453125,7.01904296875,7.02337646484375,0.03727716580033302,6.899961948394775,6.870880126953125,7.01904296875,7.02337646484375,0.03727716580033302,6.89989709854126,6.870849609375,7.440093994140625,7.441506385803223,0.04449699819087982,7.271718502044678,7.247772216796875,7.440093994140625,7.441506385803223,0.04449699819087982,7.271819591522217,7.247955322265625,7.440093994140625,7.441506385803223,0.04449699819087982,7.271633625030518,7.247894287109375,7.440093994140625,7.441506385803223,0.04449699819087982,7.271505832672119,7.24786376953125,3.0,3.0,0.0,3.0,3.0,0.0,3.0,3.0,0.0,7.488189697265625,7.479849815368652,0.03349023312330246,7.488189697265625,7.479849815368652,0.03349023312330246,7.488189697265625,7.479849815368652,0.03349023312330246,7.488189697265625,7.479849815368652,0.03349023312330246,6.94232177734375,6.934191703796387,0.03482181206345558,6.94232177734375,6.934191703796387,0.03482181206345558,6.94232177734375,6.934191703796387,0.03482181206345558,6.94232177734375,6.934191703796387,0.03482181206345558,7.208740234375,7.212558746337891,0.03006136044859886,7.208740234375,7.212558746337891,0.03006136044859886,7.208740234375,7.212558746337891,0.03006136044859886,7.208740234375,7.212558746337891,0.03006136044859886
LC09_L1TP_196028_20240314_20240316_02_T1,LANDSAT_9,20240314,geneva,196028,3.0,2.880000114440918,0.32496151328086853,2.3439583778381348,2.0,3.0,2.799999952316284,0.4000000059604645,2.460114002227783,3.0,3.0,2.799999952316284,0.4000000059604645,2.4480297565460205,3.0,8.70159912109375,8.705709457397461,0.03153033182024956,8.044960021972656,8.18548583984375,8.70159912109375,8.705709457397461,0.03153033182024956,8.06055736541748,8.19915771484375,8.70159912109375,8.705709457397461,0.03153033182024956,8.107182502746582,8.22650146484375,8.70159912109375,8.705709457397461,0.03153033182024956,8.13871955871582,8.26751708984375,8.1439208984375,8.139936447143555,0.026645688340067863,7.388095378875732,7.523651123046875,8.1439208984375,8.139936447143555,0.026645688340067863,7.403534889221191,7.5356903076171875,8.1439208984375,8.139936447143555,0.026645688340067863,7.448076248168945,7.561279296875,8.1439208984375,8.139936447143555,0.026645688340067863,7.479126453399658,7.6014404296875,8.572967529296875,8.555468559265137,0.06654061377048492,7.401121616363525,7.56500244140625,8.572967529296875,8.555468559265137,0.06654061377048492,7.4268269538879395,7.5768280029296875,8.572967529296875,8.555468559265137,0.06654061377048492,7.4951043128967285,7.5996246337890625,8.572967529296875,8.555468559265137,0.06654061377048492,7.538276195526123,7.639007568359375,3.0,2.9200000762939453,0.27129319310188293,3.0,3.0,0.0,3.0,3.0,0.0,8.34613037109375,8.327126502990723,0.10162388533353806,8.34613037109375,8.327126502990723,0.10162388533353806,8.34613037109375,8.327126502990723,0.10162388533353806,8.34613037109375,8.327126502990723,0.10162388533353806,7.633148193359375,7.627114295959473,0.10787873715162277,7.633148193359375,7.627114295959473,0.10787873715162277,7.633148193359375,7.627114295959473,0.10787873715162277,7.633148193359375,7.627114295959473,0.10787873715162277,7.598724365234375,7.605731010437012,0.08630046993494034,7.598724365234375,7.605731010437012,0.08630046993494034,7.598724365234375,7.605731010437012,0.08630046993494034,7.598724365234375,7.605731010437012,0.08630046993494034
LC09_L1TP_195028_20240323_20240323_02_T1,LANDSAT_9,20240323,geneva,195028,,,,2.2480623722076416,2.0,,,,2.4564156532287598,2.0,,,,2.438441514968872,2.0,,,,8.93088150024414,8.800750732421875,,,,8.970757484436035,8.814422607421875,,,,8.960989952087402,8.811004638671875,,,,8.957221031188965,8.811004638671875,,,,8.211625099182129,8.111572265625,,,,8.251580238342285,8.125732421875,,,,8.242020606994629,8.122314453125,,,,8.238334655761719,8.121078491210938,,,,8.84023666381836,8.755401611328125,,,,8.91081714630127,8.769515991210938,,,,8.896522521972656,8.76629638671875,,,,8.890888214111328,8.765045166015625,2.0,2.0,0.0,2.0,2.0,0.0,2.0,2.125,0.33071890473365784,9.800506591796875,9.799652099609375,0.03762677684426308,9.800506591796875,9.799652099609375,0.03762677684426308,9.800506591796875,9.799652099609375,0.03762677684426308,9.800506591796875,9.799652099609375,0.03762677684426308,9.080764770507812,9.089981079101562,0.05073232203722,9.080764770507812,9.089981079101562,0.05073232203722,9.080764770507812,9.089981079101562,0.05073232203722,9.080764770507812,9.089981079101562,0.05073232203722,9.867202758789062,9.877025604248047,0.08521318435668945,9.867202758789062,9.877025604248047,0.08521318435668945,9.867202758789062,9.877025604248047,0.08521318435668945,9.867202758789062,9.877025604248047,0.08521318435668945
LC09_L1TP_195028_20240408_20240408_02_T1,LANDSAT_9,20240408,geneva,195028,,,,,,,,,,,,,,,,,,,,,,,,,,,,,,,,,,,,,,,,,,,,,,,,,,,,,,,,,,,,,,,,,,,,,,,,,,,,,,,,,,,,,,,,,,,,,,,,,,,,,,,,,,,,,,,,,,,,,,,,
LC09_L1TP_196028_20240415_20240415_02_T1,LANDSAT_9,20240415,geneva,196028,,,,1.0,1.0,,,,1.3380426168441772,1.0,,,,1.4049959182739258,1.0,,,,10.201611518859863,10.174774169921875,,,,,,,,,10.285913467407227,10.284149169921875,,,,10.301603317260742,10.284149169921875,,,,8.468833923339844,8.437469482421875,,,,,,,,,8.543343544006348,8.544830322265625,,,,8.559442520141602,8.54473876953125,,,,8.588444709777832,8.5460205078125,,,,,,,,,8.661184310913086,8.675750732421875,,,,8.681696891784668,8.674789428710938,,,,,,,,,,,,,,,,,,,,,,,,,,,,,,,,,,,,,,,,,,,,,
LC09_L1TP_195028_20240424_20240424_02_T1,LANDSAT_9,20240424,geneva,195028,,,,2.8446083068847656,3.0,,,,2.8783180713653564,3.0,,,,2.876431941986084,3.0,,,,9.163061141967773,9.238250732421875,,,,9.170458793640137,9.241668701171875,,,,9.16804313659668,9.238250732421875,,,,9.16736888885498,9.238250732421875,,,,8.481560707092285,8.555068969726562,,,,8.488529205322266,8.556915283203125,,,,8.48624324798584,8.55633544921875,,,,8.48559284210205,8.556121826171875,,,,8.933408737182617,9.021820068359375,,,,8.944740295410156,9.0244140625,,,,8.941219329833984,9.02362060546875,,,,8.940288543701172,9.023468017578125,,,,,,,,,,,,,,,,,,,,,,,,,,,,,,,,,,,,,,,,,,,,,
LC09_L1TP_195028_20240510_20240510_02_T1,LANDSAT_9,20240510,geneva,195028,3.0,2.880000114440918,0.430813193321228,2.996840238571167,3.0,3.0,2.880000114440918,0.430813193321228,2.997159719467163,3.0,3.0,2.9200000762939453,0.3919183313846588,2.9971933364868164,3.0,15.315460205078125,15.322569847106934,0.11537523567676544,14.108521461486816,14.337921142578125,15.324005126953125,15.32329273223877,0.1176987811923027,14.105956077575684,14.334503173828125,15.324005126953125,15.32329273223877,0.1176987811923027,14.106060028076172,14.334503173828125,15.324005126953125,15.32329273223877,0.1176987811923027,14.106158256530762,14.334503173828125,14.262481689453125,14.259865760803223,0.0884011834859848,13.105817794799805,13.338821411132812,14.267669677734375,14.261765480041504,0.08972249925136566,13.10342025756836,13.3369140625,14.267669677734375,14.261765480041504,0.08972249925136566,13.103506088256836,13.3370361328125,14.267669677734375,14.261765480041504,0.08972249925136566,13.103602409362793,13.337066650390625,14.66070556640625,14.633216857910156,0.1330501288175583,13.385191917419434,13.662521362304688,14.656463623046875,14.631854057312012,0.13562265038490295,13.3825101852417,13.660675048828125,14.656463623046875,14.631854057312012,0.13562265038490295,13.382586479187012,13.660690307617188,14.656463623046875,14.631854057312012,0.13562265038490295,13.382701873779297,13.66070556640625,3.0,3.0,0.0,3.0,3.0,0.0,3.0,3.0,0.0,13.018585205078125,13.023233413696289,0.08333049714565277,13.018585205078125,13.023233413696289,0.08333049714565277,13.018585205078125,13.023233413696289,0.08333049714565277,13.018585205078125,13.023233413696289,0.08333049714565277,12.003662109375,12.010688781738281,0.08744825422763824,12.003662109375,12.010688781738281,0.08744825422763824,12.003662109375,12.010688781738281,0.08744825422763824,12.003662109375,12.010688781738281,0.08744825422763824,12.21856689453125,12.212843894958496,0.059615813195705414,12.21856689453125,12.212843894958496,0.059615813195705414,12.21856689453125,12.212843894958496,0.059615813195705414,12.21856689453125,12.212843894958496,0.059615813195705414
LC09_L1TP_196028_20240517_20240517_02_T1,LANDSAT_9,20240517,geneva,196028,3.0,2.799999952316284,0.4898979365825653,2.8714005947113037,3.0,3.0,2.799999952316284,0.4898979365825653,2.8689918518066406,3.0,3.0,2.799999952316284,0.4898979365825653,2.8735153675079346,3.0,15.346221923828125,15.328448295593262,0.07295582443475723,15.678398132324219,15.817901611328125,15.325714111328125,15.32542896270752,0.07291388511657715,15.735434532165527,15.86236572265625,15.325714111328125,15.32542896270752,0.07291388511657715,15.741645812988281,15.86920166015625,15.325714111328125,15.32542896270752,0.07291388511657715,15.738077163696289,15.86578369140625,14.11669921875,14.136497497558594,0.07083480805158615,14.674030303955078,14.824127197265625,14.116500854492188,14.134990692138672,0.07190167903900146,14.731693267822266,14.869293212890625,14.116500854492188,14.134990692138672,0.07190167903900146,14.737831115722656,14.87335205078125,14.116500854492188,14.134990692138672,0.07190167903900146,14.734431266784668,14.871627807617188,14.88616943359375,14.89428424835205,0.11619883030653,15.196510314941406,15.3603515625,14.884063720703125,14.889026641845703,0.11564423143863678,15.25783920288086,15.407073974609375,14.884063720703125,14.889026641845703,0.11564423143863678,15.2645263671875,15.41143798828125,14.884063720703125,14.889026641845703,0.11564423143863678,15.26067066192627,15.40948486328125,3.0,2.7200000286102295,0.44899889826774597,3.0,2.8399999141693115,0.36660605669021606,3.0,3.0,0.0,14.030303955078125,14.032491683959961,0.0546351820230484,14.030303955078125,14.032491683959961,0.0546351820230484,14.030303955078125,14.032491683959961,0.0546351820230484,14.030303955078125,14.032491683959961,0.0546351820230484,13.10406494140625,13.107975006103516,0.05333064869046211,13.10406494140625,13.107975006103516,0.05333064869046211,13.10406494140625,13.107975006103516,0.05333064869046211,13.10406494140625,13.107975006103516,0.05333064869046211,13.47857666015625,13.511256217956543,0.0699038952589035,13.47857666015625,13.511256217956543,0.0699038952589035,13.47857666015625,13.511256217956543,0.0699038952589035,13.47857666015625,13.511256217956543,0.0699038952589035
LC09_L1TP_195028_20240526_20240526_02_T1,LANDSAT_9,20240526,geneva,195028,,,,,,,,,,,,,,,,,,,,,,,,,,,,,,,,,,,,,,,,,,,,,,,,,,,,,,,,,,,,,,,,,,,,,,,,,,,,,,,,,,,,,,,,,,,,,,,,,,,,,,,,,,,,,,,,,,,,,,,,
LC09_L1TP_195028_20240611_20240611_02_T1,LANDSAT_9,20240611,geneva,195028,,,,1.6981350183486938,2.0,,,,2.0534305572509766,2.0,,,,2.1726109981536865,2.0,,,,18.35553741455078,18.470306396484375,,,,18.497377395629883,18.596771240234375,,,,18.407896041870117,18.497650146484375,,,,18.39834213256836,18.494232177734375,,,,17.3209285736084,17.427963256835938,,,,17.446956634521484,17.548004150390625,,,,17.36853790283203,17.452850341796875,,,,17.36006736755371,17.449050903320312,,,,18.051856994628906,18.251937866210938,,,,18.267602920532227,18.403717041015625,,,,18.14739418029785,18.281982421875,,,,18.132478713989258,18.277908325195312,,,,,,,,,,,,,,,,,,,,,,,,,,,,,,,,,,,,,,,,,,,,,
LC09_L1TP_196028_20240618_20240618_02_T1,LANDSAT_9,20240618,geneva,196028,1.0,1.0,0.0,1.2347551584243774,1.0,1.0,1.159999966621399,0.36660605669021606,1.2119824886322021,1.0,1.0,1.2400000095367432,0.42708316445350647,1.234007716178894,1.0,18.610443115234375,18.623022079467773,0.11416514962911606,14.778761863708496,14.877960205078125,,,,16.063405990600586,16.51177978515625,18.726654052734375,18.705291748046875,0.06322664767503738,16.810461044311523,16.77154541015625,18.726654052734375,18.698171615600586,0.08294396102428436,16.6957950592041,16.53912353515625,16.22210693359375,16.211021423339844,0.10870534181594849,12.641019821166992,12.742431640625,,,,13.912759780883789,14.351669311523438,16.343643188476562,16.32611083984375,0.05812942236661911,14.637496948242188,14.6107177734375,16.328964233398438,16.293603897094727,0.09261815249919891,14.523943901062012,14.382415771484375,14.9659423828125,14.922901153564453,0.2368653416633606,10.029264450073242,10.115142822265625,,,,11.896536827087402,12.616653442382812,15.06683349609375,15.078971862792969,0.10100480914115906,12.91226577758789,12.88629150390625,15.06683349609375,15.025568962097168,0.21812239289283752,12.763117790222168,12.64739990234375,1.0,1.0,0.0,1.0,1.0,0.0,1.0,1.0,0.0,14.351593017578125,14.369366645812988,0.06599424034357071,,,,,,,,,,12.17242431640625,12.199899673461914,0.06849058717489243,,,,,,,,,,8.98443603515625,8.974976539611816,0.07455413043498993,,,,,,,,,
LC09_L1TP_195028_20240627_20240627_02_T1,LANDSAT_9,20240627,geneva,195028,3.0,2.880000114440918,0.32496151328086853,2.950620412826538,3.0,3.0,2.880000114440918,0.430813193321228,2.9443323612213135,3.0,3.0,2.8399999141693115,0.4630334675312042,2.9448118209838867,3.0,22.896636962890625,22.897729873657227,0.04319879785180092,21.659076690673828,21.526031494140625,22.896636962890625,22.897729873657227,0.04319879785180092,21.662084579467773,21.529449462890625,22.898345947265625,22.899770736694336,0.04289422184228897,21.662635803222656,21.529449462890625,22.898345947265625,22.899770736694336,0.04289422184228897,21.662311553955078,21.529449462890625,20.205474853515625,20.209819793701172,0.02796637825667858,19.124025344848633,18.998016357421875,20.205474853515625,20.209819793701172,0.02796637825667858,19.127222061157227,19.000885009765625,20.208038330078125,20.210512161254883,0.028332460671663284,19.12779426574707,19.001327514648438,20.208038330078125,20.210512161254883,0.028332460671663284,19.12745475769043,19.001007080078125,20.250823974609375,20.254047393798828,0.1005207821726799,19.153026580810547,19.0196533203125,20.250823974609375,20.254047393798828,0.1005207821726799,19.161865234375,19.022735595703125,20.262969970703125,20.259746551513672,0.09855742007493973,19.16309928894043,19.023269653320312,20.262969970703125,20.259746551513672,0.09855742007493973,19.16222381591797,19.02288818359375,3.0,2.8399999141693115,0.3666060268878937,3.0,3.0,0.0,3.0,3.0,0.0,20.1690673828125,20.201744079589844,0.0804324671626091,20.1690673828125,20.201744079589844,0.0804324671626091,20.1690673828125,20.201744079589844,0.0804324671626091,20.1690673828125,20.201744079589844,0.0804324671626091,17.696868896484375,17.722393035888672,0.08105438202619553,17.696868896484375,17.722393035888672,0.08105438202619553,17.696868896484375,17.722393035888672,0.08105438202619553,17.696868896484375,17.722393035888672,0.08105438202619553,17.358673095703125,17.340911865234375,0.07422327250242233,17.358673095703125,17.340911865234375,0.07422327250242233,17.358673095703125,17.340911865234375,0.07422327250242233,17.358673095703125,17.340911865234375,0.07422327250242233
LC09_L1TP_196028_20240704_20240704_02_T1,LANDSAT_9,20240704,geneva,196028,,,,1.2626855373382568,1.0,,,,1.3779610395431519,1.0,,,,1.3381062746047974,1.0,,,,18.07776641845703,18.073822021484375,,,,18.280208587646484,18.654876708984375,,,,18.257047653198242,18.658294677734375,,,,18.26980972290039,18.695892333984375,,,,16.407958984375,16.395751953125,,,,16.613452911376953,16.960601806640625,,,,16.584760665893555,16.96002197265625,,,,16.59032440185547,16.992538452148438,,,,16.474796295166016,16.47235107421875,,,,16.784961700439453,17.079986572265625,,,,16.73659324645996,17.053497314453125,,,,16.717744827270508,17.09796142578125,,,,,,,,,,,,,,,,,,,,,,,,,,,,,,,,,,,,,,,,,,,,,
LC09_L1TP_195028_20240713_20240713_02_T1,LANDSAT_9,20240713,geneva,195028,,,,1.3128318786621094,1.0,,,,1.2009340524673462,1.0,,,,1.0800374746322632,1.0,,,,12.550298690795898,12.55712890625,,,,11.743751525878906,11.603485107421875,,,,12.638248443603516,11.767547607421875,,,,12.175610542297363,10.660125732421875,,,,11.518555641174316,11.537628173828125,,,,10.693368911743164,10.559524536132812,,,,11.592466354370117,10.725067138671875,,,,11.118390083312988,9.5916748046875,,,,10.088434219360352,10.12548828125,,,,9.226207733154297,9.100326538085938,,,,10.38846206665039,9.30474853515625,,,,9.965590476989746,8.270050048828125,,,,,,,,,,,,,,,,,,,,,,,,,,,,,,,,,,,,,,,,,,,,,
LC09_L1TP_196028_20240720_20240720_02_T1,LANDSAT_9,20240720,geneva,196028,3.0,2.8399999141693115,0.3666060268878937,2.9918618202209473,3.0,3.0,2.8399999141693115,0.3666060268878937,2.9934844970703125,3.0,3.0,2.799999952316284,0.4898979365825653,2.992983102798462,3.0,25.255096435546875,25.230077743530273,0.08149240165948868,25.05905532836914,25.155975341796875,25.255096435546875,25.230077743530273,0.08149240165948868,25.056917190551758,25.155975341796875,25.255096435546875,25.230077743530273,0.08149240165948868,25.056978225708008,25.155975341796875,25.255096435546875,25.226755142211914,0.08149830251932144,25.056928634643555,25.155975341796875,22.536468505859375,22.519878387451172,0.08714931458234787,22.84341812133789,22.919708251953125,22.536468505859375,22.519878387451172,0.08714931458234787,22.84174346923828,22.919342041015625,22.536468505859375,22.519878387451172,0.08714931458234787,22.841821670532227,22.919403076171875,22.536468505859375,22.516077041625977,0.08689456433057785,22.84178924560547,22.919418334960938,22.759429931640625,22.754623413085938,0.06862054765224457,23.01365852355957,23.07244873046875,22.759429931640625,22.754623413085938,0.06862054765224457,23.011890411376953,23.0721435546875,22.759429931640625,22.754623413085938,0.06862054765224457,23.011951446533203,23.072235107421875,22.75762939453125,22.75371742248535,0.0698901116847992,23.011917114257812,23.072235107421875,3.0,3.0,0.0,3.0,3.0,0.0,3.0,3.0,0.0,24.92694091796875,24.93268394470215,0.018813613802194595,24.92694091796875,24.93268394470215,0.018813613802194595,24.92694091796875,24.93268394470215,0.018813613802194595,24.92694091796875,24.93268394470215,0.018813613802194595,22.941314697265625,22.9476318359375,0.017856944352388382,22.941314697265625,22.9476318359375,0.017856944352388382,22.941314697265625,22.9476318359375,0.017856944352388382,22.941314697265625,22.9476318359375,0.017856944352388382,22.928253173828125,22.916831970214844,0.06677078455686569,22.928253173828125,22.916831970214844,0.06677078455686569,22.928253173828125,22.916831970214844,0.06677078455686569,22.928253173828125,22.916831970214844,0.06677078455686569
LC09_L1TP_195028_20240729_20240729_02_T1,LANDSAT_9,20240729,geneva,195028,3.0,2.880000114440918,0.430813193321228,2.993664264678955,3.0,3.0,2.8399999141693115,0.4630334675312042,2.9767873287200928,3.0,3.0,2.8399999141693115,0.4630334675312042,2.9785265922546387,3.0,25.268768310546875,25.27164077758789,0.027846356853842735,23.647720336914062,23.887847900390625,25.268768310546875,25.271902084350586,0.02839035354554653,23.645341873168945,23.887847900390625,25.268768310546875,25.271902084350586,0.02839035354554653,23.645092010498047,23.887847900390625,25.268768310546875,25.271902084350586,0.02839035354554653,23.644895553588867,23.887847900390625,23.783355712890625,23.780542373657227,0.03219630569219589,22.3304500579834,22.616928100585938,23.782485961914062,23.77980613708496,0.03265320137143135,22.328136444091797,22.616455078125,23.782485961914062,23.77980613708496,0.03265320137143135,22.32789421081543,22.616409301757812,23.782485961914062,23.77980613708496,0.03265320137143135,22.327713012695312,22.616363525390625,24.186614990234375,24.155357360839844,0.10427237302064896,22.468669891357422,22.71844482421875,24.190628051757812,24.15411949157715,0.10624247789382935,22.466032028198242,22.7178955078125,24.190628051757812,24.15411949157715,0.10624247789382935,22.46573829650879,22.7177734375,24.190628051757812,24.15411949157715,0.10624247789382935,22.46552085876465,22.71771240234375,3.0,3.0,0.0,3.0,3.0,0.0,3.0,3.0,0.0,22.657379150390625,22.664897918701172,0.08608397096395493,22.657379150390625,22.664897918701172,0.08608397096395493,22.657379150390625,22.664897918701172,0.08608397096395493,22.657379150390625,22.664897918701172,0.08608397096395493,21.325103759765625,21.31842613220215,0.07428817451000214,21.325103759765625,21.31842613220215,0.07428817451000214,21.325103759765625,21.31842613220215,0.07428817451000214,21.325103759765625,21.31842613220215,0.07428817451000214,21.306396484375,21.309858322143555,0.0885365828871727,21.306396484375,21.309858322143555,0.0885365828871727,21.306396484375,21.309858322143555,0.0885365828871727,21.306396484375,21.309858322143555,0.0885365828871727
LC09_L1TP_196028_20240805_20240805_02_T1,LANDSAT_9,20240805,geneva,196028,3.0,2.9600000381469727,0.1959591656923294,2.6648197174072266,3.0,3.0,2.880000114440918,0.430813193321228,2.6887285709381104,3.0,3.0,2.880000114440918,0.430813193321228,2.587005853652954,3.0,25.525115966796875,25.518417358398438,0.03871193528175354,24.67085075378418,24.72528076171875,25.525115966796875,25.518417358398438,0.03871193528175354,24.663454055786133,24.72186279296875,25.523406982421875,25.516571044921875,0.03841732069849968,24.655582427978516,24.71502685546875,25.523406982421875,25.516571044921875,0.03841732069849968,24.635387420654297,24.69793701171875,23.865142822265625,23.86748695373535,0.043673768639564514,23.45012664794922,23.55535888671875,23.865142822265625,23.86748695373535,0.043673768639564514,23.44268798828125,23.552734375,23.86065673828125,23.865556716918945,0.0435153990983963,23.42982292175293,23.54241943359375,23.86065673828125,23.865556716918945,0.0435153990983963,23.40292739868164,23.521392822265625,25.23736572265625,25.216440200805664,0.0790938287973404,24.617826461791992,24.6778564453125,25.23736572265625,25.216440200805664,0.0790938287973404,24.609954833984375,24.675079345703125,25.23480224609375,25.212600708007812,0.07841014862060547,24.601045608520508,24.669464111328125,25.23480224609375,25.212600708007812,0.07841014862060547,24.574586868286133,24.646759033203125,2.0,2.0,0.0,2.0,2.0,0.0,2.0,1.7999999523162842,0.4000000059604645,25.726776123046875,25.701210021972656,0.06299545615911484,25.726776123046875,25.701210021972656,0.06299545615911484,25.726776123046875,25.701210021972656,0.06299545615911484,25.702850341796875,25.693279266357422,0.06475766003131866,24.76629638671875,24.761375427246094,0.06197754666209221,24.76629638671875,24.761375427246094,0.06197754666209221,24.76629638671875,24.761375427246094,0.06197754666209221,24.760177612304688,24.75335121154785,0.06351333856582642,25.87286376953125,25.743013381958008,0.2211492955684662,25.87286376953125,25.743013381958008,0.2211492955684662,25.87286376953125,25.743013381958008,0.2211492955684662,25.704360961914062,25.698963165283203,0.22625455260276794
LC09_L1TP_196028_20240821_20240822_02_T1,LANDSAT_9,20240821,geneva,196028,,,,2.2746312618255615,2.0,,,,2.419426202774048,3.0,,,,2.3166677951812744,2.0,,,,22.515602111816406,22.688140869140625,,,,22.59200096130371,22.725738525390625,,,,22.59853744506836,22.725738525390625,,,,22.60044288635254,22.729156494140625,,,,20.924272537231445,21.071945190429688,,,,21.00225067138672,21.117340087890625,,,,21.00926971435547,21.120330810546875,,,,21.011369705200195,21.121856689453125,,,,21.368013381958008,21.6162109375,,,,21.50678825378418,21.677154541015625,,,,21.514436721801758,21.6793212890625,,,,21.517309188842773,21.681106567382812,2.0,2.0,0.0,2.0,2.0,0.0,2.0,2.0,0.0,23.009429931640625,22.992338180541992,0.05855809524655342,23.009429931640625,22.992338180541992,0.05855809524655342,23.009429931640625,22.992338180541992,0.05855809524655342,23.009429931640625,22.992338180541992,0.05855809524655342,21.55426025390625,21.544527053833008,0.0636516660451889,21.55426025390625,21.544527053833008,0.0636516660451889,21.55426025390625,21.544527053833008,0.0636516660451889,21.55426025390625,21.544527053833008,0.0636516660451889,22.131011962890625,22.132600784301758,0.045981477946043015,22.131011962890625,22.132600784301758,0.045981477946043015,22.131011962890625,22.132600784301758,0.045981477946043015,22.131011962890625,22.132600784301758,0.045981477946043015
LC09_L1TP_195028_20240830_20240830_02_T1,LANDSAT_9,20240830,geneva,195028,3.0,2.799999952316284,0.4898979365825653,1.9714365005493164,2.0,3.0,2.880000114440918,0.32496151328086853,2.0385990142822266,2.0,3.0,2.9600000381469727,0.1959591656923294,2.036855459213257,2.0,24.56805419921875,24.592252731323242,0.062465060502290726,21.207895278930664,22.435211181640625,24.56805419921875,24.59269142150879,0.06371539831161499,22.714244842529297,22.947906494140625,24.56805419921875,24.592252731323242,0.062465060502290726,22.632186889648438,22.900054931640625,24.56805419921875,24.592252731323242,0.062465060502290726,22.756502151489258,22.947906494140625,21.945404052734375,21.949539184570312,0.03497522324323654,18.54295539855957,19.882904052734375,21.9454345703125,21.94989585876465,0.03565187007188797,20.178773880004883,20.427764892578125,21.945404052734375,21.949539184570312,0.03497522324323654,20.09056282043457,20.3748779296875,21.945404052734375,21.949539184570312,0.03497522324323654,20.22174644470215,20.428054809570312,22.9923095703125,22.988296508789062,0.06670999526977539,17.423748016357422,19.476348876953125,22.981399536132812,22.987518310546875,0.0679745301604271,20.108741760253906,20.384857177734375,22.9923095703125,22.988296508789062,0.06670999526977539,19.988906860351562,20.2960205078125,22.9923095703125,22.988296508789062,0.06670999526977539,20.180301666259766,20.383438110351562,3.0,3.0,0.0,3.0,3.0,0.0,3.0,3.0,0.0,24.25360107421875,24.249910354614258,0.04542602598667145,24.25360107421875,24.249910354614258,0.04542602598667145,24.25360107421875,24.249910354614258,0.04542602598667145,24.25360107421875,24.249910354614258,0.04542602598667145,21.703277587890625,21.697729110717773,0.05115661770105362,21.703277587890625,21.697729110717773,0.05115661770105362,21.703277587890625,21.697729110717773,0.05115661770105362,21.703277587890625,21.697729110717773,0.05115661770105362,22.256927490234375,22.243085861206055,0.05504496395587921,22.256927490234375,22.243085861206055,0.05504496395587921,22.256927490234375,22.243085861206055,0.05504496395587921,22.256927490234375,22.243085861206055,0.05504496395587921
LC09_L1TP_196028_20240906_20240906_02_T1,LANDSAT_9,20240906,geneva,196028,2.0,2.440000057220459,0.49638694524765015,2.5834689140319824,3.0,3.0,2.5199999809265137,0.4995998442173004,2.574667453765869,3.0,3.0,2.559999942779541,0.49638694524765015,2.5636558532714844,3.0,20.1964111328125,20.209260940551758,0.11620311439037323,19.77276039123535,20.7227783203125,20.1964111328125,20.209260940551758,0.11620311439037323,20.47841453552246,21.068023681640625,20.1964111328125,20.209260940551758,0.11620311439037323,20.587665557861328,21.091949462890625,20.1964111328125,20.209260940551758,0.11620311439037323,20.61496353149414,21.105621337890625,19.2926025390625,19.305702209472656,0.10508454591035843,18.912887573242188,19.9267578125,19.2926025390625,19.305702209472656,0.10508454591035843,19.657394409179688,20.285049438476562,19.2926025390625,19.305702209472656,0.10508454591035843,19.772668838500977,20.310943603515625,19.2926025390625,19.305702209472656,0.10508454591035843,19.80133819580078,20.3271484375,19.003662109375,18.992290496826172,0.3580283522605896,18.7381534576416,20.252410888671875,19.003662109375,18.992290496826172,0.3580283522605896,19.981014251708984,20.707122802734375,19.003662109375,18.992290496826172,0.3580283522605896,20.154592514038086,20.739715576171875,19.003662109375,18.992290496826172,0.3580283522605896,20.194875717163086,20.76141357421875,3.0,3.0,0.0,3.0,3.0,0.0,3.0,3.0,0.0,20.5313720703125,20.543813705444336,0.054720643907785416,20.5313720703125,20.543813705444336,0.054720643907785416,20.5313720703125,20.543813705444336,0.054720643907785416,20.5313720703125,20.543813705444336,0.054720643907785416,19.760101318359375,19.767559051513672,0.06020882725715637,19.760101318359375,19.767559051513672,0.06020882725715637,19.760101318359375,19.767559051513672,0.06020882725715637,19.760101318359375,19.767559051513672,0.06020882725715637,20.146759033203125,20.139429092407227,0.04476061090826988,20.146759033203125,20.139429092407227,0.04476061090826988,20.146759033203125,20.139429092407227,0.04476061090826988,20.146759033203125,20.139429092407227,0.04476061090826988
LC09_L1TP_195028_20240915_20240915_02_T1,LANDSAT_9,20240915,geneva,195028,2.0,2.1600000858306885,0.8333066701889038,2.730198383331299,3.0,3.0,2.359999895095825,0.8428522944450378,2.7516393661499023,3.0,3.0,2.2799999713897705,0.8255906701087952,2.794093608856201,3.0,17.154388427734375,17.094776153564453,0.198290154337883,16.957412719726562,17.051849365234375,17.198822021484375,17.176795959472656,0.10555335134267807,16.959211349487305,17.051849365234375,17.185150146484375,17.16860008239746,0.10846196115016937,16.958890914916992,17.051849365234375,17.185150146484375,17.16860008239746,0.10846196115016937,16.958969116210938,17.051849365234375,16.220123291015625,16.1767635345459,0.2515845000743866,16.134275436401367,16.193832397460938,16.294036865234375,16.2873592376709,0.142731174826622,16.13610076904297,16.195098876953125,16.289154052734375,16.275880813598633,0.14721210300922394,16.13578224182129,16.194900512695312,16.289154052734375,16.275880813598633,0.14721210300922394,16.135881423950195,16.1949462890625,16.5059814453125,16.411256790161133,0.32478806376457214,16.574573516845703,16.655029296875,16.566314697265625,16.556764602661133,0.177393838763237,16.578950881958008,16.656829833984375,16.560333251953125,16.54195213317871,0.1837434023618698,16.57843780517578,16.6566162109375,16.560333251953125,16.54195213317871,0.1837434023618698,16.578447341918945,16.6566162109375,3.0,2.7200000286102295,0.44899889826774597,3.0,2.9600000381469727,0.1959591805934906,3.0,3.0,0.0,17.284271240234375,17.2890567779541,0.037591442465782166,17.284271240234375,17.2890567779541,0.037591442465782166,17.284271240234375,17.2890567779541,0.037591442465782166,17.284271240234375,17.2890567779541,0.037591442465782166,16.5521240234375,16.556041717529297,0.03437582403421402,16.5521240234375,16.556041717529297,0.03437582403421402,16.5521240234375,16.556041717529297,0.03437582403421402,16.5521240234375,16.556041717529297,0.03437582403421402,17.030303955078125,17.035917282104492,0.04068893566727638,17.030303955078125,17.035917282104492,0.04068893566727638,17.030303955078125,17.035917282104492,0.04068893566727638,17.030303955078125,17.035917282104492,0.04068893566727638
LC09_L1TP_195028_20241102_20241102_02_T1,LANDSAT_9,20241102,geneva,195028,,,,1.7771580219268799,2.0,,,,2.0927798748016357,2.0,,,,1.9223787784576416,2.0,,,,12.943267822265625,13.155303955078125,,,,13.274059295654297,13.380889892578125,,,,13.203617095947266,13.336456298828125,,,,13.206335067749023,13.336456298828125,,,,12.252053260803223,12.495361328125,,,,12.590096473693848,12.692230224609375,,,,12.520296096801758,12.646209716796875,,,,12.523079872131348,12.646148681640625,,,,12.3484468460083,12.657806396484375,,,,12.778650283813477,12.88287353515625,,,,12.693473815917969,12.830902099609375,,,,12.69680118560791,12.830841064453125,,,,,,,,,,,,,,,,,,,,,,,,,,,,,,,,,,,,,,,,,,,,,
LC09_L1TP_195028_20241204_20241204_02_T1,LANDSAT_9,20241204,geneva,195028,3.0,3.0,0.0,2.86326003074646,3.0,3.0,3.0,0.0,2.8661623001098633,3.0,3.0,3.0,0.0,2.874939441680908,3.0,9.860321044921875,9.879461288452148,0.049568794667720795,9.541662216186523,9.853485107421875,9.860321044921875,9.879461288452148,0.049568794667720795,9.738994598388672,9.863739013671875,9.860321044921875,9.879461288452148,0.049568794667720795,9.706941604614258,9.860321044921875,9.860321044921875,9.879461288452148,0.049568794667720795,9.710792541503906,9.860321044921875,9.140594482421875,9.15224838256836,0.04162154719233513,8.803751945495605,9.118865966796875,9.140594482421875,9.15224838256836,0.04162154719233513,9.004339218139648,9.128936767578125,9.140594482421875,9.15224838256836,0.04162154719233513,8.972728729248047,9.125701904296875,9.140594482421875,9.15224838256836,0.04162154719233513,8.976441383361816,9.12591552734375,9.537384033203125,9.558935165405273,0.08598063886165619,9.062098503112793,9.448516845703125,9.537384033203125,9.558935165405273,0.08598063886165619,9.331426620483398,9.4595947265625,9.537384033203125,9.558935165405273,0.08598063886165619,9.283568382263184,9.455902099609375,9.537384033203125,9.558935165405273,0.08598063886165619,9.288533210754395,9.4561767578125,3.0,3.0,0.0,3.0,3.0,0.0,3.0,3.0,0.0,9.788543701171875,9.786629676818848,0.026740314438939095,9.788543701171875,9.786629676818848,0.026740314438939095,9.788543701171875,9.786629676818848,0.026740314438939095,9.788543701171875,9.786629676818848,0.026740314438939095,9.051300048828125,9.054937362670898,0.022458326071500778,9.051300048828125,9.054937362670898,0.022458326071500778,9.051300048828125,9.054937362670898,0.022458326071500778,9.051300048828125,9.054937362670898,0.022458326071500778,9.427581787109375,9.410752296447754,0.03975733742117882,9.427581787109375,9.410752296447754,0.03975733742117882,9.427581787109375,9.410752296447754,0.03975733742117882,9.427581787109375,9.410752296447754,0.03975733742117882
LC09_L1TP_196027_20241227_20241227_02_T1,LANDSAT_9,20241227,geneva,196027,,,,,,,,,,,,,,,,,,,,,,,,,,,,,,,,,,,,,,,,,,,,,,,,,,,,,,,,,,,,,,,,,,,,,,,,,,,,,,,,,,,,,,,,,,,,,,,,,,,,,,,,,,,,,,,,,,,,,,,,
LC09_L1TP_196028_20250112_20250112_02_T1,LANDSAT_9,20250112,geneva,196028,3.0,2.9600000381469727,0.1959591656923294,2.8440704345703125,3.0,3.0,2.9600000381469727,0.1959591656923294,2.7162415981292725,3.0,3.0,2.9600000381469727,0.1959591656923294,2.779754400253296,3.0,7.194244384765625,7.196568489074707,0.032175708562135696,7.4794697761535645,7.573638916015625,7.194244384765625,7.196568489074707,0.032175708562135696,7.4814653396606445,7.573638916015625,7.194244384765625,7.196568489074707,0.032175708562135696,7.481192588806152,7.573638916015625,7.194244384765625,7.196568489074707,0.032175708562135696,7.48118782043457,7.573638916015625,6.556488037109375,6.562650203704834,0.0291605107486248,6.855781555175781,6.94097900390625,6.556488037109375,6.562650203704834,0.0291605107486248,6.857808589935303,6.94110107421875,6.556488037109375,6.562650203704834,0.0291605107486248,6.857551574707031,6.94110107421875,6.556488037109375,6.562650203704834,0.0291605107486248,6.857542991638184,6.941070556640625,7.076416015625,7.085529804229736,0.04257863387465477,7.2664384841918945,7.322479248046875,7.076416015625,7.085529804229736,0.04257863387465477,7.268308639526367,7.322723388671875,7.076416015625,7.085529804229736,0.04257863387465477,7.268073558807373,7.32269287109375,7.076416015625,7.085529804229736,0.04257863387465477,7.268065452575684,7.322662353515625,3.0,2.880000114440918,0.32496151328086853,3.0,2.640000104904175,0.48000001907348633,3.0,2.8399999141693115,0.36660605669021606,7.221588134765625,7.207779407501221,0.03718498721718788,7.221588134765625,7.207779407501221,0.03718498721718788,7.221588134765625,7.207779407501221,0.03718498721718788,7.221588134765625,7.207779407501221,0.03718498721718788,6.617523193359375,6.606029033660889,0.03631884232163429,6.617523193359375,6.606029033660889,0.03631884232163429,6.617523193359375,6.606029033660889,0.03631884232163429,6.617523193359375,6.606029033660889,0.03631884232163429,7.088531494140625,7.091206073760986,0.028381746262311935,7.088531494140625,7.091206073760986,0.028381746262311935,7.088531494140625,7.091206073760986,0.028381746262311935,7.088531494140625,7.091206073760986,0.028381746262311935
LC09_L1TP_195028_20250121_20250121_02_T1,LANDSAT_9,20250121,geneva,195028,,,,,,,,,,,,,,,,,,,,,,,,,,,,,,,,,,,,,,,,,,,,,,,,,,,,,,,,,,,,,,,,,,,,,,,,,,,,,,,,,,,,,,,,,,,,,,,,,,,,,,,,,,,,,,,,,,,,,,,,
LC09_L1TP_195028_20250206_20250206_02_T1,LANDSAT_9,20250206,geneva,195028,,,,,,,,,,,,,,,,,,,,,,,,,,,,,,,,,,,,,,,,,,,,,,,,,,,,,,,,,,,,,,,,,,,,,,,,,,,,,,,,,,,,,,,,,,,,,,,,,,,,,,,,,,,,,,,,,,,,,,,,
LC09_L1TP_196027_20250402_20250402_02_T1,LANDSAT_9,20250402,geneva,196027,3.0,2.8399999141693115,0.4630334675312042,2.9672412872314453,3.0,3.0,2.880000114440918,0.430813193321228,2.978541851043701,3.0,3.0,2.880000114440918,0.430813193321228,2.9776625633239746,3.0,8.52728271484375,8.515388488769531,0.03512527793645859,8.483447074890137,8.27777099609375,8.52728271484375,8.516032218933105,0.03570481017231941,8.469747543334961,8.27435302734375,8.52728271484375,8.516032218933105,0.03570481017231941,8.467556953430176,8.27435302734375,8.52728271484375,8.516032218933105,0.03570481017231941,8.467241287231445,8.27435302734375,7.72607421875,7.7240309715271,0.02183402143418789,7.652595043182373,7.470123291015625,7.7260589599609375,7.723795413970947,0.022253205999732018,7.639020919799805,7.46893310546875,7.7260589599609375,7.723795413970947,0.022253205999732018,7.636753559112549,7.4685821533203125,7.7260589599609375,7.723795413970947,0.022253205999732018,7.636435031890869,7.46844482421875,8.20477294921875,8.193120002746582,0.04600800573825836,8.088071823120117,7.9223175048828125,8.20269775390625,8.191210746765137,0.04597565904259682,8.073979377746582,7.9208984375,8.20269775390625,8.191210746765137,0.04597565904259682,8.071817398071289,7.92071533203125,8.20269775390625,8.191210746765137,0.04597565904259682,8.071477890014648,7.920654296875,,,,,,,,,,,,,,,,,,,,,,,,,,,,,,,,,,,,,,,,,,,,,
LC09_L1TP_195028_20250411_20250411_02_T1,LANDSAT_9,20250411,geneva,195028,3.0,2.8399999141693115,0.4630334675312042,2.994504690170288,3.0,3.0,2.880000114440918,0.32496151328086853,2.9946391582489014,3.0,3.0,2.880000114440918,0.32496151328086853,2.994386911392212,3.0,12.123046875,12.137948989868164,0.07749602198600769,11.600126266479492,11.596649169921875,12.128173828125,12.141133308410645,0.07747486978769302,11.597149848937988,11.596649169921875,12.123046875,12.137948989868164,0.07749602198600769,11.597208976745605,11.596649169921875,12.123046875,12.137948989868164,0.07749602198600769,11.597335815429688,11.596649169921875,11.557220458984375,11.553226470947266,0.059300586581230164,11.029471397399902,11.038803100585938,11.557296752929688,11.556906700134277,0.05765857547521591,11.026788711547852,11.03839111328125,11.557220458984375,11.553226470947266,0.059300586581230164,11.026846885681152,11.038406372070312,11.557220458984375,11.553226470947266,0.059300586581230164,11.026946067810059,11.038421630859375,12.001373291015625,11.997330665588379,0.06319364905357361,11.423666954040527,11.420745849609375,12.003265380859375,11.999515533447266,0.06356454640626907,11.420671463012695,11.42022705078125,12.001373291015625,11.997330665588379,0.06319364905357361,11.420727729797363,11.420242309570312,12.001373291015625,11.997330665588379,0.06319364905357361,11.42083740234375,11.420257568359375,3.0,3.0,0.0,3.0,3.0,0.0,3.0,3.0,0.0,11.514617919921875,11.514344215393066,0.06228525564074516,11.514617919921875,11.514344215393066,0.06228525564074516,11.514617919921875,11.514344215393066,0.06228525564074516,11.514617919921875,11.514344215393066,0.06228525564074516,10.890899658203125,10.889368057250977,0.05201224237680435,10.890899658203125,10.889368057250977,0.05201224237680435,10.890899658203125,10.889368057250977,0.05201224237680435,10.890899658203125,10.889368057250977,0.05201224237680435,11.294647216796875,11.322859764099121,0.06495664268732071,11.294647216796875,11.322859764099121,0.06495664268732071,11.294647216796875,11.322859764099121,0.06495664268732071,11.294647216796875,11.322859764099121,0.06495664268732071
LC09_L1TP_196028_20250418_20250418_02_T1,LANDSAT_9,20250418,geneva,196028,2.0,2.0,0.0,2.5297975540161133,3.0,2.0,1.9199999570846558,0.27129319310188293,2.608827590942383,3.0,2.0,1.9199999570846558,0.27129319310188293,2.638076066970825,3.0,10.971160888671875,10.972801208496094,0.04335428774356842,10.367256164550781,10.321746826171875,10.971160888671875,10.972801208496094,0.04335428774356842,10.364339828491211,10.321746826171875,10.960906982421875,10.968485832214355,0.04249909892678261,10.363765716552734,10.318328857421875,10.960906982421875,10.971012115478516,0.0442730188369751,10.363917350769043,10.318328857421875,9.9990234375,10.003122329711914,0.045232005417346954,9.448326110839844,9.406768798828125,9.9990234375,10.003122329711914,0.045232005417346954,9.44575023651123,9.404754638671875,9.9990234375,10.003024101257324,0.04691588133573532,9.445276260375977,9.403472900390625,9.9990234375,10.003028869628906,0.04691784083843231,9.44540023803711,9.40362548828125,10.6884765625,10.681702613830566,0.06257575750350952,9.916266441345215,9.869476318359375,10.6884765625,10.681702613830566,0.06257575750350952,9.913643836975098,9.868316650390625,10.680267333984375,10.676397323608398,0.061548151075839996,9.91319751739502,9.867218017578125,10.680267333984375,10.673601150512695,0.058601073920726776,9.913333892822266,9.867340087890625,3.0,3.0,0.0,3.0,3.0,0.0,3.0,3.0,0.0,9.648406982421875,9.658524513244629,0.017467929050326347,9.648406982421875,9.658524513244629,0.017467929050326347,9.648406982421875,9.658524513244629,0.017467929050326347,9.648406982421875,9.658524513244629,0.017467929050326347,8.73223876953125,8.736281394958496,0.018484143540263176,8.73223876953125,8.736281394958496,0.018484143540263176,8.73223876953125,8.736281394958496,0.018484143540263176,8.73223876953125,8.736281394958496,0.018484143540263176,8.9989013671875,8.986910820007324,0.05227673426270485,8.9989013671875,8.986910820007324,0.05227673426270485,8.9989013671875,8.986910820007324,0.05227673426270485,8.9989013671875,8.986910820007324,0.05227673426270485
LC09_L1TP_195028_20250529_20250529_02_T1,LANDSAT_9,20250529,geneva,195028,1.0,1.0,0.0,1.4679709672927856,1.0,1.0,1.0,0.0,2.011594533920288,2.0,1.0,1.0,0.0,1.7552162408828735,2.0,15.240264892578125,15.26719856262207,0.13418413698673248,14.461739540100098,14.631866455078125,,,,14.252732276916504,14.351593017578125,,,,14.750710487365723,14.877960205078125,,,,14.735695838928223,14.864288330078125,13.640045166015625,13.649447441101074,0.12028960883617401,13.084440231323242,13.2430419921875,,,,12.908666610717773,13.00286865234375,,,,13.374188423156738,13.481201171875,,,,13.361298561096191,13.467498779296875,12.795623779296875,12.801932334899902,0.18105459213256836,11.814898490905762,12.035446166992188,,,,11.562103271484375,11.712677001953125,,,,12.221372604370117,12.34979248046875,,,,12.212697982788086,12.3544921875,1.0,1.0,0.0,1.0,1.0,0.0,1.0,1.0,0.0,13.039093017578125,13.044151306152344,0.1270054578781128,,,,,,,,,,11.741851806640625,11.772381782531738,0.1431778371334076,,,,,,,,,,10.13250732421875,10.093649864196777,0.14854300022125244,,,,,,,,,
LC09_L1TP_196027_20250621_20250621_02_T1,LANDSAT_9,20250621,geneva,196027,3.0,2.8399999141693115,0.4630334675312042,2.9487781524658203,3.0,3.0,2.880000114440918,0.430813193321228,2.964007616043091,3.0,3.0,2.880000114440918,0.430813193321228,2.963615894317627,3.0,23.703277587890625,23.709701538085938,0.05438176169991493,23.801416397094727,23.727203369140625,23.703277587890625,23.708120346069336,0.05493542179465294,23.7878360748291,23.723785400390625,23.703277587890625,23.708120346069336,0.05493542179465294,23.787349700927734,23.723785400390625,23.703277587890625,23.708120346069336,0.05493542179465294,23.787851333618164,23.723785400390625,22.471954345703125,22.46088409423828,0.07161083072423935,22.595478057861328,22.5469970703125,22.47186279296875,22.45672607421875,0.0700649619102478,22.58130645751953,22.545318603515625,22.47186279296875,22.45672607421875,0.0700649619102478,22.580886840820312,22.545181274414062,22.47186279296875,22.45672607421875,0.0700649619102478,22.581356048583984,22.54522705078125,23.7998046875,23.800996780395508,0.06512156873941422,24.053062438964844,24.017547607421875,23.798995971679688,23.79884147644043,0.06558604538440704,24.038055419921875,24.01483154296875,23.798995971679688,23.79884147644043,0.06558604538440704,24.03767967224121,24.014816284179688,23.798995971679688,23.79884147644043,0.06558604538440704,24.038137435913086,24.01483154296875,,,,,,,,,,,,,,,,,,,,,,,,,,,,,,,,,,,,,,,,,,,,,
LC09_L1TP_196028_20250621_20250621_02_T1,LANDSAT_9,20250621,geneva,196028,3.0,2.880000114440918,0.430813193321228,2.985752582550049,3.0,3.0,2.880000114440918,0.430813193321228,2.991640090942383,3.0,3.0,2.880000114440918,0.430813193321228,2.991774559020996,3.0,23.710113525390625,23.6984920501709,0.05822999030351639,23.695180892944336,23.757965087890625,23.706695556640625,23.696584701538086,0.05865974351763725,23.69357681274414,23.757965087890625,23.706695556640625,23.696584701538086,0.05865974351763725,23.693603515625,23.757965087890625,23.706695556640625,23.696584701538086,0.05865974351763725,23.693532943725586,23.757965087890625,22.4619140625,22.460500717163086,0.06297137588262558,22.52668571472168,22.606109619140625,22.461578369140625,22.456375122070312,0.06087212264537811,22.525129318237305,22.60546875,22.461578369140625,22.456375122070312,0.06087212264537811,22.52515983581543,22.605575561523438,22.461578369140625,22.456375122070312,0.06087212264537811,22.52509307861328,22.605422973632812,23.812957763671875,23.8227596282959,0.07530471682548523,23.768394470214844,23.838897705078125,23.809219360351562,23.82184410095215,0.0767211765050888,23.76659393310547,23.838226318359375,23.809219360351562,23.82184410095215,0.0767211765050888,23.766630172729492,23.838287353515625,23.809219360351562,23.82184410095215,0.0767211765050888,23.766542434692383,23.838165283203125,3.0,3.0,0.0,3.0,3.0,0.0,3.0,3.0,0.0,22.814605712890625,22.787124633789062,0.09578356146812439,22.814605712890625,22.787124633789062,0.09578356146812439,22.814605712890625,22.787124633789062,0.09578356146812439,22.814605712890625,22.787124633789062,0.09578356146812439,21.7156982421875,21.705528259277344,0.07095617055892944,21.7156982421875,21.705528259277344,0.07095617055892944,21.7156982421875,21.705528259277344,0.07095617055892944,21.7156982421875,21.705528259277344,0.07095617055892944,22.78570556640625,22.795330047607422,0.08784916251897812,22.78570556640625,22.795330047607422,0.08784916251897812,22.78570556640625,22.795330047607422,0.08784916251897812,22.78570556640625,22.795330047607422,0.08784916251897812
LC09_L1TP_195028_20250630_20250630_02_T1,LANDSAT_9,20250630,geneva,195028,3.0,2.880000114440918,0.430813193321228,2.7841978073120117,3.0,3.0,2.880000114440918,0.430813193321228,2.8291568756103516,3.0,3.0,2.9200000762939453,0.27129319310188293,2.8309316635131836,3.0,28.573974609375,28.572471618652344,0.047114238142967224,27.778120040893555,27.726287841796875,28.572265625,28.57027244567871,0.04681199789047241,27.804079055786133,27.739959716796875,28.572265625,28.57027244567871,0.04681199789047241,27.80345344543457,27.739959716796875,28.573974609375,28.572471618652344,0.047114238142967224,27.804872512817383,27.739959716796875,24.836578369140625,24.839271545410156,0.05496798828244209,24.015884399414062,23.97607421875,24.836517333984375,24.83693504333496,0.05486724525690079,24.043188095092773,23.989349365234375,24.836517333984375,24.83693504333496,0.05486724525690079,24.04250717163086,23.98870849609375,24.836578369140625,24.839271545410156,0.05496798828244209,24.0439510345459,23.98974609375,25.3148193359375,25.324033737182617,0.17914175987243652,24.4360408782959,24.477554321289062,25.358642578125,25.326614379882812,0.18237930536270142,24.484771728515625,24.4935302734375,25.358642578125,25.326614379882812,0.18237930536270142,24.48372459411621,24.49298095703125,25.3148193359375,25.324033737182617,0.17914175987243652,24.485881805419922,24.49371337890625,3.0,3.0,0.0,3.0,3.0,0.0,3.0,3.0,0.0,27.592987060546875,27.583965301513672,0.0715385377407074,27.592987060546875,27.583965301513672,0.0715385377407074,27.592987060546875,27.583965301513672,0.0715385377407074,27.592987060546875,27.583965301513672,0.0715385377407074,23.938232421875,23.929052352905273,0.06786733865737915,23.938232421875,23.929052352905273,0.06786733865737915,23.938232421875,23.929052352905273,0.06786733865737915,23.938232421875,23.929052352905273,0.06786733865737915,24.93243408203125,24.897924423217773,0.09742996841669083,24.93243408203125,24.897924423217773,0.09742996841669083,24.93243408203125,24.897924423217773,0.09742996841669083,24.93243408203125,24.897924423217773,0.09742996841669083
LC09_L1TP_196028_20250707_20250707_02_T1,LANDSAT_9,20250707,geneva,196028,,,,1.1486692428588867,1.0,,,,1.2017725706100464,1.0,,,,1.2332440614700317,1.0,,,,20.585092544555664,20.8321533203125,,,,19.635244369506836,19.174407958984375,,,,19.879968643188477,19.406829833984375,,,,19.984128952026367,19.782806396484375,,,,11.153656005859375,11.50848388671875,,,,9.774191856384277,9.093215942382812,,,,10.15820598602295,9.4383544921875,,,,10.319096565246582,10.009490966796875,,,,4.780611038208008,5.23699951171875,,,,3.5613327026367188,2.7918548583984375,,,,4.054826259613037,3.33917236328125,,,,4.203012466430664,3.861236572265625,1.0,1.159999966621399,0.36660605669021606,1.0,1.3600000143051147,0.6248199939727783,1.0,1.559999942779541,0.6974238157272339,17.260345458984375,17.354402542114258,0.47462955117225647,18.138763427734375,18.024261474609375,0.2510462701320648,17.793548583984375,17.812591552734375,0.34069088101387024,17.537200927734375,17.52507972717285,0.47769421339035034,6.49005126953125,6.429038047790527,0.7621447443962097,7.433746337890625,7.398223876953125,0.15542109310626984,7.28326416015625,7.231074810028076,0.2818624675273895,7.0771484375,6.753664970397949,0.6920152902603149,0.23980712890625,0.03644042834639549,0.7674974203109741,0.7447662353515625,0.779937744140625,0.1383628398180008,0.718597412109375,0.7830810546875,0.1313319206237793,0.68560791015625,0.3072149157524109,0.6806252598762512
LC09_L1TP_195028_20250716_20250716_02_T1,LANDSAT_9,20250716,geneva,195028,2.0,1.6399999856948853,0.47999998927116394,1.7576205730438232,2.0,2.0,1.7599999904632568,0.6499230861663818,2.136638641357422,2.0,2.0,1.559999942779541,0.49638694524765015,1.7951459884643555,2.0,22.442047119140625,22.339916229248047,0.5863515734672546,23.00496482849121,23.638336181640625,22.705230712890625,22.562530517578125,0.47942492365837097,23.713685989379883,23.857086181640625,22.705230712890625,22.562530517578125,0.47942492365837097,23.678245544433594,23.846832275390625,22.787261962890625,22.670562744140625,0.378469318151474,23.67768096923828,23.846832275390625,19.969451904296875,19.793699264526367,0.4825584888458252,20.328533172607422,20.886398315429688,20.082870483398438,19.99729347229004,0.361211895942688,20.973485946655273,21.10009765625,20.082870483398438,19.99729347229004,0.361211895942688,20.940109252929688,21.09222412109375,20.1717529296875,20.088266372680664,0.2753202021121979,20.938316345214844,21.092193603515625,20.50469970703125,20.42461395263672,0.4101223647594452,20.703208923339844,21.469924926757812,20.72686767578125,20.659915924072266,0.28438520431518555,21.658309936523438,21.767807006835938,20.72686767578125,20.659915924072266,0.28438520431518555,21.621301651000977,21.755889892578125,20.782638549804688,20.714996337890625,0.2461254894733429,21.60489845275879,21.7548828125,,,,,,,,,,,,,,,,,,,,,,,,,,,,,,,,,,,,,,,,,,,,,
