scene_id,sensor,time_utc,lakeN,pathrow,lst_class_dt_median0,lst_class_dt_mean0,lst_class_dt_std0,lst_class_dt_mean_all_pixels,lst_class_dt_median_all_pixels,lst_class_rf_median0,lst_class_rf_mean0,lst_class_rf_std0,lst_class_rf_mean_all_pixels,lst_class_rf_median_all_pixels,lst_class_xgb_median0,lst_class_xgb_mean0,lst_class_xgb_std0,lst_class_xgb_mean_all_pixels,lst_class_xgb_median_all_pixels,lstmap_usgs_on_tact_median0,lstmap_usgs_on_tact_mean0,lstmap_usgs_on_tact_std0,lstmap_usgs_on_tact_mean_all_pixels,lstmap_usgs_on_tact_median_all_pixels,lstmap_dt_usgs_median0,lstmap_dt_usgs_mean0,lstmap_dt_usgs_std0,lstmap_dt_usgs_mean_all_pixels,lstmap_dt_usgs_median_all_pixels,lstmap_rf_usgs_median0,lstmap_rf_usgs_mean0,lstmap_rf_usgs_std0,lstmap_rf_usgs_mean_all_pixels,lstmap_rf_usgs_median_all_pixels,lstmap_xgb_usgs_median0,lstmap_xgb_usgs_mean0,lstmap_xgb_usgs_std0,lstmap_xgb_usgs_mean_all_pixels,lstmap_xgb_usgs_median_all_pixels,lstmap1_median0,lstmap1_mean0,lstmap1_std0,lstmap1_mean_all_pixels,lstmap1_median_all_pixels,lstmap_dt_acolite1_median0,lstmap_dt_acolite1_mean0,lstmap_dt_acolite1_std0,lstmap_dt_acolite1_mean_all_pixels,lstmap_dt_acolite1_median_all_pixels,lstmap_rf_acolite1_median0,lstmap_rf_acolite1_mean0,lstmap_rf_acolite1_std0,lstmap_rf_acolite1_mean_all_pixels,lstmap_rf_acolite1_median_all_pixels,lstmap_xgb_acolite1_median0,lstmap_xgb_acolite1_mean0,lstmap_xgb_acolite1_std0,lstmap_xgb_acolite1_mean_all_pixels,lstmap_xgb_acolite1_median_all_pixels,lstmap2_median0,lstmap2_mean0,lstmap2_std0,lstmap2_mean_all_pixels,lstmap2_median_all_pixels,lstmap_dt_acolite2_median0,lstmap_dt_acolite2_mean0,lstmap_dt_acolite2_std0,lstmap_dt_acolite2_mean_all_pixels,lstmap_dt_acolite2_median_all_pixels,lstmap_rf_acolite2_median0,lstmap_rf_acolite2_mean0,lstmap_rf_acolite2_std0,lstmap_rf_acolite2_mean_all_pixels,lstmap_rf_acolite2_median_all_pixels,lstmap_xgb_acolite2_median0,lstmap_xgb_acolite2_mean0,lstmap_xgb_acolite2_std0,lstmap_xgb_acolite2_mean_all_pixels,lstmap_xgb_acolite2_median_all_pixels,lst_class_dt_median1,lst_class_dt_mean1,lst_class_dt_std1,lst_class_rf_median1,lst_class_rf_mean1,lst_class_rf_std1,lst_class_xgb_median1,lst_class_xgb_mean1,lst_class_xgb_std1,lstmap_usgs_on_tact_median1,lstmap_usgs_on_tact_mean1,lstmap_usgs_on_tact_std1,lstmap_dt_usgs_median1,lstmap_dt_usgs_mean1,lstmap_dt_usgs_std1,lstmap_rf_usgs_median1,lstmap_rf_usgs_mean1,lstmap_rf_usgs_std1,lstmap_xgb_usgs_median1,lstmap_xgb_usgs_mean1,lstmap_xgb_usgs_std1,lstmap1_median1,lstmap1_mean1,lstmap1_std1,lstmap_dt_acolite1_median1,lstmap_dt_acolite1_mean1,lstmap_dt_acolite1_std1,lstmap_rf_acolite1_median1,lstmap_rf_acolite1_mean1,lstmap_rf_acolite1_std1,lstmap_xgb_acolite1_median1,lstmap_xgb_acolite1_mean1,lstmap_xgb_acolite1_std1,lstmap2_median1,lstmap2_mean1,lstmap2_std1,lstmap_dt_acolite2_median1,lstmap_dt_acolite2_mean1,lstmap_dt_acolite2_std1,lstmap_rf_acolite2_median1,lstmap_rf_acolite2_mean1,lstmap_rf_acolite2_std1,lstmap_xgb_acolite2_median1,lstmap_xgb_acolite2_mean1,lstmap_xgb_acolite2_std1
LC08_L1TP_196028_20160807_20200906_02_T1,LANDSAT_8,20160807,geneva,196028,2.0,1.9600000381469727,0.598665177822113,1.8890483379364014,2.0,2.0,2.4800000190734863,0.4995998442173004,1.704513430595398,2.0,2.0,2.2799999713897705,0.44899889826774597,2.057283878326416,2.0,22.281402587890625,22.28030776977539,0.04205873981118202,22.220260620117188,22.233551025390625,22.272857666015625,22.27422523498535,0.04197148606181145,22.190162658691406,22.216461181640625,22.281402587890625,22.28030776977539,0.04205873981118202,22.2338809967041,22.260894775390625,22.281402587890625,22.28030776977539,0.04205873981118202,22.18614959716797,22.206207275390625,21.40081787109375,21.400278091430664,0.042882710695266724,21.486980438232422,21.501708984375,21.390899658203125,21.393596649169922,0.043580181896686554,21.468303680419922,21.49481201171875,21.40081787109375,21.400278091430664,0.042882710695266724,21.508960723876953,21.5390625,21.40081787109375,21.400278091430664,0.042882710695266724,21.46094512939453,21.481231689453125,22.532470703125,22.52082061767578,0.0577450692653656,22.470170974731445,22.493072509765625,22.5281982421875,22.51114845275879,0.059849292039871216,22.442651748657227,22.472137451171875,22.532470703125,22.52082061767578,0.0577450692653656,22.479036331176758,22.502410888671875,22.532470703125,22.52082061767578,0.0577450692653656,22.437681198120117,22.4632568359375,1.0,1.0,0.0,1.0,1.0,0.0,1.0,1.0,0.0,22.708648681640625,22.706323623657227,0.009105919860303402,,,,,,,,,,21.9385986328125,21.936351776123047,0.009460692293941975,,,,,,,,,,22.975555419921875,22.9951229095459,0.03734852746129036,,,,,,,,,
LC08_L1TP_195028_20160816_20200906_02_T1,LANDSAT_8,20160816,geneva,195028,3.0,2.759999990463257,0.42708316445350647,2.756838798522949,3.0,3.0,3.0,0.0,2.997512102127075,3.0,3.0,3.0,0.0,2.9974863529205322,3.0,25.463592529296875,25.4696102142334,0.02775559015572071,24.727500915527344,24.69793701171875,25.463592529296875,25.4696102142334,0.02775559015572071,24.72545051574707,24.69793701171875,25.463592529296875,25.4696102142334,0.02775559015572071,24.725360870361328,24.69793701171875,25.463592529296875,25.4696102142334,0.02775559015572071,24.72550392150879,24.69793701171875,22.422637939453125,22.428617477416992,0.03098220005631447,21.998138427734375,21.971527099609375,22.422637939453125,22.428617477416992,0.03098220005631447,21.996234893798828,21.971282958984375,22.422637939453125,22.428617477416992,0.03098220005631447,21.996179580688477,21.971282958984375,22.422637939453125,22.428617477416992,0.03098220005631447,21.996318817138672,21.971298217773438,23.41259765625,23.401674270629883,0.08813831210136414,22.619924545288086,22.607330322265625,23.41259765625,23.401674270629883,0.08813831210136414,22.617761611938477,22.607086181640625,23.41259765625,23.401674270629883,0.08813831210136414,22.617712020874023,22.60711669921875,23.41259765625,23.401674270629883,0.08813831210136414,22.617860794067383,22.60711669921875,3.0,2.640000104904175,0.48000001907348633,3.0,3.0,0.0,3.0,3.0,0.0,24.85516357421875,24.841901779174805,0.04856229946017265,24.85516357421875,24.841901779174805,0.04856229946017265,24.85516357421875,24.841901779174805,0.04856229946017265,24.85516357421875,24.841901779174805,0.04856229946017265,22.417755126953125,22.40612030029297,0.051633093506097794,22.417755126953125,22.40612030029297,0.051633093506097794,22.417755126953125,22.40612030029297,0.051633093506097794,22.417755126953125,22.40612030029297,0.051633093506097794,23.02349853515625,23.021652221679688,0.029216565191745758,23.02349853515625,23.021652221679688,0.029216565191745758,23.02349853515625,23.021652221679688,0.029216565191745758,23.02349853515625,23.021652221679688,0.029216565191745758
LC08_L1TP_196028_20160823_20200906_02_T1,LANDSAT_8,20160823,geneva,196028,3.0,3.0,0.0,2.8937668800354004,3.0,3.0,3.0,0.0,2.869371175765991,3.0,3.0,3.0,0.0,2.869016170501709,3.0,23.323883056640625,23.3247013092041,0.037644609808921814,22.616931915283203,22.575347900390625,23.323883056640625,23.3247013092041,0.037644609808921814,22.61334228515625,22.575347900390625,23.323883056640625,23.3247013092041,0.037644609808921814,22.614709854125977,22.575347900390625,23.323883056640625,23.3247013092041,0.037644609808921814,22.61465835571289,22.575347900390625,21.1837158203125,21.181394577026367,0.019855143502354622,20.72420310974121,20.703948974609375,21.1837158203125,21.181394577026367,0.019855143502354622,20.721229553222656,20.70263671875,21.1837158203125,21.181394577026367,0.019855143502354622,20.72240447998047,20.70361328125,21.1837158203125,21.181394577026367,0.019855143502354622,20.722368240356445,20.70367431640625,21.948638916015625,21.94949722290039,0.041492264717817307,21.557598114013672,21.537628173828125,21.948638916015625,21.94949722290039,0.041492264717817307,21.554168701171875,21.5361328125,21.948638916015625,21.94949722290039,0.041492264717817307,21.555557250976562,21.53729248046875,21.948638916015625,21.94949722290039,0.041492264717817307,21.555530548095703,21.537353515625,2.0,2.240000009536743,0.42708316445350647,2.0,2.0,0.0,2.0,2.0,0.0,22.688140869140625,22.680892944335938,0.050431616604328156,22.688140869140625,22.680892944335938,0.050431616604328156,22.688140869140625,22.680892944335938,0.050431616604328156,22.688140869140625,22.680892944335938,0.050431616604328156,20.819854736328125,20.81930923461914,0.048193976283073425,20.819854736328125,20.81930923461914,0.048193976283073425,20.819854736328125,20.81930923461914,0.048193976283073425,20.819854736328125,20.81930923461914,0.048193976283073425,21.932647705078125,21.939226150512695,0.06283903121948242,21.932647705078125,21.939226150512695,0.06283903121948242,21.932647705078125,21.939226150512695,0.06283903121948242,21.932647705078125,21.939226150512695,0.06283903121948242
LC08_L1TP_195028_20160901_20200906_02_T1,LANDSAT_8,20160901,geneva,195028,3.0,2.640000104904175,0.5571355223655701,2.8179450035095215,3.0,3.0,3.0,0.0,2.918397903442383,3.0,3.0,2.9600000381469727,0.1959591656923294,2.910773754119873,3.0,24.46893310546875,24.458269119262695,0.09180702269077301,24.416826248168945,24.44500732421875,24.46893310546875,24.45540428161621,0.09259835630655289,24.44355583190918,24.46209716796875,24.46893310546875,24.458269119262695,0.09180702269077301,24.45162582397461,24.45867919921875,24.46893310546875,24.458269119262695,0.09180702269077301,24.44967269897461,24.45867919921875,22.86346435546875,22.858774185180664,0.09063488990068436,22.864360809326172,22.90533447265625,22.86016845703125,22.855310440063477,0.09086744487285614,22.887855529785156,22.916168212890625,22.86346435546875,22.858774185180664,0.09063488990068436,22.895732879638672,22.9140625,22.86346435546875,22.858774185180664,0.09063488990068436,22.893369674682617,22.913818359375,24.2593994140625,24.23348617553711,0.09937220066785812,24.361160278320312,24.403564453125,24.25189208984375,24.229345321655273,0.09928476810455322,24.405860900878906,24.410614013671875,24.2593994140625,24.23348617553711,0.09937220066785812,24.42201805114746,24.413436889648438,24.2593994140625,24.23348617553711,0.09937220066785812,24.417694091796875,24.413330078125,2.0,1.6799999475479126,0.7332121133804321,2.0,1.9600000381469727,0.1959591656923294,2.0,1.7999999523162842,0.4000000059604645,24.77655029296875,24.756589889526367,0.06318477541208267,24.75262451171875,24.74000358581543,0.07089406251907349,24.77825927734375,24.75675392150879,0.06448239833116531,24.77142333984375,24.75604248046875,0.06401737779378891,23.42352294921875,23.40277671813965,0.057626403868198395,23.41680908203125,23.38599967956543,0.06448477506637573,23.420166015625,23.401277542114258,0.05833761766552925,23.424118041992188,23.4012451171875,0.06135230511426926,24.930572509765625,24.943359375,0.08354337513446808,24.982696533203125,24.961862564086914,0.10361408442258835,24.932662963867188,24.945608139038086,0.0845227763056755,24.91705322265625,24.943986892700195,0.09288739413022995
LC08_L1TP_196028_20160908_20200906_02_T1,LANDSAT_8,20160908,geneva,196028,3.0,3.0,0.0,2.9842982292175293,3.0,3.0,3.0,0.0,2.994049549102783,3.0,3.0,3.0,0.0,2.9942493438720703,3.0,21.775543212890625,21.775541305541992,0.06098177284002304,22.02079963684082,22.076324462890625,21.775543212890625,21.775541305541992,0.06098177284002304,22.016834259033203,22.072906494140625,21.775543212890625,21.775541305541992,0.06098177284002304,22.01915740966797,22.076324462890625,21.775543212890625,21.775541305541992,0.06098177284002304,22.0192813873291,22.076324462890625,20.779541015625,20.793415069580078,0.05857888609170914,20.97880744934082,21.04345703125,20.779541015625,20.793415069580078,0.05857888609170914,20.974815368652344,21.0419921875,20.779541015625,20.793415069580078,0.05857888609170914,20.977127075195312,21.04205322265625,20.779541015625,20.793415069580078,0.05857888609170914,20.97724723815918,21.04205322265625,21.374114990234375,21.37735366821289,0.06643451005220413,21.69296646118164,21.71875,21.374114990234375,21.37735366821289,0.06643451005220413,21.68794822692871,21.716934204101562,21.374114990234375,21.37735366821289,0.06643451005220413,21.6910343170166,21.7181396484375,21.374114990234375,21.37735366821289,0.06643451005220413,21.691171646118164,21.718170166015625,3.0,3.0,0.0,3.0,3.0,0.0,3.0,3.0,0.0,22.906890869140625,22.901010513305664,0.035090669989585876,22.906890869140625,22.901010513305664,0.035090669989585876,22.906890869140625,22.901010513305664,0.035090669989585876,22.906890869140625,22.901010513305664,0.035090669989585876,21.92633056640625,21.925865173339844,0.02978852391242981,21.92633056640625,21.925865173339844,0.02978852391242981,21.92633056640625,21.925865173339844,0.02978852391242981,21.92633056640625,21.925865173339844,0.02978852391242981,22.967193603515625,22.932117462158203,0.10163627564907074,22.967193603515625,22.932117462158203,0.10163627564907074,22.967193603515625,22.932117462158203,0.10163627564907074,22.967193603515625,22.932117462158203,0.10163627564907074
LC08_L1TP_196028_20160924_20200906_02_T1,LANDSAT_8,20160924,geneva,196028,3.0,2.9600000381469727,0.1959591805934906,2.2373239994049072,2.0,2.0,2.0799999237060547,0.27129319310188293,2.780918836593628,3.0,2.0,2.0,0.0,2.802105665206909,3.0,19.659759521484375,19.649505615234375,0.04515859857201576,19.76336097717285,19.775970458984375,19.659759521484375,19.649505615234375,0.04515859857201576,19.776296615600586,19.782806396484375,19.659759521484375,19.649505615234375,0.04515859857201576,19.762968063354492,19.775970458984375,19.659759521484375,19.649505615234375,0.04515859857201576,19.763147354125977,19.775970458984375,18.693084716796875,18.682531356811523,0.039240747690200806,18.66680335998535,18.66644287109375,18.693084716796875,18.682531356811523,0.039240747690200806,18.673648834228516,18.671539306640625,18.693084716796875,18.682531356811523,0.039240747690200806,18.666202545166016,18.66650390625,18.693084716796875,18.682531356811523,0.039240747690200806,18.666240692138672,18.666595458984375,19.236236572265625,19.217544555664062,0.06179281696677208,19.166690826416016,19.16717529296875,19.236236572265625,19.217544555664062,0.06179281696677208,19.176700592041016,19.1759033203125,19.236236572265625,19.217544555664062,0.06179281696677208,19.165973663330078,19.167236328125,19.236236572265625,19.217544555664062,0.06179281696677208,19.165985107421875,19.167327880859375,3.0,3.0,0.0,3.0,3.0,0.0,3.0,3.0,0.0,19.885345458984375,19.887126922607422,0.02971048466861248,19.885345458984375,19.887126922607422,0.02971048466861248,19.885345458984375,19.887126922607422,0.02971048466861248,19.885345458984375,19.887126922607422,0.02971048466861248,18.82647705078125,18.82705307006836,0.03179152309894562,18.82647705078125,18.82705307006836,0.03179152309894562,18.82647705078125,18.82705307006836,0.03179152309894562,18.82647705078125,18.82705307006836,0.03179152309894562,19.492279052734375,19.47979164123535,0.11343517899513245,19.492279052734375,19.47979164123535,0.11343517899513245,19.492279052734375,19.47979164123535,0.11343517899513245,19.492279052734375,19.47979164123535,0.11343517899513245
LC08_L1TP_195028_20161003_20200906_02_T1,LANDSAT_8,20161003,geneva,195028,2.0,2.4800000190734863,0.4995998442173004,2.78041410446167,3.0,3.0,3.0,0.0,2.995283365249634,3.0,3.0,3.0,0.0,2.995363235473633,3.0,19.034271240234375,19.045482635498047,0.04206762835383415,18.632736206054688,18.726654052734375,19.034271240234375,19.045482635498047,0.04206762835383415,18.633991241455078,18.730072021484375,19.034271240234375,19.045482635498047,0.04206762835383415,18.633323669433594,18.726654052734375,19.034271240234375,19.045482635498047,0.04206762835383415,18.63329315185547,18.726654052734375,18.211151123046875,18.22758674621582,0.04079839959740639,18.036623001098633,18.14727783203125,18.211151123046875,18.22758674621582,0.04079839959740639,18.039371490478516,18.14874267578125,18.211151123046875,18.22758674621582,0.04079839959740639,18.03757095336914,18.147476196289062,18.211151123046875,18.22758674621582,0.04079839959740639,18.037527084350586,18.1474609375,19.2801513671875,19.28683853149414,0.05416364222764969,19.054386138916016,19.18231201171875,19.2801513671875,19.28683853149414,0.05416364222764969,19.057363510131836,19.183807373046875,19.2801513671875,19.28683853149414,0.05416364222764969,19.055801391601562,19.1824951171875,19.2801513671875,19.28683853149414,0.05416364222764969,19.055740356445312,19.1824951171875,3.0,2.4800000190734863,0.6399999856948853,3.0,3.0,0.0,3.0,3.0,0.0,18.911224365234375,18.867473602294922,0.08688904345035553,18.911224365234375,18.8710994720459,0.0882144495844841,18.911224365234375,18.867473602294922,0.08688904345035553,18.911224365234375,18.867473602294922,0.08688904345035553,18.3045654296875,18.272031784057617,0.06358595937490463,18.30755615234375,18.272947311401367,0.06513246893882751,18.3045654296875,18.272031784057617,0.06358595937490463,18.3045654296875,18.272031784057617,0.06358595937490463,19.37530517578125,19.358078002929688,0.06501273065805435,19.37530517578125,19.357576370239258,0.06732524186372757,19.37530517578125,19.358078002929688,0.06501273065805435,19.37530517578125,19.358078002929688,0.06501273065805435
LC08_L1TP_195028_20161206_20200905_02_T1,LANDSAT_8,20161206,geneva,195028,3.0,3.0,0.0,2.3445396423339844,2.0,3.0,3.0,0.0,2.5505566596984863,3.0,3.0,3.0,0.0,2.5879218578338623,3.0,8.41107177734375,8.40765380859375,0.03141557797789574,7.425111770629883,7.92913818359375,8.41107177734375,8.40765380859375,0.03141557797789574,7.792667388916016,8.09661865234375,8.41107177734375,8.40765380859375,0.03141557797789574,7.852692604064941,8.10345458984375,8.41107177734375,8.40765380859375,0.03141557797789574,7.819509506225586,8.07952880859375,7.929962158203125,7.930215835571289,0.03179042041301727,6.9426398277282715,7.43896484375,7.929962158203125,7.930215835571289,0.03179042041301727,7.306143760681152,7.603057861328125,7.929962158203125,7.930215835571289,0.03179042041301727,7.365945816040039,7.610870361328125,7.929962158203125,7.930215835571289,0.03179042041301727,7.332773208618164,7.585906982421875,8.271697998046875,8.252303123474121,0.06195700913667679,7.025822162628174,7.70947265625,8.271697998046875,8.252303123474121,0.06195700913667679,7.4911789894104,7.90838623046875,8.271697998046875,8.252303123474121,0.06195700913667679,7.568701267242432,7.915985107421875,8.271697998046875,8.252303123474121,0.06195700913667679,7.527525424957275,7.889068603515625,2.0,2.0,0.0,3.0,2.9600000381469727,0.1959591656923294,3.0,3.0,0.0,7.054107666015625,7.055884838104248,0.04950389266014099,7.054107666015625,7.055884838104248,0.04950389266014099,7.054107666015625,7.055884838104248,0.04950389266014099,7.054107666015625,7.055884838104248,0.04950389266014099,6.568145751953125,6.570425033569336,0.04123648628592491,6.568145751953125,6.570425033569336,0.04123648628592491,6.568145751953125,6.570425033569336,0.04123648628592491,6.568145751953125,6.570425033569336,0.04123648628592491,6.607879638671875,6.618085861206055,0.06450563669204712,6.607879638671875,6.618085861206055,0.06450563669204712,6.607879638671875,6.618085861206055,0.06450563669204712,6.607879638671875,6.618085861206055,0.06450563669204712
LC08_L1TP_195028_20161222_20200905_02_T1,LANDSAT_8,20161222,geneva,195028,,,,,,,,,,,,,,,,,,,,,,,,,,,,,,,,,,,,,,,,,,,,,,,,,,,,,,,,,,,,,,,,,,,,,,,,,,,,,,,,,,,,,,,,,,,,,,,,,,,,,,,,,,,,,,,,,,,,,,,,
LC08_L1TP_195028_20170107_20200905_02_T1,LANDSAT_8,20170107,geneva,195028,3.0,2.799999952316284,0.40000003576278687,2.431678533554077,3.0,3.0,3.0,0.0,2.473743438720703,3.0,3.0,3.0,0.0,2.513871192932129,3.0,5.980865478515625,5.994810581207275,0.07878203690052032,5.4626054763793945,5.895416259765625,5.980865478515625,5.994810581207275,0.07878203690052032,5.665185928344727,5.956939697265625,5.980865478515625,5.994810581207275,0.07878203690052032,5.730550765991211,5.970611572265625,5.980865478515625,5.994810581207275,0.07878203690052032,5.681084632873535,5.956939697265625,5.64447021484375,5.614048004150391,0.0771254450082779,5.0822601318359375,5.5223236083984375,5.64447021484375,5.614048004150391,0.0771254450082779,5.293823719024658,5.5838775634765625,5.64447021484375,5.614048004150391,0.0771254450082779,5.361730575561523,5.599334716796875,5.64447021484375,5.614048004150391,0.0771254450082779,5.309695243835449,5.5860595703125,5.6939697265625,5.702754974365234,0.06597596406936646,5.154983997344971,5.7537078857421875,5.6939697265625,5.702754974365234,0.06597596406936646,5.456409931182861,5.830078125,5.6939697265625,5.702754974365234,0.06597596406936646,5.561451435089111,5.850433349609375,5.6939697265625,5.702754974365234,0.06597596406936646,5.478641986846924,5.832305908203125,,,,,,,,,,,,,,,,,,,,,,,,,,,,,,,,,,,,,,,,,,,,,
LC08_L1TP_195028_20170123_20200905_02_T1,LANDSAT_8,20170123,geneva,195028,,,,,,,,,,,,,,,,,,,,,,,,,,,,,,,,,,,,,,,,,,,,,,,,,,,,,,,,,,,,,,,,,,,,,,,,,,,,,,,,,,,,,,,,,,,,,,,,,,,,,,,,,,,,,,,,,,,,,,,,
LC08_L1TP_196028_20170215_20200905_02_T1,LANDSAT_8,20170215,geneva,196028,2.0,2.4000000953674316,0.4898979365825653,2.700817346572876,3.0,3.0,3.0,0.0,2.9727797508239746,3.0,3.0,3.0,0.0,2.9721519947052,3.0,5.639068603515625,5.654654502868652,0.043040141463279724,5.646820068359375,5.615142822265625,5.639068603515625,5.654654502868652,0.043040141463279724,5.641733646392822,5.611724853515625,5.639068603515625,5.654654502868652,0.043040141463279724,5.644722938537598,5.615142822265625,5.639068603515625,5.654654502868652,0.043040141463279724,5.644982814788818,5.615142822265625,5.172698974609375,5.176204681396484,0.03557012230157852,5.128639221191406,5.099578857421875,5.172698974609375,5.176204681396484,0.03557012230157852,5.124495983123779,5.0986328125,5.172698974609375,5.176204681396484,0.03557012230157852,5.126814365386963,5.09918212890625,5.172698974609375,5.176204681396484,0.03557012230157852,5.127102375030518,5.09930419921875,5.371124267578125,5.384139537811279,0.043660636991262436,5.399571895599365,5.30902099609375,5.371124267578125,5.384139537811279,0.043660636991262436,5.393630504608154,5.3077392578125,5.371124267578125,5.384139537811279,0.043660636991262436,5.3972954750061035,5.30853271484375,5.371124267578125,5.384139537811279,0.043660636991262436,5.397586345672607,5.30865478515625,3.0,3.0,0.0,3.0,3.0,0.0,3.0,3.0,0.0,6.144927978515625,6.13508415222168,0.054604724049568176,6.144927978515625,6.13508415222168,0.054604724049568176,6.144927978515625,6.13508415222168,0.054604724049568176,6.144927978515625,6.13508415222168,0.054604724049568176,5.583251953125,5.568393707275391,0.05664997547864914,5.583251953125,5.568393707275391,0.05664997547864914,5.583251953125,5.568393707275391,0.05664997547864914,5.583251953125,5.568393707275391,0.05664997547864914,6.13287353515625,6.137568473815918,0.04180661216378212,6.13287353515625,6.137568473815918,0.04180661216378212,6.13287353515625,6.137568473815918,0.04180661216378212,6.13287353515625,6.137568473815918,0.04180661216378212
LC08_L1TP_195028_20170328_20200904_02_T1,LANDSAT_8,20170328,geneva,195028,2.0,2.200000047683716,0.800000011920929,1.970145583152771,2.0,1.0,1.3600000143051147,0.5571355223655701,1.8602612018585205,2.0,2.0,2.0,0.4000000059604645,1.854355812072754,2.0,10.263641357421875,10.268426895141602,0.033053718507289886,7.4788007736206055,7.536041259765625,10.256805419921875,10.265439987182617,0.03434780612587929,8.196526527404785,8.32904052734375,10.299530029296875,10.297393798828125,0.025829844176769257,8.443523406982422,8.55804443359375,10.263641357421875,10.267504692077637,0.034005437046289444,8.513623237609863,8.59222412109375,9.4451904296875,9.443490028381348,0.03041009232401848,6.6591291427612305,6.719970703125,9.4417724609375,9.439711570739746,0.03250066190958023,7.356893539428711,7.496826171875,9.467132568359375,9.471656799316406,0.015461549162864685,7.596348285675049,7.714813232421875,9.45196533203125,9.445038795471191,0.030842619016766548,7.6661272048950195,7.7511749267578125,10.129852294921875,10.132868766784668,0.1334160566329956,6.878681659698486,6.857818603515625,10.116607666015625,10.122164726257324,0.1468276083469391,7.800154209136963,7.998565673828125,10.2540283203125,10.235992431640625,0.12324964255094528,8.110159873962402,8.312850952148438,10.129852294921875,10.13068962097168,0.13862884044647217,8.16429615020752,8.340194702148438,3.0,2.5999999046325684,0.4898979365825653,3.0,2.9200000762939453,0.27129319310188293,3.0,2.9200000762939453,0.27129319310188293,9.306610107421875,9.311258316040039,0.13172580301761627,9.306610107421875,9.311258316040039,0.13172580301761627,9.306610107421875,9.311258316040039,0.13172580301761627,9.306610107421875,9.311258316040039,0.13172580301761627,8.374664306640625,8.393592834472656,0.12019678950309753,8.374664306640625,8.393592834472656,0.12019678950309753,8.374664306640625,8.393592834472656,0.12019678950309753,8.374664306640625,8.393592834472656,0.12019678950309753,9.43255615234375,9.435266494750977,0.14318518340587616,9.43255615234375,9.435266494750977,0.14318518340587616,9.43255615234375,9.435266494750977,0.14318518340587616,9.43255615234375,9.435266494750977,0.14318518340587616
LC08_L1TP_195028_20170413_20200904_02_T1,LANDSAT_8,20170413,geneva,195028,3.0,3.0,0.0,2.964170455932617,3.0,3.0,3.0,0.0,2.979264259338379,3.0,3.0,3.0,0.0,2.978529214859009,3.0,14.495147705078125,14.494190216064453,0.0738946869969368,13.7080659866333,13.633819580078125,14.495147705078125,14.494190216064453,0.0738946869969368,13.689106941223145,13.620147705078125,14.495147705078125,14.494190216064453,0.0738946869969368,13.694964408874512,13.626983642578125,14.495147705078125,14.494190216064453,0.0738946869969368,13.698602676391602,13.626983642578125,13.370452880859375,13.37085247039795,0.05675700306892395,12.67298698425293,12.607940673828125,13.370452880859375,13.37085247039795,0.05675700306892395,12.656242370605469,12.596038818359375,13.370452880859375,13.37085247039795,0.05675700306892395,12.66145133972168,12.601043701171875,13.370452880859375,13.37085247039795,0.05675700306892395,12.664512634277344,12.603179931640625,14.03887939453125,14.051264762878418,0.05630169063806534,13.270134925842285,13.25384521484375,14.03887939453125,14.051264762878418,0.05630169063806534,13.252082824707031,13.238983154296875,14.03887939453125,14.051264762878418,0.05630169063806534,13.257545471191406,13.245147705078125,14.03887939453125,14.051264762878418,0.05630169063806534,13.26093578338623,13.24755859375,3.0,3.0,0.0,3.0,3.0,0.0,3.0,3.0,0.0,13.045928955078125,13.054268836975098,0.04625339061021805,13.045928955078125,13.054268836975098,0.04625339061021805,13.045928955078125,13.054268836975098,0.04625339061021805,13.045928955078125,13.054268836975098,0.04625339061021805,12.059783935546875,12.064105033874512,0.025938156992197037,12.059783935546875,12.064105033874512,0.025938156992197037,12.059783935546875,12.064105033874512,0.025938156992197037,12.059783935546875,12.064105033874512,0.025938156992197037,12.836456298828125,12.828351020812988,0.061212919652462006,12.836456298828125,12.828351020812988,0.061212919652462006,12.836456298828125,12.828351020812988,0.061212919652462006,12.836456298828125,12.828351020812988,0.061212919652462006
LC08_L1TP_196028_20170420_20200904_02_T1,LANDSAT_8,20170420,geneva,196028,1.0,1.1200000047683716,0.3249615430831909,1.5668823719024658,1.0,1.0,1.0399999618530273,0.1959591805934906,1.424018144607544,1.0,1.0,1.399999976158142,0.8000000715255737,1.4282824993133545,1.0,9.118621826171875,9.116571426391602,0.03256949409842491,8.561996459960938,8.60931396484375,,,,8.039788246154785,8.10003662109375,,,,8.183768272399902,8.22991943359375,9.132293701171875,9.134344100952148,0.012715579010546207,8.232256889343262,8.25384521484375,8.551605224609375,8.549280166625977,0.03555912896990776,8.053462982177734,8.1087646484375,,,,7.540350437164307,7.6084136962890625,,,,7.6803460121154785,7.73681640625,8.58673095703125,8.568603515625,0.029875047504901886,7.726628303527832,7.75762939453125,8.8651123046875,8.867984771728516,0.03690578415989876,8.560904502868652,8.59222412109375,,,,8.001904487609863,8.063919067382812,,,,8.141057014465332,8.18975830078125,8.91827392578125,8.901171684265137,0.05024997144937515,8.187003135681152,8.21142578125,1.0,1.0,0.0,1.0,1.0,0.0,1.0,1.0,0.0,9.853485107421875,9.863465309143066,0.045580070465803146,,,,,,,,,,9.322296142578125,9.330801010131836,0.04113800823688507,,,,,,,,,,10.1112060546875,10.1076078414917,0.029385730624198914,,,,,,,,,
LC08_L1TP_195028_20170429_20200904_02_T1,LANDSAT_8,20170429,geneva,195028,3.0,3.0,0.0,2.9494118690490723,3.0,3.0,3.0,0.0,2.9776337146759033,3.0,3.0,3.0,0.0,2.976560354232788,3.0,10.321746826171875,10.325984954833984,0.03277374058961868,10.001310348510742,10.010711669921875,10.321746826171875,10.325984954833984,0.03277374058961868,9.984456062316895,10.007293701171875,10.321746826171875,10.325984954833984,0.03277374058961868,9.996563911437988,10.010711669921875,10.321746826171875,10.325984954833984,0.03277374058961868,9.996160507202148,10.010711669921875,9.75286865234375,9.756579399108887,0.03314265236258507,9.44116497039795,9.460479736328125,9.75286865234375,9.756579399108887,0.03314265236258507,9.426959991455078,9.4549560546875,9.75286865234375,9.756579399108887,0.03314265236258507,9.437312126159668,9.459991455078125,9.75286865234375,9.756579399108887,0.03314265236258507,9.4369478225708,9.4599609375,10.691986083984375,10.675803184509277,0.05387240648269653,10.192556381225586,10.2305908203125,10.691986083984375,10.675803184509277,0.05387240648269653,10.177803993225098,10.225387573242188,10.691986083984375,10.675803184509277,0.05387240648269653,10.18954849243164,10.230743408203125,10.691986083984375,10.675803184509277,0.05387240648269653,10.188990592956543,10.23052978515625,3.0,2.9200000762939453,0.27129319310188293,3.0,3.0,0.0,3.0,3.0,0.0,9.915008544921875,9.905028343200684,0.025612790137529373,9.915008544921875,9.905028343200684,0.025612790137529373,9.915008544921875,9.905028343200684,0.025612790137529373,9.915008544921875,9.905028343200684,0.025612790137529373,9.355804443359375,9.354774475097656,0.025235095992684364,9.355804443359375,9.354774475097656,0.025235095992684364,9.355804443359375,9.354774475097656,0.025235095992684364,9.355804443359375,9.354774475097656,0.025235095992684364,9.943145751953125,9.925647735595703,0.03535737842321396,9.943145751953125,9.925647735595703,0.03535737842321396,9.943145751953125,9.925647735595703,0.03535737842321396,9.943145751953125,9.925647735595703,0.03535737842321396
LC08_L1TP_195028_20170515_20200904_02_T1,LANDSAT_8,20170515,geneva,195028,,,,1.915357232093811,2.0,,,,1.969963788986206,2.0,,,,1.9814866781234741,2.0,,,,7.0746588706970215,7.177154541015625,,,,8.389789581298828,8.43841552734375,,,,8.465349197387695,8.46575927734375,,,,8.451650619506836,8.45892333984375,,,,6.185018062591553,6.292449951171875,,,,7.505408763885498,7.553924560546875,,,,7.581648826599121,7.5782470703125,,,,7.568099498748779,7.571746826171875,,,,5.051620960235596,5.223419189453125,,,,6.630447864532471,6.65081787109375,,,,6.732985496520996,6.689849853515625,,,,6.721161365509033,6.68115234375,,,,,,,,,,,,,,,,,,,,,,,,,,,,,,,,,,,,,,,,,,,,,
LC08_L1TP_196028_20170522_20200903_02_T1,LANDSAT_8,20170522,geneva,196028,3.0,3.0,0.0,2.319911241531372,3.0,3.0,3.0,0.0,2.2707252502441406,3.0,3.0,3.0,0.0,2.2372426986694336,3.0,18.712982177734375,18.716537475585938,0.059204742312431335,17.27730941772461,17.588470458984375,18.712982177734375,18.716537475585938,0.059204742312431335,17.671142578125,17.889251708984375,18.712982177734375,18.716537475585938,0.059204742312431335,17.8127384185791,17.961029052734375,18.712982177734375,18.716537475585938,0.059204742312431335,17.864076614379883,17.974700927734375,17.135406494140625,17.142000198364258,0.05353742092847824,15.829697608947754,16.11279296875,17.135406494140625,17.142000198364258,0.05353742092847824,16.198894500732422,16.4031982421875,17.135406494140625,17.142000198364258,0.05353742092847824,16.330699920654297,16.47235107421875,17.135406494140625,17.142000198364258,0.05353742092847824,16.37966537475586,16.485107421875,17.010711669921875,17.018165588378906,0.11695224791765213,15.575233459472656,15.904388427734375,17.010711669921875,17.018165588378906,0.11695224791765213,15.996264457702637,16.23699951171875,17.010711669921875,17.018165588378906,0.11695224791765213,16.15406036376953,16.3282470703125,17.010711669921875,17.018165588378906,0.11695224791765213,16.208770751953125,16.34228515625,3.0,3.0,0.0,3.0,3.0,0.0,3.0,2.799999952316284,0.4000000059604645,17.800384521484375,17.78370475769043,0.09393543750047684,17.800384521484375,17.78370475769043,0.09393543750047684,17.800384521484375,17.78370475769043,0.09393543750047684,17.800384521484375,17.78370475769043,0.09393543750047684,16.400543212890625,16.403308868408203,0.09634840488433838,16.400543212890625,16.403308868408203,0.09634840488433838,16.400543212890625,16.403308868408203,0.09634840488433838,16.400543212890625,16.403308868408203,0.09634840488433838,16.345428466796875,16.306283950805664,0.15968269109725952,16.345428466796875,16.306283950805664,0.15968269109725952,16.345428466796875,16.306283950805664,0.15968269109725952,16.345428466796875,16.306283950805664,0.15968269109725952
LC08_L1TP_195028_20170616_20200903_02_T1,LANDSAT_8,20170616,geneva,195028,3.0,3.0,0.0,2.848125696182251,3.0,3.0,3.0,0.0,2.8870816230773926,3.0,3.0,3.0,0.0,2.9416399002075195,3.0,25.101287841796875,25.091028213500977,0.06792458146810532,24.93562126159668,24.86541748046875,25.101287841796875,25.091028213500977,0.06792458146810532,24.957807540893555,24.87567138671875,25.101287841796875,25.091028213500977,0.06792458146810532,24.95227813720703,24.87567138671875,25.101287841796875,25.091028213500977,0.06792458146810532,24.948331832885742,24.86883544921875,22.74383544921875,22.736906051635742,0.07342969626188278,22.65799331665039,22.5931396484375,22.74383544921875,22.736906051635742,0.07342969626188278,22.677522659301758,22.601699829101562,22.74383544921875,22.736906051635742,0.07342969626188278,22.67230987548828,22.598968505859375,22.74383544921875,22.736906051635742,0.07342969626188278,22.669435501098633,22.596771240234375,23.942108154296875,23.941844940185547,0.055777665227651596,23.76816177368164,23.732086181640625,23.942108154296875,23.941844940185547,0.055777665227651596,23.793487548828125,23.741973876953125,23.942108154296875,23.941844940185547,0.055777665227651596,23.788043975830078,23.738494873046875,23.942108154296875,23.941844940185547,0.055777665227651596,23.784868240356445,23.735870361328125,2.0,2.0,0.2828426957130432,2.0,2.0399999618530273,0.1959591805934906,2.0,2.119999885559082,0.32496151328086853,24.62957763671875,24.62875747680664,0.04293360561132431,24.62957763671875,24.62615966796875,0.0418497659265995,24.62957763671875,24.62875747680664,0.04293360561132431,24.62957763671875,24.62875747680664,0.04293360561132431,22.475311279296875,22.469266891479492,0.03549039363861084,22.475234985351562,22.466894149780273,0.03422420844435692,22.475311279296875,22.469266891479492,0.03549039363861084,22.475311279296875,22.469266891479492,0.03549039363861084,23.6810302734375,23.6864070892334,0.024083243682980537,23.679428100585938,23.683958053588867,0.021309632807970047,23.6810302734375,23.6864070892334,0.024083243682980537,23.6810302734375,23.6864070892334,0.024083243682980537
LC08_L1TP_196028_20170623_20200903_02_T1,LANDSAT_8,20170623,geneva,196028,2.0,2.240000009536743,0.42708316445350647,2.175079584121704,2.0,2.0,2.0,0.0,2.2598440647125244,3.0,2.0,2.0,0.0,2.2825090885162354,3.0,27.627166748046875,27.610214233398438,0.10435716062784195,25.53787612915039,26.020721435546875,27.627166748046875,27.610214233398438,0.10435716062784195,26.20987319946289,26.441131591796875,27.627166748046875,27.610214233398438,0.10435716062784195,26.419307708740234,26.571014404296875,27.627166748046875,27.610214233398438,0.10435716062784195,26.398666381835938,26.560760498046875,22.20904541015625,22.194927215576172,0.07433344423770905,20.528804779052734,20.902740478515625,22.20904541015625,22.194927215576172,0.07433344423770905,21.03690528869629,21.187713623046875,22.20904541015625,22.194927215576172,0.07433344423770905,21.19098472595215,21.280364990234375,22.20904541015625,22.194927215576172,0.07433344423770905,21.1758975982666,21.273834228515625,21.293975830078125,21.29138946533203,0.07411481440067291,19.315515518188477,19.83245849609375,21.293975830078125,21.29138946533203,0.07411481440067291,19.990644454956055,20.115570068359375,21.293975830078125,21.29138946533203,0.07411481440067291,20.1923885345459,20.21282958984375,21.293975830078125,21.29138946533203,0.07411481440067291,20.172054290771484,20.203704833984375,1.0,1.0,0.0,1.0,1.0,0.0,1.0,1.0,0.0,21.115875244140625,21.121068954467773,0.0646357387304306,,,,,,,,,,17.17620849609375,17.183433532714844,0.058996427804231644,,,,,,,,,,14.9605712890625,14.940617561340332,0.08849344402551651,,,,,,,,,
LC08_L1TP_195028_20170718_20200903_02_T1,LANDSAT_8,20170718,geneva,195028,2.0,2.0,0.0,2.646907091140747,3.0,3.0,3.0,0.0,2.990232229232788,3.0,3.0,3.0,0.0,2.9934442043304443,3.0,26.642791748046875,26.62939453125,0.10616154968738556,25.70092010498047,25.692596435546875,26.642791748046875,26.62939453125,0.10616154968738556,25.698413848876953,25.692596435546875,26.642791748046875,26.62939453125,0.10616154968738556,25.697982788085938,25.692596435546875,26.642791748046875,26.62939453125,0.10616154968738556,25.69814109802246,25.692596435546875,22.511138916015625,22.519268035888672,0.10645190626382828,22.25394058227539,22.23162841796875,22.511138916015625,22.519268035888672,0.10645190626382828,22.251747131347656,22.2314453125,22.511138916015625,22.519268035888672,0.10645190626382828,22.251575469970703,22.231201171875,22.511138916015625,22.519268035888672,0.10645190626382828,22.25168800354004,22.231231689453125,23.457763671875,23.456012725830078,0.05133899673819542,23.084867477416992,23.0455322265625,23.457763671875,23.456012725830078,0.05133899673819542,23.08199119567871,23.045257568359375,23.457763671875,23.456012725830078,0.05133899673819542,23.0822811126709,23.04522705078125,23.457763671875,23.456012725830078,0.05133899673819542,23.082414627075195,23.045257568359375,3.0,3.0,0.0,3.0,3.0,0.0,3.0,3.0,0.0,25.473846435546875,25.445409774780273,0.0821264460682869,25.473846435546875,25.445409774780273,0.0821264460682869,25.473846435546875,25.445409774780273,0.0821264460682869,25.473846435546875,25.445409774780273,0.0821264460682869,22.318267822265625,22.305898666381836,0.06418640166521072,22.318267822265625,22.305898666381836,0.06418640166521072,22.318267822265625,22.305898666381836,0.06418640166521072,22.318267822265625,22.305898666381836,0.06418640166521072,23.44488525390625,23.444658279418945,0.05562879517674446,23.44488525390625,23.444658279418945,0.05562879517674446,23.44488525390625,23.444658279418945,0.05562879517674446,23.44488525390625,23.444658279418945,0.05562879517674446
LC08_L1TP_196028_20170826_20200903_02_T1,LANDSAT_8,20170826,geneva,196028,2.0,2.1600000858306885,0.3666060268878937,1.8243192434310913,2.0,2.0,1.9600000381469727,0.1959591656923294,2.4160735607147217,2.0,2.0,2.1600000858306885,0.4630334973335266,2.5111989974975586,3.0,24.28778076171875,24.29119873046875,0.05207889899611473,24.12748146057129,24.14422607421875,24.28778076171875,24.29119873046875,0.05207889899611473,24.112825393676758,24.13055419921875,24.28778076171875,24.29034423828125,0.05298081040382385,24.107696533203125,24.13055419921875,24.28778076171875,24.29034423828125,0.05298081040382385,24.111270904541016,24.13397216796875,22.43341064453125,22.42621421813965,0.055337730795145035,22.258649826049805,22.289276123046875,22.43341064453125,22.42621421813965,0.055337730795145035,22.241809844970703,22.281585693359375,22.430191040039062,22.424623489379883,0.05591614544391632,22.231685638427734,22.270294189453125,22.430191040039062,22.424623489379883,0.05591614544391632,22.236021041870117,22.2725830078125,23.357421875,23.342529296875,0.060988977551460266,22.969743728637695,23.049346923828125,23.357421875,23.342529296875,0.060988977551460266,22.953685760498047,23.042022705078125,23.350433349609375,23.33795738220215,0.057896003127098083,22.937885284423828,23.02691650390625,23.350433349609375,23.33795738220215,0.057896003127098083,22.942838668823242,23.030426025390625,2.0,2.0,0.2828426957130432,2.0,2.0,0.0,2.0,2.0799999237060547,0.27129319310188293,24.13055419921875,24.124948501586914,0.07144290208816528,24.13568115234375,24.13083839416504,0.06670089066028595,24.13055419921875,24.124948501586914,0.07144290208816528,24.13055419921875,24.124948501586914,0.07144290208816528,22.401702880859375,22.402149200439453,0.08183416724205017,22.413558959960938,22.40806770324707,0.07809838652610779,22.401702880859375,22.402149200439453,0.08183416724205017,22.401702880859375,22.402149200439453,0.08183416724205017,23.1810302734375,23.182392120361328,0.03130071610212326,23.181716918945312,23.183279037475586,0.03163767233490944,23.1810302734375,23.182392120361328,0.03130071610212326,23.1810302734375,23.182392120361328,0.03130071610212326
LC08_L1TP_195028_20170920_20200903_02_T1,LANDSAT_8,20170920,geneva,195028,3.0,3.0,0.0,2.8410484790802,3.0,3.0,3.0,0.0,2.9947328567504883,3.0,3.0,3.0,0.0,2.994055986404419,3.0,17.438079833984375,17.439037322998047,0.025568965822458267,17.33395767211914,17.342376708984375,17.438079833984375,17.439037322998047,0.025568965822458267,17.33745002746582,17.345794677734375,17.438079833984375,17.439037322998047,0.025568965822458267,17.333402633666992,17.342376708984375,17.438079833984375,17.439037322998047,0.025568965822458267,17.3335018157959,17.342376708984375,16.433502197265625,16.43316078186035,0.02088066376745701,16.43284034729004,16.445892333984375,16.433502197265625,16.43316078186035,0.02088066376745701,16.436195373535156,16.4500732421875,16.433502197265625,16.43316078186035,0.02088066376745701,16.4324893951416,16.445892333984375,16.433502197265625,16.43316078186035,0.02088066376745701,16.432586669921875,16.445892333984375,17.463165283203125,17.46719741821289,0.05265064910054207,17.347747802734375,17.342758178710938,17.463165283203125,17.46719741821289,0.05265064910054207,17.35373306274414,17.3505859375,17.463165283203125,17.46719741821289,0.05265064910054207,17.347604751586914,17.342742919921875,17.463165283203125,17.46719741821289,0.05265064910054207,17.34772300720215,17.342742919921875,3.0,3.0,0.0,3.0,3.0,0.0,3.0,3.0,0.0,17.513275146484375,17.512317657470703,0.03667937591671944,17.513275146484375,17.512317657470703,0.03667937591671944,17.513275146484375,17.512317657470703,0.03667937591671944,17.513275146484375,17.512317657470703,0.03667937591671944,16.593475341796875,16.605512619018555,0.03789395093917847,16.593475341796875,16.605512619018555,0.03789395093917847,16.593475341796875,16.605512619018555,0.03789395093917847,16.593475341796875,16.605512619018555,0.03789395093917847,17.64434814453125,17.64638900756836,0.018736235797405243,17.64434814453125,17.64638900756836,0.018736235797405243,17.64434814453125,17.64638900756836,0.018736235797405243,17.64434814453125,17.64638900756836,0.018736235797405243
LC08_L1TP_195028_20171006_20200903_02_T1,LANDSAT_8,20171006,geneva,195028,3.0,3.0,0.0,2.735975503921509,3.0,3.0,3.0,0.0,2.992471933364868,3.0,3.0,3.0,0.0,2.991255283355713,3.0,17.390228271484375,17.38544273376465,0.024892576038837433,16.855119705200195,16.86724853515625,17.390228271484375,17.38544273376465,0.024892576038837433,16.857669830322266,16.870697021484375,17.390228271484375,17.38544273376465,0.024892576038837433,16.855377197265625,16.86724853515625,17.390228271484375,17.38544273376465,0.024892576038837433,16.855392456054688,16.86724853515625,16.67327880859375,16.665672302246094,0.023818835616111755,16.266366958618164,16.286773681640625,16.67327880859375,16.665672302246094,0.023818835616111755,16.26884651184082,16.289581298828125,16.67327880859375,16.665672302246094,0.023818835616111755,16.266855239868164,16.286834716796875,16.67327880859375,16.665672302246094,0.023818835616111755,16.266862869262695,16.286834716796875,17.412261962890625,17.415311813354492,0.03272416815161705,17.08707618713379,17.0950927734375,17.412261962890625,17.415311813354492,0.03272416815161705,17.09353256225586,17.101043701171875,17.412261962890625,17.415311813354492,0.03272416815161705,17.08830451965332,17.095184326171875,17.412261962890625,17.415311813354492,0.03272416815161705,17.088298797607422,17.095184326171875,2.0,2.0,0.0,3.0,3.0,0.0,3.0,3.0,0.0,16.59039306640625,16.587657928466797,0.032077960669994354,16.59039306640625,16.587657928466797,0.032077960669994354,16.59039306640625,16.587657928466797,0.032077960669994354,16.59039306640625,16.587657928466797,0.032077960669994354,15.998199462890625,16.00237274169922,0.024690594524145126,15.998199462890625,16.00237274169922,0.024690594524145126,15.998199462890625,16.00237274169922,0.024690594524145126,15.998199462890625,16.00237274169922,0.024690594524145126,16.768890380859375,16.78116226196289,0.04434546083211899,16.768890380859375,16.78116226196289,0.04434546083211899,16.768890380859375,16.78116226196289,0.04434546083211899,16.768890380859375,16.78116226196289,0.04434546083211899
LC08_L1TP_196028_20171013_20200902_02_T1,LANDSAT_8,20171013,geneva,196028,2.0,2.0,0.0,1.796944499015808,2.0,2.0,2.0799999237060547,0.27129319310188293,2.190248727798462,2.0,2.0,2.119999885559082,0.32496151328086853,2.216848850250244,2.0,17.144134521484375,17.144271850585938,0.035513732582330704,16.72024917602539,16.68609619140625,17.144134521484375,17.144271850585938,0.035513732582330704,16.782835006713867,16.75103759765625,17.144134521484375,17.144271850585938,0.035513732582330704,16.7666072845459,16.73394775390625,17.144134521484375,17.144271850585938,0.035513732582330704,16.755868911743164,16.72027587890625,16.201629638671875,16.2017879486084,0.03758672624826431,16.04709243774414,16.070953369140625,16.201629638671875,16.2017879486084,0.03758672624826431,16.129301071166992,16.130828857421875,16.201629638671875,16.2017879486084,0.03758672624826431,16.111736297607422,16.115692138671875,16.201629638671875,16.2017879486084,0.03758672624826431,16.10161781311035,16.103179931640625,17.111572265625,17.111160278320312,0.028471216559410095,16.980085372924805,17.038818359375,17.111572265625,17.111160278320312,0.028471216559410095,17.09074592590332,17.110305786132812,17.111572265625,17.111160278320312,0.028471216559410095,17.072845458984375,17.098114013671875,17.111572265625,17.111160278320312,0.028471216559410095,17.060848236083984,17.085418701171875,2.0,2.0399999618530273,0.1959591656923294,3.0,3.0,0.0,2.0,2.240000009536743,0.42708316445350647,16.80572509765625,16.812833786010742,0.022064730525016785,16.80572509765625,16.812833786010742,0.022064730525016785,16.80572509765625,16.812833786010742,0.022064730525016785,16.80572509765625,16.812833786010742,0.022064730525016785,16.24407958984375,16.256128311157227,0.030553869903087616,16.24407958984375,16.256128311157227,0.030553869903087616,16.24407958984375,16.256128311157227,0.030553869903087616,16.24407958984375,16.256128311157227,0.030553869903087616,17.375946044921875,17.403959274291992,0.0648995190858841,17.375946044921875,17.403959274291992,0.0648995190858841,17.375946044921875,17.403959274291992,0.0648995190858841,17.375946044921875,17.403959274291992,0.0648995190858841
LC08_L1TP_196028_20171114_20200902_02_T1,LANDSAT_8,20171114,geneva,196028,3.0,2.9600000381469727,0.1959591805934906,2.309288263320923,2.0,3.0,3.0,0.0,2.4390368461608887,3.0,3.0,3.0,0.0,2.49668288230896,3.0,10.574676513671875,10.587528228759766,0.0428464449942112,9.758009910583496,10.205535888671875,10.574676513671875,10.587528228759766,0.0428464449942112,10.107680320739746,10.366180419921875,10.574676513671875,10.587528228759766,0.0428464449942112,10.099309921264648,10.335418701171875,10.574676513671875,10.587528228759766,0.0428464449942112,10.085030555725098,10.328582763671875,9.957672119140625,9.970453262329102,0.037229154258966446,9.189451217651367,9.629638671875,9.957672119140625,9.970453262329102,0.037229154258966446,9.537111282348633,9.791046142578125,9.957672119140625,9.970453262329102,0.037229154258966446,9.529147148132324,9.762939453125,9.957672119140625,9.970453262329102,0.037229154258966446,9.515273094177246,9.755340576171875,10.201385498046875,10.192998886108398,0.052077725529670715,9.227032661437988,9.827392578125,10.201385498046875,10.192998886108398,0.052077725529670715,9.700979232788086,10.00592041015625,10.201385498046875,10.192998886108398,0.052077725529670715,9.688407897949219,9.97198486328125,10.201385498046875,10.192998886108398,0.052077725529670715,9.665741920471191,9.964630126953125,2.0,2.2799999713897705,0.601331889629364,3.0,2.880000114440918,0.32496151328086853,3.0,3.0,0.0,10.851531982421875,10.857000350952148,0.06031141057610512,10.837860107421875,10.854801177978516,0.062388185411691666,10.851531982421875,10.857000350952148,0.06031141057610512,10.851531982421875,10.857000350952148,0.06031141057610512,10.293243408203125,10.281686782836914,0.06048835813999176,10.293243408203125,10.27886962890625,0.06177198141813278,10.293243408203125,10.281686782836914,0.06048835813999176,10.293243408203125,10.281686782836914,0.06048835813999176,10.988983154296875,10.996007919311523,0.058728862553834915,10.992523193359375,11.003006935119629,0.055838119238615036,10.988983154296875,10.996007919311523,0.058728862553834915,10.988983154296875,10.996007919311523,0.058728862553834915
LC08_L1TP_195028_20171225_20200902_02_T1,LANDSAT_8,20171225,geneva,195028,,,,,,,,,,,,,,,,,,,,,,,,,,,,,,,,,,,,,,,,,,,,,,,,,,,,,,,,,,,,,,,,,,,,,,,,,,,,,,,,,,,,,,,,,,,,,,,,,,,,,,,,,,,,,,,,,,,,,,,,
LC08_L1TP_196028_20180202_20200902_02_T1,LANDSAT_8,20180202,geneva,196028,3.0,3.0,0.0,2.8817553520202637,3.0,3.0,3.0,0.0,2.9533872604370117,3.0,3.0,3.0,0.0,2.9334657192230225,3.0,5.680084228515625,5.671334266662598,0.04247180372476578,5.795410633087158,5.816802978515625,5.680084228515625,5.671334266662598,0.04247180372476578,5.803314685821533,5.820220947265625,5.680084228515625,5.671334266662598,0.04247180372476578,5.801098346710205,5.816802978515625,5.680084228515625,5.671334266662598,0.04247180372476578,5.803446292877197,5.820220947265625,5.130340576171875,5.124472618103027,0.031052766367793083,5.234204292297363,5.255584716796875,5.130340576171875,5.124472618103027,0.031052766367793083,5.242208957672119,5.26019287109375,5.130340576171875,5.124472618103027,0.031052766367793083,5.2399725914001465,5.2578125,5.130340576171875,5.124472618103027,0.031052766367793083,5.242305755615234,5.258941650390625,5.3994140625,5.420388221740723,0.07887029647827148,5.42181921005249,5.414276123046875,5.3994140625,5.420388221740723,0.07887029647827148,5.433846473693848,5.41900634765625,5.3994140625,5.420388221740723,0.07887029647827148,5.42929744720459,5.41632080078125,5.3994140625,5.420388221740723,0.07887029647827148,5.432502269744873,5.41748046875,3.0,3.0,0.0,3.0,3.0,0.0,3.0,3.0,0.0,5.844146728515625,5.848248481750488,0.011918864212930202,5.844146728515625,5.848248481750488,0.011918864212930202,5.844146728515625,5.848248481750488,0.011918864212930202,5.844146728515625,5.848248481750488,0.011918864212930202,5.27703857421875,5.280517578125,0.010364966467022896,5.27703857421875,5.280517578125,0.010364966467022896,5.27703857421875,5.280517578125,0.010364966467022896,5.27703857421875,5.280517578125,0.010364966467022896,5.913238525390625,5.913183689117432,0.03736048936843872,5.913238525390625,5.913183689117432,0.03736048936843872,5.913238525390625,5.913183689117432,0.03736048936843872,5.913238525390625,5.913183689117432,0.03736048936843872
LC08_L1TP_195028_20180227_20200902_02_T1,LANDSAT_8,20180227,geneva,195028,2.0,1.95652174949646,0.5499613285064697,2.5231990814208984,3.0,2.0,1.60869562625885,0.48804229497909546,2.584563732147217,3.0,2.0,1.95652174949646,0.6901959776878357,2.6329565048217773,3.0,4.729888916015625,4.726168632507324,0.08152998983860016,4.480642318725586,4.907623291015625,4.729888916015625,4.7199883460998535,0.08750907331705093,4.746536731719971,4.972564697265625,4.700836181640625,4.696188926696777,0.08207116276025772,4.767597198486328,4.975982666015625,4.709381103515625,4.701130390167236,0.07537037134170532,4.726765155792236,4.958892822265625,4.21038818359375,4.2010111808776855,0.08853792399168015,3.9042937755584717,4.3517913818359375,4.1805419921875,4.192445278167725,0.09405310451984406,4.190972805023193,4.416412353515625,4.1670989990234375,4.168140888214111,0.09374440461397171,4.214445114135742,4.42041015625,4.17755126953125,4.175772190093994,0.0873190239071846,4.174084186553955,4.404449462890625,4.157135009765625,4.1977739334106445,0.13627241551876068,4.258001804351807,4.84661865234375,4.157135009765625,4.19387674331665,0.14294879138469696,4.642683982849121,4.909149169921875,4.121795654296875,4.159085750579834,0.12978042662143707,4.6771440505981445,4.912322998046875,4.121795654296875,4.159571170806885,0.1215667799115181,4.611013889312744,4.898345947265625,3.0,2.880000114440918,0.32496151328086853,3.0,3.0,0.0,3.0,3.0,0.0,5.187896728515625,5.179009914398193,0.07004751265048981,5.187896728515625,5.179009914398193,0.07004751265048981,5.187896728515625,5.179009914398193,0.07004751265048981,5.187896728515625,5.179009914398193,0.07004751265048981,4.639862060546875,4.633885383605957,0.06633926182985306,4.639862060546875,4.633885383605957,0.06633926182985306,4.639862060546875,4.633885383605957,0.06633926182985306,4.639862060546875,4.633885383605957,0.06633926182985306,5.28125,5.263787746429443,0.08462753891944885,5.28125,5.263787746429443,0.08462753891944885,5.28125,5.263787746429443,0.08462753891944885,5.28125,5.263787746429443,0.08462753891944885
LC08_L1TP_196028_20180322_20200901_02_T1,LANDSAT_8,20180322,geneva,196028,3.0,3.0,0.0,2.155228853225708,2.0,3.0,3.0,0.0,2.258922815322876,3.0,3.0,3.0,0.0,2.2640907764434814,3.0,4.993072509765625,4.995123386383057,0.0293547622859478,4.1559600830078125,4.3914794921875,4.993072509765625,4.995123386383057,0.0293547622859478,4.529961109161377,4.6033935546875,4.993072509765625,4.995123386383057,0.0293547622859478,4.5501484870910645,4.6068115234375,4.993072509765625,4.995123386383057,0.0293547622859478,4.560359954833984,4.6102294921875,4.45947265625,4.460952281951904,0.026726022362709045,3.615492582321167,3.85235595703125,4.45947265625,4.460952281951904,0.026726022362709045,3.9830071926116943,4.06134033203125,4.45947265625,4.460952281951904,0.026726022362709045,4.003213882446289,4.06561279296875,4.45947265625,4.460952281951904,0.026726022362709045,4.01316499710083,4.0700836181640625,4.54547119140625,4.552483081817627,0.03335340693593025,3.455418109893799,3.7912445068359375,4.54547119140625,4.552483081817627,0.03335340693593025,3.9912092685699463,4.07806396484375,4.54547119140625,4.552483081817627,0.03335340693593025,4.023112773895264,4.08294677734375,4.54547119140625,4.552483081817627,0.03335340693593025,4.0360260009765625,4.0880279541015625,3.0,3.0,0.0,3.0,3.0,0.0,3.0,3.0,0.0,5.580963134765625,5.568932056427002,0.043429672718048096,5.580963134765625,5.568932056427002,0.043429672718048096,5.580963134765625,5.568932056427002,0.043429672718048096,5.580963134765625,5.568932056427002,0.043429672718048096,4.991241455078125,4.991207122802734,0.04513245448470116,4.991241455078125,4.991207122802734,0.04513245448470116,4.991241455078125,4.991207122802734,0.04513245448470116,4.991241455078125,4.991207122802734,0.04513245448470116,5.4957275390625,5.499366283416748,0.05767740309238434,5.4957275390625,5.499366283416748,0.05767740309238434,5.4957275390625,5.499366283416748,0.05767740309238434,5.4957275390625,5.499366283416748,0.05767740309238434
LC08_L1TP_195028_20180518_20200901_02_T1,LANDSAT_8,20180518,geneva,195028,3.0,3.0,0.0,2.109354019165039,2.0,3.0,2.9600000381469727,0.1959591805934906,2.0618858337402344,2.0,3.0,3.0,0.0,2.0076744556427,2.0,14.372100830078125,14.353917121887207,0.038943491876125336,14.272839546203613,14.201202392578125,14.372100830078125,14.353917121887207,0.038943491876125336,14.533797264099121,14.460968017578125,14.372100830078125,14.353917121887207,0.038943491876125336,14.551541328430176,14.471221923828125,14.372100830078125,14.353917121887207,0.038943491876125336,14.59979248046875,14.501983642578125,13.30670166015625,13.294349670410156,0.03046736866235733,13.216506004333496,13.153289794921875,13.30670166015625,13.294349670410156,0.03046736866235733,13.471001625061035,13.4033203125,13.30670166015625,13.294349670410156,0.03046736866235733,13.487951278686523,13.414886474609375,13.30670166015625,13.294349670410156,0.03046736866235733,13.535883903503418,13.443603515625,14.32305908203125,14.317313194274902,0.06206432729959488,13.93427562713623,13.914566040039062,14.32305908203125,14.317313194274902,0.06206432729959488,14.214266777038574,14.17926025390625,14.32305908203125,14.317313194274902,0.06206432729959488,14.238652229309082,14.190582275390625,14.32305908203125,14.317313194274902,0.06206432729959488,14.285117149353027,14.22076416015625,2.0,1.7200000286102295,0.7756287455558777,1.0,1.159999966621399,0.36660605669021606,1.0,1.0,0.0,13.702178955078125,13.709014892578125,0.056593965739011765,13.756866455078125,13.739513397216797,0.055299658328294754,13.727813720703125,13.715850830078125,0.05495388060808182,,,,12.667388916015625,12.665849685668945,0.04586658626794815,12.680572509765625,12.6798095703125,0.04797184839844704,12.695404052734375,12.692108154296875,0.0250015240162611,,,,13.358734130859375,13.402671813964844,0.09866272658109665,13.41259765625,13.445169448852539,0.09891324490308762,13.552047729492188,13.536529541015625,0.06926769763231277,,,
LC08_L1TP_196028_20180525_20200901_02_T1,LANDSAT_8,20180525,geneva,196028,3.0,2.640000104904175,0.48000001907348633,2.43561053276062,3.0,3.0,3.0,0.0,2.990145444869995,3.0,3.0,3.0,0.0,2.989664316177368,3.0,21.536285400390625,21.529584884643555,0.10137711465358734,20.058969497680664,19.847747802734375,21.536285400390625,21.529584884643555,0.10137711465358734,20.07465171813965,19.823822021484375,21.536285400390625,21.529584884643555,0.10137711465358734,20.05402946472168,19.844329833984375,21.536285400390625,21.529584884643555,0.10137711465358734,20.055212020874023,19.844329833984375,19.686370849609375,19.685352325439453,0.09971274435520172,18.29794692993164,18.083709716796875,19.686370849609375,19.685352325439453,0.09971274435520172,18.317081451416016,18.061065673828125,19.686370849609375,19.685352325439453,0.09971274435520172,18.293642044067383,18.0814208984375,19.686370849609375,19.685352325439453,0.09971274435520172,18.294567108154297,18.08233642578125,20.3177490234375,20.291807174682617,0.059195563197135925,19.005895614624023,18.710418701171875,20.3177490234375,20.291807174682617,0.059195563197135925,19.047313690185547,18.699462890625,20.3177490234375,20.291807174682617,0.059195563197135925,19.001243591308594,18.70867919921875,20.3177490234375,20.291807174682617,0.059195563197135925,19.00221824645996,18.709381103515625,3.0,3.0,0.0,3.0,3.0,0.0,3.0,3.0,0.0,21.214996337890625,21.220190048217773,0.038550324738025665,21.214996337890625,21.220190048217773,0.038550324738025665,21.214996337890625,21.220190048217773,0.038550324738025665,21.214996337890625,21.220190048217773,0.038550324738025665,19.491790771484375,19.4925479888916,0.04813123121857643,19.491790771484375,19.4925479888916,0.04813123121857643,19.491790771484375,19.4925479888916,0.04813123121857643,19.491790771484375,19.4925479888916,0.04813123121857643,20.581512451171875,20.577730178833008,0.03494347631931305,20.581512451171875,20.577730178833008,0.03494347631931305,20.581512451171875,20.577730178833008,0.03494347631931305,20.581512451171875,20.577730178833008,0.03494347631931305
LC08_L1TP_195028_20180619_20200831_02_T1,LANDSAT_8,20180619,geneva,195028,3.0,2.8399999141693115,0.36660605669021606,2.673693895339966,3.0,3.0,2.5999999046325684,0.4898979365825653,2.7190144062042236,3.0,3.0,2.5199999809265137,0.4995998442173004,2.750256299972534,3.0,22.004547119140625,22.0087833404541,0.04044518992304802,21.194753646850586,21.341461181640625,22.004547119140625,22.0087833404541,0.04044518992304802,21.195293426513672,21.344879150390625,22.004547119140625,22.0087833404541,0.04044518992304802,21.19091796875,21.341461181640625,22.004547119140625,22.0087833404541,0.04044518992304802,21.19141960144043,21.341461181640625,21.19921875,21.21051025390625,0.046888723969459534,20.4536190032959,20.614242553710938,21.19921875,21.21051025390625,0.046888723969459534,20.455957412719727,20.618255615234375,21.19921875,21.21051025390625,0.046888723969459534,20.45065689086914,20.614044189453125,21.19921875,21.21051025390625,0.046888723969459534,20.451005935668945,20.613372802734375,23.193756103515625,23.20504379272461,0.06112663075327873,21.877824783325195,22.053619384765625,23.193756103515625,23.20504379272461,0.06112663075327873,21.881053924560547,22.06329345703125,23.193756103515625,23.20504379272461,0.06112663075327873,21.87529945373535,22.0550537109375,23.193756103515625,23.20504379272461,0.06112663075327873,21.87520408630371,22.053131103515625,2.0,1.8799999952316284,0.3249615430831909,2.0,1.9600000381469727,0.1959591805934906,2.0,2.0,0.0,21.197906494140625,21.1931209564209,0.02265162020921707,21.201324462890625,21.195575714111328,0.022232001647353172,21.197906494140625,21.194772720336914,0.021592725068330765,21.197906494140625,21.1931209564209,0.02265162020921707,20.412841796875,20.405067443847656,0.026687325909733772,20.413375854492188,20.408098220825195,0.025428645312786102,20.4132080078125,20.407278060913086,0.024894876405596733,20.412841796875,20.405067443847656,0.026687325909733772,21.722076416015625,21.72209930419922,0.061547666788101196,21.731399536132812,21.723838806152344,0.062982939183712,21.731399536132812,21.724929809570312,0.06120073422789574,21.722076416015625,21.72209930419922,0.061547666788101196
LC08_L1TP_196028_20180626_20200831_02_T1,LANDSAT_8,20180626,geneva,196028,1.0,1.1200000047683716,0.3249615430831909,2.145575761795044,2.0,1.0,1.0,0.0,2.2173984050750732,2.0,1.0,1.0,0.0,2.207069158554077,2.0,18.675384521484375,18.68522834777832,0.04355001822113991,18.800485610961914,18.808685302734375,,,,18.964086532592773,18.883880615234375,,,,18.95380210876465,18.877044677734375,,,,18.9582462310791,18.880462646484375,17.589111328125,17.585508346557617,0.030656300485134125,17.783449172973633,17.798492431640625,,,,17.947113037109375,17.8724365234375,,,,17.937705993652344,17.8680419921875,,,,17.942094802856445,17.869659423828125,18.25677490234375,18.26521110534668,0.0729370042681694,18.408172607421875,18.420791625976562,,,,18.550325393676758,18.4844970703125,,,,18.539268493652344,18.475616455078125,,,,18.543149948120117,18.477142333984375,1.0,1.159999966621399,0.36660605669021606,1.0,1.0800000429153442,0.27129319310188293,1.0,1.0,0.0,17.810638427734375,17.815696716308594,0.03823385760188103,17.810638427734375,17.808929443359375,0.030998168513178825,,,,,,,16.835296630859375,16.843473434448242,0.03476617485284805,16.817672729492188,16.82897186279297,0.026532724499702454,,,,,,,17.596649169921875,17.5789852142334,0.05579688772559166,17.549636840820312,17.559616088867188,0.07086984068155289,,,,,,
LC08_L1TP_196028_20180712_20200831_02_T1,LANDSAT_8,20180712,geneva,196028,,,,1.0817700624465942,1.0,,,,1.001210331916809,1.0,,,,1.0090771913528442,1.0,,,,19.8317813873291,20.0118408203125,,,,18.216371536254883,18.798431396484375,,,,19.211164474487305,19.786224365234375,,,,19.923131942749023,20.0460205078125,,,,20.083341598510742,20.291961669921875,,,,18.347429275512695,18.956634521484375,,,,19.38292694091797,19.911270141601562,,,,20.189165115356445,20.32794189453125,,,,21.195985794067383,21.377517700195312,,,,19.19271469116211,19.504119873046875,,,,20.28888702392578,19.809585571289062,,,,20.501554489135742,20.844940185546875,,,,,,,,,,,,,,,,,,,,,,,,,,,,,,,,,,,,,,,,,,,,,
LC08_L1TP_195028_20180806_20200831_02_T1,LANDSAT_8,20180806,geneva,195028,3.0,3.0,0.0,2.202759265899658,2.0,3.0,3.0,0.0,2.1938867568969727,2.0,3.0,3.0,0.0,2.2210605144500732,2.0,25.702850341796875,25.651718139648438,0.0921989306807518,24.831798553466797,24.97479248046875,25.702850341796875,25.651718139648438,0.0921989306807518,25.149059295654297,25.179901123046875,25.702850341796875,25.651718139648438,0.0921989306807518,25.208934783935547,25.190155029296875,25.702850341796875,25.651718139648438,0.0921989306807518,25.223337173461914,25.193572998046875,21.819488525390625,21.776290893554688,0.08661364018917084,21.07771873474121,21.111419677734375,21.819488525390625,21.776290893554688,0.08661364018917084,21.405696868896484,21.296234130859375,21.819488525390625,21.776290893554688,0.08661364018917084,21.465394973754883,21.312240600585938,21.819488525390625,21.776290893554688,0.08661364018917084,21.479276657104492,21.320556640625,21.906494140625,21.898447036743164,0.07811429351568222,20.669700622558594,20.90570068359375,21.906494140625,21.898447036743164,0.07811429351568222,21.187734603881836,21.201416015625,21.906494140625,21.898447036743164,0.07811429351568222,21.297138214111328,21.218170166015625,21.906494140625,21.898447036743164,0.07811429351568222,21.30324363708496,21.22186279296875,3.0,3.0,0.0,3.0,3.0,0.0,3.0,3.0,0.0,25.648162841796875,25.656230926513672,0.07509507238864899,25.648162841796875,25.656230926513672,0.07509507238864899,25.648162841796875,25.656230926513672,0.07509507238864899,25.648162841796875,25.656230926513672,0.07509507238864899,22.233367919921875,22.216035842895508,0.0716090202331543,22.233367919921875,22.216035842895508,0.0716090202331543,22.233367919921875,22.216035842895508,0.0716090202331543,22.233367919921875,22.216035842895508,0.0716090202331543,21.928985595703125,21.93769073486328,0.05446751043200493,21.928985595703125,21.93769073486328,0.05446751043200493,21.928985595703125,21.93769073486328,0.05446751043200493,21.928985595703125,21.93769073486328,0.05446751043200493
LC08_L1TP_195028_20180923_20200830_02_T1,LANDSAT_8,20180923,geneva,195028,,,,1.8220045566558838,2.0,,,,2.2729547023773193,3.0,,,,2.296534776687622,3.0,,,,18.536466598510742,18.743743896484375,,,,18.629880905151367,18.750579833984375,,,,18.79145622253418,18.928314208984375,,,,18.79230499267578,18.928314208984375,,,,18.019996643066406,18.241302490234375,,,,18.12100601196289,18.256378173828125,,,,18.28351402282715,18.419235229492188,,,,18.284597396850586,18.413909912109375,,,,18.827077865600586,19.193939208984375,,,,19.045330047607422,19.2222900390625,,,,19.29264259338379,19.416656494140625,,,,19.28804588317871,19.409149169921875,,,,,,,,,,,,,,,,,,,,,,,,,,,,,,,,,,,,,,,,,,,,,
LC08_L1TP_195028_20181009_20200830_02_T1,LANDSAT_8,20181009,geneva,195028,1.0,1.3200000524520874,0.7332121133804321,2.4040937423706055,3.0,3.0,3.0,0.0,2.9457006454467773,3.0,3.0,3.0,0.0,2.925555944442749,3.0,16.68267822265625,16.671741485595703,0.030540654435753822,16.53972053527832,16.50494384765625,16.68609619140625,16.68267822265625,0.01509334146976471,16.565866470336914,16.53570556640625,16.68267822265625,16.671741485595703,0.030540654435753822,16.533336639404297,16.50152587890625,16.68267822265625,16.671741485595703,0.030540654435753822,16.533794403076172,16.50152587890625,16.439910888671875,16.431650161743164,0.026244182139635086,16.34634780883789,16.308990478515625,16.441543579101562,16.441070556640625,0.014863172546029091,16.359968185424805,16.32672119140625,16.439910888671875,16.431650161743164,0.026244182139635086,16.3400821685791,16.307891845703125,16.439910888671875,16.431650161743164,0.026244182139635086,16.340797424316406,16.3084716796875,17.9742431640625,17.966943740844727,0.02143646962940693,17.677913665771484,17.6658935546875,17.972381591796875,17.974929809570312,0.009959525428712368,17.669540405273438,17.66668701171875,17.9742431640625,17.966943740844727,0.02143646962940693,17.669912338256836,17.663543701171875,17.9742431640625,17.966943740844727,0.02143646962940693,17.671737670898438,17.6651611328125,3.0,2.0399999618530273,0.9991996884346008,3.0,3.0,0.0,3.0,3.0,0.0,16.52203369140625,16.511096954345703,0.0388747937977314,16.53912353515625,16.525714874267578,0.0378587506711483,16.52203369140625,16.511096954345703,0.0388747937977314,16.52203369140625,16.511096954345703,0.0388747937977314,16.380645751953125,16.373334884643555,0.04335443302989006,16.394744873046875,16.38905143737793,0.03841608390212059,16.380645751953125,16.373334884643555,0.04335443302989006,16.380645751953125,16.373334884643555,0.04335443302989006,17.523651123046875,17.518474578857422,0.03161782771348953,17.534576416015625,17.53215789794922,0.02331877313554287,17.523651123046875,17.518474578857422,0.03161782771348953,17.523651123046875,17.518474578857422,0.03161782771348953
LC08_L1TP_196028_20181016_20200830_02_T1,LANDSAT_8,20181016,geneva,196028,3.0,2.559999942779541,0.49638694524765015,2.216555118560791,2.0,3.0,3.0,0.0,2.1766316890716553,2.0,3.0,3.0,0.0,2.178685426712036,2.0,16.36480712890625,16.338966369628906,0.06798290461301804,14.300808906555176,14.467803955078125,16.36480712890625,16.338966369628906,0.06798290461301804,14.767412185668945,14.915557861328125,16.36480712890625,16.338966369628906,0.06798290461301804,14.963960647583008,15.069366455078125,16.36480712890625,16.338966369628906,0.06798290461301804,14.94930362701416,15.045440673828125,15.739654541015625,15.71496868133545,0.07448630034923553,13.45285415649414,13.61279296875,15.739654541015625,15.71496868133545,0.07448630034923553,13.930596351623535,14.07025146484375,15.739654541015625,15.71496868133545,0.07448630034923553,14.132081031799316,14.227325439453125,15.739654541015625,15.71496868133545,0.07448630034923553,14.117300033569336,14.20294189453125,16.3270263671875,16.3413143157959,0.03655145689845085,13.390467643737793,13.61566162109375,16.3270263671875,16.3413143157959,0.03655145689845085,14.133651733398438,14.339874267578125,16.3270263671875,16.3413143157959,0.03655145689845085,14.432540893554688,14.590362548828125,16.3270263671875,16.3413143157959,0.03655145689845085,14.406731605529785,14.551177978515625,3.0,2.4000000953674316,0.6928203105926514,3.0,2.9600000381469727,0.1959591656923294,3.0,2.8399999141693115,0.4630334973335266,16.27252197265625,16.278947830200195,0.08773637562990189,16.25714111328125,16.266929626464844,0.08396691828966141,16.27252197265625,16.278947830200195,0.08773637562990189,16.27764892578125,16.28035545349121,0.0892687663435936,15.430328369140625,15.429338455200195,0.08790946006774902,15.400985717773438,15.417986869812012,0.08461813628673553,15.430328369140625,15.429338455200195,0.08790946006774902,15.432205200195312,15.431720733642578,0.0889279842376709,16.47021484375,16.4616756439209,0.03397640213370323,16.448684692382812,16.45829963684082,0.03435014933347702,16.47021484375,16.4616756439209,0.03397640213370323,16.46051025390625,16.460927963256836,0.03447436913847923
LC08_L1TP_195028_20181025_20200830_02_T1,LANDSAT_8,20181025,geneva,195028,2.0,2.0,0.0,1.7546247243881226,2.0,2.0,2.0,0.0,2.0143144130706787,2.0,2.0,2.0,0.0,2.0362296104431152,2.0,13.418487548828125,13.427101135253906,0.05643785744905472,10.045892715454102,10.759246826171875,13.418487548828125,13.427101135253906,0.05643785744905472,11.012434959411621,11.470184326171875,13.418487548828125,13.427101135253906,0.05643785744905472,11.351940155029297,11.483856201171875,13.418487548828125,13.427101135253906,0.05643785744905472,11.345818519592285,11.487274169921875,12.81341552734375,12.820029258728027,0.05508885532617569,9.562560081481934,10.284912109375,12.81341552734375,12.820029258728027,0.05508885532617569,10.529439926147461,10.986846923828125,12.81341552734375,12.820029258728027,0.05508885532617569,10.87172794342041,10.999679565429688,12.81341552734375,12.820029258728027,0.05508885532617569,10.865610122680664,11.002532958984375,13.070037841796875,13.058030128479004,0.0443633534014225,8.987968444824219,9.89404296875,13.070037841796875,13.058030128479004,0.0443633534014225,10.294053077697754,10.835342407226562,13.070037841796875,13.058030128479004,0.0443633534014225,10.699407577514648,10.8240966796875,13.070037841796875,13.058030128479004,0.0443633534014225,10.689323425292969,10.82757568359375,,,,,,,,,,,,,,,,,,,,,,,,,,,,,,,,,,,,,,,,,,,,,
LC08_L1TP_195028_20181212_20200830_02_T1,LANDSAT_8,20181212,geneva,195028,3.0,2.9600000381469727,0.1959591805934906,2.767557382583618,3.0,3.0,3.0,0.0,2.803457021713257,3.0,3.0,3.0,0.0,2.8194520473480225,3.0,8.27435302734375,8.287614822387695,0.035485297441482544,8.16408920288086,8.46575927734375,8.27435302734375,8.287614822387695,0.035485297441482544,8.29979419708252,8.48284912109375,8.27435302734375,8.287614822387695,0.035485297441482544,8.295366287231445,8.47943115234375,8.27435302734375,8.287614822387695,0.035485297441482544,8.275908470153809,8.47601318359375,7.89483642578125,7.894891262054443,0.030963193625211716,7.7764058113098145,8.08880615234375,7.89483642578125,7.894891262054443,0.030963193625211716,7.918782711029053,8.108184814453125,7.89483642578125,7.894891262054443,0.030963193625211716,7.9154815673828125,8.10369873046875,7.89483642578125,7.894891262054443,0.030963193625211716,7.896055698394775,8.10015869140625,8.31195068359375,8.301687240600586,0.06192144751548767,8.094073295593262,8.468231201171875,8.31195068359375,8.301687240600586,0.06192144751548767,8.277453422546387,8.48919677734375,8.31195068359375,8.301687240600586,0.06192144751548767,8.269613265991211,8.484100341796875,8.31195068359375,8.301687240600586,0.06192144751548767,8.241988182067871,8.48016357421875,3.0,3.0,0.0,3.0,3.0,0.0,3.0,3.0,0.0,8.62982177734375,8.63036823272705,0.01229252852499485,8.62982177734375,8.63036823272705,0.01229252852499485,8.62982177734375,8.63036823272705,0.01229252852499485,8.62982177734375,8.63036823272705,0.01229252852499485,8.248443603515625,8.248056411743164,0.007342576049268246,8.248443603515625,8.248056411743164,0.007342576049268246,8.248443603515625,8.248056411743164,0.007342576049268246,8.248443603515625,8.248056411743164,0.007342576049268246,8.743377685546875,8.730032920837402,0.02928946539759636,8.743377685546875,8.730032920837402,0.02928946539759636,8.743377685546875,8.730032920837402,0.02928946539759636,8.743377685546875,8.730032920837402,0.02928946539759636
LC08_L1TP_196028_20190104_20200829_02_T1,LANDSAT_8,20190104,geneva,196028,3.0,2.9200000762939453,0.3919183313846588,2.5765528678894043,3.0,3.0,3.0,0.0,2.576777219772339,3.0,3.0,3.0,0.0,2.565347671508789,3.0,6.657623291015625,6.656666278839111,0.03859151527285576,6.9723429679870605,7.016510009765625,6.659332275390625,6.656626224517822,0.039386797696352005,6.98287296295166,7.023345947265625,6.657623291015625,6.656666278839111,0.03859151527285576,6.990683078765869,7.030181884765625,6.657623291015625,6.656666278839111,0.03859151527285576,6.995247840881348,7.030181884765625,5.9381103515625,5.942309379577637,0.038643427193164825,6.285597324371338,6.330596923828125,5.936553955078125,5.941980838775635,0.03940604627132416,6.295982837677002,6.336517333984375,5.9381103515625,5.942309379577637,0.038643427193164825,6.303367614746094,6.341400146484375,5.9381103515625,5.942309379577637,0.038643427193164825,6.30763053894043,6.343414306640625,6.131927490234375,6.148114204406738,0.04809175804257393,6.460018157958984,6.474945068359375,6.1375274658203125,6.1487884521484375,0.04896746575832367,6.479854583740234,6.481597900390625,6.131927490234375,6.148114204406738,0.04809175804257393,6.492453098297119,6.48583984375,6.131927490234375,6.148114204406738,0.04809175804257393,6.498836994171143,6.48760986328125,2.0,2.4800000190734863,0.4995998442173004,3.0,2.5999999046325684,0.4898979365825653,2.0,2.440000057220459,0.49638694524765015,7.341217041015625,7.342174053192139,0.019753849133849144,7.341217041015625,7.342174053192139,0.019753849133849144,7.341217041015625,7.342174053192139,0.019753849133849144,7.341217041015625,7.342174053192139,0.019753849133849144,6.640411376953125,6.646358489990234,0.024886807426810265,6.640411376953125,6.646358489990234,0.024886807426810265,6.640411376953125,6.646358489990234,0.024886807426810265,6.640411376953125,6.646358489990234,0.024886807426810265,7.10498046875,7.133974552154541,0.09892614185810089,7.10498046875,7.133974552154541,0.09892614185810089,7.10498046875,7.133974552154541,0.09892614185810089,7.10498046875,7.133974552154541,0.09892614185810089
LC08_L1TP_195028_20190129_20200830_02_T1,LANDSAT_8,20190129,geneva,195028,1.0,1.4117647409439087,0.49215295910835266,2.195631265640259,2.0,2.0,1.7058823108673096,0.4556450843811035,2.44741153717041,3.0,2.0,1.7058823108673096,0.4556450843811035,2.463205337524414,3.0,3.140472412109375,3.022660255432129,0.3893906772136688,4.202499866485596,4.3436279296875,3.304534912109375,3.3211495876312256,0.15517239272594452,4.39329719543457,4.4017333984375,3.176361083984375,3.2259318828582764,0.2205788940191269,4.388159275054932,4.3983154296875,3.176361083984375,3.2259318828582764,0.2205788940191269,4.377810478210449,4.3948974609375,2.793060302734375,2.693391799926758,0.48111361265182495,3.7556276321411133,3.89752197265625,3.0869140625,3.0971462726593018,0.12596380710601807,3.9523777961730957,3.95709228515625,2.971649169921875,2.943265199661255,0.21998374164104462,3.947827100753784,3.954559326171875,2.971649169921875,2.943265199661255,0.21998374164104462,3.937572717666626,3.948150634765625,2.21978759765625,2.038841724395752,0.7082072496414185,3.4571900367736816,3.61285400390625,2.565399169921875,2.587432861328125,0.13027548789978027,3.7132041454315186,3.7044219970703125,2.4470672607421875,2.4008662700653076,0.2616327106952667,3.7070138454437256,3.6923675537109375,2.4470672607421875,2.4008662700653076,0.2616327106952667,3.6915335655212402,3.684326171875,1.0,1.4800000190734863,0.4995998442173004,1.0,1.0800000429153442,0.27129319310188293,1.0,1.3200000524520874,0.4664761424064636,2.914886474609375,2.834632635116577,0.35095083713531494,3.116546630859375,3.0624287128448486,0.2907143831253052,,,,3.099456787109375,2.938385009765625,0.4074357748031616,2.301116943359375,2.2365429401397705,0.4134750962257385,2.626617431640625,2.519561767578125,0.31656765937805176,,,,2.5345916748046875,2.405914306640625,0.4145575165748596,1.530120849609375,1.405332088470459,0.5643445253372192,1.88970947265625,1.7762832641601562,0.43921297788619995,,,,1.7921295166015625,1.5985946655273438,0.5698158740997314
LC08_L1TP_196028_20190205_20200829_02_T1,LANDSAT_8,20190205,geneva,196028,2.0,2.240000009536743,0.42708316445350647,2.34102463722229,3.0,2.0,2.0799999237060547,0.27129319310188293,2.3173742294311523,3.0,2.0,2.2799999713897705,0.44899889826774597,2.333745241165161,3.0,5.287017822265625,5.278541088104248,0.04390056058764458,5.134091854095459,5.420318603515625,5.287017822265625,5.278541088104248,0.04390056058764458,5.375777721405029,5.498931884765625,5.287017822265625,5.278541088104248,0.04390056058764458,5.417273998260498,5.509185791015625,5.287017822265625,5.278541088104248,0.04390056058764458,5.425773620605469,5.512603759765625,4.835418701171875,4.827111721038818,0.04628463834524155,4.676043510437012,4.97210693359375,4.835418701171875,4.827111721038818,0.04628463834524155,4.926825523376465,5.0522918701171875,4.835418701171875,4.827111721038818,0.04628463834524155,4.970099449157715,5.06097412109375,4.835418701171875,4.827111721038818,0.04628463834524155,4.9784674644470215,5.062774658203125,5.112396240234375,5.104886531829834,0.029836224392056465,4.849669933319092,5.208160400390625,5.112396240234375,5.104886531829834,0.029836224392056465,5.199155330657959,5.31268310546875,5.112396240234375,5.104886531829834,0.029836224392056465,5.258312225341797,5.324798583984375,5.112396240234375,5.104886531829834,0.029836224392056465,5.268210411071777,5.326873779296875,3.0,3.0,0.0,3.0,3.0,0.0,3.0,3.0,0.0,5.594635009765625,5.598599910736084,0.026363687589764595,5.594635009765625,5.598599910736084,0.026363687589764595,5.594635009765625,5.598599910736084,0.026363687589764595,5.594635009765625,5.598599910736084,0.026363687589764595,5.1380615234375,5.143735408782959,0.030560418963432312,5.1380615234375,5.143735408782959,0.030560418963432312,5.1380615234375,5.143735408782959,0.030560418963432312,5.1380615234375,5.143735408782959,0.030560418963432312,5.738067626953125,5.74461555480957,0.03604733571410179,5.738067626953125,5.74461555480957,0.03604733571410179,5.738067626953125,5.74461555480957,0.03604733571410179,5.738067626953125,5.74461555480957,0.03604733571410179
LC08_L1TP_195028_20190214_20200829_02_T1,LANDSAT_8,20190214,geneva,195028,3.0,2.759999990463257,0.42708316445350647,2.9631004333496094,3.0,3.0,3.0,0.0,2.985896348953247,3.0,3.0,3.0,0.0,2.9877617359161377,3.0,6.144927978515625,6.140006065368652,0.03856195881962776,6.0927958488464355,6.083404541015625,6.144927978515625,6.140006065368652,0.03856195881962776,6.091891765594482,6.083404541015625,6.144927978515625,6.140006065368652,0.03856195881962776,6.0921149253845215,6.083404541015625,6.144927978515625,6.140006065368652,0.03856195881962776,6.092111110687256,6.083404541015625,5.651123046875,5.650619029998779,0.03797544538974762,5.579890251159668,5.570770263671875,5.651123046875,5.650619029998779,0.03797544538974762,5.579211235046387,5.570526123046875,5.651123046875,5.650619029998779,0.03797544538974762,5.579405784606934,5.57061767578125,5.651123046875,5.650619029998779,0.03797544538974762,5.579399585723877,5.57061767578125,6.1026611328125,6.106706619262695,0.01919580064713955,6.030411720275879,6.016204833984375,6.1026611328125,6.106706619262695,0.01919580064713955,6.029270172119141,6.0157470703125,6.1026611328125,6.106706619262695,0.01919580064713955,6.029659271240234,6.0159912109375,6.1026611328125,6.106706619262695,0.01919580064713955,6.0296549797058105,6.016021728515625,3.0,3.0,0.0,3.0,3.0,0.0,3.0,3.0,0.0,6.038970947265625,6.042252063751221,0.017916938289999962,6.038970947265625,6.042252063751221,0.017916938289999962,6.038970947265625,6.042252063751221,0.017916938289999962,6.038970947265625,6.042252063751221,0.017916938289999962,5.523712158203125,5.525948524475098,0.015249189920723438,5.523712158203125,5.525948524475098,0.015249189920723438,5.523712158203125,5.525948524475098,0.015249189920723438,5.523712158203125,5.525948524475098,0.015249189920723438,6.0419921875,6.04879903793335,0.06317485123872757,6.0419921875,6.04879903793335,0.06317485123872757,6.0419921875,6.04879903793335,0.06317485123872757,6.0419921875,6.04879903793335,0.06317485123872757
LC08_L1TP_196028_20190221_20200829_02_T1,LANDSAT_8,20190221,geneva,196028,2.0,1.8799999952316284,0.3249615430831909,1.8494563102722168,2.0,1.0,1.159999966621399,0.36660605669021606,1.3582125902175903,1.0,1.0,1.0399999618530273,0.1959591656923294,1.21260666847229,1.0,6.370513916015625,6.381587982177734,0.06746678799390793,6.342816352844238,6.315826416015625,6.370513916015625,6.3751749992370605,0.0643957182765007,6.351140022277832,6.326080322265625,6.455963134765625,6.431182861328125,0.060197748243808746,6.327758312225342,6.278228759765625,,,,6.311602592468262,6.244049072265625,5.867706298828125,5.885826587677002,0.058742303401231766,5.847703456878662,5.822998046875,5.862945556640625,5.8828511238098145,0.05961476266384125,5.856007099151611,5.833648681640625,5.886627197265625,5.906318664550781,0.057559046894311905,5.829749584197998,5.78887939453125,,,,5.8120317459106445,5.749847412109375,6.50897216796875,6.509422779083252,0.01615290343761444,6.421470642089844,6.388885498046875,6.508941650390625,6.508944511413574,0.01699802279472351,6.436496257781982,6.41131591796875,6.5089874267578125,6.510932922363281,0.008998659439384937,6.370931148529053,6.31353759765625,,,,6.353221893310547,6.25543212890625,2.0,2.0,0.0,1.0,1.1200000047683716,0.3249615430831909,1.0,1.159999966621399,0.36660605669021606,6.363677978515625,6.362310886383057,0.019334951415657997,6.363677978515625,6.362310886383057,0.019334951415657997,,,,6.360260009765625,6.361114501953125,0.018306884914636612,5.876800537109375,5.873988151550293,0.01899820938706398,5.876800537109375,5.873988151550293,0.01899820938706398,,,,5.8642120361328125,5.864227294921875,0.017995916306972504,6.5965576171875,6.603600978851318,0.06718035042285919,6.5965576171875,6.603600978851318,0.06718035042285919,,,,6.614288330078125,6.6436614990234375,0.06969291716814041
LC08_L1TP_196028_20190325_20200829_02_T1,LANDSAT_8,20190325,geneva,196028,,,,2.216827630996704,3.0,,,,2.2363133430480957,3.0,,,,2.239863634109497,3.0,,,,8.532341003417969,8.51361083984375,,,,8.526031494140625,8.52044677734375,,,,8.526314735412598,8.51702880859375,,,,8.526581764221191,8.51361083984375,,,,7.781935214996338,7.7725830078125,,,,7.77658748626709,7.780426025390625,,,,7.775339603424072,7.777557373046875,,,,7.775465965270996,7.776580810546875,,,,8.075562477111816,8.089004516601562,,,,8.147077560424805,8.1436767578125,,,,8.157395362854004,8.14874267578125,,,,8.155036926269531,8.148147583007812,3.0,3.0,0.0,3.0,3.0,0.0,3.0,3.0,0.0,8.69818115234375,8.701053619384766,0.015641862526535988,8.69818115234375,8.701053619384766,0.015641862526535988,8.69818115234375,8.701053619384766,0.015641862526535988,8.69818115234375,8.701053619384766,0.015641862526535988,7.9591064453125,7.966393947601318,0.01283358410000801,7.9591064453125,7.966393947601318,0.01283358410000801,7.9591064453125,7.966393947601318,0.01283358410000801,7.9591064453125,7.966393947601318,0.01283358410000801,8.574859619140625,8.563558578491211,0.041909076273441315,8.574859619140625,8.563558578491211,0.041909076273441315,8.574859619140625,8.563558578491211,0.041909076273441315,8.574859619140625,8.563558578491211,0.041909076273441315
LC08_L1TP_196028_20190613_20200828_02_T1,LANDSAT_8,20190613,geneva,196028,3.0,2.7200000286102295,0.6013318300247192,2.89882230758667,3.0,3.0,2.799999952316284,0.4898979365825653,2.956984043121338,3.0,3.0,2.799999952316284,0.4898979365825653,2.947482109069824,3.0,19.041107177734375,19.050403594970703,0.05062767490744591,17.727645874023438,17.691009521484375,19.034271240234375,19.048240661621094,0.051243893802165985,17.72308921813965,17.687591552734375,19.037689208984375,19.050790786743164,0.051635339856147766,17.721628189086914,17.687591552734375,19.037689208984375,19.050790786743164,0.051635339856147766,17.721511840820312,17.687591552734375,18.118865966796875,18.120895385742188,0.043305207043886185,16.892799377441406,16.863327026367188,18.1160888671875,18.116268157958984,0.042021945118904114,16.889474868774414,16.862060546875,18.117477416992188,18.118362426757812,0.042345721274614334,16.888160705566406,16.861541748046875,18.117477416992188,18.118362426757812,0.042345721274614334,16.888072967529297,16.862014770507812,18.700347900390625,18.699464797973633,0.04282437264919281,17.39991569519043,17.340911865234375,18.699981689453125,18.694765090942383,0.041114117950201035,17.395965576171875,17.339279174804688,18.700164794921875,18.697946548461914,0.04304324835538864,17.39472007751465,17.338775634765625,18.700164794921875,18.697946548461914,0.04304324835538864,17.39451789855957,17.339279174804688,3.0,2.5199999809265137,0.4995998442173004,3.0,3.0,0.0,3.0,3.0,0.0,17.540618896484375,17.52913475036621,0.0572986975312233,17.540618896484375,17.52913475036621,0.0572986975312233,17.540618896484375,17.52913475036621,0.0572986975312233,17.540618896484375,17.52913475036621,0.0572986975312233,16.681976318359375,16.679378509521484,0.05791119486093521,16.681976318359375,16.679378509521484,0.05791119486093521,16.681976318359375,16.679378509521484,0.05791119486093521,16.681976318359375,16.679378509521484,0.05791119486093521,17.213348388671875,17.2200870513916,0.0919179767370224,17.213348388671875,17.2200870513916,0.0919179767370224,17.213348388671875,17.2200870513916,0.0919179767370224,17.213348388671875,17.2200870513916,0.0919179767370224
LC08_L1TP_196028_20190629_20200827_02_T1,LANDSAT_8,20190629,geneva,196028,3.0,2.8399999141693115,0.4630334675312042,2.1473770141601562,2.0,3.0,2.880000114440918,0.430813193321228,2.162039041519165,2.0,3.0,2.8399999141693115,0.4630334675312042,2.1586833000183105,2.0,24.45184326171875,24.475906372070312,0.12748420238494873,23.505001068115234,23.518707275390625,24.43475341796875,24.47007179260254,0.12680183351039886,23.678972244262695,23.693023681640625,24.43475341796875,24.47007179260254,0.12680183351039886,23.66622543334961,23.665679931640625,24.43475341796875,24.47007179260254,0.12680183351039886,23.66322898864746,23.665679931640625,22.973052978515625,23.031774520874023,0.11932908743619919,22.088253021240234,22.112579345703125,22.971481323242188,23.029685974121094,0.12134157866239548,22.271602630615234,22.28802490234375,22.971481323242188,23.029685974121094,0.12134157866239548,22.258695602416992,22.2557373046875,22.971481323242188,23.029685974121094,0.12134157866239548,22.255569458007812,22.255218505859375,23.468170166015625,23.4997501373291,0.09916283935308456,22.315174102783203,22.352569580078125,23.465789794921875,23.49445152282715,0.097676582634449,22.510351181030273,22.531707763671875,23.465789794921875,23.49445152282715,0.097676582634449,22.495769500732422,22.51202392578125,23.465789794921875,23.49445152282715,0.097676582634449,22.492504119873047,22.51129150390625,2.0,1.8799999952316284,0.3249615430831909,2.0,2.0,0.0,2.0,2.0,0.0,22.920562744140625,22.90839385986328,0.03232581913471222,22.920562744140625,22.910930633544922,0.02838497795164585,22.920562744140625,22.90839385986328,0.03232581913471222,22.920562744140625,22.90839385986328,0.03232581913471222,21.470916748046875,21.455659866333008,0.038269538432359695,21.47283935546875,21.45915412902832,0.036077581346035004,21.470916748046875,21.455659866333008,0.038269538432359695,21.470916748046875,21.455659866333008,0.038269538432359695,21.75469970703125,21.7670955657959,0.08240482956171036,21.764373779296875,21.776838302612305,0.0809621587395668,21.75469970703125,21.7670955657959,0.08240482956171036,21.75469970703125,21.7670955657959,0.08240482956171036
LC08_L1TP_195028_20190724_20200827_02_T1,LANDSAT_8,20190724,geneva,195028,3.0,2.9200000762939453,0.3919183313846588,2.8751673698425293,3.0,3.0,2.559999942779541,0.6374951004981995,2.856194496154785,3.0,2.0,2.0799999237060547,0.3919183611869812,2.80793833732605,3.0,27.210174560546875,27.209766387939453,0.04353928938508034,25.952993392944336,25.778045654296875,27.210174560546875,27.209747314453125,0.044437017291784286,25.949905395507812,25.774627685546875,27.206756591796875,27.208538055419922,0.04500570148229599,25.94987678527832,25.774627685546875,27.210174560546875,27.209747314453125,0.044437017291784286,25.94998550415039,25.774627685546875,27.326751708984375,27.324308395385742,0.05503569915890694,25.5035400390625,25.23553466796875,27.326644897460938,27.323102951049805,0.05584689974784851,25.499847412109375,25.232437133789062,27.3265380859375,27.320629119873047,0.05574432760477066,25.49971580505371,25.232147216796875,27.326644897460938,27.323102951049805,0.05584689974784851,25.499826431274414,25.232086181640625,31.2110595703125,31.231733322143555,0.10572792589664459,28.591344833374023,28.252471923828125,31.203414916992188,31.22617530822754,0.10426569730043411,28.586742401123047,28.248504638671875,31.195770263671875,31.220151901245117,0.10233873873949051,28.58656120300293,28.247833251953125,31.203414916992188,31.22617530822754,0.10426569730043411,28.586719512939453,28.247665405273438,2.0,2.240000009536743,0.42708316445350647,2.0,2.0,0.0,2.0,2.0,0.0,25.374725341796875,25.3681640625,0.05154605209827423,25.374725341796875,25.3681640625,0.05154605209827423,25.374725341796875,25.3681640625,0.05154605209827423,25.374725341796875,25.3681640625,0.05154605209827423,24.58258056640625,24.577688217163086,0.07321560382843018,24.58258056640625,24.577688217163086,0.07321560382843018,24.58258056640625,24.577688217163086,0.07321560382843018,24.58258056640625,24.577688217163086,0.07321560382843018,27.44403076171875,27.431961059570312,0.09637627750635147,27.44403076171875,27.431961059570312,0.09637627750635147,27.44403076171875,27.431961059570312,0.09637627750635147,27.44403076171875,27.431961059570312,0.09637627750635147
LC08_L1TP_195028_20190809_20200827_02_T1,LANDSAT_8,20190809,geneva,195028,3.0,2.8399999141693115,0.4630334675312042,2.951232433319092,3.0,3.0,2.880000114440918,0.430813193321228,2.943544387817383,3.0,3.0,2.880000114440918,0.430813193321228,2.9429824352264404,3.0,23.734039306640625,23.750581741333008,0.05766290798783302,23.275304794311523,23.347808837890625,23.739166259765625,23.751272201538086,0.05875095725059509,23.279399871826172,23.354644775390625,23.739166259765625,23.751272201538086,0.05875095725059509,23.280920028686523,23.354644775390625,23.739166259765625,23.751272201538086,0.05875095725059509,23.28204345703125,23.354644775390625,23.9017333984375,23.912681579589844,0.060306843370199203,23.676321029663086,23.795196533203125,23.90655517578125,23.913137435913086,0.06150816008448601,23.681415557861328,23.80169677734375,23.90655517578125,23.913137435913086,0.06150816008448601,23.682931900024414,23.80364990234375,23.90655517578125,23.913137435913086,0.06150816008448601,23.68439292907715,23.80377197265625,27.29327392578125,27.30901527404785,0.10040827095508575,26.479032516479492,26.633697509765625,27.293014526367188,27.308595657348633,0.10245738178491592,26.530200958251953,26.643890380859375,27.293014526367188,27.308595657348633,0.10245738178491592,26.543445587158203,26.6466064453125,27.293014526367188,27.308595657348633,0.10245738178491592,26.5450496673584,26.64678955078125,3.0,3.0,0.0,3.0,3.0,0.0,3.0,3.0,0.0,23.443511962890625,23.472768783569336,0.12091720849275589,23.443511962890625,23.472768783569336,0.12091720849275589,23.443511962890625,23.472768783569336,0.12091720849275589,23.443511962890625,23.472768783569336,0.12091720849275589,23.94012451171875,23.93377685546875,0.16150422394275665,23.94012451171875,23.93377685546875,0.16150422394275665,23.94012451171875,23.93377685546875,0.16150422394275665,23.94012451171875,23.93377685546875,0.16150422394275665,26.63201904296875,26.612546920776367,0.32474297285079956,26.63201904296875,26.612546920776367,0.32474297285079956,26.63201904296875,26.612546920776367,0.32474297285079956,26.63201904296875,26.612546920776367,0.32474297285079956
LC08_L1TP_195028_20190825_20200826_02_T1,LANDSAT_8,20190825,geneva,195028,2.0,2.119999885559082,0.9086253643035889,2.8781416416168213,3.0,3.0,2.9200000762939453,0.3919183313846588,2.9962682723999023,3.0,3.0,2.9200000762939453,0.3919183313846588,2.994924545288086,3.0,22.055816650390625,22.063608169555664,0.021147700026631355,21.972732543945312,21.980621337890625,22.055816650390625,22.065216064453125,0.02226603962481022,21.97766876220703,21.990875244140625,22.054107666015625,22.063507080078125,0.021577689796686172,21.971019744873047,21.980621337890625,22.054107666015625,22.063507080078125,0.021577689796686172,21.97096061706543,21.980621337890625,21.97210693359375,21.966142654418945,0.030420688912272453,21.87860870361328,21.88861083984375,21.977767944335938,21.965604782104492,0.035129379481077194,21.888076782226562,21.911727905273438,21.970306396484375,21.96575164794922,0.030985621735453606,21.876794815063477,21.8880615234375,21.970306396484375,21.96575164794922,0.030985621735453606,21.876737594604492,21.88800048828125,24.21295166015625,24.215866088867188,0.09607118368148804,23.753170013427734,23.782867431640625,24.162216186523438,24.181026458740234,0.08443225175142288,23.76612663269043,23.81610107421875,24.207656860351562,24.209470748901367,0.09268945455551147,23.750967025756836,23.7823486328125,24.207656860351562,24.209470748901367,0.09268945455551147,23.750896453857422,23.782257080078125,1.0,1.9600000381469727,0.9991996884346008,3.0,3.0,0.0,3.0,3.0,0.0,21.611480712890625,21.602867126464844,0.03833150863647461,21.628570556640625,21.612619400024414,0.046096839010715485,21.611480712890625,21.602867126464844,0.03833150863647461,21.611480712890625,21.602867126464844,0.03833150863647461,21.417999267578125,21.412986755371094,0.04191089794039726,21.4442138671875,21.420846939086914,0.05092102661728859,21.417999267578125,21.412986755371094,0.04191089794039726,21.417999267578125,21.412986755371094,0.04191089794039726,23.04052734375,23.059303283691406,0.06904064863920212,23.099029541015625,23.097665786743164,0.06476277112960815,23.04052734375,23.059303283691406,0.06904064863920212,23.04052734375,23.059303283691406,0.06904064863920212
LC08_L1TP_196028_20190917_20200826_02_T1,LANDSAT_8,20190917,geneva,196028,3.0,2.4000000953674316,0.6928203105926514,2.0947299003601074,2.0,2.0,2.4800000190734863,0.4995998442173004,2.089411973953247,2.0,2.0,2.119999885559082,0.430813193321228,2.078784465789795,2.0,19.786224365234375,19.802370071411133,0.5733426809310913,19.829238891601562,20.3604736328125,19.786224365234375,19.798357009887695,0.5863015055656433,20.49161720275879,20.8594970703125,19.786224365234375,19.802370071411133,0.5733426809310913,20.629379272460938,20.8560791015625,19.796478271484375,19.860578536987305,0.507654070854187,20.679141998291016,20.8663330078125,17.146728515625,17.144006729125977,0.5619462132453918,17.555822372436523,18.120208740234375,17.126724243164062,17.12788200378418,0.5864616632461548,18.25245475769043,18.629791259765625,17.146728515625,17.144006729125977,0.5619462132453918,18.394601821899414,18.627532958984375,17.186004638671875,17.19573402404785,0.5119040608406067,18.44700050354004,18.638748168945312,17.987091064453125,17.883207321166992,0.606488823890686,17.436811447143555,18.1741943359375,18.039566040039062,17.922550201416016,0.6186032891273499,18.435142517089844,18.90997314453125,17.987091064453125,17.883207321166992,0.606488823890686,18.620485305786133,18.891342163085938,18.008148193359375,17.943838119506836,0.5396784543991089,18.634952545166016,18.905670166015625,1.0,1.3600000143051147,0.741889476776123,1.0,1.2400000095367432,0.6499230861663818,1.0,1.159999966621399,0.36660605669021606,18.398529052734375,18.363256454467773,0.23311594128608704,18.477142333984375,18.514739990234375,0.07697641849517822,,,,18.513031005859375,18.524139404296875,0.0834563747048378,16.14666748046875,16.088455200195312,0.25879916548728943,16.2462158203125,16.271495819091797,0.07951970398426056,,,,16.2822265625,16.29479217529297,0.07204724103212357,15.722686767578125,15.787287712097168,0.29256466031074524,16.218017578125,16.2043514251709,0.16189715266227722,,,,16.275222778320312,16.259521484375,0.13245713710784912
LC08_L1TP_196028_20191003_20200825_02_T1,LANDSAT_8,20191003,geneva,196028,3.0,2.680000066757202,0.5455272793769836,2.533438205718994,3.0,3.0,2.9200000762939453,0.27129319310188293,2.591256856918335,3.0,3.0,2.5199999809265137,0.5741080045700073,2.5406124591827393,3.0,16.53570556640625,16.535295486450195,0.04587031155824661,16.48459243774414,16.53570556640625,16.53399658203125,16.53499412536621,0.04679184406995773,16.5614070892334,16.58697509765625,16.53570556640625,16.535295486450195,0.04587031155824661,16.558483123779297,16.58013916015625,16.53399658203125,16.53371238708496,0.04614169895648956,16.560047149658203,16.58013916015625,16.07623291015625,16.073091506958008,0.0504041351377964,16.10637664794922,16.159027099609375,16.076278686523438,16.073692321777344,0.05135587230324745,16.184555053710938,16.209686279296875,16.07623291015625,16.073091506958008,0.0504041351377964,16.181602478027344,16.2027587890625,16.074798583984375,16.07100486755371,0.050374530255794525,16.183570861816406,16.204315185546875,16.767303466796875,16.768165588378906,0.05383262783288956,16.77117347717285,16.838287353515625,16.757858276367188,16.767107009887695,0.05468699708580971,16.85221290588379,16.893798828125,16.767303466796875,16.768165588378906,0.05383262783288956,16.847551345825195,16.885498046875,16.757858276367188,16.76553726196289,0.05334826558828354,16.849506378173828,16.8868408203125,1.0,1.0,0.0,1.0,1.0,0.0,1.0,1.0,0.0,15.814483642578125,15.818180084228516,0.02240990474820137,,,,,,,,,,15.41845703125,15.416433334350586,0.027215611189603806,,,,,,,,,,16.440185546875,16.44366455078125,0.05994419381022453,,,,,,,,,
LC08_L1TP_195028_20191113_20200825_02_T1,LANDSAT_8,20191113,geneva,195028,,,,1.7902097702026367,2.0,,,,1.5874125957489014,2.0,,,,1.6573426723480225,2.0,,,,7.271179676055908,6.633697509765625,,,,7.957190036773682,7.6061248779296875,,,,8.829874992370605,8.961395263671875,,,,8.61703109741211,8.744354248046875,,,,6.492948055267334,5.962066650390625,,,,7.159107208251953,6.854339599609375,,,,7.962963581085205,8.1019287109375,,,,7.789131164550781,8.026870727539062,,,,5.56617546081543,4.75421142578125,,,,6.4340081214904785,5.7331390380859375,,,,7.519428730010986,7.6473236083984375,,,,7.317151069641113,7.37359619140625,,,,,,,,,,,,,,,,,,,,,,,,,,,,,,,,,,,,,,,,,,,,,
LC08_L1TP_196028_20191206_20200824_02_T1,LANDSAT_8,20191206,geneva,196028,3.0,2.9600000381469727,0.1959591656923294,2.4502477645874023,3.0,3.0,2.9600000381469727,0.1959591656923294,2.6545846462249756,3.0,3.0,3.0,0.0,2.668332099914551,3.0,8.68450927734375,8.684925079345703,0.04498403146862984,8.65605640411377,8.814422607421875,8.68450927734375,8.684925079345703,0.04498403146862984,8.738240242004395,8.838348388671875,8.68450927734375,8.684925079345703,0.04498403146862984,8.75019359588623,8.838348388671875,8.68450927734375,8.684925079345703,0.04498403146862984,8.734972953796387,8.838348388671875,8.071990966796875,8.075589179992676,0.03813134506344795,8.065874099731445,8.22186279296875,8.071990966796875,8.075589179992676,0.03813134506344795,8.150421142578125,8.24700927734375,8.071990966796875,8.075589179992676,0.03813134506344795,8.162501335144043,8.249481201171875,8.071990966796875,8.075589179992676,0.03813134506344795,8.147492408752441,8.247314453125,8.2894287109375,8.299448013305664,0.041019707918167114,8.128546714782715,8.352447509765625,8.2894287109375,8.299448013305664,0.041019707918167114,8.239716529846191,8.37884521484375,8.2894287109375,8.299448013305664,0.041019707918167114,8.256656646728516,8.38177490234375,8.2894287109375,8.299448013305664,0.041019707918167114,8.236817359924316,8.38140869140625,,,,,,,,,,,,,,,,,,,,,,,,,,,,,,,,,,,,,,,,,,,,,
LC08_L1TP_195028_20191231_20200824_02_T1,LANDSAT_8,20191231,geneva,195028,,,,,,,,,,,,,,,,,,,,,,,,,,,,,,,,,,,,,,,,,,,,,,,,,,,,,,,,,,,,,,,,,,,,,,,,,,,,,,,,,,,,,,,,,,,,,,,,,,,,,,,,,,,,,,,,,,,,,,,,
LC08_L1TP_195028_20200116_20200823_02_T1,LANDSAT_8,20200116,geneva,195028,3.0,2.880000114440918,0.32496151328086853,2.9360103607177734,3.0,3.0,2.799999952316284,0.4000000059604645,2.9872331619262695,3.0,3.0,2.680000066757202,0.4664761424064636,2.93756103515625,3.0,7.689849853515625,7.685344219207764,0.022174173966050148,7.722433567047119,7.73089599609375,7.689849853515625,7.685344219207764,0.022174173966050148,7.722580432891846,7.73089599609375,7.689849853515625,7.685344219207764,0.022174173966050148,7.722572326660156,7.73089599609375,7.689849853515625,7.685344219207764,0.022174173966050148,7.722544193267822,7.73089599609375,7.116119384765625,7.119386196136475,0.02366056852042675,7.132678508758545,7.139984130859375,7.116119384765625,7.119386196136475,0.02366056852042675,7.132904529571533,7.140045166015625,7.116119384765625,7.119386196136475,0.02366056852042675,7.132878303527832,7.140045166015625,7.116119384765625,7.119386196136475,0.02366056852042675,7.1328511238098145,7.140045166015625,7.55902099609375,7.572924613952637,0.07476683706045151,7.637744426727295,7.643951416015625,7.55902099609375,7.572924613952637,0.07476683706045151,7.637827396392822,7.644012451171875,7.55902099609375,7.572924613952637,0.07476683706045151,7.637826919555664,7.644012451171875,7.55902099609375,7.572924613952637,0.07476683706045151,7.637799263000488,7.64398193359375,3.0,3.0,0.0,3.0,3.0,0.0,3.0,2.8399999141693115,0.36660605669021606,7.607818603515625,7.607955455780029,0.03523632138967514,7.607818603515625,7.607955455780029,0.03523632138967514,7.607818603515625,7.607955455780029,0.03523632138967514,7.607818603515625,7.607955455780029,0.03523632138967514,7.00921630859375,7.006776332855225,0.03709099441766739,7.00921630859375,7.006776332855225,0.03709099441766739,7.00921630859375,7.006776332855225,0.03709099441766739,7.00921630859375,7.006776332855225,0.03709099441766739,7.48516845703125,7.485579967498779,0.04695644974708557,7.48516845703125,7.485579967498779,0.04695644974708557,7.48516845703125,7.485579967498779,0.04695644974708557,7.48516845703125,7.485579967498779,0.04695644974708557
LC08_L1TP_196028_20200208_20200823_02_T1,LANDSAT_8,20200208,geneva,196028,,,,1.6785942316055298,1.0,,,,1.7903006076812744,2.0,,,,1.798616647720337,2.0,,,,2.2911837100982666,3.031097412109375,,,,3.5452871322631836,3.9915771484375,,,,3.701443672180176,3.9847412109375,,,,3.7201297283172607,3.9779052734375,,,,1.6596406698226929,2.382415771484375,,,,2.895005702972412,3.330230712890625,,,,3.0442142486572266,3.32257080078125,,,,3.065696954727173,3.31640625,,,,1.8392428159713745,2.5647735595703125,,,,3.0446577072143555,3.5552520751953125,,,,3.221506118774414,3.4906005859375,,,,3.160322666168213,3.468017578125,,,,,,,,,,,,,,,,,,,,,,,,,,,,,,,,,,,,,,,,,,,,,
LC08_L1TP_196028_20200224_20200822_02_T1,LANDSAT_8,20200224,geneva,196028,3.0,2.799999952316284,0.4898979365825653,2.771606683731079,3.0,3.0,2.880000114440918,0.430813193321228,2.7996902465820312,3.0,3.0,2.880000114440918,0.430813193321228,2.806494951248169,3.0,7.351470947265625,7.378677845001221,0.09252274036407471,7.2700724601745605,7.515533447265625,7.360015869140625,7.379811763763428,0.09426036477088928,7.342345714569092,7.546295166015625,7.360015869140625,7.379811763763428,0.09426036477088928,7.371883392333984,7.556549072265625,7.360015869140625,7.379811763763428,0.09426036477088928,7.368408679962158,7.553131103515625,6.67388916015625,6.68876838684082,0.08638680726289749,6.491596698760986,6.72601318359375,6.6723175048828125,6.687234401702881,0.08783388137817383,6.561464786529541,6.754791259765625,6.6723175048828125,6.687234401702881,0.08783388137817383,6.589118003845215,6.76300048828125,6.6723175048828125,6.687234401702881,0.08783388137817383,6.585977554321289,6.76068115234375,6.706268310546875,6.718381404876709,0.15548984706401825,6.486317157745361,6.779022216796875,6.7000732421875,6.718190670013428,0.15869328379631042,6.586701393127441,6.808349609375,6.7000732421875,6.718190670013428,0.15869328379631042,6.6238837242126465,6.816558837890625,6.7000732421875,6.718190670013428,0.15869328379631042,6.620838642120361,6.8143310546875,1.0,1.159999966621399,0.36660605669021606,1.0,1.0,0.0,1.0,1.0,0.0,5.601470947265625,5.531470775604248,0.20517636835575104,5.475006103515625,5.435699462890625,0.17919905483722687,,,,,,,4.81939697265625,4.800594329833984,0.2048492580652237,4.66107177734375,4.672676086425781,0.13994623720645905,,,,,,,3.918792724609375,3.831677198410034,0.18121932446956635,3.496917724609375,3.5369644165039062,0.09404082596302032,,,,,,
LC08_L1TP_195028_20200304_20200822_02_T1,LANDSAT_8,20200304,geneva,195028,3.0,2.8399999141693115,0.4630334675312042,1.8969804048538208,2.0,3.0,2.880000114440918,0.430813193321228,1.9072843790054321,2.0,3.0,2.880000114440918,0.430813193321228,1.8938677310943604,2.0,7.009674072265625,7.010221004486084,0.024735894054174423,4.534704685211182,4.6512451171875,7.009674072265625,7.008677005767822,0.024036996066570282,5.675020217895508,6.285064697265625,7.009674072265625,7.008677005767822,0.024036996066570282,5.792805194854736,6.257720947265625,7.009674072265625,7.008677005767822,0.024036996066570282,5.853168487548828,6.319244384765625,6.515838623046875,6.517229080200195,0.024090910330414772,3.979010581970215,4.088226318359375,6.5142669677734375,6.5163702964782715,0.0242097657173872,5.124566078186035,5.744598388671875,6.5142669677734375,6.5163702964782715,0.0242097657173872,5.243195056915283,5.719757080078125,6.5142669677734375,6.5163702964782715,0.0242097657173872,5.302917003631592,5.779083251953125,6.85260009765625,6.84626579284668,0.07371164113283157,3.819129705429077,4.21429443359375,6.852630615234375,6.847310543060303,0.07505013048648834,5.283603191375732,6.008056640625,6.852630615234375,6.847310543060303,0.07505013048648834,5.4338059425354,5.952392578125,6.852630615234375,6.847310543060303,0.07505013048648834,5.502366065979004,6.02532958984375,1.0,1.0,0.0,1.0,1.0,0.0,1.0,1.0,0.0,3.5335693359375,3.530698299407959,0.021761056035757065,,,,,,,,,,2.97161865234375,2.964609384536743,0.017449289560317993,,,,,,,,,,3.30291748046875,3.3051793575286865,0.03562595695257187,,,,,,,,,
LC08_L1TP_195028_20200405_20200822_02_T1,LANDSAT_8,20200405,geneva,195028,3.0,2.9200000762939453,0.3919183313846588,2.9678406715393066,3.0,3.0,2.880000114440918,0.32496151328086853,2.9919044971466064,3.0,3.0,2.880000114440918,0.32496151328086853,2.991610527038574,3.0,10.718231201171875,10.70756721496582,0.03556422144174576,10.428705215454102,10.284149169921875,10.719940185546875,10.707977294921875,0.03623960167169571,10.413763046264648,10.277313232421875,10.718231201171875,10.70756721496582,0.03556422144174576,10.424786567687988,10.284149169921875,10.718231201171875,10.70756721496582,0.03556422144174576,10.424079895019531,10.284149169921875,10.344390869140625,10.333871841430664,0.030296096578240395,9.933084487915039,9.798248291015625,10.34136962890625,10.3333101272583,0.030793044716119766,9.92009162902832,9.7918701171875,10.344390869140625,10.333871841430664,0.030296096578240395,9.929418563842773,9.7974853515625,10.344390869140625,10.333871841430664,0.030296096578240395,9.928800582885742,9.797210693359375,11.667572021484375,11.659139633178711,0.049741584807634354,10.987361907958984,10.879791259765625,11.661941528320312,11.658164024353027,0.050532348453998566,10.972199440002441,10.871246337890625,11.667572021484375,11.659139633178711,0.049741584807634354,10.983323097229004,10.878997802734375,11.667572021484375,11.659139633178711,0.049741584807634354,10.982660293579102,10.87884521484375,3.0,3.0,0.0,3.0,3.0,0.0,3.0,3.0,0.0,9.966278076171875,9.981043815612793,0.0662960484623909,9.966278076171875,9.981043815612793,0.0662960484623909,9.966278076171875,9.981043815612793,0.0662960484623909,9.966278076171875,9.981043815612793,0.0662960484623909,9.488311767578125,9.506495475769043,0.0705251693725586,9.488311767578125,9.506495475769043,0.0705251693725586,9.488311767578125,9.506495475769043,0.0705251693725586,9.488311767578125,9.506495475769043,0.0705251693725586,10.449554443359375,10.44650650024414,0.0733950287103653,10.449554443359375,10.44650650024414,0.0733950287103653,10.449554443359375,10.44650650024414,0.0733950287103653,10.449554443359375,10.44650650024414,0.0733950287103653
LC08_L1TP_196028_20200412_20200822_02_T1,LANDSAT_8,20200412,geneva,196028,3.0,2.8399999141693115,0.4630334675312042,2.81280255317688,3.0,3.0,2.880000114440918,0.430813193321228,2.990492582321167,3.0,3.0,2.880000114440918,0.430813193321228,2.991715669631958,3.0,14.245635986328125,14.238936424255371,0.10931294411420822,14.613706588745117,14.508819580078125,14.250762939453125,14.24449634552002,0.10804811865091324,14.520263671875,14.457550048828125,14.250762939453125,14.24449634552002,0.10804811865091324,14.607839584350586,14.505401611328125,14.250762939453125,14.24449634552002,0.10804811865091324,14.608343124389648,14.505401611328125,13.492431640625,13.487536430358887,0.09272732585668564,13.839085578918457,13.73699951171875,13.495452880859375,13.490729331970215,0.09328364580869675,13.747183799743652,13.687347412109375,13.495452880859375,13.490729331970215,0.09328364580869675,13.83365535736084,13.73486328125,13.495452880859375,13.490729331970215,0.09328364580869675,13.834150314331055,13.73516845703125,13.804229736328125,13.799408912658691,0.04729148745536804,14.29742431640625,14.195220947265625,13.802413940429688,13.797725677490234,0.047527015209198,14.202672958374023,14.146881103515625,13.802413940429688,13.797725677490234,0.047527015209198,14.291873931884766,14.1934814453125,13.802413940429688,13.797725677490234,0.047527015209198,14.292360305786133,14.193862915039062,3.0,3.0,0.0,3.0,3.0,0.0,3.0,3.0,0.0,13.821807861328125,13.832881927490234,0.0381256639957428,13.821807861328125,13.832881927490234,0.0381256639957428,13.821807861328125,13.832881927490234,0.0381256639957428,13.821807861328125,13.832881927490234,0.0381256639957428,13.079681396484375,13.0903902053833,0.037754300981760025,13.079681396484375,13.0903902053833,0.037754300981760025,13.079681396484375,13.0903902053833,0.037754300981760025,13.079681396484375,13.0903902053833,0.037754300981760025,13.64276123046875,13.652060508728027,0.03196607530117035,13.64276123046875,13.652060508728027,0.03196607530117035,13.64276123046875,13.652060508728027,0.03196607530117035,13.64276123046875,13.652060508728027,0.03196607530117035
LC08_L1TP_195028_20200507_20200820_02_T1,LANDSAT_8,20200507,geneva,195028,3.0,2.7200000286102295,0.44899889826774597,1.9582592248916626,2.0,3.0,2.7200000286102295,0.44899889826774597,2.1199536323547363,3.0,2.0,2.0799999237060547,0.3919183611869812,1.8146014213562012,1.0,15.636749267578125,15.641671180725098,0.026031911373138428,14.408096313476562,14.546417236328125,15.636749267578125,15.641671180725098,0.026031911373138428,14.240415573120117,13.924346923828125,15.636749267578125,15.641671180725098,0.026031911373138428,14.2565336227417,14.194366455078125,15.636749267578125,15.64287281036377,0.025880049914121628,14.046276092529297,13.739776611328125,15.51214599609375,15.512255668640137,0.029093315824866295,14.286641120910645,14.42999267578125,15.51214599609375,15.512255668640137,0.029093315824866295,14.109574317932129,13.80120849609375,15.51214599609375,15.512255668640137,0.029093315824866295,14.127276420593262,14.070281982421875,15.512161254882812,15.513144493103027,0.02935917116701603,13.909464836120605,13.607696533203125,16.964691162109375,16.950031280517578,0.07596971094608307,15.46340560913086,15.5946044921875,16.964691162109375,16.950031280517578,0.07596971094608307,15.264425277709961,14.894561767578125,16.964691162109375,16.950031280517578,0.07596971094608307,15.281068801879883,15.19708251953125,16.960662841796875,16.9476375579834,0.07660608738660812,15.063499450683594,14.723114013671875,2.0,1.7200000286102295,0.6013318300247192,2.0,2.359999895095825,0.5571355223655701,2.0,1.7599999904632568,0.42708316445350647,13.972198486328125,13.970148086547852,0.02795221470296383,13.989288330078125,13.982666015625,0.022330505773425102,13.975616455078125,13.97034740447998,0.028511185199022293,13.979034423828125,13.972738265991211,0.02671276219189167,13.852752685546875,13.847193717956543,0.028934985399246216,13.866607666015625,13.860794067382812,0.02346397005021572,13.857376098632812,13.848502159118652,0.02879810519516468,13.86199951171875,13.847064018249512,0.029816046357154846,15.00726318359375,15.017899513244629,0.06714504212141037,15.035140991210938,15.03359603881836,0.07067877054214478,15.009292602539062,15.021164894104004,0.06655549257993698,14.99139404296875,15.011004447937012,0.06681584566831589
LC08_L1TP_196028_20200530_20200820_02_T1,LANDSAT_8,20200530,geneva,196028,3.0,2.8399999141693115,0.5425863862037659,2.173377275466919,2.0,3.0,2.8399999141693115,0.5425863862037659,1.9086116552352905,1.0,3.0,2.880000114440918,0.430813193321228,1.9180763959884644,1.0,17.065521240234375,17.069076538085938,0.0407811664044857,15.519661903381348,15.544464111328125,17.068939208984375,17.071762084960938,0.0412459634244442,15.642362594604492,15.797393798828125,17.068939208984375,17.071762084960938,0.0412459634244442,15.88492202758789,15.94097900390625,17.067230224609375,17.069793701171875,0.0414670892059803,15.897873878479004,15.94439697265625,15.51080322265625,15.516797065734863,0.03301103785634041,14.028989791870117,14.054779052734375,15.5205078125,15.520042419433594,0.03243521600961685,14.140789031982422,14.28765869140625,15.5205078125,15.520042419433594,0.03243521600961685,14.368313789367676,14.422119140625,15.515655517578125,15.518478393554688,0.03262585401535034,14.380406379699707,14.428009033203125,15.977996826171875,15.954675674438477,0.08265428245067596,14.369532585144043,14.39874267578125,15.979217529296875,15.955779075622559,0.08542723208665848,14.458638191223145,14.561859130859375,15.979217529296875,15.955779075622559,0.08542723208665848,14.666773796081543,14.701873779296875,15.978607177734375,15.956704139709473,0.08374632894992828,14.678213119506836,14.706008911132812,1.0,1.0399999618530273,0.1959591656923294,1.0,1.0,0.0,1.0,1.0,0.0,15.394073486328125,15.413623809814453,0.07143813371658325,,,,,,,,,,13.978668212890625,13.978758811950684,0.05235028639435768,,,,,,,,,,14.454254150390625,14.45043659210205,0.05192306265234947,,,,,,,,,
LC08_L1TP_195028_20200624_20200824_02_T1,LANDSAT_8,20200624,geneva,195028,1.0,1.1200000047683716,0.3249615430831909,2.783926248550415,3.0,3.0,2.8399999141693115,0.5425863862037659,2.9780404567718506,3.0,3.0,2.8399999141693115,0.5425863862037659,2.9801084995269775,3.0,23.593902587890625,23.60552215576172,0.09445475041866302,22.176807403564453,22.025054931640625,,,,22.01898193359375,21.915679931640625,23.593902587890625,23.604900360107422,0.098160520195961,22.173768997192383,22.025054931640625,23.593902587890625,23.604900360107422,0.098160520195961,22.174009323120117,22.025054931640625,21.772613525390625,21.786455154418945,0.07856016606092453,19.90085792541504,19.743621826171875,,,,19.74969482421875,19.6351318359375,21.772857666015625,21.789731979370117,0.08077424764633179,19.897878646850586,19.7421875,21.772857666015625,21.789731979370117,0.08077424764633179,19.898115158081055,19.742401123046875,23.749267578125,23.761953353881836,0.0597529411315918,21.43427276611328,21.1981201171875,,,,21.25803565979004,21.093902587890625,23.749267578125,23.762876510620117,0.061791691929101944,21.43096923828125,21.1964111328125,23.749267578125,23.762876510620117,0.061791691929101944,21.43123435974121,21.196701049804688,2.0,2.119999885559082,0.32496151328086853,2.0,2.240000009536743,0.42708316445350647,2.0,2.119999885559082,0.32496151328086853,21.560211181640625,21.556928634643555,0.052955176681280136,21.560211181640625,21.556928634643555,0.052955176681280136,21.560211181640625,21.556928634643555,0.052955176681280136,21.560211181640625,21.556928634643555,0.052955176681280136,19.261138916015625,19.257814407348633,0.05550243705511093,19.261138916015625,19.257814407348633,0.05550243705511093,19.261138916015625,19.257814407348633,0.05550243705511093,19.261138916015625,19.257814407348633,0.05550243705511093,20.363433837890625,20.36306381225586,0.03708402067422867,20.363433837890625,20.36306381225586,0.03708402067422867,20.363433837890625,20.36306381225586,0.03708402067422867,20.363433837890625,20.36306381225586,0.03708402067422867
LC08_L1TP_195028_20200811_20200918_02_T1,LANDSAT_8,20200811,geneva,195028,1.0,1.2799999713897705,0.44899889826774597,1.7294727563858032,2.0,2.0,1.8799999952316284,0.3249615430831909,1.61592698097229,1.0,2.0,1.9600000381469727,0.1959591656923294,1.6229274272918701,1.0,23.788726806640625,23.807044982910156,0.06647315621376038,21.561588287353516,21.580718994140625,23.805816650390625,23.815093994140625,0.06808328628540039,22.255468368530273,22.172027587890625,23.787017822265625,23.80364227294922,0.06820808351039886,22.7615966796875,22.561676025390625,23.790435791015625,23.808237075805664,0.06758220493793488,22.80040740966797,22.589019775390625,20.467926025390625,20.483007431030273,0.08511026203632355,18.530588150024414,18.56573486328125,20.467987060546875,20.50221824645996,0.07364504784345627,19.267498016357422,19.192840576171875,20.46795654296875,20.487703323364258,0.08903997391462326,19.798311233520508,19.597259521484375,20.46795654296875,20.485492706298828,0.08597127348184586,19.83445167541504,19.621795654296875,20.636474609375,20.59762191772461,0.19553053379058838,17.33439064025879,17.518280029296875,20.6800537109375,20.65931510925293,0.13312630355358124,18.63957977294922,18.6448974609375,20.6221923828125,20.590009689331055,0.20699405670166016,19.616004943847656,19.339447021484375,20.63287353515625,20.593582153320312,0.19853821396827698,19.591218948364258,19.36041259765625,1.0,1.375,0.6959705352783203,1.0,1.0,0.0,1.0,1.0,0.0,17.930267333984375,18.008453369140625,0.20958195626735687,,,,,,,,,,14.929534912109375,15.002235412597656,0.3087981343269348,,,,,,,,,,8.773696899414062,8.89703369140625,1.8197435140609741,,,,,,,,,
LC08_L1TP_195028_20200827_20200905_02_T1,LANDSAT_8,20200827,geneva,195028,,,,1.614830732345581,1.0,,,,1.568875789642334,1.0,,,,1.6630475521087646,1.0,,,,19.315841674804688,19.758880615234375,,,,20.700368881225586,20.8663330078125,,,,20.993181228637695,21.064605712890625,,,,21.043561935424805,21.095367431640625,,,,17.72579002380371,18.178451538085938,,,,19.106060028076172,19.258819580078125,,,,19.394784927368164,19.463470458984375,,,,19.447385787963867,19.49273681640625,,,,15.906560897827148,16.517105102539062,,,,18.021663665771484,18.210418701171875,,,,18.478553771972656,18.54473876953125,,,,18.496828079223633,18.53271484375,,,,,,,,,,,,,,,,,,,,,,,,,,,,,,,,,,,,,,,,,,,,,
LC08_L1TP_196028_20200903_20200918_02_T1,LANDSAT_8,20200903,geneva,196028,,,,2.3223025798797607,3.0,,,,2.3563520908355713,3.0,,,,2.365218162536621,3.0,,,,19.91478729248047,20.6270751953125,,,,20.565876007080078,20.7125244140625,,,,20.588438034057617,20.7125244140625,,,,20.57782554626465,20.7091064453125,,,,18.83405876159668,19.506210327148438,,,,19.452638626098633,19.58123779296875,,,,19.475751876831055,19.579681396484375,,,,19.46637535095215,19.577880859375,,,,19.37886619567871,20.3353271484375,,,,20.233739852905273,20.4219970703125,,,,20.26226043701172,20.4193115234375,,,,20.24395179748535,20.417083740234375,,,,,,,,,,,,,,,,,,,,,,,,,,,,,,,,,,,,,,,,,,,,,
LC08_L1TP_195028_20200912_20200919_02_T1,LANDSAT_8,20200912,geneva,195028,2.0,1.840000033378601,0.36660605669021606,2.7840476036071777,3.0,2.0,1.8799999952316284,0.3249615430831909,2.7946324348449707,3.0,2.0,1.840000033378601,0.36660605669021606,2.797683000564575,3.0,21.970367431640625,21.9700927734375,0.051799267530441284,22.89418601989746,22.923980712890625,21.953277587890625,21.960275650024414,0.049570102244615555,22.89870262145996,22.930816650390625,21.961822509765625,21.96772575378418,0.05384528264403343,22.89800453186035,22.927398681640625,21.953277587890625,21.964181900024414,0.05254616215825081,22.898584365844727,22.927398681640625,19.94891357421875,19.945035934448242,0.0514649897813797,20.209373474121094,20.218231201171875,19.93316650390625,19.93518829345703,0.04917136952280998,20.21213150024414,20.224090576171875,19.937042236328125,19.938825607299805,0.051343511790037155,20.212615966796875,20.223876953125,19.93316650390625,19.936861038208008,0.05173792690038681,20.21305274963379,20.22406005859375,21.680755615234375,21.676109313964844,0.09654520452022552,21.789522171020508,21.841033935546875,21.680755615234375,21.67635726928711,0.10377122461795807,21.793962478637695,21.846527099609375,21.692398071289062,21.681396484375,0.0989794135093689,21.795406341552734,21.846649169921875,21.680755615234375,21.679460525512695,0.10090101510286331,21.795652389526367,21.84674072265625,3.0,3.0,0.0,3.0,3.0,0.0,3.0,3.0,0.0,23.248687744140625,23.2609920501709,0.06702008098363876,23.248687744140625,23.2609920501709,0.06702008098363876,23.248687744140625,23.2609920501709,0.06702008098363876,23.248687744140625,23.2609920501709,0.06702008098363876,20.69256591796875,20.68533706665039,0.06471992284059525,20.69256591796875,20.68533706665039,0.06471992284059525,20.69256591796875,20.68533706665039,0.06471992284059525,20.69256591796875,20.68533706665039,0.06471992284059525,22.644805908203125,22.6641902923584,0.07834935188293457,22.644805908203125,22.6641902923584,0.07834935188293457,22.644805908203125,22.6641902923584,0.07834935188293457,22.644805908203125,22.6641902923584,0.07834935188293457
LC08_L1TP_195028_20201030_20201106_02_T1,LANDSAT_8,20201030,geneva,195028,3.0,2.5999999046325684,0.5656853914260864,2.4445836544036865,3.0,3.0,2.9200000762939453,0.27129319310188293,2.42507266998291,3.0,3.0,2.9600000381469727,0.1959591805934906,2.4300966262817383,3.0,13.022003173828125,13.034034729003906,0.07580879330635071,11.518939018249512,12.49560546875,13.016876220703125,13.028839111328125,0.0728810504078865,12.149688720703125,12.803253173828125,13.022003173828125,13.034034729003906,0.07580879330635071,12.25471305847168,12.7861328125,13.022003173828125,13.034034729003906,0.07580879330635071,12.257369995117188,12.78955078125,12.483428955078125,12.484989166259766,0.07034863531589508,11.177286148071289,12.12396240234375,12.47845458984375,12.480874061584473,0.06878866255283356,11.799025535583496,12.4478759765625,12.483428955078125,12.484989166259766,0.07034863531589508,11.902243614196777,12.431884765625,12.483428955078125,12.484989166259766,0.07034863531589508,11.904891014099121,12.433074951171875,13.1090087890625,13.080462455749512,0.06782674789428711,11.700393676757812,12.86566162109375,13.104324340820312,13.078900337219238,0.06878341734409332,12.452098846435547,13.143707275390625,13.1090087890625,13.080462455749512,0.06782674789428711,12.575990676879883,13.129638671875,13.1090087890625,13.080462455749512,0.06782674789428711,12.578483581542969,13.130615234375,,,,,,,,,,,,,,,,,,,,,,,,,,,,,,,,,,,,,,,,,,,,,
LC08_L1TP_196028_20201122_20210315_02_T1,LANDSAT_8,20201122,geneva,196028,3.0,2.8399999141693115,0.4630334675312042,2.3949623107910156,3.0,3.0,3.0,0.0,2.5643699169158936,3.0,3.0,3.0,0.0,2.580219030380249,3.0,10.390106201171875,10.392293930053711,0.05495073273777962,10.077882766723633,10.318328857421875,10.391815185546875,10.39338207244873,0.055819377303123474,10.190130233764648,10.366180419921875,10.390106201171875,10.392293930053711,0.05495073273777962,10.209277153015137,10.362762451171875,10.390106201171875,10.392293930053711,0.05495073273777962,10.201167106628418,10.359344482421875,9.694915771484375,9.691473007202148,0.046241287142038345,9.450956344604492,9.690765380859375,9.695022583007812,9.692695617675781,0.0467974878847599,9.56601333618164,9.739028930664062,9.694915771484375,9.691473007202148,0.046241287142038345,9.585859298706055,9.73699951171875,9.694915771484375,9.691473007202148,0.046241287142038345,9.577374458312988,9.731521606445312,10.238250732421875,10.230408668518066,0.051074229180812836,9.670530319213867,10.044586181640625,10.238235473632812,10.229927062988281,0.0520717091858387,9.838833808898926,10.102874755859375,10.238250732421875,10.230408668518066,0.051074229180812836,9.866992950439453,10.098724365234375,10.238250732421875,10.230408668518066,0.051074229180812836,9.848905563354492,10.0926513671875,2.0,1.840000033378601,0.6118823289871216,3.0,2.759999990463257,0.5122499465942383,3.0,2.759999990463257,0.42708316445350647,10.130340576171875,10.13075065612793,0.07425930351018906,10.126922607421875,10.11723804473877,0.06992927938699722,10.133758544921875,10.132904052734375,0.07502195239067078,10.130340576171875,10.13075065612793,0.07425930351018906,9.49212646484375,9.486948013305664,0.06639304012060165,9.477142333984375,9.473554611206055,0.06418969482183456,9.4952392578125,9.48858642578125,0.06726524233818054,9.49212646484375,9.486948013305664,0.06639304012060165,9.98175048828125,9.979798316955566,0.06117483600974083,9.981903076171875,9.977996826171875,0.0654260590672493,9.981903076171875,9.983081817626953,0.060239534825086594,9.98175048828125,9.979798316955566,0.06117483600974083
LC08_L1TP_195028_20201217_20210309_02_T1,LANDSAT_8,20201217,geneva,195028,,,,,,,,,,,,,,,,,,,,,,,,,,,,,,,,,,,,,,,,,,,,,,,,,,,,,,,,,,,,,,,,,,,,,,,,,,,,,,,,,,,,,,,,,,,,,,,,,,,,,,,,,,,,,,,,,,,,,,,,
LC08_L1TP_195028_20210118_20210306_02_T1,LANDSAT_8,20210118,geneva,195028,,,,2.7186670303344727,3.0,,,,2.728248357772827,3.0,,,,2.7290658950805664,3.0,,,,6.399206638336182,6.702056884765625,,,,6.640312194824219,6.722564697265625,,,,6.664375305175781,6.722564697265625,,,,6.666044235229492,6.722564697265625,,,,5.773924827575684,6.08489990234375,,,,6.021621227264404,6.104583740234375,,,,6.046224117279053,6.104583740234375,,,,6.048007965087891,6.104339599609375,,,,6.251194953918457,6.6387939453125,,,,6.561243534088135,6.66094970703125,,,,6.592048645019531,6.6610107421875,,,,6.593826770782471,6.6605224609375,3.0,3.0,0.0,3.0,3.0,0.0,3.0,3.0,0.0,6.954986572265625,6.953209400177002,0.0199328251183033,6.954986572265625,6.953209400177002,0.0199328251183033,6.954986572265625,6.953209400177002,0.0199328251183033,6.954986572265625,6.953209400177002,0.0199328251183033,6.345489501953125,6.341611385345459,0.013615377247333527,6.345489501953125,6.341611385345459,0.013615377247333527,6.345489501953125,6.341611385345459,0.013615377247333527,6.345489501953125,6.341611385345459,0.013615377247333527,6.928192138671875,6.905936241149902,0.051124148070812225,6.928192138671875,6.905936241149902,0.051124148070812225,6.928192138671875,6.905936241149902,0.051124148070812225,6.928192138671875,6.905936241149902,0.051124148070812225
LC08_L1TP_195028_20210219_20210302_02_T1,LANDSAT_8,20210219,geneva,195028,2.0,2.200000047683716,0.5656853914260864,1.7401930093765259,2.0,2.0,2.0,0.2828426957130432,1.781043291091919,2.0,2.0,1.9600000381469727,0.1959591656923294,1.7945406436920166,2.0,1.192230224609375,1.1852575540542603,0.05989529937505722,0.5500787496566772,0.59405517578125,1.181976318359375,1.182273507118225,0.061017025262117386,0.8472689986228943,0.78546142578125,1.192230224609375,1.1869608163833618,0.06053423509001732,0.8032800555229187,0.74102783203125,1.192230224609375,1.1869608163833618,0.06053423509001732,0.7919347286224365,0.73419189453125,0.860687255859375,0.8467810153961182,0.05460083857178688,0.17295973002910614,0.218048095703125,0.860687255859375,0.84269779920578,0.05351562052965164,0.47215235233306885,0.409637451171875,0.8607177734375,0.8481864929199219,0.0552818737924099,0.4281902611255646,0.366241455078125,0.8607177734375,0.8481864929199219,0.0552818737924099,0.4163578748703003,0.35955810546875,0.291046142578125,0.30289551615715027,0.06434415280818939,-0.694201648235321,-0.52276611328125,0.281524658203125,0.2988506853580475,0.06324376165866852,-0.22480691969394684,-0.25762939453125,0.2910614013671875,0.30500921607017517,0.06481500715017319,-0.2709418535232544,-0.322967529296875,0.2910614013671875,0.30500921607017517,0.06481500715017319,-0.2838522493839264,-0.333099365234375,2.0,2.359999895095825,0.48000001907348633,2.0,2.2799999713897705,0.44899889826774597,2.0,2.0,0.0,1.229827880859375,1.238031029701233,0.05806926637887955,1.229827880859375,1.238031029701233,0.05806926637887955,1.229827880859375,1.238031029701233,0.05806926637887955,1.229827880859375,1.238031029701233,0.05806926637887955,0.852020263671875,0.8499401807785034,0.04903772473335266,0.852020263671875,0.8499401807785034,0.04903772473335266,0.852020263671875,0.8499401807785034,0.04903772473335266,0.852020263671875,0.8499401807785034,0.04903772473335266,-0.168914794921875,-0.15881836414337158,0.08910022675991058,-0.168914794921875,-0.15881836414337158,0.08910022675991058,-0.168914794921875,-0.15881836414337158,0.08910022675991058,-0.168914794921875,-0.15881836414337158,0.08910022675991058
LC08_L1TP_196028_20210226_20210304_02_T1,LANDSAT_8,20210226,geneva,196028,1.0,1.0399999618530273,0.1959591656923294,2.1559290885925293,2.0,1.0,1.0,0.0,1.4663187265396118,1.0,1.0,1.0,0.0,1.0391526222229004,1.0,7.542877197265625,7.53563117980957,0.018878081813454628,7.3027448654174805,7.245513916015625,,,,7.269024848937988,7.225006103515625,,,,7.332911014556885,7.341217041015625,,,,7.509744167327881,7.474517822265625,6.78338623046875,6.777045726776123,0.015816815197467804,6.675965785980225,6.63751220703125,,,,6.651711940765381,6.620849609375,,,,6.705949783325195,6.7144775390625,,,,6.861710071563721,6.833221435546875,7.218963623046875,7.223129749298096,0.03179316967725754,7.119480609893799,7.034637451171875,,,,7.092405796051025,7.018310546875,,,,7.180010795593262,7.0992431640625,,,,7.327657222747803,7.272186279296875,3.0,2.759999990463257,0.42708316445350647,2.0,2.0,0.0,1.0,1.0,0.0,7.696685791015625,7.682615756988525,0.03700539842247963,7.696685791015625,7.682615756988525,0.03700539842247963,7.696685791015625,7.682615756988525,0.03700539842247963,,,,7.02587890625,7.015210151672363,0.032004524022340775,7.02587890625,7.015210151672363,0.032004524022340775,7.02587890625,7.015210151672363,0.032004524022340775,,,,7.605224609375,7.603403091430664,0.03268950805068016,7.605224609375,7.603403091430664,0.03268950805068016,7.605224609375,7.603403091430664,0.03268950805068016,,,
LC08_L1TP_195028_20210323_20210402_02_T1,LANDSAT_8,20210323,geneva,195028,3.0,2.880000114440918,0.32496151328086853,2.9759576320648193,3.0,3.0,2.880000114440918,0.430813193321228,2.993089437484741,3.0,3.0,2.880000114440918,0.430813193321228,2.9945638179779053,3.0,7.334381103515625,7.333697319030762,0.02588645927608013,7.181210994720459,7.125885009765625,7.334381103515625,7.333697319030762,0.02588645927608013,7.174029350280762,7.122467041015625,7.332672119140625,7.332672119140625,0.025918031111359596,7.178621292114258,7.122467041015625,7.332672119140625,7.332672119140625,0.025918031111359596,7.178645133972168,7.122467041015625,6.882843017578125,6.878116607666016,0.02928474172949791,6.710926055908203,6.65771484375,6.882843017578125,6.878116607666016,0.02928474172949791,6.704495906829834,6.65692138671875,6.882843017578125,6.877138614654541,0.029486145824193954,6.708574295043945,6.6575927734375,6.882843017578125,6.877138614654541,0.029486145824193954,6.7085862159729,6.6575927734375,8.162384033203125,8.167228698730469,0.06159272417426109,7.74282693862915,7.678924560546875,8.162384033203125,8.167228698730469,0.06159272417426109,7.735137462615967,7.677764892578125,8.160400390625,8.166145324707031,0.0626288577914238,7.7401442527771,7.67877197265625,8.160400390625,8.166145324707031,0.0626288577914238,7.740151405334473,7.67877197265625,3.0,3.0,0.0,3.0,3.0,0.0,3.0,3.0,0.0,7.351470947265625,7.354341983795166,0.051770035177469254,7.351470947265625,7.354341983795166,0.051770035177469254,7.351470947265625,7.354341983795166,0.051770035177469254,7.351470947265625,7.354341983795166,0.051770035177469254,6.884613037109375,6.891226768493652,0.041392941027879715,6.884613037109375,6.891226768493652,0.041392941027879715,6.884613037109375,6.891226768493652,0.041392941027879715,6.884613037109375,6.891226768493652,0.041392941027879715,7.9041748046875,7.917365550994873,0.035587895661592484,7.9041748046875,7.917365550994873,0.035587895661592484,7.9041748046875,7.917365550994873,0.035587895661592484,7.9041748046875,7.917365550994873,0.035587895661592484
LC08_L1TP_196028_20210330_20210409_02_T1,LANDSAT_8,20210330,geneva,196028,2.0,2.0799999237060547,0.8908422589302063,2.8878471851348877,3.0,3.0,2.640000104904175,0.5571355223655701,2.9478468894958496,3.0,3.0,2.5199999809265137,0.6399999856948853,2.946223735809326,3.0,10.875457763671875,10.871219635009766,0.0270565003156662,10.203241348266602,10.102996826171875,10.882293701171875,10.87908935546875,0.016323652118444443,10.192456245422363,10.102996826171875,10.875457763671875,10.870330810546875,0.02725459448993206,10.198452949523926,10.099578857421875,10.875457763671875,10.870107650756836,0.027819357812404633,10.197155952453613,10.099578857421875,10.16455078125,10.159326553344727,0.025421559810638428,9.547651290893555,9.45257568359375,10.16607666015625,10.161714553833008,0.020716624334454536,9.538590431213379,9.452178955078125,10.161529541015625,10.158348083496094,0.025480711832642555,9.543481826782227,9.45050048828125,10.15850830078125,10.15807819366455,0.025995194911956787,9.54240608215332,9.45013427734375,10.878021240234375,10.909093856811523,0.0796780213713646,10.241259574890137,10.1220703125,10.885726928710938,10.90890121459961,0.07888764888048172,10.232641220092773,10.1220703125,10.87603759765625,10.909747123718262,0.08125556260347366,10.236899375915527,10.1207275390625,10.874053955078125,10.90462589263916,0.07912123203277588,10.235692024230957,10.12042236328125,3.0,3.0,0.0,3.0,3.0,0.0,3.0,3.0,0.0,10.663543701171875,10.662997245788574,0.018436258658766747,10.663543701171875,10.662997245788574,0.018436258658766747,10.663543701171875,10.662997245788574,0.018436258658766747,10.663543701171875,10.662997245788574,0.018436258658766747,10.019989013671875,10.016376495361328,0.020367830991744995,10.019989013671875,10.016376495361328,0.020367830991744995,10.019989013671875,10.016376495361328,0.020367830991744995,10.019989013671875,10.016376495361328,0.020367830991744995,10.810882568359375,10.817220687866211,0.024253157898783684,10.810882568359375,10.817220687866211,0.024253157898783684,10.810882568359375,10.817220687866211,0.024253157898783684,10.810882568359375,10.817220687866211,0.024253157898783684
LC08_L1TP_195028_20210408_20210416_02_T1,LANDSAT_8,20210408,geneva,195028,3.0,2.799999952316284,0.4898979365825653,2.9742372035980225,3.0,3.0,2.799999952316284,0.4898979365825653,2.990429401397705,3.0,3.0,2.880000114440918,0.32496151328086853,2.989252805709839,3.0,8.67083740234375,8.661677360534668,0.019568460062146187,8.974611282348633,8.927215576171875,8.67083740234375,8.662150382995605,0.019831562414765358,8.968294143676758,8.927215576171875,8.67083740234375,8.662150382995605,0.019831562414765358,8.971898078918457,8.927215576171875,8.67083740234375,8.661677360534668,0.019568460062146187,8.971729278564453,8.927215576171875,8.0882568359375,8.082453727722168,0.01722351834177971,8.393867492675781,8.3524169921875,8.086761474609375,8.081963539123535,0.017407283186912537,8.388895034790039,8.351165771484375,8.086761474609375,8.081963539123535,0.017407283186912537,8.391469955444336,8.352020263671875,8.0882568359375,8.082453727722168,0.01722351834177971,8.39129638671875,8.35198974609375,9.205108642578125,9.21691608428955,0.05781899392604828,9.413799285888672,9.376708984375,9.212326049804688,9.21890640258789,0.05816645920276642,9.407453536987305,9.375091552734375,9.212326049804688,9.21890640258789,0.05816645920276642,9.411118507385254,9.3763427734375,9.205108642578125,9.21691608428955,0.05781899392604828,9.410922050476074,9.3763427734375,3.0,3.0,0.0,3.0,3.0,0.0,3.0,3.0,0.0,8.896453857421875,8.902059555053711,0.03624826297163963,8.896453857421875,8.902059555053711,0.03624826297163963,8.896453857421875,8.902059555053711,0.03624826297163963,8.896453857421875,8.902059555053711,0.03624826297163963,8.322052001953125,8.321563720703125,0.030888475477695465,8.322052001953125,8.321563720703125,0.030888475477695465,8.322052001953125,8.321563720703125,0.030888475477695465,8.322052001953125,8.321563720703125,0.030888475477695465,9.26507568359375,9.279545783996582,0.0833720713853836,9.26507568359375,9.279545783996582,0.0833720713853836,9.26507568359375,9.279545783996582,0.0833720713853836,9.26507568359375,9.279545783996582,0.0833720713853836
LC08_L1TP_196028_20210415_20210424_02_T1,LANDSAT_8,20210415,geneva,196028,,,,2.3272547721862793,3.0,,,,2.2431371212005615,3.0,,,,2.2480156421661377,3.0,,,,7.690129280090332,7.659088134765625,,,,7.682132720947266,7.659088134765625,,,,7.691250324249268,7.672760009765625,,,,7.698339462280273,7.679595947265625,,,,6.890456199645996,6.866912841796875,,,,6.880373954772949,6.8621826171875,,,,6.888350963592529,6.87554931640625,,,,6.894599914550781,6.881378173828125,,,,7.376911640167236,7.351715087890625,,,,7.368717193603516,7.353607177734375,,,,7.389388561248779,7.3717041015625,,,,7.3963727951049805,7.375762939453125,1.0,1.0800000429153442,0.27129319310188293,1.0,1.0,0.0,1.0,1.0,0.0,7.78216552734375,7.770133018493652,0.03523492440581322,,,,,,,,,,7.001373291015625,6.993985652923584,0.023640790954232216,,,,,,,,,,7.3985595703125,7.393167495727539,0.019699444994330406,,,,,,,,,
LC08_L1TP_195028_20210424_20210501_02_T1,LANDSAT_8,20210424,geneva,195028,3.0,2.759999990463257,0.5851495862007141,2.9755775928497314,3.0,3.0,2.759999990463257,0.5122499465942383,2.9909629821777344,3.0,3.0,2.7200000286102295,0.6013318300247192,2.9898033142089844,3.0,13.507354736328125,13.444190979003906,0.16176526248455048,12.755535125732422,12.816925048828125,13.507354736328125,13.440481185913086,0.1677057296037674,12.749587059020996,12.816925048828125,13.507354736328125,13.440704345703125,0.16417817771434784,12.752513885498047,12.816925048828125,13.507354736328125,13.440481185913086,0.1677057296037674,12.7520751953125,12.816925048828125,12.927459716796875,12.87255859375,0.1866089552640915,12.1807222366333,12.249282836914062,12.911834716796875,12.860572814941406,0.18988189101219177,12.17577838897705,12.24786376953125,12.919647216796875,12.866881370544434,0.18832948803901672,12.178010940551758,12.24835205078125,12.911834716796875,12.860572814941406,0.18988189101219177,12.177704811096191,12.2481689453125,14.2784423828125,14.233850479125977,0.2153429538011551,13.459085464477539,13.541732788085938,14.245941162109375,14.227499008178711,0.22322741150856018,13.452425003051758,13.538726806640625,14.264266967773438,14.2319917678833,0.2195870578289032,13.456071853637695,13.540985107421875,14.245941162109375,14.227499008178711,0.22322741150856018,13.455662727355957,13.540771484375,3.0,3.0,0.0,3.0,3.0,0.0,3.0,3.0,0.0,11.606903076171875,11.611824989318848,0.0508170910179615,11.606903076171875,11.611824989318848,0.0508170910179615,11.606903076171875,11.611824989318848,0.0508170910179615,11.606903076171875,11.611824989318848,0.0508170910179615,11.04632568359375,11.048218727111816,0.04345126822590828,11.04632568359375,11.048218727111816,0.04345126822590828,11.04632568359375,11.048218727111816,0.04345126822590828,11.04632568359375,11.048218727111816,0.04345126822590828,12.242828369140625,12.260730743408203,0.06514466553926468,12.242828369140625,12.260730743408203,0.06514466553926468,12.242828369140625,12.260730743408203,0.06514466553926468,12.242828369140625,12.260730743408203,0.06514466553926468
LC08_L1TP_195028_20210611_20210622_02_T1,LANDSAT_8,20210611,geneva,195028,3.0,2.8399999141693115,0.4630334675312042,2.7666420936584473,3.0,3.0,2.880000114440918,0.430813193321228,2.983426094055176,3.0,3.0,2.880000114440918,0.430813193321228,2.984463930130005,3.0,22.934234619140625,22.931499481201172,0.1392049342393875,21.711450576782227,21.683258056640625,22.956451416015625,22.936655044555664,0.1397174596786499,21.711902618408203,21.683258056640625,22.956451416015625,22.936655044555664,0.1397174596786499,21.7083797454834,21.683258056640625,22.956451416015625,22.936655044555664,0.1397174596786499,21.70854377746582,21.683258056640625,21.8558349609375,21.848276138305664,0.14309650659561157,20.720643997192383,20.70037841796875,21.873062133789062,21.852102279663086,0.14478780329227448,20.721904754638672,20.70257568359375,21.873062133789062,21.852102279663086,0.14478780329227448,20.717700958251953,20.699462890625,21.873062133789062,21.852102279663086,0.14478780329227448,20.71786117553711,20.69970703125,25.2054443359375,25.24530029296875,0.13659116625785828,23.494909286499023,23.403900146484375,25.208450317382812,25.251245498657227,0.13620096445083618,23.4959716796875,23.406570434570312,25.208450317382812,25.251245498657227,0.13620096445083618,23.491392135620117,23.403045654296875,25.208450317382812,25.251245498657227,0.13620096445083618,23.491552352905273,23.4033203125,3.0,3.0,0.0,3.0,3.0,0.0,3.0,3.0,0.0,21.673004150390625,21.678062438964844,0.022068964317440987,21.673004150390625,21.678062438964844,0.022068964317440987,21.673004150390625,21.678062438964844,0.022068964317440987,21.673004150390625,21.678062438964844,0.022068964317440987,20.685516357421875,20.69133758544922,0.024077368900179863,20.685516357421875,20.69133758544922,0.024077368900179863,20.685516357421875,20.69133758544922,0.024077368900179863,20.685516357421875,20.69133758544922,0.024077368900179863,23.281402587890625,23.2618465423584,0.08230896294116974,23.281402587890625,23.2618465423584,0.08230896294116974,23.281402587890625,23.2618465423584,0.08230896294116974,23.281402587890625,23.2618465423584,0.08230896294116974
LC08_L1TP_196028_20210618_20210628_02_T1,LANDSAT_8,20210618,geneva,196028,1.0,1.2000000476837158,0.4000000059604645,1.2669693231582642,1.0,1.0,1.0,0.0,1.1560420989990234,1.0,1.0,1.0,0.0,1.1340197324752808,1.0,22.718902587890625,22.704545974731445,0.06495219469070435,22.632503509521484,22.568511962890625,22.718902587890625,22.718219757080078,0.03165268152952194,22.71708869934082,22.623199462890625,,,,22.88835906982422,22.681304931640625,,,,22.76153564453125,22.534332275390625,19.493988037109375,19.48352813720703,0.0772562250494957,19.60335350036621,19.54522705078125,19.5047607421875,19.50164222717285,0.03107304312288761,19.703886032104492,19.609954833984375,,,,19.980955123901367,19.741546630859375,,,,19.822124481201172,19.569564819335938,19.777923583984375,19.775182723999023,0.1107916533946991,19.9898681640625,19.870849609375,19.881927490234375,19.834264755249023,0.09775444120168686,20.124874114990234,20.005706787109375,,,,20.42232322692871,20.055252075195312,,,,20.229419708251953,19.844253540039062,1.0,1.6399999856948853,0.9329522848129272,1.0,1.0,0.0,1.0,1.0,0.0,23.429840087890625,23.449115753173828,0.052923399955034256,23.440093994140625,23.454193115234375,0.05340234190225601,,,,,,,20.6865234375,20.703527450561523,0.07081671059131622,20.731719970703125,20.717304229736328,0.07628214359283447,,,,,,,21.332427978515625,21.344511032104492,0.05621711164712906,21.355361938476562,21.35376739501953,0.044579099863767624,,,,,,
LC08_L1TP_196028_20210720_20210729_02_T1,LANDSAT_8,20210720,geneva,196028,2.0,1.9600000381469727,0.1959591656923294,2.5333523750305176,3.0,3.0,2.8399999141693115,0.4630334675312042,2.79799747467041,3.0,3.0,2.880000114440918,0.430813193321228,2.7893474102020264,3.0,22.131011962890625,22.155345916748047,0.16549554467201233,20.524986267089844,20.5108642578125,22.137847900390625,22.159210205078125,0.16780059039592743,20.58311653137207,20.6407470703125,22.137847900390625,22.159210205078125,0.16780059039592743,20.54943084716797,20.5758056640625,22.137847900390625,22.159210205078125,0.16780059039592743,20.566349029541016,20.6031494140625,20.083282470703125,20.131519317626953,0.13933907449245453,18.81191635131836,18.80120849609375,20.105697631835938,20.134763717651367,0.141283318400383,18.86309814453125,18.9107666015625,20.105697631835938,20.134763717651367,0.141283318400383,18.83360481262207,18.85430908203125,20.105697631835938,20.134763717651367,0.141283318400383,18.84840965270996,18.876617431640625,20.490631103515625,20.589994430541992,0.23877015709877014,19.19147491455078,19.16619873046875,20.490493774414062,20.594106674194336,0.24282589554786682,19.229637145996094,19.235214233398438,20.490493774414062,20.594106674194336,0.24282589554786682,19.20746421813965,19.197509765625,20.490493774414062,20.594106674194336,0.24282589554786682,19.220626831054688,19.214599609375,1.0,1.399999976158142,0.5656853914260864,3.0,2.0799999237060547,0.9765244126319885,2.0,1.7999999523162842,0.5656853914260864,20.1177978515625,20.1154727935791,0.03820451349020004,20.1109619140625,20.11741828918457,0.018046274781227112,20.1109619140625,20.1121826171875,0.030009441077709198,20.1177978515625,20.12349510192871,0.026253916323184967,18.487548828125,18.481246948242188,0.03330238163471222,18.487548828125,18.485321044921875,0.020752431824803352,18.489151000976562,18.48687171936035,0.026342885568737984,18.492263793945312,18.49163246154785,0.019354812800884247,18.9461669921875,18.933815002441406,0.0653432309627533,18.936981201171875,18.91900634765625,0.06109711527824402,18.953338623046875,18.947465896606445,0.05110422521829605,18.953338623046875,18.94414520263672,0.054347388446331024
LC08_L1TP_195028_20210729_20210804_02_T1,LANDSAT_8,20210729,geneva,195028,3.0,2.640000104904175,0.6248199343681335,2.9801928997039795,3.0,3.0,2.880000114440918,0.430813193321228,2.996715784072876,3.0,3.0,2.9200000762939453,0.3919183313846588,2.997066020965576,3.0,22.951324462890625,22.940658569335938,0.030005328357219696,22.733654022216797,22.657379150390625,22.947906494140625,22.939437866210938,0.0309652891010046,22.728118896484375,22.653961181640625,22.949615478515625,22.940216064453125,0.030543364584445953,22.731840133666992,22.657379150390625,22.949615478515625,22.940216064453125,0.030543364584445953,22.73189926147461,22.657379150390625,22.87646484375,22.866239547729492,0.03794018179178238,23.085018157958984,23.012359619140625,22.865570068359375,22.862825393676758,0.03765430301427841,23.08030891418457,23.010223388671875,22.871017456054688,22.8647518157959,0.03800003603100777,23.083507537841797,23.01202392578125,22.871017456054688,22.8647518157959,0.03800003603100777,23.08355712890625,23.01202392578125,25.479888916015625,25.482826232910156,0.03211688995361328,25.436779022216797,25.386810302734375,25.4847412109375,25.485143661499023,0.03245411813259125,25.4300479888916,25.38360595703125,25.482315063476562,25.484045028686523,0.03220802918076515,25.434967041015625,25.386383056640625,25.482315063476562,25.484045028686523,0.03220802918076515,25.435009002685547,25.3863525390625,3.0,3.0,0.0,3.0,3.0,0.0,3.0,3.0,0.0,22.650543212890625,22.642202377319336,0.046715814620256424,22.650543212890625,22.642202377319336,0.046715814620256424,22.650543212890625,22.642202377319336,0.046715814620256424,22.650543212890625,22.642202377319336,0.046715814620256424,23.0048828125,22.994558334350586,0.05567556619644165,23.0048828125,22.994558334350586,0.05567556619644165,23.0048828125,22.994558334350586,0.05567556619644165,23.0048828125,22.994558334350586,0.05567556619644165,25.565155029296875,25.567678451538086,0.043908219784498215,25.565155029296875,25.567678451538086,0.043908219784498215,25.565155029296875,25.567678451538086,0.043908219784498215,25.565155029296875,25.567678451538086,0.043908219784498215
LC08_L1TP_195028_20210814_20210819_02_T1,LANDSAT_8,20210814,geneva,195028,2.0,2.319999933242798,0.5455272197723389,2.6041576862335205,3.0,2.0,1.9600000381469727,0.1959591656923294,2.647298574447632,3.0,2.0,1.9600000381469727,0.1959591656923294,2.5355770587921143,3.0,25.477264404296875,25.472753524780273,0.04614860191941261,25.0595645904541,25.091033935546875,25.470428466796875,25.469858169555664,0.04482261836528778,25.066434860229492,25.104705810546875,25.470428466796875,25.469858169555664,0.04482261836528778,25.056964874267578,25.087615966796875,25.470428466796875,25.469858169555664,0.04482261836528778,25.056549072265625,25.087615966796875,23.960601806640625,23.959550857543945,0.05016719549894333,24.180604934692383,24.25628662109375,23.958450317382812,23.957000732421875,0.049585603177547455,24.193069458007812,24.274322509765625,23.958450317382812,23.957000732421875,0.049585603177547455,24.178850173950195,24.25555419921875,23.958450317382812,23.957000732421875,0.049585603177547455,24.178634643554688,24.25543212890625,26.935882568359375,26.958961486816406,0.07521700859069824,26.84459114074707,26.942657470703125,26.935882568359375,26.954809188842773,0.07390513271093369,26.857316970825195,26.9599609375,26.935882568359375,26.954809188842773,0.07390513271093369,26.84259605407715,26.941909790039062,26.935882568359375,26.954809188842773,0.07390513271093369,26.842411041259766,26.941802978515625,3.0,2.680000066757202,0.4664761424064636,2.0,2.0,0.0,2.0,2.0,0.0,24.85858154296875,24.875261306762695,0.06343308091163635,24.85858154296875,24.875261306762695,0.06343308091163635,24.85858154296875,24.875261306762695,0.06343308091163635,24.85858154296875,24.875261306762695,0.06343308091163635,23.861114501953125,23.897016525268555,0.07752211391925812,23.861114501953125,23.897016525268555,0.07752211391925812,23.861114501953125,23.897016525268555,0.07752211391925812,23.861114501953125,23.897016525268555,0.07752211391925812,26.5234375,26.5355281829834,0.06066744402050972,26.5234375,26.5355281829834,0.06066744402050972,26.5234375,26.5355281829834,0.06066744402050972,26.5234375,26.5355281829834,0.06066744402050972
LC08_L1TP_196028_20210821_20210827_02_T1,LANDSAT_8,20210821,geneva,196028,3.0,2.8399999141693115,0.5425863862037659,2.9888510704040527,3.0,3.0,2.9600000381469727,0.1959591656923294,2.9959940910339355,3.0,3.0,2.9600000381469727,0.1959591656923294,2.996426582336426,3.0,22.701812744140625,22.675424575805664,0.0515696182847023,22.738548278808594,22.742828369140625,22.688140869140625,22.672687530517578,0.052863288670778275,22.736549377441406,22.742828369140625,22.701812744140625,22.675424575805664,0.0515696182847023,22.737302780151367,22.742828369140625,22.701812744140625,22.675424575805664,0.0515696182847023,22.737545013427734,22.742828369140625,21.115875244140625,21.099037170410156,0.05705512315034866,21.553117752075195,21.5546875,21.115875244140625,21.096569061279297,0.05866381898522377,21.550912857055664,21.552703857421875,21.115875244140625,21.099037170410156,0.05705512315034866,21.55206298828125,21.55413818359375,21.115875244140625,21.099037170410156,0.05705512315034866,21.552291870117188,21.554244995117188,21.50372314453125,21.486642837524414,0.061987489461898804,22.12028694152832,22.0689697265625,21.50372314453125,21.48438835144043,0.06394347548484802,22.116941452026367,22.064300537109375,21.50372314453125,21.486642837524414,0.061987489461898804,22.119007110595703,22.067901611328125,21.50372314453125,21.486642837524414,0.061987489461898804,22.119314193725586,22.068161010742188,3.0,3.0,0.0,3.0,3.0,0.0,3.0,3.0,0.0,23.057281494140625,23.062475204467773,0.04024643450975418,23.057281494140625,23.062475204467773,0.04024643450975418,23.057281494140625,23.062475204467773,0.04024643450975418,23.057281494140625,23.062475204467773,0.04024643450975418,22.16595458984375,22.156200408935547,0.039980169385671616,22.16595458984375,22.156200408935547,0.039980169385671616,22.16595458984375,22.156200408935547,0.039980169385671616,22.16595458984375,22.156200408935547,0.039980169385671616,23.296234130859375,23.303770065307617,0.04238772392272949,23.296234130859375,23.303770065307617,0.04238772392272949,23.296234130859375,23.303770065307617,0.04238772392272949,23.296234130859375,23.303770065307617,0.04238772392272949
LC08_L1TP_195028_20210830_20210909_02_T1,LANDSAT_8,20210830,geneva,195028,3.0,2.559999942779541,0.8039900064468384,2.6051647663116455,3.0,3.0,2.880000114440918,0.430813193321228,2.8426568508148193,3.0,3.0,2.880000114440918,0.430813193321228,2.8221044540405273,3.0,19.676849365234375,19.691204071044922,0.03906664997339249,19.921743392944336,19.919525146484375,19.673431396484375,19.69171714782715,0.040214184671640396,19.964773178100586,19.9298095703125,19.673431396484375,19.690521240234375,0.03972546383738518,19.977989196777344,19.9468994140625,19.673431396484375,19.690521240234375,0.03972546383738518,19.97818374633789,19.9468994140625,19.143463134765625,19.15475845336914,0.033381085842847824,19.748191833496094,19.7911376953125,19.146728515625,19.149845123291016,0.02776409313082695,19.795124053955078,19.80975341796875,19.146728515625,19.155546188354492,0.03384127467870712,19.808063507080078,19.822662353515625,19.146728515625,19.155546188354492,0.03384127467870712,19.80818748474121,19.822784423828125,21.217742919921875,21.256532669067383,0.10227051377296448,21.548137664794922,21.62322998046875,21.207534790039062,21.22797393798828,0.0862521231174469,21.62462615966797,21.652008056640625,21.233932495117188,21.258150100708008,0.10406608879566193,21.643510818481445,21.65435791015625,21.233932495117188,21.258150100708008,0.10406608879566193,21.64353370666504,21.654296875,1.0,1.0,0.0,3.0,3.0,0.0,3.0,3.0,0.0,20.4937744140625,20.5029354095459,0.037587959319353104,,,,20.4937744140625,20.5029354095459,0.037587959319353104,20.4937744140625,20.5029354095459,0.037587959319353104,20.277923583984375,20.288619995117188,0.028647420927882195,,,,20.277923583984375,20.288619995117188,0.028647420927882195,20.277923583984375,20.288619995117188,0.028647420927882195,22.230194091796875,22.242708206176758,0.06746803969144821,,,,22.230194091796875,22.242708206176758,0.06746803969144821,22.230194091796875,22.242708206176758,0.06746803969144821
LC08_L1TP_196028_20210906_20210915_02_T1,LANDSAT_8,20210906,geneva,196028,3.0,2.1600000858306885,0.9666436910629272,2.3637161254882812,2.0,3.0,2.8399999141693115,0.5425863862037659,2.6928014755249023,3.0,3.0,2.759999990463257,0.6499230861663818,2.689457416534424,3.0,22.339508056640625,22.3483943939209,0.04124286025762558,21.76119041442871,21.768707275390625,22.342926025390625,22.3483943939209,0.04836637154221535,21.732065200805664,21.690093994140625,22.339508056640625,22.347980499267578,0.0427839457988739,21.730998992919922,21.693511962890625,22.341217041015625,22.348363876342773,0.043706513941287994,21.71059226989746,21.649078369140625,20.5899658203125,20.588823318481445,0.042400360107421875,20.086986541748047,20.115447998046875,20.5899658203125,20.58502197265625,0.048444297164678574,20.063018798828125,20.036590576171875,20.57708740234375,20.58527946472168,0.04214831441640854,20.062091827392578,20.03857421875,20.583526611328125,20.585832595825195,0.04301358014345169,20.039501190185547,19.995330810546875,21.141448974609375,21.139097213745117,0.036810606718063354,20.843542098999023,20.872848510742188,21.1414794921875,21.144229888916016,0.039059657603502274,20.822689056396484,20.80694580078125,21.141448974609375,21.139925003051758,0.03792542591691017,20.821378707885742,20.806610107421875,21.141464233398438,21.142305374145508,0.03705916926264763,20.78934097290039,20.759552001953125,3.0,2.640000104904175,0.48000001907348633,3.0,3.0,0.0,3.0,3.0,0.0,21.631988525390625,21.634584426879883,0.04513044282793999,21.631988525390625,21.634584426879883,0.04513044282793999,21.631988525390625,21.634584426879883,0.04513044282793999,21.631988525390625,21.634584426879883,0.04513044282793999,20.111846923828125,20.095439910888672,0.0446942113339901,20.111846923828125,20.095439910888672,0.0446942113339901,20.111846923828125,20.095439910888672,0.0446942113339901,20.111846923828125,20.095439910888672,0.0446942113339901,21.30242919921875,21.293624877929688,0.02975986897945404,21.30242919921875,21.293624877929688,0.02975986897945404,21.30242919921875,21.293624877929688,0.02975986897945404,21.30242919921875,21.293624877929688,0.02975986897945404
LC08_L1TP_195028_20211017_20211026_02_T1,LANDSAT_8,20211017,geneva,195028,3.0,2.319999933242798,0.9260669946670532,2.9704275131225586,3.0,3.0,2.9200000762939453,0.3919183313846588,2.997762441635132,3.0,3.0,2.9200000762939453,0.3919183313846588,2.997598171234131,3.0,14.782257080078125,14.768448829650879,0.0451945960521698,14.549057006835938,14.566925048828125,14.782257080078125,14.764764785766602,0.049083441495895386,14.545618057250977,14.563507080078125,14.783966064453125,14.77086353302002,0.044517502188682556,14.5482816696167,14.566925048828125,14.783966064453125,14.77086353302002,0.044517502188682556,14.548243522644043,14.566925048828125,14.629913330078125,14.618295669555664,0.045432232320308685,14.477503776550293,14.498931884765625,14.623687744140625,14.611381530761719,0.03530651330947876,14.474658966064453,14.49725341796875,14.631454467773438,14.6206693649292,0.04482516646385193,14.476877212524414,14.498809814453125,14.631454467773438,14.6206693649292,0.04482516646385193,14.476849555969238,14.498809814453125,15.866790771484375,15.848749160766602,0.054385267198085785,15.543686866760254,15.556610107421875,15.842376708984375,15.831564903259277,0.0571490079164505,15.538534164428711,15.55426025390625,15.858688354492188,15.84765338897705,0.05523601546883583,15.542840003967285,15.556488037109375,15.858688354492188,15.84765338897705,0.05523601546883583,15.542798042297363,15.55645751953125,3.0,3.0,0.0,3.0,3.0,0.0,3.0,3.0,0.0,14.525909423828125,14.526729583740234,0.03455064445734024,14.525909423828125,14.526729583740234,0.03455064445734024,14.525909423828125,14.526729583740234,0.03455064445734024,14.525909423828125,14.526729583740234,0.03455064445734024,14.44061279296875,14.449851989746094,0.039683256298303604,14.44061279296875,14.449851989746094,0.039683256298303604,14.44061279296875,14.449851989746094,0.039683256298303604,14.44061279296875,14.449851989746094,0.039683256298303604,15.482330322265625,15.508820533752441,0.07108443975448608,15.482330322265625,15.508820533752441,0.07108443975448608,15.482330322265625,15.508820533752441,0.07108443975448608,15.482330322265625,15.508820533752441,0.07108443975448608
LC08_L1TP_196028_20211024_20211103_02_T1,LANDSAT_8,20211024,geneva,196028,3.0,2.880000114440918,0.430813193321228,2.988676071166992,3.0,3.0,2.9200000762939453,0.27129319310188293,2.991163492202759,3.0,3.0,2.9200000762939453,0.27129319310188293,2.9929537773132324,3.0,13.343292236328125,13.348897933959961,0.033931050449609756,13.27956485748291,13.295440673828125,13.341583251953125,13.347564697265625,0.03398330137133598,13.279494285583496,13.295440673828125,13.343292236328125,13.348897933959961,0.033931050449609756,13.279261589050293,13.295440673828125,13.343292236328125,13.348897933959961,0.033931050449609756,13.279296875,13.295440673828125,12.917022705078125,12.928001403808594,0.030279137194156647,12.850014686584473,12.873260498046875,12.916717529296875,12.92684268951416,0.030355602502822876,12.84996509552002,12.873321533203125,12.917022705078125,12.928001403808594,0.030279137194156647,12.84978199005127,12.873138427734375,12.917022705078125,12.928001403808594,0.030279137194156647,12.84980297088623,12.873199462890625,13.314788818359375,13.311964988708496,0.027939243242144585,13.403770446777344,13.389129638671875,13.31793212890625,13.313921928405762,0.026785269379615784,13.403594017028809,13.389129638671875,13.314788818359375,13.311964988708496,0.027939243242144585,13.403372764587402,13.388916015625,13.314788818359375,13.311964988708496,0.027939243242144585,13.403359413146973,13.388885498046875,3.0,3.0,0.0,3.0,3.0,0.0,3.0,3.0,0.0,13.459503173828125,13.460460662841797,0.032274313271045685,13.459503173828125,13.460460662841797,0.032274313271045685,13.459503173828125,13.460460662841797,0.032274313271045685,13.459503173828125,13.460460662841797,0.032274313271045685,13.0736083984375,13.066783905029297,0.030805202201008797,13.0736083984375,13.066783905029297,0.030805202201008797,13.0736083984375,13.066783905029297,0.030805202201008797,13.0736083984375,13.066783905029297,0.030805202201008797,14.07171630859375,14.072265625,0.05516469106078148,14.07171630859375,14.072265625,0.05516469106078148,14.07171630859375,14.072265625,0.05516469106078148,14.07171630859375,14.072265625,0.05516469106078148
LC08_L1TP_195028_20211220_20211229_02_T1,LANDSAT_8,20211220,geneva,195028,3.0,2.880000114440918,0.32496151328086853,2.2081549167633057,2.0,3.0,3.0,0.0,2.601186513900757,3.0,3.0,3.0,0.0,2.617556571960449,3.0,6.787506103515625,6.790240287780762,0.0292590893805027,6.1352434158325195,6.743072509765625,6.787506103515625,6.790240287780762,0.0292590893805027,6.476449012756348,6.808013916015625,6.787506103515625,6.790240287780762,0.0292590893805027,6.511341094970703,6.808013916015625,6.787506103515625,6.790240287780762,0.0292590893805027,6.532262802124023,6.811431884765625,6.397613525390625,6.401771068572998,0.03464716672897339,5.740602970123291,6.370086669921875,6.397613525390625,6.401771068572998,0.03464716672897339,6.104009628295898,6.44049072265625,6.397613525390625,6.401771068572998,0.03464716672897339,6.141079425811768,6.4412841796875,6.397613525390625,6.401771068572998,0.03464716672897339,6.163819789886475,6.4438323974609375,6.745147705078125,6.758305549621582,0.04447333142161369,5.819327354431152,6.679931640625,6.745147705078125,6.758305549621582,0.04447333142161369,6.276952743530273,6.754608154296875,6.745147705078125,6.758305549621582,0.04447333142161369,6.325000286102295,6.7560272216796875,6.745147705078125,6.758305549621582,0.04447333142161369,6.3526291847229,6.7589874267578125,,,,,,,,,,,,,,,,,,,,,,,,,,,,,,,,,,,,,,,,,,,,,
LC08_L1TP_195028_20220121_20220128_02_T1,LANDSAT_8,20220121,geneva,195028,2.0,2.200000047683716,0.6324555277824402,2.1290245056152344,2.0,2.0,2.0799999237060547,0.27129319310188293,2.206641912460327,2.0,2.0,2.200000047683716,0.4000000059604645,2.1870524883270264,2.0,6.948150634765625,6.940630912780762,0.021681886166334152,6.94808292388916,6.982330322265625,6.949859619140625,6.944111347198486,0.01804610900580883,6.951035499572754,6.978912353515625,6.948150634765625,6.940630912780762,0.021681886166334152,6.957820892333984,6.982330322265625,6.948150634765625,6.940630912780762,0.021681886166334152,6.960036754608154,6.982330322265625,6.410125732421875,6.406374454498291,0.01046203076839447,6.4417033195495605,6.473663330078125,6.4101409912109375,6.40890645980835,0.006289101671427488,6.44453763961792,6.47222900390625,6.410125732421875,6.406374454498291,0.01046203076839447,6.451168537139893,6.474609375,6.410125732421875,6.406374454498291,0.01046203076839447,6.453300952911377,6.474853515625,7.10064697265625,7.079997539520264,0.05282139778137207,7.177831172943115,7.209716796875,7.09320068359375,7.075839042663574,0.05496389418840408,7.1836042404174805,7.21099853515625,7.10064697265625,7.079997539520264,0.05282139778137207,7.187552452087402,7.210906982421875,7.10064697265625,7.079997539520264,0.05282139778137207,7.189511775970459,7.211181640625,2.0,2.319999933242798,0.5455272197723389,2.0,2.200000047683716,0.4000000059604645,2.0,2.0799999237060547,0.27129319310188293,6.924224853515625,6.919166088104248,0.041672538965940475,6.924224853515625,6.921091556549072,0.04142794385552406,6.924224853515625,6.919166088104248,0.041672538965940475,6.924224853515625,6.919166088104248,0.041672538965940475,6.430145263671875,6.414363861083984,0.05037498474121094,6.4241180419921875,6.413700103759766,0.051306478679180145,6.430145263671875,6.414363861083984,0.05037498474121094,6.430145263671875,6.414363861083984,0.05037498474121094,7.0953369140625,7.108891487121582,0.043260227888822556,7.095306396484375,7.106053829193115,0.04181002452969551,7.0953369140625,7.108891487121582,0.043260227888822556,7.0953369140625,7.108891487121582,0.043260227888822556
LC08_L1TP_196028_20220213_20220222_02_T1,LANDSAT_8,20220213,geneva,196028,3.0,2.880000114440918,0.32496151328086853,2.9510140419006348,3.0,3.0,2.9200000762939453,0.3919183313846588,2.9931302070617676,3.0,3.0,2.9200000762939453,0.3919183313846588,2.9949402809143066,3.0,6.076568603515625,6.083404541015625,0.027446096763014793,6.058045864105225,6.049224853515625,6.076568603515625,6.083404541015625,0.027446096763014793,6.056793212890625,6.049224853515625,6.074859619140625,6.083119869232178,0.02797583118081093,6.057475566864014,6.049224853515625,6.074859619140625,6.083119869232178,0.02797583118081093,6.057364463806152,6.049224853515625,5.51824951171875,5.526232719421387,0.032582297921180725,5.454530239105225,5.448944091796875,5.51824951171875,5.526232719421387,0.032582297921180725,5.45359468460083,5.448455810546875,5.516693115234375,5.526052951812744,0.03324201703071594,5.454141139984131,5.4488525390625,5.516693115234375,5.526052951812744,0.03324201703071594,5.454036235809326,5.448822021484375,5.687042236328125,5.668198108673096,0.03962097316980362,5.73322868347168,5.70062255859375,5.687042236328125,5.668198108673096,0.03962097316980362,5.731412887573242,5.69989013671875,5.68328857421875,5.667100429534912,0.04006360098719597,5.732624053955078,5.700469970703125,5.68328857421875,5.667100429534912,0.04006360098719597,5.732512474060059,5.700408935546875,3.0,3.0,0.0,3.0,3.0,0.0,3.0,3.0,0.0,6.411529541015625,6.400455474853516,0.06562699377536774,6.411529541015625,6.400455474853516,0.06562699377536774,6.411529541015625,6.400455474853516,0.06562699377536774,6.411529541015625,6.400455474853516,0.06562699377536774,5.77069091796875,5.758941650390625,0.07098690420389175,5.77069091796875,5.758941650390625,0.07098690420389175,5.77069091796875,5.758941650390625,0.07098690420389175,5.77069091796875,5.758941650390625,0.07098690420389175,6.19659423828125,6.196820259094238,0.013740924187004566,6.19659423828125,6.196820259094238,0.013740924187004566,6.19659423828125,6.196820259094238,0.013740924187004566,6.19659423828125,6.196820259094238,0.013740924187004566
LC08_L1TP_195028_20220222_20220301_02_T1,LANDSAT_8,20220222,geneva,195028,2.0,2.200000047683716,0.4000000059604645,2.2324743270874023,2.0,2.0,1.8799999952316284,0.3249615430831909,2.256782054901123,2.0,2.0,2.0399999618530273,0.44542112946510315,2.2672441005706787,2.0,4.5042724609375,4.493198394775391,0.044985245913267136,5.478815078735352,5.710845947265625,4.5042724609375,4.493198394775391,0.044985245913267136,5.669460296630859,5.786041259765625,4.4974365234375,4.4906005859375,0.04734955355525017,5.692857265472412,5.779205322265625,4.5008544921875,4.491641044616699,0.04656510800123215,5.687501907348633,5.772369384765625,3.872161865234375,3.860816717147827,0.04843124747276306,4.869918346405029,5.1040802001953125,3.872161865234375,3.860816717147827,0.04843124747276306,5.0624189376831055,5.180694580078125,3.858856201171875,3.856086015701294,0.049778759479522705,5.086055278778076,5.172698974609375,3.86212158203125,3.8579459190368652,0.049460042268037796,5.080743312835693,5.16802978515625,4.082122802734375,4.07443380355835,0.10924434661865234,5.120946407318115,5.3797454833984375,4.082122802734375,4.07443380355835,0.10924434661865234,5.346157550811768,5.47418212890625,4.063079833984375,4.065279960632324,0.11166663467884064,5.373227119445801,5.46380615234375,4.07794189453125,4.065830230712891,0.10924263298511505,5.366044044494629,5.459503173828125,3.0,2.7200000286102295,0.44899889826774597,3.0,2.759999990463257,0.42708316445350647,3.0,3.0,0.0,6.288482666015625,6.313502311706543,0.071045882999897,6.288482666015625,6.313502311706543,0.071045882999897,6.288482666015625,6.313502311706543,0.071045882999897,6.288482666015625,6.313502311706543,0.071045882999897,5.694671630859375,5.706313610076904,0.06907554715871811,5.694671630859375,5.706313610076904,0.06907554715871811,5.694671630859375,5.706313610076904,0.06907554715871811,5.694671630859375,5.706313610076904,0.06907554715871811,6.05853271484375,6.053851127624512,0.05956338718533516,6.05853271484375,6.053851127624512,0.05956338718533516,6.05853271484375,6.053851127624512,0.05956338718533516,6.05853271484375,6.053851127624512,0.05956338718533516
LC08_L1TP_196028_20220301_20220309_02_T1,LANDSAT_8,20220301,geneva,196028,1.0,1.2000000476837158,0.4000000059604645,2.1956915855407715,2.0,1.0,1.0,0.0,2.1279897689819336,2.0,1.0,1.0,0.0,2.1376454830169678,2.0,0.71026611328125,0.6549011468887329,0.2635710835456848,4.130662441253662,4.699127197265625,,,,4.919929027557373,5.676666259765625,,,,5.11886739730835,5.727935791015625,,,,5.104045867919922,5.714263916015625,0.169769287109375,0.14539794623851776,0.25902390480041504,3.662874221801758,4.220855712890625,,,,4.429384708404541,5.164398193359375,,,,4.620981216430664,5.2131805419921875,,,,4.607359886169434,5.200469970703125,0.527862548828125,0.48515015840530396,0.08967475593090057,3.8160390853881836,4.332550048828125,,,,4.579390525817871,5.400177001953125,,,,4.7946271896362305,5.471527099609375,,,,4.760616779327393,5.451263427734375,3.0,3.0,0.0,3.0,3.0,0.0,3.0,3.0,0.0,6.213287353515625,6.19660758972168,0.05132255330681801,6.213287353515625,6.19660758972168,0.05132255330681801,6.213287353515625,6.19660758972168,0.05132255330681801,6.213287353515625,6.19660758972168,0.05132255330681801,5.669708251953125,5.652116775512695,0.05635039880871773,5.669708251953125,5.652116775512695,0.05635039880871773,5.669708251953125,5.652116775512695,0.05635039880871773,5.669708251953125,5.652116775512695,0.05635039880871773,5.861663818359375,5.859055042266846,0.05769862234592438,5.861663818359375,5.859055042266846,0.05769862234592438,5.861663818359375,5.859055042266846,0.05769862234592438,5.861663818359375,5.859055042266846,0.05769862234592438
LC08_L1TP_195028_20220310_20220315_02_T1,LANDSAT_8,20220310,geneva,195028,3.0,2.9600000381469727,0.1959591656923294,2.967761754989624,3.0,3.0,2.9200000762939453,0.3919183313846588,2.995790719985962,3.0,3.0,2.9200000762939453,0.3919183313846588,2.9951016902923584,3.0,7.358306884765625,7.358990669250488,0.02800232172012329,7.155060291290283,7.112213134765625,7.358306884765625,7.358990669250488,0.02800232172012329,7.1516618728637695,7.112213134765625,7.356597900390625,7.357309818267822,0.027316661551594734,7.1528544425964355,7.112213134765625,7.356597900390625,7.357309818267822,0.027316661551594734,7.153017520904541,7.112213134765625,7.03717041015625,7.036330699920654,0.029331278055906296,6.798306941986084,6.757293701171875,7.03717041015625,7.036330699920654,0.029331278055906296,6.795186996459961,6.7569580078125,7.035614013671875,7.034980773925781,0.029165426269173622,6.796226978302002,6.757080078125,7.035614013671875,7.034980773925781,0.029165426269173622,6.796417713165283,6.757080078125,8.0963134765625,8.086334228515625,0.03571000695228577,7.659256935119629,7.625732421875,8.0963134765625,8.086334228515625,0.03571000695228577,7.655644416809082,7.625335693359375,8.090469360351562,8.085421562194824,0.03615936264395714,7.656843185424805,7.625518798828125,8.090469360351562,8.085421562194824,0.03615936264395714,7.657041549682617,7.625518798828125,3.0,3.0,0.0,3.0,3.0,0.0,3.0,3.0,0.0,7.173736572265625,7.183443546295166,0.036310091614723206,7.173736572265625,7.183443546295166,0.036310091614723206,7.173736572265625,7.183443546295166,0.036310091614723206,7.173736572265625,7.183443546295166,0.036310091614723206,6.82415771484375,6.83631706237793,0.04105495288968086,6.82415771484375,6.83631706237793,0.04105495288968086,6.82415771484375,6.83631706237793,0.04105495288968086,6.82415771484375,6.83631706237793,0.04105495288968086,7.71954345703125,7.723371505737305,0.03384704887866974,7.71954345703125,7.723371505737305,0.03384704887866974,7.71954345703125,7.723371505737305,0.03384704887866974,7.71954345703125,7.723371505737305,0.03384704887866974
LC08_L1TP_195028_20220326_20220330_02_T1,LANDSAT_8,20220326,geneva,195028,2.0,1.9600000381469727,0.1959591656923294,2.6972360610961914,3.0,3.0,2.880000114440918,0.430813193321228,2.977457284927368,3.0,3.0,2.880000114440918,0.430813193321228,2.9699039459228516,3.0,10.229461669921875,10.204578399658203,0.057254962623119354,9.752657890319824,9.764617919921875,10.229461669921875,10.207244873046875,0.05689489468932152,9.738975524902344,9.761199951171875,10.229461669921875,10.207244873046875,0.05689489468932152,9.744548797607422,9.761199951171875,10.229461669921875,10.207244873046875,0.05689489468932152,9.74178695678711,9.761199951171875,9.758453369140625,9.743307113647461,0.04852405562996864,9.220349311828613,9.236846923828125,9.759963989257812,9.743685722351074,0.049488481134176254,9.209081649780273,9.232696533203125,9.759963989257812,9.743685722351074,0.049488481134176254,9.213089942932129,9.235015869140625,9.759963989257812,9.743685722351074,0.049488481134176254,9.210700035095215,9.234481811523438,10.98876953125,10.997208595275879,0.06020044535398483,10.26319694519043,10.296112060546875,10.98876953125,10.998028755187988,0.06130459904670715,10.250980377197266,10.29168701171875,10.98876953125,10.998028755187988,0.06130459904670715,10.255242347717285,10.293548583984375,10.98876953125,10.998028755187988,0.06130459904670715,10.252694129943848,10.29290771484375,3.0,3.0,0.0,3.0,3.0,0.0,3.0,3.0,0.0,9.337371826171875,9.340516090393066,0.0311154592782259,9.337371826171875,9.340516090393066,0.0311154592782259,9.337371826171875,9.340516090393066,0.0311154592782259,9.337371826171875,9.340516090393066,0.0311154592782259,8.811737060546875,8.813193321228027,0.02342422679066658,8.811737060546875,8.813193321228027,0.02342422679066658,8.811737060546875,8.813193321228027,0.02342422679066658,8.811737060546875,8.813193321228027,0.02342422679066658,9.85601806640625,9.841567039489746,0.05316317453980446,9.85601806640625,9.841567039489746,0.05316317453980446,9.85601806640625,9.841567039489746,0.05316317453980446,9.85601806640625,9.841567039489746,0.05316317453980446
LC08_L1TP_196028_20220418_20220427_02_T1,LANDSAT_8,20220418,geneva,196028,3.0,2.880000114440918,0.430813193321228,2.7437052726745605,3.0,3.0,2.8399999141693115,0.4630334675312042,2.75881028175354,3.0,3.0,2.8399999141693115,0.4630334675312042,2.751810073852539,3.0,10.458465576171875,10.466805458068848,0.09997814893722534,9.803140640258789,9.638153076171875,10.461883544921875,10.46729564666748,0.10201036185026169,9.858991622924805,9.713348388671875,10.461883544921875,10.46715259552002,0.10202497243881226,9.859406471252441,9.709930419921875,10.461883544921875,10.46715259552002,0.10202497243881226,9.858184814453125,9.709930419921875,9.87030029296875,9.875308990478516,0.10484377294778824,9.06355094909668,8.906723022460938,9.861328125,9.874640464782715,0.10695347934961319,9.11936092376709,8.97918701171875,9.861328125,9.873390197753906,0.10657484084367752,9.118805885314941,8.975250244140625,9.861328125,9.873390197753906,0.10657484084367752,9.117826461791992,8.97442626953125,10.271148681640625,10.273050308227539,0.09726101160049438,9.522892951965332,9.376861572265625,10.269287109375,10.271096229553223,0.09878464788198471,9.581135749816895,9.446456909179688,10.269287109375,10.269845008850098,0.09796439856290817,9.580303192138672,9.4422607421875,10.269287109375,10.269845008850098,0.09796439856290817,9.579087257385254,9.441497802734375,3.0,3.0,0.0,3.0,3.0,0.0,3.0,3.0,0.0,9.463836669921875,9.505946159362793,0.07748299092054367,9.463836669921875,9.505946159362793,0.07748299092054367,9.463836669921875,9.505946159362793,0.07748299092054367,9.463836669921875,9.505946159362793,0.07748299092054367,8.740386962890625,8.766510963439941,0.05492245778441429,8.740386962890625,8.766510963439941,0.05492245778441429,8.740386962890625,8.766510963439941,0.05492245778441429,8.740386962890625,8.766510963439941,0.05492245778441429,9.362274169921875,9.375296592712402,0.0658310204744339,9.362274169921875,9.375296592712402,0.0658310204744339,9.362274169921875,9.375296592712402,0.0658310204744339,9.362274169921875,9.375296592712402,0.0658310204744339
LC08_L1TP_195028_20220427_20220503_02_T1,LANDSAT_8,20220427,geneva,195028,3.0,2.8399999141693115,0.4630334675312042,2.967578411102295,3.0,3.0,2.759999990463257,0.5851495862007141,2.9726123809814453,3.0,3.0,2.759999990463257,0.5851495862007141,2.9554812908172607,3.0,12.33154296875,12.332636833190918,0.057533424347639084,11.13112735748291,10.967742919921875,12.336669921875,12.334248542785645,0.058163903653621674,11.118955612182617,10.964324951171875,12.341796875,12.336150169372559,0.058680519461631775,11.125944137573242,10.967742919921875,12.341796875,12.336150169372559,0.058680519461631775,11.123052597045898,10.967742919921875,12.3740234375,12.392980575561523,0.06293115019798279,11.167535781860352,11.00341796875,12.369171142578125,12.392291069030762,0.06413605809211731,11.156678199768066,10.99761962890625,12.36431884765625,12.39238452911377,0.06551387906074524,11.162753105163574,11.001968383789062,12.36431884765625,12.39238452911377,0.06551387906074524,11.16023063659668,11.0008544921875,14.44769287109375,14.424792289733887,0.10482321679592133,12.788371086120605,12.633697509765625,14.437088012695312,14.421195030212402,0.10546154528856277,12.775146484375,12.6278076171875,14.44769287109375,14.420965194702148,0.1077238991856575,12.783026695251465,12.632232666015625,14.44769287109375,14.420965194702148,0.1077238991856575,12.780095100402832,12.631103515625,3.0,3.0,0.0,3.0,3.0,0.0,3.0,3.0,0.0,10.584930419921875,10.593544006347656,0.07222270965576172,10.584930419921875,10.593544006347656,0.07222270965576172,10.584930419921875,10.593544006347656,0.07222270965576172,10.584930419921875,10.593544006347656,0.07222270965576172,10.5916748046875,10.595760345458984,0.053326476365327835,10.5916748046875,10.595760345458984,0.053326476365327835,10.5916748046875,10.595760345458984,0.053326476365327835,10.5916748046875,10.595760345458984,0.053326476365327835,12.163177490234375,12.188437461853027,0.1000017374753952,12.163177490234375,12.188437461853027,0.1000017374753952,12.163177490234375,12.188437461853027,0.1000017374753952,12.163177490234375,12.188437461853027,0.1000017374753952
LC08_L1TP_196028_20220520_20220525_02_T1,LANDSAT_8,20220520,geneva,196028,2.0,1.6399999856948853,0.47999998927116394,2.1168153285980225,2.0,2.0,2.2799999713897705,0.5306599736213684,2.2550013065338135,2.0,2.0,2.200000047683716,0.4898979365825653,2.2437708377838135,2.0,19.793060302734375,19.75505256652832,0.10784900188446045,20.101459503173828,20.0528564453125,19.784515380859375,19.735809326171875,0.12138301134109497,20.27549934387207,20.2305908203125,19.789642333984375,19.752187728881836,0.10913654416799545,20.274869918823242,20.2305908203125,19.789642333984375,19.752187728881836,0.10913654416799545,20.278615951538086,20.2305908203125,16.84912109375,16.78997039794922,0.11539158970117569,17.36345863342285,17.32427978515625,16.771453857421875,16.762413024902344,0.1178407371044159,17.531543731689453,17.498870849609375,16.843963623046875,16.78498649597168,0.11510481685400009,17.530244827270508,17.49884033203125,16.843963623046875,16.78498649597168,0.11510481685400009,17.532352447509766,17.499664306640625,16.25909423828125,16.261022567749023,0.11932935565710068,16.939800262451172,16.92022705078125,16.260009765625,16.270784378051758,0.13551390171051025,17.083030700683594,17.051727294921875,16.258377075195312,16.259931564331055,0.12166785448789597,17.07942008972168,17.04876708984375,16.258377075195312,16.259931564331055,0.12166785448789597,17.081439971923828,17.05029296875,,,,,,,,,,,,,,,,,,,,,,,,,,,,,,,,,,,,,,,,,,,,,
LC08_L1TP_196028_20220621_20220701_02_T1,LANDSAT_8,20220621,geneva,196028,,,,2.1466691493988037,2.0,,,,2.2237632274627686,2.0,,,,2.2475247383117676,3.0,,,,21.5437068939209,21.618316650390625,,,,21.383886337280273,21.409820556640625,,,,21.378984451293945,21.413238525390625,,,,21.367273330688477,21.406402587890625,,,,18.99982452392578,19.041259765625,,,,18.88109016418457,18.8984375,,,,18.8819580078125,18.904876708984375,,,,18.87215232849121,18.89794921875,,,,18.534690856933594,18.607635498046875,,,,18.414833068847656,18.454574584960938,,,,18.43157196044922,18.467437744140625,,,,18.4223575592041,18.46173095703125,,,,,,,,,,,,,,,,,,,,,,,,,,,,,,,,,,,,,,,,,,,,,
LC08_L1TP_196028_20220707_20220721_02_T1,LANDSAT_8,20220707,geneva,196028,1.0,1.600000023841858,0.6928203105926514,1.7956671714782715,1.0,1.0,1.2799999713897705,0.44899889826774597,1.334226369857788,1.0,1.0,1.0800000429153442,0.3919183909893036,1.69631028175354,1.0,23.853668212890625,23.845600128173828,0.04480413720011711,23.537029266357422,23.433258056640625,23.838287353515625,23.843698501586914,0.04439980164170265,23.573320388793945,23.457183837890625,23.846832275390625,23.836090087890625,0.04612642899155617,23.561710357666016,23.378570556640625,,,,23.460657119750977,23.320465087890625,21.62933349609375,21.623388290405273,0.04295353591442108,21.617502212524414,21.5562744140625,21.6180419921875,21.61857032775879,0.04184626415371895,21.646265029907227,21.5775146484375,21.58349609375,21.604000091552734,0.04168245941400528,21.63828468322754,21.523345947265625,,,,21.560625076293945,21.469879150390625,22.174774169921875,22.174795150756836,0.0736129954457283,22.297500610351562,22.24102783203125,22.18853759765625,22.166114807128906,0.07021266222000122,22.334754943847656,22.271240234375,22.154052734375,22.140140533447266,0.05753776431083679,22.38236427307129,22.3074951171875,,,,22.246129989624023,22.132843017578125,1.0,1.440000057220459,0.6374951004981995,1.0,1.4800000190734863,0.4995998442173004,1.0,1.4800000190734863,0.6399999856948853,23.566558837890625,23.56888198852539,0.07865618914365768,23.549468994140625,23.570356369018555,0.07662223279476166,23.515289306640625,23.547475814819336,0.08601086586713791,23.573394775390625,23.570659637451172,0.06874792277812958,21.807525634765625,21.799306869506836,0.07413172721862793,21.808380126953125,21.80097198486328,0.07917427271604538,21.762893676757812,21.77599334716797,0.07928694784641266,21.801254272460938,21.795846939086914,0.06685738265514374,22.525482177734375,22.525625228881836,0.07541028410196304,22.485931396484375,22.507070541381836,0.0819384977221489,22.548446655273438,22.54277229309082,0.07017754018306732,22.553695678710938,22.542293548583984,0.07648099213838577
LC08_L1TP_195028_20220716_20220726_02_T1,LANDSAT_8,20220716,geneva,195028,3.0,2.9200000762939453,0.3919183313846588,2.4654364585876465,3.0,3.0,2.8399999141693115,0.4630334675312042,2.613691806793213,3.0,3.0,2.759999990463257,0.5122499465942383,2.6622297763824463,3.0,25.019256591796875,25.01992416381836,0.04580756276845932,23.311077117919922,23.399078369140625,25.017532348632812,25.019384384155273,0.046673599630594254,23.457548141479492,23.470855712890625,25.017532348632812,25.019384384155273,0.046673599630594254,23.527118682861328,23.481109619140625,25.017532348632812,25.019384384155273,0.046673599630594254,23.538040161132812,23.484527587890625,24.807464599609375,24.795429229736328,0.048302099108695984,23.183242797851562,23.304367065429688,24.8043212890625,24.79478645324707,0.049192894250154495,23.341651916503906,23.379638671875,24.8043212890625,24.79478645324707,0.049192894250154495,23.41533088684082,23.389923095703125,24.8043212890625,24.79478645324707,0.049192894250154495,23.427078247070312,23.39373779296875,27.7713623046875,27.7806453704834,0.10499497503042221,25.58403968811035,25.6683349609375,27.7689208984375,27.779664993286133,0.10704821348190308,25.80531120300293,25.79327392578125,27.7689208984375,27.779664993286133,0.10704821348190308,25.900358200073242,25.808990478515625,27.7689208984375,27.779664993286133,0.10704821348190308,25.912307739257812,25.8153076171875,3.0,2.559999942779541,0.49638694524765015,3.0,2.559999942779541,0.49638694524765015,3.0,3.0,0.0,23.587066650390625,23.597455978393555,0.08469106256961823,23.587066650390625,23.597455978393555,0.08469106256961823,23.587066650390625,23.597455978393555,0.08469106256961823,23.587066650390625,23.597455978393555,0.08469106256961823,23.501983642578125,23.511075973510742,0.07801233977079391,23.501983642578125,23.511075973510742,0.07801233977079391,23.501983642578125,23.511075973510742,0.07801233977079391,23.501983642578125,23.511075973510742,0.07801233977079391,26.0372314453125,26.03885269165039,0.016014881432056427,26.0372314453125,26.03885269165039,0.016014881432056427,26.0372314453125,26.03885269165039,0.016014881432056427,26.0372314453125,26.03885269165039,0.016014881432056427
LC08_L1TP_195028_20220801_20220806_02_T1,LANDSAT_8,20220801,geneva,195028,3.0,2.8399999141693115,0.5425863862037659,2.9950127601623535,3.0,3.0,2.880000114440918,0.430813193321228,2.9963152408599854,3.0,3.0,2.880000114440918,0.430813193321228,2.9958362579345703,3.0,26.502655029296875,26.500879287719727,0.08344952017068863,26.289289474487305,26.287322998046875,26.506072998046875,26.50518035888672,0.08537022769451141,26.286466598510742,26.283905029296875,26.504364013671875,26.503936767578125,0.08378563076257706,26.28679847717285,26.287322998046875,26.504364013671875,26.503936767578125,0.08378563076257706,26.286741256713867,26.287322998046875,27.47076416015625,27.4824275970459,0.08426199853420258,27.45280647277832,27.473541259765625,27.459991455078125,27.480426788330078,0.0869661271572113,27.450088500976562,27.472900390625,27.469100952148438,27.482912063598633,0.08596520870923996,27.45029640197754,27.472991943359375,27.469100952148438,27.482912063598633,0.08596520870923996,27.450233459472656,27.472991943359375,31.99786376953125,32.00263214111328,0.05429254099726677,31.215856552124023,31.443161010742188,31.99786376953125,32.00162887573242,0.056281983852386475,31.212566375732422,31.441741943359375,32.00067138671875,32.00284194946289,0.05540236830711365,31.21282386779785,31.441925048828125,32.00067138671875,32.00284194946289,0.05540236830711365,31.212726593017578,31.441925048828125,3.0,3.0,0.0,3.0,3.0,0.0,3.0,3.0,0.0,25.880584716796875,25.867734909057617,0.09491511434316635,25.880584716796875,25.867734909057617,0.09491511434316635,25.880584716796875,25.867734909057617,0.09491511434316635,25.880584716796875,25.867734909057617,0.09491511434316635,26.95184326171875,26.943819046020508,0.08822744339704514,26.95184326171875,26.943819046020508,0.08822744339704514,26.95184326171875,26.943819046020508,0.08822744339704514,26.95184326171875,26.943819046020508,0.08822744339704514,30.14154052734375,30.141298294067383,0.09079235792160034,30.14154052734375,30.141298294067383,0.09079235792160034,30.14154052734375,30.141298294067383,0.09079235792160034,30.14154052734375,30.141298294067383,0.09079235792160034
LC08_L1TP_196028_20220808_20220818_02_T1,LANDSAT_8,20220808,geneva,196028,2.0,1.9199999570846558,0.7959899306297302,2.242530345916748,2.0,2.0,1.9600000381469727,0.44542112946510315,2.246509075164795,2.0,2.0,1.9199999570846558,0.3919183611869812,2.315207004547119,2.0,23.279449462890625,23.262632369995117,0.09937261790037155,23.84996795654297,23.963043212890625,23.281158447265625,23.263214111328125,0.09950707107782364,23.87681770324707,23.990386962890625,23.279449462890625,23.25769805908203,0.10314085334539413,23.826282501220703,23.945953369140625,23.279449462890625,23.25769805908203,0.10314085334539413,23.822996139526367,23.942535400390625,21.749298095703125,21.727588653564453,0.07870448380708694,22.260160446166992,22.364898681640625,21.747802734375,21.736629486083984,0.07462339103221893,22.281005859375,22.391876220703125,21.751144409179688,21.729570388793945,0.08314327895641327,22.23691177368164,22.3453369140625,21.751144409179688,21.729570388793945,0.08314327895641327,22.233877182006836,22.341400146484375,22.761505126953125,22.759838104248047,0.059489935636520386,23.235340118408203,23.315216064453125,22.759170532226562,22.76042366027832,0.060612261295318604,23.246747970581055,23.348419189453125,22.749649047851562,22.755949020385742,0.06221045181155205,23.211694717407227,23.293212890625,22.749649047851562,22.755949020385742,0.06221045181155205,23.209381103515625,23.28912353515625,2.0,2.0,0.0,2.0,2.0,0.0,2.0,2.1600000858306885,0.3666060268878937,24.33221435546875,24.334674835205078,0.06887368857860565,24.33221435546875,24.334674835205078,0.06887368857860565,24.33221435546875,24.334674835205078,0.06887368857860565,24.33221435546875,24.334674835205078,0.06887368857860565,22.73846435546875,22.74333953857422,0.06535415351390839,22.73846435546875,22.74333953857422,0.06535415351390839,22.73846435546875,22.74333953857422,0.06535415351390839,22.73846435546875,22.74333953857422,0.06535415351390839,23.598968505859375,23.60745620727539,0.07225970923900604,23.598968505859375,23.60745620727539,0.07225970923900604,23.598968505859375,23.60745620727539,0.07225970923900604,23.598968505859375,23.60745620727539,0.07225970923900604
LC08_L1TP_196028_20220824_20220924_02_T1,LANDSAT_8,20220824,geneva,196028,,,,,,,,,,,,,,,,,,,,,,,,,,,,,,,,,,,,,,,,,,,,,,,,,,,,,,,,,,,,,,,,,,,,,,,,,,,,,,,,,,,,,,,,,,,,,,,,,,,,,,,,,,,,,,,,,,,,,,,,
LC08_L1TP_195028_20220918_20220928_02_T1,LANDSAT_8,20220918,geneva,195028,3.0,3.0,0.0,2.9946258068084717,3.0,3.0,2.9600000381469727,0.1959591656923294,2.9970462322235107,3.0,3.0,2.9600000381469727,0.1959591656923294,2.997457981109619,3.0,20.3126220703125,20.314809799194336,0.05602866783738136,20.2358455657959,20.2032470703125,20.3126220703125,20.314809799194336,0.05602866783738136,20.235809326171875,20.2032470703125,20.3126220703125,20.314809799194336,0.05602866783738136,20.235454559326172,20.1998291015625,20.3126220703125,20.314809799194336,0.05602866783738136,20.235485076904297,20.1998291015625,19.941741943359375,19.945201873779297,0.04123708978295326,19.97091293334961,19.92547607421875,19.941741943359375,19.945201873779297,0.04123708978295326,19.97110939025879,19.925628662109375,19.941741943359375,19.945201873779297,0.04123708978295326,19.97067642211914,19.925338745117188,19.941741943359375,19.945201873779297,0.04123708978295326,19.970691680908203,19.92535400390625,21.307342529296875,21.324769973754883,0.06158590316772461,21.311077117919922,21.272705078125,21.307342529296875,21.324769973754883,0.06158590316772461,21.31114959716797,21.272857666015625,21.307342529296875,21.324769973754883,0.06158590316772461,21.310789108276367,21.272552490234375,21.307342529296875,21.324769973754883,0.06158590316772461,21.310808181762695,21.272552490234375,3.0,3.0,0.0,3.0,3.0,0.0,3.0,3.0,0.0,20.1929931640625,20.215415954589844,0.06697879731655121,20.1929931640625,20.215415954589844,0.06697879731655121,20.1929931640625,20.215415954589844,0.06697879731655121,20.1929931640625,20.215415954589844,0.06697879731655121,19.893157958984375,19.905046463012695,0.053584422916173935,19.893157958984375,19.905046463012695,0.053584422916173935,19.893157958984375,19.905046463012695,0.053584422916173935,19.893157958984375,19.905046463012695,0.053584422916173935,21.35064697265625,21.339275360107422,0.055426131933927536,21.35064697265625,21.339275360107422,0.055426131933927536,21.35064697265625,21.339275360107422,0.055426131933927536,21.35064697265625,21.339275360107422,0.055426131933927536
LC08_L1TP_196028_20221027_20221107_02_T1,LANDSAT_8,20221027,geneva,196028,3.0,2.7200000286102295,0.6013318300247192,2.437558650970459,2.0,2.0,2.119999885559082,0.6523802280426025,2.7287817001342773,3.0,2.0,2.200000047683716,0.6324555277824402,2.893327236175537,3.0,15.284698486328125,15.290030479431152,0.0393892377614975,15.267642974853516,15.322296142578125,15.284698486328125,15.288859367370605,0.03994857147336006,15.25644588470459,15.308624267578125,15.284698486328125,15.28404712677002,0.03847692161798477,15.26339340209961,15.318878173828125,15.284698486328125,15.286407470703125,0.03911704570055008,15.26590633392334,15.322296142578125,15.09857177734375,15.101288795471191,0.031035955995321274,15.167094230651855,15.22845458984375,15.0953369140625,15.098489761352539,0.030295053496956825,15.1577787399292,15.218109130859375,15.09454345703125,15.094673156738281,0.028922857716679573,15.163780212402344,15.226837158203125,15.094940185546875,15.09682559967041,0.02993008866906166,15.166024208068848,15.23040771484375,15.351531982421875,15.355363845825195,0.11236365884542465,15.677760124206543,15.7896728515625,15.351531982421875,15.351236343383789,0.11520307511091232,15.657575607299805,15.768524169921875,15.351531982421875,15.34654712677002,0.11833556741476059,15.670247077941895,15.782913208007812,15.360107421875,15.351461410522461,0.11778728663921356,15.673480033874512,15.788177490234375,3.0,2.8399999141693115,0.4630334973335266,3.0,2.559999942779541,0.49638694524765015,3.0,2.680000066757202,0.6144917011260986,15.496612548828125,15.50303840637207,0.04722559452056885,15.494903564453125,15.50202465057373,0.04793202877044678,15.496612548828125,15.50303840637207,0.04722559452056885,15.493194580078125,15.501813888549805,0.04895208030939102,15.370025634765625,15.374419212341309,0.05432284623384476,15.368301391601562,15.372179985046387,0.05430072918534279,15.370025634765625,15.374419212341309,0.05432284623384476,15.3665771484375,15.37317180633545,0.05634751170873642,16.109710693359375,16.102027893066406,0.10335076600313187,16.095932006835938,16.099641799926758,0.10480491816997528,16.109710693359375,16.102027893066406,0.10335076600313187,16.109710693359375,16.101205825805664,0.10736320167779922
LC08_L1TP_195028_20221207_20221213_02_T1,LANDSAT_8,20221207,geneva,195028,,,,1.8499425649642944,2.0,,,,2.0045924186706543,2.0,,,,2.053386926651001,2.0,,,,6.541818141937256,6.732818603515625,,,,7.238597393035889,7.361724853515625,,,,7.252519607543945,7.305328369140625,,,,7.285636901855469,7.409576416015625,,,,5.753997802734375,5.966827392578125,,,,6.478752613067627,6.575531005859375,,,,6.496282577514648,6.54022216796875,,,,6.530889987945557,6.624053955078125,,,,5.139828681945801,5.219024658203125,,,,6.015748500823975,6.0938720703125,,,,6.032835006713867,6.046600341796875,,,,6.073938846588135,6.17169189453125,,,,,,,,,,,,,,,,,,,,,,,,,,,,,,,,,,,,,,,,,,,,,
LC08_L1TP_196028_20230131_20230208_02_T1,LANDSAT_8,20230131,geneva,196028,3.0,2.7200000286102295,0.44899889826774597,2.645925283432007,3.0,3.0,2.9200000762939453,0.3919183313846588,2.757366895675659,3.0,3.0,2.880000114440918,0.32496151328086853,2.7557342052459717,3.0,6.274810791015625,6.283970832824707,0.054083630442619324,6.343698978424072,6.432037353515625,6.274810791015625,6.283970832824707,0.054083630442619324,6.404733180999756,6.449127197265625,6.274810791015625,6.284067630767822,0.055196747183799744,6.406674861907959,6.445709228515625,6.274810791015625,6.283970832824707,0.054083630442619324,6.4065470695495605,6.445709228515625,5.7264404296875,5.734838962554932,0.056320130825042725,5.813359260559082,5.90643310546875,5.7264404296875,5.734838962554932,0.056320130825042725,5.876634120941162,5.9222412109375,5.72027587890625,5.73480224609375,0.057481203228235245,5.879209041595459,5.9210205078125,5.7264404296875,5.734838962554932,0.056320130825042725,5.879086971282959,5.920867919921875,6.218536376953125,6.225069522857666,0.02668684907257557,6.160975933074951,6.2899169921875,6.218536376953125,6.225069522857666,0.02668684907257557,6.2480854988098145,6.30279541015625,6.21856689453125,6.22628927230835,0.026545828208327293,6.251632213592529,6.301544189453125,6.218536376953125,6.225069522857666,0.02668684907257557,6.251468181610107,6.3013916015625,3.0,2.7200000286102295,0.44899889826774597,3.0,3.0,0.0,3.0,3.0,0.0,6.531158447265625,6.523775577545166,0.03109682723879814,6.531158447265625,6.523775577545166,0.03109682723879814,6.531158447265625,6.523775577545166,0.03109682723879814,6.531158447265625,6.523775577545166,0.03109682723879814,5.966796875,5.957624435424805,0.03299298137426376,5.966796875,5.957624435424805,0.03299298137426376,5.966796875,5.957624435424805,0.03299298137426376,5.966796875,5.957624435424805,0.03299298137426376,6.44354248046875,6.456560134887695,0.04395509138703346,6.44354248046875,6.456560134887695,0.04395509138703346,6.44354248046875,6.456560134887695,0.04395509138703346,6.44354248046875,6.456560134887695,0.04395509138703346
LC08_L1TP_195028_20230209_20230217_02_T1,LANDSAT_8,20230209,geneva,195028,3.0,2.9600000381469727,0.1959591805934906,2.7809948921203613,3.0,3.0,2.9600000381469727,0.1959591656923294,2.8205583095550537,3.0,3.0,2.9600000381469727,0.1959591656923294,2.803082227706909,3.0,6.237213134765625,6.243502140045166,0.03395582735538483,6.102187156677246,6.155181884765625,6.237213134765625,6.243502140045166,0.03395582735538483,6.135324001312256,6.162017822265625,6.237213134765625,6.243502140045166,0.03395582735538483,6.138701915740967,6.162017822265625,6.237213134765625,6.243502140045166,0.03395582735538483,6.140678882598877,6.165435791015625,5.671234130859375,5.676775932312012,0.02637931890785694,5.529386043548584,5.5845947265625,5.671234130859375,5.676775932312012,0.02637931890785694,5.563889503479004,5.59149169921875,5.671234130859375,5.676775932312012,0.02637931890785694,5.567827224731445,5.59130859375,5.671234130859375,5.676775932312012,0.02637931890785694,5.56968355178833,5.591827392578125,6.305938720703125,6.295855522155762,0.03317375108599663,6.081836700439453,6.1634521484375,6.305938720703125,6.295855522155762,0.03317375108599663,6.128860950469971,6.17095947265625,6.305938720703125,6.295855522155762,0.03317375108599663,6.136422634124756,6.170745849609375,6.305938720703125,6.295855522155762,0.03317375108599663,6.138372421264648,6.17132568359375,2.0,2.359999895095825,0.6858571171760559,3.0,2.5999999046325684,0.4898979365825653,3.0,2.559999942779541,0.49638694524765015,6.151763916015625,6.149849891662598,0.04762720689177513,6.156890869140625,6.1547160148620605,0.047954607754945755,6.151763916015625,6.149849891662598,0.04762720689177513,6.151763916015625,6.149849891662598,0.04762720689177513,5.5804443359375,5.583460807800293,0.04105134680867195,5.5880279541015625,5.587033271789551,0.041537053883075714,5.5804443359375,5.583460807800293,0.04105134680867195,5.5804443359375,5.583460807800293,0.04105134680867195,5.936187744140625,5.93756103515625,0.12752880156040192,5.9399261474609375,5.9526448249816895,0.12434357404708862,5.936187744140625,5.93756103515625,0.12752880156040192,5.936187744140625,5.93756103515625,0.12752880156040192
LC08_L1TP_196028_20230216_20230223_02_T1,LANDSAT_8,20230216,geneva,196028,3.0,2.9600000381469727,0.1959591656923294,2.9793789386749268,3.0,3.0,2.9200000762939453,0.3919183313846588,2.996285915374756,3.0,3.0,2.9600000381469727,0.1959591656923294,2.9964611530303955,3.0,6.548248291015625,6.540182113647461,0.04160250723361969,6.3751115798950195,6.350006103515625,6.548248291015625,6.540182113647461,0.04160250723361969,6.373986721038818,6.350006103515625,6.546539306640625,6.539133548736572,0.04213569685816765,6.373862266540527,6.350006103515625,6.548248291015625,6.540182113647461,0.04160250723361969,6.373783588409424,6.350006103515625,5.986602783203125,5.981223106384277,0.040953028947114944,5.870578765869141,5.853668212890625,5.986602783203125,5.981223106384277,0.040953028947114944,5.869692802429199,5.8533935546875,5.986602783203125,5.980998992919922,0.04178248718380928,5.8696136474609375,5.853424072265625,5.986602783203125,5.981223106384277,0.040953028947114944,5.869557857513428,5.8533935546875,6.433624267578125,6.432845592498779,0.04919758439064026,6.274279594421387,6.257965087890625,6.433624267578125,6.432845592498779,0.04919758439064026,6.27321720123291,6.257720947265625,6.42449951171875,6.432031154632568,0.050046663731336594,6.273106098175049,6.25775146484375,6.433624267578125,6.432845592498779,0.04919758439064026,6.273049831390381,6.257720947265625,3.0,3.0,0.0,3.0,3.0,0.0,3.0,3.0,0.0,6.524322509765625,6.525552749633789,0.028627483174204826,6.524322509765625,6.525552749633789,0.028627483174204826,6.524322509765625,6.525552749633789,0.028627483174204826,6.524322509765625,6.525552749633789,0.028627483174204826,6.02880859375,6.020409107208252,0.02595537155866623,6.02880859375,6.020409107208252,0.02595537155866623,6.02880859375,6.020409107208252,0.02595537155866623,6.02880859375,6.020409107208252,0.02595537155866623,6.4718017578125,6.470267295837402,0.03418430685997009,6.4718017578125,6.470267295837402,0.03418430685997009,6.4718017578125,6.470267295837402,0.03418430685997009,6.4718017578125,6.470267295837402,0.03418430685997009
LC08_L1TP_196028_20230405_20230412_02_T1,LANDSAT_8,20230405,geneva,196028,3.0,2.9200000762939453,0.27129319310188293,2.835200071334839,3.0,3.0,2.880000114440918,0.32496151328086853,2.844757318496704,3.0,3.0,2.880000114440918,0.32496151328086853,2.8454463481903076,3.0,8.13079833984375,8.12997817993164,0.04028310999274254,7.556138038635254,7.587310791015625,8.13079833984375,8.12997817993164,0.04028310999274254,7.623106956481934,7.600982666015625,8.13079833984375,8.12997817993164,0.04028310999274254,7.630274295806885,7.604400634765625,8.13079833984375,8.12997817993164,0.04028310999274254,7.6292619705200195,7.600982666015625,7.502960205078125,7.493814468383789,0.03495102748274803,6.904383659362793,6.93707275390625,7.502960205078125,7.493814468383789,0.03495102748274803,6.970265865325928,6.9493408203125,7.502960205078125,7.493814468383789,0.03495102748274803,6.976644039154053,6.9511871337890625,7.502960205078125,7.493814468383789,0.03495102748274803,6.975698471069336,6.9503173828125,8.003753662109375,8.002158164978027,0.0315784253180027,7.363017559051514,7.496673583984375,8.003753662109375,8.002158164978027,0.0315784253180027,7.479809284210205,7.513427734375,8.003753662109375,8.002158164978027,0.0315784253180027,7.487485885620117,7.515960693359375,8.003753662109375,8.002158164978027,0.0315784253180027,7.485792636871338,7.5147705078125,3.0,3.0,0.0,3.0,3.0,0.0,3.0,3.0,0.0,8.08978271484375,8.06982135772705,0.08065062016248703,8.08978271484375,8.06982135772705,0.08065062016248703,8.08978271484375,8.06982135772705,0.08065062016248703,8.08978271484375,8.06982135772705,0.08065062016248703,7.405426025390625,7.395237922668457,0.0796448141336441,7.405426025390625,7.395237922668457,0.0796448141336441,7.405426025390625,7.395237922668457,0.0796448141336441,7.405426025390625,7.395237922668457,0.0796448141336441,8.002899169921875,8.015830993652344,0.039497166872024536,8.002899169921875,8.015830993652344,0.039497166872024536,8.002899169921875,8.015830993652344,0.039497166872024536,8.002899169921875,8.015830993652344,0.039497166872024536
LC08_L1TP_195028_20230617_20230623_02_T1,LANDSAT_8,20230617,geneva,195028,3.0,2.880000114440918,0.430813193321228,2.02062726020813,2.0,3.0,2.8399999141693115,0.4630334675312042,2.0702829360961914,2.0,3.0,2.8399999141693115,0.4630334675312042,2.0794548988342285,2.0,22.459136962890625,22.468706130981445,0.025431159883737564,20.012435913085938,19.779388427734375,22.460845947265625,22.469247817993164,0.025814136490225792,20.560094833374023,20.4083251953125,22.460845947265625,22.469247817993164,0.025814136490225792,20.594539642333984,20.4869384765625,22.460845947265625,22.469247817993164,0.025814136490225792,20.59324073791504,20.4801025390625,21.9805908203125,21.983617782592773,0.03342035040259361,19.330657958984375,19.09869384765625,21.9805908203125,21.98374366760254,0.034103672951459885,19.923114776611328,19.770645141601562,21.9805908203125,21.98374366760254,0.034103672951459885,19.959264755249023,19.847747802734375,21.9805908203125,21.98374366760254,0.034103672951459885,19.957927703857422,19.841705322265625,24.305816650390625,24.318063735961914,0.10817836970090866,20.37972068786621,20.20074462890625,24.303359985351562,24.31565284729004,0.10974928736686707,21.132532119750977,21.087554931640625,24.303359985351562,24.31565284729004,0.10974928736686707,21.18768882751465,21.1580810546875,24.303359985351562,24.31565284729004,0.10974928736686707,21.185237884521484,21.152374267578125,3.0,3.0,0.0,3.0,3.0,0.0,3.0,3.0,0.0,21.539703369140625,21.544214248657227,0.019876478239893913,21.539703369140625,21.544214248657227,0.019876478239893913,21.539703369140625,21.544214248657227,0.019876478239893913,21.539703369140625,21.544214248657227,0.019876478239893913,20.945098876953125,20.94672393798828,0.021832134574651718,20.945098876953125,20.94672393798828,0.021832134574651718,20.945098876953125,20.94672393798828,0.021832134574651718,20.945098876953125,20.94672393798828,0.021832134574651718,22.229949951171875,22.22161865234375,0.05323011428117752,22.229949951171875,22.22161865234375,0.05323011428117752,22.229949951171875,22.22161865234375,0.05323011428117752,22.229949951171875,22.22161865234375,0.05323011428117752
LC08_L1TP_196028_20230624_20230630_02_T1,LANDSAT_8,20230624,geneva,196028,1.0,1.0800000429153442,0.27129319310188293,1.1413673162460327,1.0,1.0,1.0,0.0,1.1527179479599,1.0,1.0,1.0,0.0,1.158060908317566,1.0,22.230133056640625,22.238882064819336,0.06328380107879639,22.00992774963379,21.994293212890625,,,,23.754241943359375,23.751129150390625,,,,23.787378311157227,23.792144775390625,,,,23.764719009399414,23.764801025390625,20.60150146484375,20.597549438476562,0.0512838214635849,20.502796173095703,20.49725341796875,,,,22.191959381103516,22.194992065429688,,,,22.228374481201172,22.2359619140625,,,,22.206689834594727,22.210220336914062,21.792388916015625,21.794965744018555,0.06868646293878555,21.58693504333496,21.547760009765625,,,,23.229848861694336,23.229904174804688,,,,23.271638870239258,23.278839111328125,,,,23.25058364868164,23.255508422851562,1.0,1.0,0.0,1.0,1.0,0.0,1.0,1.0,0.0,20.5382080078125,20.525083541870117,0.0362456850707531,,,,,,,,,,19.057373046875,19.047082901000977,0.03770400583744049,,,,,,,,,,20.265899658203125,20.253122329711914,0.05259473994374275,,,,,,,,,
LC08_L1TP_196028_20230710_20230718_02_T1,LANDSAT_8,20230710,geneva,196028,2.0,2.4000000953674316,0.6324555277824402,2.708444118499756,3.0,3.0,2.4800000190734863,0.6399999856948853,2.8162944316864014,3.0,2.0,2.1600000858306885,0.4630334973335266,2.8051047325134277,3.0,28.061248779296875,28.06563949584961,0.06579123437404633,25.460018157958984,25.138885498046875,28.061248779296875,28.0640869140625,0.06769798696041107,25.46892547607422,25.142303466796875,28.061248779296875,28.0640869140625,0.06769798696041107,25.456281661987305,25.135467529296875,28.076644897460938,28.066247940063477,0.06707855314016342,25.457847595214844,25.135467529296875,25.08941650390625,25.084150314331055,0.06153334304690361,23.268590927124023,22.994583129882812,25.081268310546875,25.080690383911133,0.06296813488006592,23.2834529876709,23.004913330078125,25.081268310546875,25.080690383911133,0.06296813488006592,23.268661499023438,22.993621826171875,25.085342407226562,25.0826358795166,0.06234437972307205,23.270294189453125,22.994476318359375,26.59039306640625,26.561670303344727,0.08120297640562057,24.539724349975586,24.285018920898438,26.561767578125,26.557971954345703,0.08364362269639969,24.567813873291016,24.329559326171875,26.561767578125,26.557971954345703,0.08364362269639969,24.54586410522461,24.289947509765625,26.576080322265625,26.55983543395996,0.08236797153949738,24.54819679260254,24.29290771484375,3.0,2.759999990463257,0.4270831346511841,3.0,3.0,0.0,3.0,3.0,0.0,25.026092529296875,25.024438858032227,0.03761725872755051,25.026092529296875,25.024438858032227,0.03761725872755051,25.026092529296875,25.024438858032227,0.03761725872755051,25.026092529296875,25.024438858032227,0.03761725872755051,23.066375732421875,23.051010131835938,0.03607197478413582,23.066375732421875,23.051010131835938,0.03607197478413582,23.066375732421875,23.051010131835938,0.03607197478413582,23.066375732421875,23.051010131835938,0.03607197478413582,24.9305419921875,24.947172164916992,0.05433988943696022,24.9305419921875,24.947172164916992,0.05433988943696022,24.9305419921875,24.947172164916992,0.05433988943696022,24.9305419921875,24.947172164916992,0.05433988943696022
LC08_L1TP_196028_20230811_20230818_02_T1,LANDSAT_8,20230811,geneva,196028,3.0,2.8399999141693115,0.3666060268878937,2.780043840408325,3.0,3.0,2.8399999141693115,0.3666060268878937,2.884091377258301,3.0,3.0,2.8399999141693115,0.3666060268878937,2.875778913497925,3.0,24.86883544921875,24.871295928955078,0.03632090240716934,24.031402587890625,24.22283935546875,24.86883544921875,24.871295928955078,0.03632090240716934,24.06270980834961,24.27410888671875,24.86883544921875,24.871295928955078,0.03632090240716934,24.06380271911621,24.24334716796875,24.86883544921875,24.871295928955078,0.03632090240716934,24.064865112304688,24.24334716796875,22.624664306640625,22.631235122680664,0.03964034840464592,22.01011848449707,22.20733642578125,22.624664306640625,22.631235122680664,0.03964034840464592,22.03951644897461,22.252288818359375,22.624664306640625,22.631235122680664,0.03964034840464592,22.04178237915039,22.224884033203125,22.624664306640625,22.631235122680664,0.03964034840464592,22.04289436340332,22.225341796875,23.7532958984375,23.756336212158203,0.10808572918176651,22.84722137451172,23.042816162109375,23.7532958984375,23.756336212158203,0.10808572918176651,22.877445220947266,23.085693359375,23.7532958984375,23.756336212158203,0.10808572918176651,22.890121459960938,23.058746337890625,23.7532958984375,23.756336212158203,0.10808572918176651,22.891366958618164,23.059173583984375,3.0,2.9200000762939453,0.3919183313846588,3.0,3.0,0.0,3.0,3.0,0.0,24.01776123046875,24.03170394897461,0.029309982433915138,24.02801513671875,24.032285690307617,0.029773013666272163,24.01776123046875,24.03170394897461,0.029309982433915138,24.01776123046875,24.03170394897461,0.029309982433915138,22.10015869140625,22.0948543548584,0.030285222455859184,22.098587036132812,22.09358024597168,0.030247608199715614,22.10015869140625,22.0948543548584,0.030285222455859184,22.10015869140625,22.0948543548584,0.030285222455859184,23.2471923828125,23.240968704223633,0.07400516420602798,23.257736206054688,23.241111755371094,0.07552790641784668,23.2471923828125,23.240968704223633,0.07400516420602798,23.2471923828125,23.240968704223633,0.07400516420602798
LC08_L1TP_195028_20230820_20230826_02_T1,LANDSAT_8,20230820,geneva,195028,3.0,2.680000066757202,0.5455272793769836,2.8518073558807373,3.0,3.0,2.799999952316284,0.4000000059604645,2.8612637519836426,3.0,3.0,2.759999990463257,0.42708316445350647,2.867443084716797,3.0,26.557342529296875,26.597949981689453,0.1372043341398239,26.170156478881836,26.109588623046875,26.571014404296875,26.602346420288086,0.13829639554023743,26.177934646606445,26.113006591796875,26.557342529296875,26.597949981689453,0.1372043341398239,26.18442726135254,26.113006591796875,26.557342529296875,26.597949981689453,0.1372043341398239,26.185571670532227,26.113006591796875,25.49908447265625,25.52811050415039,0.13864177465438843,25.207063674926758,25.150787353515625,25.504501342773438,25.534704208374023,0.13760556280612946,25.218900680541992,25.152191162109375,25.49908447265625,25.52811050415039,0.13864177465438843,25.226423263549805,25.154083251953125,25.49908447265625,25.52811050415039,0.13864177465438843,25.2275333404541,25.154083251953125,29.261383056640625,29.265161514282227,0.1062217578291893,28.383779525756836,28.425979614257812,29.264984130859375,29.272415161132812,0.10216715186834335,28.4404239654541,28.43511962890625,29.261383056640625,29.265161514282227,0.1062217578291893,28.458852767944336,28.440185546875,29.261383056640625,29.265161514282227,0.1062217578291893,28.458681106567383,28.440109252929688,,,,,,,,,,,,,,,,,,,,,,,,,,,,,,,,,,,,,,,,,,,,,
LC08_L1TP_196028_20230912_20230918_02_T1,LANDSAT_8,20230912,geneva,196028,,,,2.4661881923675537,2.0,,,,2.795781135559082,3.0,,,,2.7825636863708496,3.0,,,,23.528825759887695,23.501617431640625,,,,23.566774368286133,23.508453369140625,,,,23.569957733154297,23.508453369140625,,,,23.570951461791992,23.508453369140625,,,,21.764436721801758,21.7294921875,,,,21.803787231445312,21.736236572265625,,,,21.806922912597656,21.7374267578125,,,,21.80781364440918,21.737213134765625,,,,22.236875534057617,22.32696533203125,,,,22.307727813720703,22.337554931640625,,,,22.313465118408203,22.33905029296875,,,,22.313663482666016,22.3388671875,2.0,2.0399999618530273,0.1959591656923294,2.0,2.0399999618530273,0.1959591805934906,2.0,2.0,0.0,24.22967529296875,24.19713592529297,0.0584871880710125,24.22967529296875,24.19713592529297,0.0584871880710125,24.22967529296875,24.19713592529297,0.0584871880710125,24.22967529296875,24.19713592529297,0.0584871880710125,22.44000244140625,22.4273738861084,0.054690148681402206,22.44000244140625,22.4273738861084,0.054690148681402206,22.44000244140625,22.4273738861084,0.054690148681402206,22.44000244140625,22.4273738861084,0.054690148681402206,22.45263671875,22.4681396484375,0.08720966428518295,22.45263671875,22.4681396484375,0.08720966428518295,22.45263671875,22.4681396484375,0.08720966428518295,22.45263671875,22.4681396484375,0.08720966428518295
LC08_L1TP_195028_20231007_20231011_02_T1,LANDSAT_8,20231007,geneva,195028,3.0,2.680000066757202,0.5455272793769836,2.9556832313537598,3.0,3.0,2.5999999046325684,0.5656853914260864,2.916569948196411,3.0,2.0,2.0799999237060547,0.27129319310188293,2.8788647651672363,3.0,19.567474365234375,19.57280731201172,0.027310917153954506,19.09837532043457,19.068450927734375,19.567474365234375,19.573883056640625,0.027349313721060753,19.09565544128418,19.068450927734375,19.567474365234375,19.573883056640625,0.027349313721060753,19.09711265563965,19.068450927734375,19.567474365234375,19.57280731201172,0.027310917153954506,19.097057342529297,19.068450927734375,18.242095947265625,18.244295120239258,0.021142054349184036,18.093839645385742,18.090179443359375,18.244918823242188,18.245113372802734,0.021187126636505127,18.092256546020508,18.089447021484375,18.244918823242188,18.245113372802734,0.021187126636505127,18.09307861328125,18.08990478515625,18.242095947265625,18.244295120239258,0.021142054349184036,18.093032836914062,18.089996337890625,18.980316162109375,18.967700958251953,0.08411220461130142,18.686527252197266,18.694091796875,18.971023559570312,18.962827682495117,0.08231809735298157,18.684762954711914,18.693389892578125,18.971023559570312,18.962827682495117,0.08231809735298157,18.685741424560547,18.694000244140625,18.980316162109375,18.967700958251953,0.08411220461130142,18.685564041137695,18.693878173828125,3.0,3.0,0.0,3.0,2.680000066757202,0.4664761424064636,3.0,2.680000066757202,0.4664761424064636,18.825775146484375,18.827415466308594,0.031933706253767014,18.825775146484375,18.827415466308594,0.031933706253767014,18.825775146484375,18.827415466308594,0.031933706253767014,18.825775146484375,18.827415466308594,0.031933706253767014,17.805877685546875,17.807947158813477,0.028974471613764763,17.805877685546875,17.807947158813477,0.028974471613764763,17.805877685546875,17.807947158813477,0.028974471613764763,17.805877685546875,17.807947158813477,0.028974471613764763,18.354644775390625,18.361560821533203,0.03678612411022186,18.354644775390625,18.361560821533203,0.03678612411022186,18.354644775390625,18.361560821533203,0.03678612411022186,18.354644775390625,18.361560821533203,0.03678612411022186
LC08_L1TP_195028_20231108_20231117_02_T1,LANDSAT_8,20231108,geneva,195028,3.0,2.680000066757202,0.5455272793769836,2.8547377586364746,3.0,3.0,2.759999990463257,0.42708316445350647,2.860402822494507,3.0,3.0,2.7200000286102295,0.44899889826774597,2.8607563972473145,3.0,12.615234375,12.612773895263672,0.01595924235880375,12.606080055236816,12.76220703125,12.615234375,12.612101554870605,0.015937799587845802,12.659804344177246,12.76904296875,12.615234375,12.612773895263672,0.01595924235880375,12.664655685424805,12.76904296875,12.615234375,12.612773895263672,0.01595924235880375,12.65834903717041,12.765625,11.915863037109375,11.913585662841797,0.01678513176739216,11.896854400634766,12.05157470703125,11.914382934570312,11.913105010986328,0.016962168738245964,11.951011657714844,12.058441162109375,11.915863037109375,11.913585662841797,0.01678513176739216,11.956317901611328,12.055999755859375,11.915863037109375,11.913585662841797,0.01678513176739216,11.949918746948242,12.054718017578125,12.70196533203125,12.691946029663086,0.04838015139102936,12.6822509765625,12.865081787109375,12.70196533203125,12.688918113708496,0.04699941724538803,12.745296478271484,12.874053955078125,12.70196533203125,12.691946029663086,0.04838015139102936,12.746668815612793,12.870635986328125,12.70196533203125,12.691946029663086,0.04838015139102936,12.737203598022461,12.8690185546875,2.0,2.440000057220459,0.57131427526474,3.0,2.640000104904175,0.48000001907348633,3.0,2.680000066757202,0.4664761424064636,12.68701171875,12.65283203125,0.0871468111872673,12.67333984375,12.6502685546875,0.08801545947790146,12.68701171875,12.65283203125,0.0871468111872673,12.68701171875,12.65283203125,0.0871468111872673,12.003753662109375,11.976175308227539,0.07686623185873032,11.991531372070312,11.973240852355957,0.07706710696220398,12.003753662109375,11.976175308227539,0.07686623185873032,12.003753662109375,11.976175308227539,0.07686623185873032,12.688446044921875,12.637128829956055,0.10683736205101013,12.690399169921875,12.63630199432373,0.10896193981170654,12.688446044921875,12.637128829956055,0.10683736205101013,12.688446044921875,12.637128829956055,0.10683736205101013
LC08_L1TP_195028_20231124_20231129_02_T1,LANDSAT_8,20231124,geneva,195028,3.0,2.7200000286102295,0.44899889826774597,2.537888765335083,3.0,3.0,2.9600000381469727,0.1959591805934906,2.602891683578491,3.0,3.0,2.9600000381469727,0.1959591805934906,2.6130785942077637,3.0,10.246551513671875,10.257079124450684,0.08195099979639053,10.11693286895752,10.280731201171875,10.246551513671875,10.257079124450684,0.08195099979639053,10.220452308654785,10.325164794921875,10.246551513671875,10.257079124450684,0.08195099979639053,10.248941421508789,10.325164794921875,10.246551513671875,10.257079124450684,0.08195099979639053,10.26748275756836,10.332000732421875,9.500457763671875,9.52072525024414,0.09853535890579224,9.34268569946289,9.510498046875,9.500457763671875,9.52072525024414,0.09853535890579224,9.450776100158691,9.556488037109375,9.500457763671875,9.52072525024414,0.09853535890579224,9.480834007263184,9.557403564453125,9.500457763671875,9.52072525024414,0.09853535890579224,9.49897575378418,9.562896728515625,10.165771484375,10.179927825927734,0.0502031072974205,9.979516983032227,10.20770263671875,10.165771484375,10.179927825927734,0.0502031072974205,10.12877368927002,10.270034790039062,10.165771484375,10.179927825927734,0.0502031072974205,10.171719551086426,10.2705078125,10.165771484375,10.179927825927734,0.0502031072974205,10.1912841796875,10.275787353515625,3.0,2.9600000381469727,0.1959591805934906,3.0,3.0,0.0,3.0,3.0,0.0,10.516571044921875,10.530242919921875,0.049493320286273956,10.516571044921875,10.530242919921875,0.049493320286273956,10.516571044921875,10.530242919921875,0.049493320286273956,10.516571044921875,10.530242919921875,0.049493320286273956,9.745574951171875,9.7577543258667,0.04208368435502052,9.745574951171875,9.7577543258667,0.04208368435502052,9.745574951171875,9.7577543258667,0.04208368435502052,9.745574951171875,9.7577543258667,0.04208368435502052,10.441253662109375,10.43549919128418,0.03424229100346565,10.441253662109375,10.43549919128418,0.03424229100346565,10.441253662109375,10.43549919128418,0.03424229100346565,10.441253662109375,10.43549919128418,0.03424229100346565
LC08_L1TP_196028_20231217_20240103_02_T1,LANDSAT_8,20231217,geneva,196028,,,,,,,,,,,,,,,,,,,,,,,,,,,,,,,,,,,,,,,,,,,,,,,,,,,,,,,,,,,,,,,,,,,,,,,,,,,,,,,,,,,,,,,,,,,,,,,,,,,,,,,,,,,,,,,,,,,,,,,,
LC08_L1TP_195028_20240111_20240123_02_T1,LANDSAT_8,20240111,geneva,195028,,,,1.0,1.0,,,,1.0,1.0,,,,1.0,1.0,,,,-2.320568799972534,-2.297576904296875,,,,,,,,,,,,,,,,,,,-3.0557944774627686,-3.1738128662109375,,,,,,,,,,,,,,,,,,,-2.875889539718628,-2.998748779296875,,,,,,,,,,,,,,,,,,,,,,,,,,,,,,,,,,,,,,,,,,,,,,,,,,,,,,,,,,,,
LC08_L1TP_195028_20240127_20240207_02_T1,LANDSAT_8,20240127,geneva,195028,,,,1.3543306589126587,1.0,,,,1.2677165269851685,1.0,,,,1.3228346109390259,1.0,,,,4.083596229553223,4.0941162109375,,,,4.421606063842773,4.6102294921875,,,,4.500766754150391,4.6102294921875,,,,4.55247163772583,4.6478271484375,,,,3.5378236770629883,3.543304443359375,,,,3.9081602096557617,4.118560791015625,,,,4.010771751403809,4.123382568359375,,,,4.06016731262207,4.273468017578125,,,,4.047372817993164,3.9735107421875,,,,4.451718807220459,4.596893310546875,,,,4.565330982208252,4.6901397705078125,,,,4.618773460388184,4.88421630859375,,,,,,,,,,,,,,,,,,,,,,,,,,,,,,,,,,,,,,,,,,,,,
LC08_L1TP_196028_20240203_20240208_02_T1,LANDSAT_8,20240203,geneva,196028,3.0,3.0,0.0,2.60735821723938,3.0,3.0,2.9600000381469727,0.1959591656923294,2.6636593341827393,3.0,3.0,2.9600000381469727,0.1959591656923294,2.6437575817108154,3.0,7.173736572265625,7.188502311706543,0.07167453318834305,6.996737957000732,7.026763916015625,7.173736572265625,7.188502311706543,0.07167453318834305,7.040349960327148,7.047271728515625,7.173736572265625,7.188502311706543,0.07167453318834305,7.0275187492370605,7.040435791015625,7.173736572265625,7.188502311706543,0.07167453318834305,7.036179065704346,7.047271728515625,6.377349853515625,6.392290115356445,0.062672458589077,6.335386276245117,6.364593505859375,6.377349853515625,6.392290115356445,0.062672458589077,6.380052089691162,6.3863525390625,6.377349853515625,6.392290115356445,0.062672458589077,6.367097854614258,6.381072998046875,6.377349853515625,6.392290115356445,0.062672458589077,6.376180171966553,6.384552001953125,6.7493896484375,6.759233474731445,0.04995742067694664,6.728475570678711,6.7237548828125,6.7493896484375,6.759233474731445,0.04995742067694664,6.786488056182861,6.75177001953125,6.7493896484375,6.759233474731445,0.04995742067694664,6.769960880279541,6.744415283203125,6.7493896484375,6.759233474731445,0.04995742067694664,6.781126976013184,6.7489013671875,3.0,2.9600000381469727,0.1959591656923294,3.0,3.0,0.0,3.0,3.0,0.0,7.098541259765625,7.11945915222168,0.06056902930140495,7.098541259765625,7.11945915222168,0.06056902930140495,7.098541259765625,7.11945915222168,0.06056902930140495,7.098541259765625,7.11945915222168,0.06056902930140495,6.4661865234375,6.478144645690918,0.053557973355054855,6.4661865234375,6.478144645690918,0.053557973355054855,6.4661865234375,6.478144645690918,0.053557973355054855,6.4661865234375,6.478144645690918,0.053557973355054855,7.206756591796875,7.231789588928223,0.06034455820918083,7.206756591796875,7.231789588928223,0.06034455820918083,7.206756591796875,7.231789588928223,0.06034455820918083,7.206756591796875,7.231789588928223,0.06034455820918083
LC08_L1TP_195028_20240212_20240222_02_T1,LANDSAT_8,20240212,geneva,195028,,,,,,,,,,,,,,,,,,,,,,,,,,,,,,,,,,,,,,,,,,,,,,,,,,,,,,,,,,,,,,,,,,,,,,,,,,,,,,,,,,,,,,,,,,,,,,,,,,,,,,,,,,,,,,,,,,,,,,,,
LC08_L1TP_196028_20240219_20240228_02_T1,LANDSAT_8,20240219,geneva,196028,3.0,3.0,0.0,2.69389271736145,3.0,3.0,2.9200000762939453,0.27129319310188293,2.7154040336608887,3.0,3.0,2.9600000381469727,0.1959591656923294,2.739180326461792,3.0,8.01458740234375,8.011305809020996,0.04350879788398743,7.40703821182251,7.645416259765625,8.01458740234375,8.011305809020996,0.04350879788398743,7.508983135223389,7.672760009765625,8.01458740234375,8.011305809020996,0.04350879788398743,7.481293678283691,7.662506103515625,8.01458740234375,8.011305809020996,0.04350879788398743,7.477358341217041,7.662506103515625,7.156494140625,7.159811019897461,0.03982605040073395,6.5898613929748535,6.81243896484375,7.156494140625,7.159811019897461,0.03982605040073395,6.686612606048584,6.838165283203125,7.156494140625,7.159811019897461,0.03982605040073395,6.660816192626953,6.82720947265625,7.156494140625,7.159811019897461,0.03982605040073395,6.657025337219238,6.82586669921875,7.334014892578125,7.344738960266113,0.060630545020103455,6.671697616577148,6.984832763671875,7.334014892578125,7.344738960266113,0.060630545020103455,6.807712078094482,7.015411376953125,7.334014892578125,7.344738960266113,0.060630545020103455,6.769794940948486,7.001800537109375,7.334014892578125,7.344738960266113,0.060630545020103455,6.764774799346924,7.00054931640625,,,,,,,,,,,,,,,,,,,,,,,,,,,,,,,,,,,,,,,,,,,,,
LC08_L1TP_195028_20240315_20240401_02_T1,LANDSAT_8,20240315,geneva,195028,2.0,1.7200000286102295,0.6013318300247192,1.6096049547195435,2.0,2.0,1.7599999904632568,0.708801805973053,1.670579433441162,2.0,2.0,2.0,0.8485281467437744,1.6745854616165161,1.0,8.21624755859375,8.180700302124023,0.13819080591201782,6.047541618347168,5.898834228515625,8.21112060546875,8.1722412109375,0.16471043229103088,6.542738914489746,6.573883056640625,8.22308349609375,8.167940139770508,0.17029978334903717,6.821495532989502,6.913970947265625,8.22479248046875,8.17608642578125,0.16521336138248444,6.888311386108398,6.975494384765625,7.206573486328125,7.172725677490234,0.1712704598903656,5.0629658699035645,4.9119415283203125,7.208770751953125,7.162775039672852,0.20222757756710052,5.551088809967041,5.5655517578125,7.221160888671875,7.161252975463867,0.20853020250797272,5.820858478546143,5.89617919921875,7.2138671875,7.16999626159668,0.2016810029745102,5.889228343963623,5.962158203125,6.9132080078125,6.90878438949585,0.09635577350854874,4.183661937713623,4.0429229736328125,6.940032958984375,6.934785842895508,0.08837803453207016,4.96432638168335,5.15582275390625,6.92779541015625,6.930232524871826,0.09151897579431534,5.355978965759277,5.5731201171875,6.9327392578125,6.917045593261719,0.10784533619880676,5.466818809509277,5.7027130126953125,,,,,,,,,,,,,,,,,,,,,,,,,,,,,,,,,,,,,,,,,,,,,
LC08_L1TP_196028_20240322_20240403_02_T1,LANDSAT_8,20240322,geneva,196028,,,,1.3631885051727295,1.0,,,,1.3803335428237915,1.0,,,,1.3935997486114502,1.0,,,,2.393213987350464,2.364593505859375,,,,2.9454920291900635,2.860198974609375,,,,2.68239164352417,2.549163818359375,,,,2.656486988067627,2.491058349609375,,,,1.9667632579803467,1.9315948486328125,,,,2.5087647438049316,2.425506591796875,,,,2.2548978328704834,2.108245849609375,,,,2.230156898498535,2.0541839599609375,,,,0.864061713218689,0.763671875,,,,1.609135627746582,1.515106201171875,,,,1.2721354961395264,1.009429931640625,,,,1.2497621774673462,0.9521484375,,,,,,,,,,,,,,,,,,,,,,,,,,,,,,,,,,,,,,,,,,,,,
LC08_L1TP_195028_20240416_20240423_02_T1,LANDSAT_8,20240416,geneva,195028,3.0,2.559999942779541,0.49638694524765015,2.744382381439209,3.0,3.0,2.9600000381469727,0.1959591656923294,2.9114339351654053,3.0,3.0,3.0,0.0,2.937673568725586,3.0,8.25726318359375,8.242361068725586,0.04355602711439133,9.003737449645996,9.026336669921875,8.25726318359375,8.242361068725586,0.04355602711439133,9.015925407409668,9.036590576171875,8.25726318359375,8.242361068725586,0.04355602711439133,9.011539459228516,9.033172607421875,8.25726318359375,8.242361068725586,0.04355602711439133,9.013350486755371,9.033172607421875,7.484222412109375,7.470538139343262,0.045206066220998764,8.263236999511719,8.29510498046875,7.484222412109375,7.470538139343262,0.045206066220998764,8.277908325195312,8.305099487304688,7.484222412109375,7.470538139343262,0.045206066220998764,8.271697044372559,8.30133056640625,7.484222412109375,7.470538139343262,0.045206066220998764,8.273608207702637,8.30242919921875,8.25274658203125,8.240296363830566,0.08205465227365494,9.174184799194336,9.223419189453125,8.25274658203125,8.240296363830566,0.08205465227365494,9.192479133605957,9.234695434570312,8.25274658203125,8.240296363830566,0.08205465227365494,9.18718147277832,9.23162841796875,8.25274658203125,8.240296363830566,0.08205465227365494,9.188995361328125,9.232574462890625,,,,,,,,,,,,,,,,,,,,,,,,,,,,,,,,,,,,,,,,,,,,,
LC08_L1TP_196028_20240509_20240514_02_T1,LANDSAT_8,20240509,geneva,196028,3.0,2.799999952316284,0.5656853914260864,2.4769463539123535,3.0,3.0,2.8399999141693115,0.4630334675312042,2.3837227821350098,3.0,3.0,2.799999952316284,0.4898979365825653,2.3850927352905273,3.0,12.37255859375,12.405234336853027,0.08429062366485596,11.83993148803711,11.78125,12.37255859375,12.398565292358398,0.08463237434625626,11.904086112976074,11.83251953125,12.37255859375,12.401753425598145,0.08425009995698929,11.927754402160645,11.8427734375,12.37255859375,12.401753425598145,0.08425009995698929,11.926568031311035,11.83935546875,11.3248291015625,11.341134071350098,0.06607329100370407,10.994962692260742,10.929779052734375,11.31817626953125,11.33791732788086,0.06791259348392487,11.051592826843262,10.97637939453125,11.321502685546875,11.339316368103027,0.06682033091783524,11.070381164550781,10.98486328125,11.321502685546875,11.339316368103027,0.06682033091783524,11.069523811340332,10.984207153320312,12.094482421875,12.10385513305664,0.07259884476661682,11.624908447265625,11.576141357421875,12.098785400390625,12.10720157623291,0.07475609332323074,11.687326431274414,11.622848510742188,12.096633911132812,12.105365753173828,0.07370983809232712,11.706672668457031,11.63116455078125,12.096633911132812,12.105365753173828,0.07370983809232712,11.705594062805176,11.63037109375,3.0,2.5,0.6267831921577454,2.0,2.0,0.5345224738121033,2.0,1.9285714626312256,0.25753939151763916,11.365936279296875,11.362762451171875,0.02288159169256687,11.367645263671875,11.365015983581543,0.022197730839252472,11.369354248046875,11.36878490447998,0.018686285242438316,11.367645263671875,11.365015983581543,0.022197730839252472,10.61181640625,10.60887336730957,0.022123433649539948,10.61328125,10.61163330078125,0.020505506545305252,10.61810302734375,10.615951538085938,0.014598020352423191,10.61328125,10.61163330078125,0.020505506545305252,11.26708984375,11.274638175964355,0.04591553285717964,11.269805908203125,11.280557632446289,0.0421893447637558,11.285675048828125,11.284065246582031,0.042051300406455994,11.269805908203125,11.280557632446289,0.0421893447637558
LC08_L1TP_196028_20240525_20240610_02_T1,LANDSAT_8,20240525,geneva,196028,3.0,2.8399999141693115,0.5425863862037659,2.802464246749878,3.0,3.0,2.880000114440918,0.32496151328086853,2.806908369064331,3.0,3.0,2.8399999141693115,0.4630334675312042,2.809819459915161,3.0,16.29986572265625,16.293167114257812,0.02915477380156517,15.931414604187012,15.824737548828125,16.29986572265625,16.292434692382812,0.030248073861002922,15.890606880187988,15.807647705078125,16.29986572265625,16.293167114257812,0.02915477380156517,15.889907836914062,15.804229736328125,16.29986572265625,16.29302978515625,0.029748111963272095,15.89408016204834,15.807647705078125,15.096649169921875,15.08751106262207,0.03871352598071098,14.82624626159668,14.721527099609375,15.099822998046875,15.087422370910645,0.040289368480443954,14.785673141479492,14.702239990234375,15.096649169921875,15.08751106262207,0.03871352598071098,14.784153938293457,14.7012939453125,15.098236083984375,15.087806701660156,0.03948415070772171,14.788695335388184,14.70263671875,15.230133056640625,15.218225479125977,0.04864678159356117,15.053817749023438,14.883270263671875,15.230621337890625,15.220974922180176,0.049761492758989334,14.980712890625,14.861236572265625,15.230133056640625,15.218225479125977,0.04864678159356117,14.976325988769531,14.860260009765625,15.230377197265625,15.219367027282715,0.049320705235004425,14.985200881958008,14.861724853515625,3.0,3.0,0.0,3.0,3.0,0.0,3.0,3.0,0.0,16.37164306640625,16.370960235595703,0.047832027077674866,16.37164306640625,16.370960235595703,0.047832027077674866,16.37164306640625,16.370960235595703,0.047832027077674866,16.37164306640625,16.370960235595703,0.047832027077674866,15.312896728515625,15.316688537597656,0.05188654363155365,15.312896728515625,15.316688537597656,0.05188654363155365,15.312896728515625,15.316688537597656,0.05188654363155365,15.312896728515625,15.316688537597656,0.05188654363155365,15.843994140625,15.833244323730469,0.06455420702695847,15.843994140625,15.833244323730469,0.06455420702695847,15.843994140625,15.833244323730469,0.06455420702695847,15.843994140625,15.833244323730469,0.06455420702695847
LC08_L1TP_196028_20240610_20240627_02_T1,LANDSAT_8,20240610,geneva,196028,,,,1.9989598989486694,2.0,,,,1.9473381042480469,2.0,,,,1.974841594696045,2.0,,,,18.789663314819336,18.757415771484375,,,,18.811765670776367,18.788177490234375,,,,18.80415153503418,18.788177490234375,,,,18.798812866210938,18.781341552734375,,,,18.023935317993164,17.989837646484375,,,,18.046247482299805,18.017852783203125,,,,18.03559112548828,18.01214599609375,,,,18.030696868896484,18.004058837890625,,,,18.71358299255371,18.670745849609375,,,,18.726900100708008,18.688125610351562,,,,18.71022605895996,18.67706298828125,,,,18.704524993896484,18.66741943359375,1.0,1.0399999618530273,0.1959591656923294,1.0,1.0399999618530273,0.1959591656923294,1.0,1.0,0.0,18.774505615234375,18.7587833404541,0.07926151156425476,,,,,,,,,,17.980499267578125,17.983890533447266,0.08195757120847702,,,,,,,,,,18.87890625,18.88161277770996,0.11080145835876465,,,,,,,,,
LC08_L1TP_195028_20240619_20240706_02_T1,LANDSAT_8,20240619,geneva,195028,2.0,2.0,0.4000000059604645,1.9599946737289429,2.0,2.0,1.7599999904632568,0.42708316445350647,1.835304856300354,2.0,1.0,1.440000057220459,0.49638694524765015,2.3162317276000977,2.0,25.692596435546875,25.6802921295166,0.04757733643054962,23.38308334350586,23.269195556640625,25.692596435546875,25.67788314819336,0.04770735278725624,23.527816772460938,23.440093994140625,25.692596435546875,25.68558120727539,0.04102272167801857,23.611248016357422,23.552886962890625,25.668670654296875,25.67643928527832,0.036554716527462006,23.372079849243164,23.296539306640625,22.73193359375,22.74024200439453,0.06066952273249626,21.15627670288086,21.1251220703125,22.730743408203125,22.73504066467285,0.05986355245113373,21.250436782836914,21.263427734375,22.730743408203125,22.738662719726562,0.05493199825286865,21.328123092651367,21.36279296875,22.723388671875,22.715024948120117,0.03242412582039833,21.14126205444336,21.13037109375,24.362579345703125,24.375341415405273,0.11631277948617935,22.45826530456543,22.40179443359375,24.362579345703125,24.3775634765625,0.11983050405979156,22.564851760864258,22.564788818359375,24.3466796875,24.370946884155273,0.12655842304229736,22.665863037109375,22.7001953125,24.280517578125,24.3116455078125,0.11516967415809631,22.434070587158203,22.400131225585938,1.0,1.600000023841858,0.800000011920929,3.0,3.0,0.0,3.0,3.0,0.0,23.344390869140625,23.3293514251709,0.06478651612997055,23.354644775390625,23.353618621826172,0.03195572271943092,23.344390869140625,23.3293514251709,0.06478651612997055,23.344390869140625,23.3293514251709,0.06478651612997055,21.356903076171875,21.337743759155273,0.0765460729598999,21.387283325195312,21.368810653686523,0.04537734389305115,21.356903076171875,21.337743759155273,0.0765460729598999,21.356903076171875,21.337743759155273,0.0765460729598999,22.914215087890625,22.914501190185547,0.10340344160795212,22.913665771484375,22.934749603271484,0.11785963922739029,22.914215087890625,22.914501190185547,0.10340344160795212,22.914215087890625,22.914501190185547,0.10340344160795212
LC08_L1TP_196028_20240626_20240709_02_T1,LANDSAT_8,20240626,geneva,196028,3.0,2.200000047683716,0.9797959327697754,2.039569139480591,2.0,3.0,3.0,0.0,2.0880508422851562,2.0,2.0,2.200000047683716,0.4000000059604645,2.130411386489868,2.0,16.05718994140625,16.078380584716797,0.16490627825260162,16.04482650756836,16.36480712890625,,,,16.804027557373047,17.041595458984375,16.05718994140625,16.078380584716797,0.16490627825260162,16.957006454467773,17.116790771484375,16.05718994140625,16.078380584716797,0.16490627825260162,16.94651222229004,17.099700927734375,14.035430908203125,14.06170654296875,0.17613090574741364,13.870035171508789,14.2008056640625,,,,14.655303955078125,14.885467529296875,14.035430908203125,14.06170654296875,0.17613090574741364,14.80831241607666,14.964248657226562,14.035430908203125,14.06170654296875,0.17613090574741364,14.798187255859375,14.948150634765625,11.514739990234375,11.558752059936523,0.33113783597946167,12.226765632629395,12.627120971679688,,,,13.334619522094727,13.638824462890625,11.514739990234375,11.558752059936523,0.33113783597946167,13.57905101776123,13.795425415039062,11.514739990234375,11.558752059936523,0.33113783597946167,13.563101768493652,13.76226806640625,,,,,,,,,,,,,,,,,,,,,,,,,,,,,,,,,,,,,,,,,,,,,
LC08_L1TP_195028_20240705_20240712_02_T1,LANDSAT_8,20240705,geneva,195028,3.0,2.680000066757202,0.5455272793769836,2.183685302734375,2.0,3.0,2.5999999046325684,0.4898979365825653,2.1638593673706055,2.0,3.0,2.5999999046325684,0.4898979365825653,2.145974636077881,2.0,19.799896240234375,19.79867172241211,0.11801394820213318,18.607404708862305,18.791595458984375,19.805023193359375,19.806737899780273,0.11349370330572128,18.90673828125,19.010345458984375,19.799896240234375,19.79867172241211,0.11801394820213318,18.94866371154785,19.034271240234375,19.799896240234375,19.79867172241211,0.11801394820213318,18.975391387939453,19.054779052734375,18.16650390625,18.167823791503906,0.10544680804014206,17.342117309570312,17.555709838867188,18.17138671875,18.172317504882812,0.10525060445070267,17.644128799438477,17.786285400390625,18.16650390625,18.167823791503906,0.10544680804014206,17.686193466186523,17.807281494140625,18.16650390625,18.167823791503906,0.10544680804014206,17.71300506591797,17.827728271484375,19.29547119140625,19.28345489501953,0.21122507750988007,17.325963973999023,17.686660766601562,19.315841674804688,19.292423248291016,0.21086515486240387,17.82398796081543,18.032257080078125,19.29547119140625,19.28345489501953,0.21122507750988007,17.889205932617188,18.03485107421875,19.29547119140625,19.28345489501953,0.21122507750988007,17.9235897064209,18.056121826171875,2.0,2.0,0.2828426957130432,2.0,2.0,0.0,2.0,2.0,0.0,15.462432861328125,15.435638427734375,0.2666909098625183,15.477813720703125,15.448763847351074,0.2641606330871582,15.462432861328125,15.435638427734375,0.2666909098625183,15.462432861328125,15.435638427734375,0.2666909098625183,14.12286376953125,14.118330001831055,0.2550491392612457,14.154693603515625,14.13244915008545,0.2505533695220947,14.12286376953125,14.118330001831055,0.2550491392612457,14.12286376953125,14.118330001831055,0.2550491392612457,14.3056640625,14.337340354919434,0.0973215326666832,14.308700561523438,14.339943885803223,0.0984712690114975,14.3056640625,14.337340354919434,0.0973215326666832,14.3056640625,14.337340354919434,0.0973215326666832
LC08_L1TP_196028_20240712_20240719_02_T1,LANDSAT_8,20240712,geneva,196028,1.5,1.5,0.5,1.6692895889282227,2.0,1.0,1.0,0.0,1.5089919567108154,1.0,1.0,1.0,0.0,1.529401183128357,1.0,18.877044677734375,18.873798370361328,0.09216782450675964,19.65294075012207,20.5587158203125,18.959075927734375,18.9091739654541,0.07518288493156433,20.28114891052246,21.088531494140625,,,,20.68463897705078,21.324371337890625,,,,20.58440399169922,21.269683837890625,16.547500610351562,16.548126220703125,0.10617169737815857,17.52468490600586,18.469207763671875,16.604660034179688,16.5804500579834,0.10847403854131699,18.160837173461914,18.985336303710938,,,,18.570039749145508,19.23602294921875,,,,18.468677520751953,19.192230224609375,15.85003662109375,15.560575485229492,0.6667851805686951,17.73063850402832,18.810333251953125,15.601486206054688,15.391308784484863,0.753280758857727,18.554956436157227,19.537322998046875,,,,19.185218811035156,20.129638671875,,,,19.03139877319336,20.01947021484375,2.0,2.4000000953674316,0.4898979365825653,2.0,2.119999885559082,0.32496151328086853,2.0,2.0799999237060547,0.27129319310188293,22.223297119140625,22.2116756439209,0.07828864455223083,22.223297119140625,22.2116756439209,0.07828864455223083,22.223297119140625,22.2116756439209,0.07828864455223083,22.223297119140625,22.2116756439209,0.07828864455223083,20.15283203125,20.142621994018555,0.0665993019938469,20.15283203125,20.142621994018555,0.0665993019938469,20.15283203125,20.142621994018555,0.0665993019938469,20.15283203125,20.142621994018555,0.0665993019938469,21.431182861328125,21.425743103027344,0.07249180972576141,21.431182861328125,21.425743103027344,0.07249180972576141,21.431182861328125,21.425743103027344,0.07249180972576141,21.431182861328125,21.425743103027344,0.07249180972576141
LC08_L1TP_196028_20240728_20240801_02_T1,LANDSAT_8,20240728,geneva,196028,3.0,2.559999942779541,0.57131427526474,2.138070821762085,2.0,2.0,2.440000057220459,0.57131427526474,2.110520601272583,2.0,2.0,2.4000000953674316,0.6324555277824402,2.1097588539123535,2.0,28.153564453125,28.1524715423584,0.029886730015277863,25.958467483520508,26.030975341796875,28.153564453125,28.1527099609375,0.0304795503616333,26.123775482177734,26.318084716796875,28.153564453125,28.1527099609375,0.0304795503616333,26.1092586517334,26.314666748046875,28.153564453125,28.1522274017334,0.031045064330101013,26.10605812072754,26.311248779296875,26.41485595703125,26.411279678344727,0.037129174917936325,25.082260131835938,25.264617919921875,26.41839599609375,26.412109375,0.03766820579767227,25.222904205322266,25.496734619140625,26.41839599609375,26.412109375,0.03766820579767227,25.213518142700195,25.492431640625,26.42193603515625,26.4119873046875,0.03847391903400421,25.210552215576172,25.490692138671875,29.235107421875,29.219369888305664,0.13323016464710236,27.828399658203125,28.020675659179688,29.232757568359375,29.215322494506836,0.13446062803268433,28.03514862060547,28.33038330078125,29.232757568359375,29.215322494506836,0.13446062803268433,28.01213836669922,28.3236083984375,29.235107421875,29.22148895263672,0.13398753106594086,28.008432388305664,28.320770263671875,2.0,2.2799999713897705,0.44899889826774597,2.0,2.0,0.0,2.0,2.0,0.0,25.306365966796875,25.301855087280273,0.061353977769613266,25.306365966796875,25.301855087280273,0.061353977769613266,25.306365966796875,25.301855087280273,0.061353977769613266,25.306365966796875,25.301855087280273,0.061353977769613266,24.46368408203125,24.464767456054688,0.0706281065940857,24.46368408203125,24.464767456054688,0.0706281065940857,24.46368408203125,24.464767456054688,0.0706281065940857,24.46368408203125,24.464767456054688,0.0706281065940857,27.77294921875,27.732372283935547,0.20753775537014008,27.77294921875,27.732372283935547,0.20753775537014008,27.77294921875,27.732372283935547,0.20753775537014008,27.77294921875,27.732372283935547,0.20753775537014008
LC08_L1TP_195028_20240806_20240814_02_T1,LANDSAT_8,20240806,geneva,195028,3.0,2.9200000762939453,0.3919183313846588,2.9529809951782227,3.0,3.0,2.9200000762939453,0.3919183313846588,2.99758243560791,3.0,3.0,2.9200000762939453,0.3919183313846588,2.9972872734069824,3.0,26.075408935546875,26.08074188232422,0.05320695787668228,25.81416130065918,25.832733154296875,26.075408935546875,26.082387924194336,0.05367661267518997,25.812232971191406,25.832733154296875,26.075408935546875,26.082387924194336,0.05367661267518997,25.81204605102539,25.832733154296875,26.075408935546875,26.082387924194336,0.05367661267518997,25.811986923217773,25.832733154296875,24.44659423828125,24.46453094482422,0.060100872069597244,24.472755432128906,24.512115478515625,24.4464111328125,24.46442222595215,0.06133768707513809,24.47105598449707,24.511810302734375,24.4464111328125,24.46442222595215,0.06133768707513809,24.470874786376953,24.511795043945312,24.4464111328125,24.46442222595215,0.06133768707513809,24.47081756591797,24.51177978515625,26.28302001953125,26.287500381469727,0.06263457983732224,25.901700973510742,25.911376953125,26.289077758789062,26.28847312927246,0.06374145299196243,25.89967918395996,25.910858154296875,26.289077758789062,26.28847312927246,0.06374145299196243,25.899450302124023,25.910842895507812,26.289077758789062,26.28847312927246,0.06374145299196243,25.899381637573242,25.91082763671875,3.0,2.799999952316284,0.4000000059604645,3.0,3.0,0.0,3.0,3.0,0.0,25.613983154296875,25.607969284057617,0.03467215597629547,25.613983154296875,25.607969284057617,0.03467215597629547,25.613983154296875,25.607969284057617,0.03467215597629547,25.613983154296875,25.607969284057617,0.03467215597629547,24.50701904296875,24.5010929107666,0.030636483803391457,24.50701904296875,24.5010929107666,0.030636483803391457,24.50701904296875,24.5010929107666,0.030636483803391457,24.50701904296875,24.5010929107666,0.030636483803391457,25.663909912109375,25.709638595581055,0.10709305107593536,25.663909912109375,25.709638595581055,0.10709305107593536,25.663909912109375,25.709638595581055,0.10709305107593536,25.663909912109375,25.709638595581055,0.10709305107593536
LC08_L1TP_196028_20240813_20240822_02_T1,LANDSAT_8,20240813,geneva,196028,3.0,2.799999952316284,0.5656853914260864,2.7573344707489014,3.0,3.0,2.799999952316284,0.4898979365825653,2.9147801399230957,3.0,3.0,2.799999952316284,0.4898979365825653,2.917387008666992,3.0,24.09979248046875,24.098833084106445,0.06517604738473892,25.334686279296875,25.367889404296875,24.11004638671875,24.106182098388672,0.06161123886704445,25.333463668823242,25.367889404296875,24.10491943359375,24.100645065307617,0.06590054929256439,25.3331356048584,25.367889404296875,24.10491943359375,24.100645065307617,0.06590054929256439,25.333648681640625,25.367889404296875,21.77655029296875,21.761564254760742,0.051739808171987534,23.10956573486328,23.179901123046875,21.77655029296875,21.759868621826172,0.05222240835428238,23.10851287841797,23.179534912109375,21.77215576171875,21.759042739868164,0.05127648636698723,23.10832977294922,23.179595947265625,21.77215576171875,21.759042739868164,0.05127648636698723,23.108858108520508,23.179931640625,21.576629638671875,21.58492660522461,0.07022369652986526,23.21709442138672,23.361419677734375,21.582427978515625,21.592750549316406,0.06762123852968216,23.215740203857422,23.36077880859375,21.57952880859375,21.58934783935547,0.06817962974309921,23.215656280517578,23.36114501953125,21.57952880859375,21.58934783935547,0.06817962974309921,23.216270446777344,23.361419677734375,2.0,2.0399999618530273,0.1959591805934906,2.0,2.0399999618530273,0.1959591805934906,2.0,2.0,0.0,25.384979248046875,25.387714385986328,0.03602999448776245,25.384979248046875,25.387714385986328,0.03602999448776245,25.384979248046875,25.387714385986328,0.03602999448776245,25.384979248046875,25.387714385986328,0.03602999448776245,23.3477783203125,23.3587703704834,0.0409843809902668,23.3477783203125,23.3587703704834,0.0409843809902668,23.3477783203125,23.3587703704834,0.0409843809902668,23.3477783203125,23.3587703704834,0.0409843809902668,23.82623291015625,23.8233699798584,0.01386419776827097,23.82623291015625,23.8233699798584,0.01386419776827097,23.82623291015625,23.8233699798584,0.01386419776827097,23.82623291015625,23.8233699798584,0.01386419776827097
LC08_L1TP_195028_20240822_20240830_02_T1,LANDSAT_8,20240822,geneva,195028,3.0,2.759999990463257,0.5122499465942383,2.4847781658172607,3.0,3.0,2.8399999141693115,0.4630334675312042,2.996466636657715,3.0,3.0,2.880000114440918,0.430813193321228,2.9962480068206787,3.0,23.255523681640625,23.262357711791992,0.03711605817079544,23.128787994384766,23.070953369140625,23.258941650390625,23.262643814086914,0.0378546342253685,23.093952178955078,23.043609619140625,23.258941650390625,23.262643814086914,0.0378546342253685,23.12696075439453,23.070953369140625,23.258941650390625,23.262643814086914,0.0378546342253685,23.127058029174805,23.070953369140625,21.84393310546875,21.841758728027344,0.02580132521688938,21.825300216674805,21.783966064453125,21.84527587890625,21.842679977416992,0.025928210467100143,21.785179138183594,21.74859619140625,21.84527587890625,21.842679977416992,0.025928210467100143,21.823564529418945,21.78369140625,21.84527587890625,21.842679977416992,0.025928210467100143,21.823684692382812,21.78375244140625,23.416778564453125,23.417238235473633,0.04331422597169876,23.070575714111328,23.03314208984375,23.416366577148438,23.41481590270996,0.04251241683959961,23.017606735229492,22.97662353515625,23.416366577148438,23.41481590270996,0.04251241683959961,23.06852912902832,23.0328369140625,23.416366577148438,23.41481590270996,0.04251241683959961,23.068655014038086,23.032928466796875,2.0,2.200000047683716,0.7483314275741577,3.0,3.0,0.0,3.0,3.0,0.0,23.142730712890625,23.146556854248047,0.03585213050246239,23.154693603515625,23.1550350189209,0.034424904733896255,23.142730712890625,23.146556854248047,0.03585213050246239,23.142730712890625,23.146556854248047,0.03585213050246239,21.9532470703125,21.95240020751953,0.03563052415847778,21.973220825195312,21.962923049926758,0.030839577317237854,21.9532470703125,21.95240020751953,0.03563052415847778,21.9532470703125,21.95240020751953,0.03563052415847778,23.0755615234375,23.04922866821289,0.11849948018789291,23.013885498046875,23.011638641357422,0.10020726919174194,23.0755615234375,23.04922866821289,0.11849948018789291,23.0755615234375,23.04922866821289,0.11849948018789291
LC08_L1TP_196028_20240829_20240905_02_T1,LANDSAT_8,20240829,geneva,196028,3.0,2.680000066757202,0.676461398601532,2.864492416381836,3.0,3.0,2.9200000762939453,0.27129319310188293,2.993323802947998,3.0,3.0,2.880000114440918,0.32496151328086853,2.9928014278411865,3.0,24.10321044921875,24.113737106323242,0.05026083067059517,23.806255340576172,23.781890869140625,24.10321044921875,24.111289978027344,0.051388975232839584,23.817502975463867,23.802398681640625,24.10321044921875,24.113737106323242,0.05026083067059517,23.805192947387695,23.781890869140625,24.10321044921875,24.113737106323242,0.05026083067059517,23.805274963378906,23.781890869140625,22.35015869140625,22.3609676361084,0.04892381653189659,22.36503791809082,22.361663818359375,22.352142333984375,22.361724853515625,0.05161440744996071,22.377843856811523,22.379837036132812,22.35015869140625,22.3609676361084,0.04892381653189659,22.36414909362793,22.36138916015625,22.35015869140625,22.3609676361084,0.04892381653189659,22.364213943481445,22.36138916015625,23.4365234375,23.437328338623047,0.07917045056819916,23.414386749267578,23.455230712890625,23.441940307617188,23.43779945373535,0.08426380902528763,23.418079376220703,23.4639892578125,23.4365234375,23.437328338623047,0.07917045056819916,23.413373947143555,23.454788208007812,23.4365234375,23.437328338623047,0.07917045056819916,23.41344451904297,23.454818725585938,3.0,3.0,0.0,3.0,3.0,0.0,3.0,3.0,0.0,23.720367431640625,23.70382308959961,0.05404006317257881,23.720367431640625,23.70382308959961,0.05404006317257881,23.720367431640625,23.70382308959961,0.05404006317257881,23.720367431640625,23.70382308959961,0.05404006317257881,22.29248046875,22.271099090576172,0.060981180518865585,22.29248046875,22.271099090576172,0.060981180518865585,22.29248046875,22.271099090576172,0.060981180518865585,22.29248046875,22.271099090576172,0.060981180518865585,23.842132568359375,23.8017578125,0.11562395840883255,23.842132568359375,23.8017578125,0.11562395840883255,23.842132568359375,23.8017578125,0.11562395840883255,23.842132568359375,23.8017578125,0.11562395840883255
LC08_L1TP_195028_20240907_20240914_02_T1,LANDSAT_8,20240907,geneva,195028,,,,1.4634146690368652,1.0,,,,1.0058071613311768,1.0,,,,1.0046457052230835,1.0,,,,7.358009338378906,7.522369384765625,,,,7.097858428955078,7.310455322265625,,,,10.567840576171875,10.516571044921875,,,,10.414031982421875,10.403778076171875,,,,5.716351509094238,5.902740478515625,,,,5.410984039306641,5.531768798828125,,,,9.005724906921387,8.98944091796875,,,,8.93548583984375,8.941513061523438,,,,-0.7325646281242371,-0.872528076171875,,,,-0.4302550256252289,-0.644927978515625,,,,5.949883937835693,5.5084228515625,,,,5.2951507568359375,5.2845916748046875,,,,,,,,,,,,,,,,,,,,,,,,,,,,,,,,,,,,,,,,,,,,,
LC08_L1TP_196028_20240914_20240920_02_T1,LANDSAT_8,20240914,geneva,196028,3.0,2.640000104904175,0.6248199343681335,2.157634735107422,2.0,2.0,2.0399999618530273,0.6621178388595581,2.3428115844726562,3.0,2.0,2.200000047683716,0.5656853914260864,2.356663227081299,3.0,17.503021240234375,17.485383987426758,0.043500203639268875,16.003782272338867,16.13922119140625,17.499603271484375,17.48162269592285,0.04333069920539856,16.236764907836914,16.42291259765625,17.501312255859375,17.48029136657715,0.04475157707929611,16.26268196105957,16.43658447265625,17.499603271484375,17.48162269592285,0.04333069920539856,16.260927200317383,16.43316650390625,16.677886962890625,16.672077178955078,0.04136952757835388,15.267967224121094,15.40374755859375,16.6751708984375,16.669174194335938,0.041892968118190765,15.498841285705566,15.68548583984375,16.68389892578125,16.674278259277344,0.04009915888309479,15.524219512939453,15.69952392578125,16.6751708984375,16.669174194335938,0.041892968118190765,15.522653579711914,15.697113037109375,16.625518798828125,16.623769760131836,0.023865271359682083,15.03276538848877,15.246337890625,16.625152587890625,16.623241424560547,0.02478286437690258,15.357917785644531,15.524749755859375,16.623687744140625,16.621801376342773,0.02392580546438694,15.383550643920898,15.542144775390625,16.625152587890625,16.623241424560547,0.02478286437690258,15.380929946899414,15.539794921875,1.0,1.2799999713897705,0.44899889826774597,1.0,1.159999966621399,0.36660605669021606,1.0,1.159999966621399,0.36660605669021606,15.599151611328125,15.609405517578125,0.05066901072859764,15.578643798828125,15.608917236328125,0.05685489624738693,15.605987548828125,15.628204345703125,0.0672176405787468,15.605987548828125,15.628204345703125,0.0672176405787468,14.87139892578125,14.88049602508545,0.05179775878787041,14.87139892578125,14.89488410949707,0.0640408992767334,14.935516357421875,14.937812805175781,0.053238026797771454,14.935516357421875,14.937812805175781,0.053238026797771454,14.581695556640625,14.589041709899902,0.03844057023525238,14.57391357421875,14.57373046875,0.02808663807809353,14.581924438476562,14.585952758789062,0.01854010671377182,14.581924438476562,14.585952758789062,0.01854010671377182
LC08_L1TP_196028_20240930_20241005_02_T1,LANDSAT_8,20240930,geneva,196028,2.5,2.1111111640930176,0.9362388253211975,1.8792372941970825,2.0,1.0,1.1111111640930176,0.31426969170570374,1.8484644889831543,2.0,2.0,1.8333333730697632,0.6871843338012695,1.867007851600647,2.0,11.571014404296875,11.517098426818848,0.7843542098999023,11.983415603637695,12.0546875,11.98974609375,11.68615436553955,0.8152002096176147,12.447661399841309,12.67333984375,,,,12.63187026977539,12.810089111328125,11.808578491210938,11.626002311706543,0.8070824146270752,12.633444786071777,12.813507080078125,10.40216064453125,10.194868087768555,0.6728336811065674,10.391685485839844,10.445938110351562,10.439910888671875,10.32128620147705,0.6785714626312256,10.840553283691406,11.06329345703125,,,,11.021936416625977,11.20208740234375,10.476287841796875,10.384501457214355,0.6334174275398254,11.023505210876465,11.20367431640625,9.83489990234375,9.62295913696289,0.8224828243255615,9.681427955627441,9.681411743164062,10.056549072265625,9.745022773742676,0.9023396372795105,10.328099250793457,10.510711669921875,,,,10.587392807006836,10.74420166015625,10.028656005859375,9.801739692687988,0.8460378646850586,10.573084831237793,10.733535766601562,,,,,,,,,,,,,,,,,,,,,,,,,,,,,,,,,,,,,,,,,,,,,
LC08_L1TP_195028_20241110_20241118_02_T1,LANDSAT_8,20241110,geneva,195028,3.0,2.640000104904175,0.6858571171760559,2.4135682582855225,3.0,3.0,2.559999942779541,0.49638694524765015,2.4967479705810547,3.0,3.0,2.759999990463257,0.42708316445350647,2.5636966228485107,3.0,13.356964111328125,13.364620208740234,0.0470070019364357,12.95687484741211,13.189483642578125,13.356964111328125,13.362868309020996,0.04917797073721886,13.004233360290527,13.251007080078125,13.356964111328125,13.364620208740234,0.0470070019364357,13.051233291625977,13.240753173828125,13.356964111328125,13.364620208740234,0.0470070019364357,13.016188621520996,13.220245361328125,12.829833984375,12.82383918762207,0.0427480973303318,12.440927505493164,12.688079833984375,12.823486328125,12.822421073913574,0.045361004769802094,12.490466117858887,12.751861572265625,12.829833984375,12.82383918762207,0.0427480973303318,12.540736198425293,12.741424560546875,12.829833984375,12.82383918762207,0.0427480973303318,12.504825592041016,12.720794677734375,13.78460693359375,13.802716255187988,0.060416460037231445,13.22011947631836,13.5858154296875,13.795059204101562,13.8090238571167,0.060893211513757706,13.286951065063477,13.65545654296875,13.78460693359375,13.802716255187988,0.060416460037231445,13.347698211669922,13.6436767578125,13.78460693359375,13.802716255187988,0.060416460037231445,13.30220890045166,13.618865966796875,,,,,,,,,,,,,,,,,,,,,,,,,,,,,,,,,,,,,,,,,,,,,
LC08_L1TP_195028_20241212_20241218_02_T1,LANDSAT_8,20241212,geneva,195028,,,,1.0368272066116333,1.0,,,,1.0056657791137695,1.0,,,,1.0028328895568848,1.0,,,,-0.7042415142059326,-0.67742919921875,,,,1.324998140335083,1.376800537109375,,,,2.019378662109375,2.019378662109375,,,,2.125335693359375,2.125335693359375,,,,-1.3799411058425903,-1.497161865234375,,,,0.8785728812217712,0.7586669921875,,,,1.5789947509765625,1.5789947509765625,,,,1.69390869140625,1.69390869140625,,,,-1.6874903440475464,-1.8099365234375,,,,0.1597219556570053,-0.019500732421875,,,,0.925689697265625,0.925689697265625,,,,0.65325927734375,0.65325927734375,,,,,,,,,,,,,,,,,,,,,,,,,,,,,,,,,,,,,,,,,,,,,
LC08_L1TP_195028_20241228_20250104_02_T1,LANDSAT_8,20241228,geneva,195028,,,,,,,,,,,,,,,,,,,,,,,,,,,,,,,,,,,,,,,,,,,,,,,,,,,,,,,,,,,,,,,,,,,,,,,,,,,,,,,,,,,,,,,,,,,,,,,,,,,,,,,,,,,,,,,,,,,,,,,,
LC08_L1TP_195028_20250113_20250122_02_T1,LANDSAT_8,20250113,geneva,195028,3.0,2.880000114440918,0.32496151328086853,2.7563109397888184,3.0,3.0,2.9600000381469727,0.1959591656923294,2.8264319896698,3.0,3.0,2.9600000381469727,0.1959591656923294,2.8291451930999756,3.0,6.917388916015625,6.920259952545166,0.03903888911008835,6.9839653968811035,7.197662353515625,6.917388916015625,6.920259952545166,0.03903888911008835,7.079251289367676,7.207916259765625,6.917388916015625,6.920259952545166,0.03903888911008835,7.079117298126221,7.204498291015625,6.917388916015625,6.920259952545166,0.03903888911008835,7.066298007965088,7.204498291015625,6.414947509765625,6.419407844543457,0.03897085040807724,6.477431297302246,6.69378662109375,6.414947509765625,6.419407844543457,0.03897085040807724,6.575712203979492,6.70452880859375,6.414947509765625,6.419407844543457,0.03897085040807724,6.576383113861084,6.7022857666015625,6.414947509765625,6.419407844543457,0.03897085040807724,6.562973976135254,6.700408935546875,6.68194580078125,6.684207916259766,0.051382794976234436,6.880894184112549,7.1475830078125,6.68194580078125,6.684207916259766,0.051382794976234436,7.009705543518066,7.1644287109375,6.68194580078125,6.684207916259766,0.051382794976234436,7.011011600494385,7.161224365234375,6.68194580078125,6.684207916259766,0.051382794976234436,6.991964340209961,7.158233642578125,3.0,2.9200000762939453,0.27129319310188293,3.0,3.0,0.0,3.0,3.0,0.0,7.310455322265625,7.301568508148193,0.05254341661930084,7.310455322265625,7.301568508148193,0.05254341661930084,7.310455322265625,7.301568508148193,0.05254341661930084,7.310455322265625,7.301568508148193,0.05254341661930084,6.813873291015625,6.807682991027832,0.05660102888941765,6.813873291015625,6.807682991027832,0.05660102888941765,6.813873291015625,6.807682991027832,0.05660102888941765,6.813873291015625,6.807682991027832,0.05660102888941765,7.12396240234375,7.139912128448486,0.0792049840092659,7.12396240234375,7.139912128448486,0.0792049840092659,7.12396240234375,7.139912128448486,0.0792049840092659,7.12396240234375,7.139912128448486,0.0792049840092659
LC08_L1TP_195028_20250129_20250131_02_T1,LANDSAT_8,20250129,geneva,195028,3.0,2.440000057220459,0.8522910475730896,1.5739330053329468,1.0,3.0,2.8399999141693115,0.5425863862037659,1.6302151679992676,1.0,3.0,2.9200000762939453,0.3919183313846588,1.6313594579696655,1.0,5.283599853515625,5.293169975280762,0.018696006387472153,2.5440163612365723,2.501312255859375,5.293853759765625,5.295652866363525,0.02051885612308979,3.4448790550231934,3.236175537109375,5.293853759765625,5.2941508293151855,0.019174378365278244,3.676605463027954,3.345550537109375,5.288726806640625,5.293711185455322,0.018888700753450394,3.70721697807312,3.362640380859375,4.66973876953125,4.675405502319336,0.024403272196650505,1.9160232543945312,1.8714599609375,4.67938232421875,4.678696632385254,0.026961997151374817,2.8110666275024414,2.6187744140625,4.6697998046875,4.676727294921875,0.025009144097566605,3.0395736694335938,2.724456787109375,4.669769287109375,4.6760382652282715,0.02470467798411846,3.0706827640533447,2.742462158203125,5.272003173828125,5.245927810668945,0.08352092653512955,1.8819783926010132,1.8143310546875,5.29541015625,5.252377033233643,0.08967215567827225,2.90421462059021,2.6698455810546875,5.283599853515625,5.25005578994751,0.08539704978466034,3.1722705364227295,2.7967529296875,5.277801513671875,5.249143123626709,0.08371354639530182,3.1986451148986816,2.817718505859375,2.0,2.240000009536743,0.5122499465942383,2.0,2.4800000190734863,0.4995998442173004,3.0,2.5199999809265137,0.4995998442173004,3.4139404296875,3.399442195892334,0.03713091090321541,3.4156494140625,3.3989803791046143,0.03782620653510094,3.4139404296875,3.399442195892334,0.03713091090321541,3.4139404296875,3.399442195892334,0.03713091090321541,2.7978515625,2.7646117210388184,0.0629400983452797,2.79791259765625,2.7661044597625732,0.06380299478769302,2.7978515625,2.7646117210388184,0.0629400983452797,2.7978515625,2.7646117210388184,0.0629400983452797,2.791656494140625,2.7695202827453613,0.0591646283864975,2.781402587890625,2.7658779621124268,0.057573094964027405,2.791656494140625,2.7695202827453613,0.0591646283864975,2.791656494140625,2.7695202827453613,0.0591646283864975
LC08_L1TP_195028_20250302_20250311_02_T1,LANDSAT_8,20250302,geneva,195028,3.0,2.9600000381469727,0.1959591656923294,2.7107269763946533,3.0,3.0,2.9600000381469727,0.1959591656923294,2.7621984481811523,3.0,3.0,2.9600000381469727,0.1959591656923294,2.7552237510681152,3.0,7.488189697265625,7.501998424530029,0.03978351131081581,7.103126049041748,7.276275634765625,7.488189697265625,7.501998424530029,0.03978351131081581,7.193611145019531,7.289947509765625,7.488189697265625,7.501998424530029,0.03978351131081581,7.210714340209961,7.293365478515625,7.488189697265625,7.501998424530029,0.03978351131081581,7.211390972137451,7.293365478515625,6.8634033203125,6.87061882019043,0.034697603434324265,6.458482265472412,6.629119873046875,6.8634033203125,6.87061882019043,0.034697603434324265,6.549067974090576,6.64263916015625,6.8634033203125,6.87061882019043,0.034697603434324265,6.5658674240112305,6.645111083984375,6.8634033203125,6.87061882019043,0.034697603434324265,6.56637716293335,6.64532470703125,7.842926025390625,7.826672554016113,0.08508358895778656,7.140241622924805,7.343994140625,7.842926025390625,7.826672554016113,0.08508358895778656,7.265860080718994,7.359222412109375,7.842926025390625,7.826672554016113,0.08508358895778656,7.289225101470947,7.361785888671875,7.842926025390625,7.826672554016113,0.08508358895778656,7.290075302124023,7.3619384765625,,,,,,,,,,,,,,,,,,,,,,,,,,,,,,,,,,,,,,,,,,,,,
LC08_L1TP_195028_20250403_20250411_02_T1,LANDSAT_8,20250403,geneva,195028,1.0,1.1200000047683716,0.430813193321228,1.980026125907898,2.0,1.0,1.0800000429153442,0.3919183909893036,1.9407051801681519,2.0,1.0,1.0,0.0,1.9505624771118164,2.0,5.967193603515625,5.971978664398193,0.04195060953497887,5.7893877029418945,5.707427978515625,,,,6.1354265213012695,6.278228759765625,,,,6.52573823928833,6.620025634765625,,,,6.526773452758789,6.637115478515625,5.159912109375,5.157426834106445,0.05000624433159828,4.998651027679443,4.9223785400390625,,,,5.334500312805176,5.4744873046875,,,,5.711526393890381,5.8004150390625,,,,5.712582111358643,5.8185577392578125,4.575439453125,4.573502063751221,0.24527503550052643,4.275745391845703,4.2391204833984375,,,,4.762300491333008,4.968719482421875,,,,5.303982734680176,5.38836669921875,,,,5.299302577972412,5.409332275390625,2.0,2.200000047683716,0.6928203105926514,3.0,2.440000057220459,0.8039900064468384,3.0,2.640000104904175,0.5571355223655701,7.474517822265625,7.361451625823975,0.22432278096675873,7.474517822265625,7.371653079986572,0.2012166529893875,7.411285400390625,7.339166164398193,0.23239271342754364,7.412994384765625,7.351043701171875,0.22295601665973663,6.646148681640625,6.589623928070068,0.16070802509784698,6.646148681640625,6.603041648864746,0.1385987251996994,6.6397857666015625,6.5711517333984375,0.1699463576078415,6.6397247314453125,6.5821661949157715,0.1597268283367157,6.885711669921875,6.870369911193848,0.16720427572727203,6.82794189453125,6.853819370269775,0.1772780865430832,6.8860015869140625,6.882957458496094,0.17584380507469177,6.866943359375,6.866125583648682,0.16932761669158936
LC08_L1TP_196028_20250410_20250416_02_T1,LANDSAT_8,20250410,geneva,196028,3.0,2.680000066757202,0.676461398601532,2.625819206237793,3.0,3.0,2.799999952316284,0.5656853914260864,2.665156602859497,3.0,3.0,2.799999952316284,0.5656853914260864,2.6786739826202393,3.0,10.058563232421875,10.036415100097656,0.274318128824234,10.141440391540527,10.003875732421875,10.003875732421875,10.004186630249023,0.2739805579185486,10.150139808654785,10.010711669921875,10.014129638671875,10.022154808044434,0.2808990776538849,10.15442180633545,10.007293701171875,10.014129638671875,10.022154808044434,0.2808990776538849,10.157285690307617,10.007293701171875,9.119049072265625,9.098759651184082,0.2346746176481247,9.46336841583252,9.347320556640625,9.119033813476562,9.086023330688477,0.24550999701023102,9.474854469299316,9.353973388671875,9.119049072265625,9.095671653747559,0.2443404495716095,9.476981163024902,9.349456787109375,9.119049072265625,9.095671653747559,0.2443404495716095,9.480259895324707,9.349517822265625,9.933135986328125,9.829581260681152,0.4850181043148041,9.958309173583984,9.868255615234375,9.84295654296875,9.787873268127441,0.4998958110809326,9.980030059814453,9.878021240234375,9.86785888671875,9.81078815460205,0.5005822777748108,9.982566833496094,9.873687744140625,9.86785888671875,9.81078815460205,0.5005822777748108,9.985128402709961,9.87286376953125,2.0,1.7999999523162842,0.4000000059604645,2.0,1.9600000381469727,0.1959591656923294,2.0,1.9600000381469727,0.1959591656923294,10.027801513671875,10.022879600524902,0.05092732235789299,10.032928466796875,10.024383544921875,0.05264115706086159,10.027801513671875,10.02238941192627,0.05191972851753235,10.027801513671875,10.02238941192627,0.05191972851753235,9.372161865234375,9.3723726272583,0.04994551092386246,9.378173828125,9.374792098999023,0.051313143223524094,9.378143310546875,9.373542785644531,0.05063878372311592,9.378143310546875,9.373542785644531,0.05063878372311592,10.062347412109375,10.068024635314941,0.02654833160340786,10.074310302734375,10.0746431350708,0.02512526325881481,10.066543579101562,10.069708824157715,0.025754963979125023,10.066543579101562,10.069708824157715,0.025754963979125023
LC08_L1TP_196028_20250613_20250626_02_T1,LANDSAT_8,20250613,geneva,196028,1.0,1.159999966621399,0.5425863862037659,2.6519970893859863,3.0,1.0,1.0,0.0,2.663994789123535,3.0,1.0,1.0,0.0,2.6614999771118164,3.0,22.807769775390625,22.815288543701172,0.10283485800027847,22.734846115112305,22.756500244140625,,,,22.766948699951172,22.756500244140625,,,,22.77676010131836,22.763336181640625,,,,22.776365280151367,22.763336181640625,20.93109130859375,20.937294006347656,0.09323306381702423,21.07887840270996,21.092727661132812,,,,21.122074127197266,21.10687255859375,,,,21.13300895690918,21.1131591796875,,,,21.132368087768555,21.11163330078125,21.945159912109375,21.993688583374023,0.19316212832927704,22.2276668548584,22.263900756835938,,,,22.343502044677734,22.328765869140625,,,,22.378881454467773,22.344085693359375,,,,22.376102447509766,22.34100341796875,1.0,1.0,0.0,1.0,1.0,0.0,1.0,1.0399999618530273,0.1959591805934906,22.472808837890625,22.412513732910156,0.3642546236515045,,,,,,,,,,20.7763671875,20.780424118041992,0.3907592296600342,,,,,,,,,,21.6898193359375,21.685802459716797,0.1393187940120697,,,,,,,,,
LC08_L1TP_195028_20250622_20250630_02_T1,LANDSAT_8,20250622,geneva,195028,3.0,2.7200000286102295,0.44899889826774597,2.598619222640991,3.0,3.0,2.880000114440918,0.32496151328086853,2.5892529487609863,3.0,3.0,2.880000114440918,0.32496151328086853,2.579470634460449,3.0,22.626617431640625,22.634136199951172,0.10850422084331512,23.202516555786133,23.501617431640625,22.626617431640625,22.634136199951172,0.10850422084331512,23.578655242919922,23.652008056640625,22.626617431640625,22.634136199951172,0.10850422084331512,23.635587692260742,23.669097900390625,22.626617431640625,22.634136199951172,0.10850422084331512,23.64387321472168,23.675933837890625,22.203948974609375,22.182985305786133,0.09456523507833481,22.727338790893555,23.061920166015625,22.203948974609375,22.182985305786133,0.09456523507833481,23.111501693725586,23.195297241210938,22.203948974609375,22.182985305786133,0.09456523507833481,23.168874740600586,23.21307373046875,22.203948974609375,22.182985305786133,0.09456523507833481,23.177804946899414,23.219879150390625,24.547882080078125,24.51885223388672,0.07122690230607986,24.1123046875,24.70013427734375,24.547882080078125,24.51885223388672,0.07122690230607986,24.680299758911133,24.852340698242188,24.547882080078125,24.51885223388672,0.07122690230607986,24.756126403808594,24.8704833984375,24.547882080078125,24.51885223388672,0.07122690230607986,24.772716522216797,24.878570556640625,3.0,3.0,0.0,3.0,3.0,0.0,3.0,3.0,0.0,23.296539306640625,23.305015563964844,0.06831233203411102,23.296539306640625,23.305015563964844,0.06831233203411102,23.296539306640625,23.305015563964844,0.06831233203411102,23.296539306640625,23.305015563964844,0.06831233203411102,22.903289794921875,22.893808364868164,0.06920407712459564,22.903289794921875,22.893808364868164,0.06920407712459564,22.903289794921875,22.893808364868164,0.06920407712459564,22.903289794921875,22.893808364868164,0.06920407712459564,24.37066650390625,24.37148666381836,0.0313473641872406,24.37066650390625,24.37148666381836,0.0313473641872406,24.37066650390625,24.37148666381836,0.0313473641872406,24.37066650390625,24.37148666381836,0.0313473641872406
LC08_L1TP_196028_20250629_20250711_02_T1,LANDSAT_8,20250629,geneva,196028,3.0,2.8399999141693115,0.4630334675312042,2.2119803428649902,2.0,3.0,2.880000114440918,0.430813193321228,2.1961424350738525,3.0,3.0,2.880000114440918,0.430813193321228,2.163724660873413,2.0,27.856170654296875,27.909086227416992,0.1555968075990677,26.472991943359375,26.324920654296875,27.854461669921875,27.90716552734375,0.15851332247257233,26.56191062927246,26.413787841796875,27.854461669921875,27.902318954467773,0.15515734255313873,26.651565551757812,26.502655029296875,27.854461669921875,27.902318954467773,0.15515734255313873,26.65455436706543,26.502655029296875,27.481475830078125,27.524307250976562,0.15772560238838196,25.72773551940918,25.5699462890625,27.468780517578125,27.52484703063965,0.1609552949666977,25.803739547729492,25.63714599609375,27.468780517578125,27.518646240234375,0.1584738790988922,25.87052345275879,25.68572998046875,27.468780517578125,27.518646240234375,0.1584738790988922,25.87508773803711,25.689056396484375,30.400482177734375,30.437089920043945,0.24309712648391724,28.645126342773438,28.4525146484375,30.390213012695312,30.436899185180664,0.24810808897018433,28.689041137695312,28.469573974609375,30.390213012695312,30.42889976501465,0.24470564723014832,28.721904754638672,28.464370727539062,30.390213012695312,30.42889976501465,0.24470564723014832,28.729318618774414,28.474517822265625,2.0,1.9199999570846558,0.27129319310188293,1.0,1.2799999713897705,0.44899889826774597,1.0,1.2400000095367432,0.42708316445350647,26.622283935546875,26.595352172851562,0.28723031282424927,26.622283935546875,26.5950870513916,0.280132919549942,26.649627685546875,26.562713623046875,0.3052472472190857,26.516326904296875,26.549936294555664,0.2954610586166382,26.05303955078125,26.036052703857422,0.34844303131103516,26.05303955078125,26.04487419128418,0.3457893133163452,26.356903076171875,26.09345817565918,0.36633554100990295,25.997161865234375,26.028310775756836,0.3180656135082245,28.80621337890625,28.789873123168945,0.0893489196896553,28.80621337890625,28.78876495361328,0.08827293664216995,28.860870361328125,28.77425193786621,0.10785125195980072,28.722915649414062,28.741424560546875,0.0676373764872551
LC08_L1TP_195028_20250708_20250715_02_T1,LANDSAT_8,20250708,geneva,195028,,,,2.389880657196045,3.0,,,,2.3278143405914307,2.0,,,,2.3462226390838623,2.0,,,,21.662771224975586,21.700347900390625,,,,21.813251495361328,21.782379150390625,,,,21.839752197265625,21.782379150390625,,,,21.844614028930664,21.782379150390625,,,,13.707010269165039,13.747283935546875,,,,13.971841812133789,13.908340454101562,,,,14.01831340789795,13.90545654296875,,,,14.027120590209961,13.903549194335938,,,,10.563335418701172,10.668212890625,,,,10.910720825195312,10.90325927734375,,,,10.986764907836914,10.9044189453125,,,,10.993353843688965,10.898773193359375,,,,,,,,,,,,,,,,,,,,,,,,,,,,,,,,,,,,,,,,,,,,,
LC09_L1TP_195028_20211106_20230507_02_T1,LANDSAT_9,20211106,geneva,195028,3.0,2.759999990463257,0.5122499465942383,2.7303361892700195,3.0,3.0,2.880000114440918,0.32496151328086853,2.725522994995117,3.0,3.0,2.9600000381469727,0.1959591656923294,2.732417583465576,3.0,12.47509765625,12.482207298278809,0.044015370309352875,12.162153244018555,12.33837890625,12.473388671875,12.482502937316895,0.04489857703447342,12.226983070373535,12.35205078125,12.47509765625,12.482207298278809,0.044015370309352875,12.248649597167969,12.35205078125,12.47509765625,12.482207298278809,0.044015370309352875,12.231057167053223,12.3486328125,11.780975341796875,11.786948204040527,0.05021718889474869,11.502782821655273,11.679229736328125,11.779205322265625,11.78719711303711,0.051237594336271286,11.569869041442871,11.69439697265625,11.780975341796875,11.786948204040527,0.05021718889474869,11.593546867370605,11.6943359375,11.780975341796875,11.786948204040527,0.05021718889474869,11.575886726379395,11.68975830078125,13.266937255859375,13.291302680969238,0.07625698298215866,12.781473159790039,13.044219970703125,13.266815185546875,13.289669036865234,0.07739974558353424,12.874796867370605,13.064849853515625,13.266937255859375,13.291302680969238,0.07625698298215866,12.91268539428711,13.064300537109375,13.266937255859375,13.291302680969238,0.07625698298215866,12.885687828063965,13.05816650390625,3.0,3.0,0.0,3.0,3.0,0.0,3.0,3.0,0.0,12.33154296875,12.329492568969727,0.030905695632100105,12.33154296875,12.329492568969727,0.030905695632100105,12.33154296875,12.329492568969727,0.030905695632100105,12.33154296875,12.329492568969727,0.030905695632100105,11.689117431640625,11.689932823181152,0.028910821303725243,11.689117431640625,11.689932823181152,0.028910821303725243,11.689117431640625,11.689932823181152,0.028910821303725243,11.689117431640625,11.689932823181152,0.028910821303725243,12.966217041015625,12.966211318969727,0.017221936956048012,12.966217041015625,12.966211318969727,0.017221936956048012,12.966217041015625,12.966211318969727,0.017221936956048012,12.966217041015625,12.966211318969727,0.017221936956048012
LC09_L1TP_195028_20211212_20230505_02_T1,LANDSAT_9,20211212,geneva,195028,,,,1.619703769683838,1.0,,,,1.5461868047714233,1.0,,,,1.5636528730392456,1.0,,,,3.272064685821533,3.037933349609375,,,,4.74259090423584,4.829010009765625,,,,5.476141929626465,5.543365478515625,,,,5.48257303237915,5.536529541015625,,,,2.8484630584716797,2.627960205078125,,,,4.3179802894592285,4.4134674072265625,,,,5.0471577644348145,5.112640380859375,,,,5.054142951965332,5.106231689453125,,,,2.809720754623413,2.434112548828125,,,,4.375412940979004,4.508758544921875,,,,5.208263874053955,5.301055908203125,,,,5.20669412612915,5.295989990234375,3.0,2.759999990463257,0.42708316445350647,3.0,2.9600000381469727,0.1959591656923294,3.0,2.8399999141693115,0.3666060268878937,4.832427978515625,4.854027271270752,0.15128251910209656,4.832427978515625,4.854027271270752,0.15128251910209656,4.832427978515625,4.854027271270752,0.15128251910209656,4.832427978515625,4.854027271270752,0.15128251910209656,4.44775390625,4.470778942108154,0.15640847384929657,4.44775390625,4.470778942108154,0.15640847384929657,4.44775390625,4.470778942108154,0.15640847384929657,4.44775390625,4.470778942108154,0.15640847384929657,4.735076904296875,4.740530014038086,0.17522405087947845,4.735076904296875,4.740530014038086,0.17522405087947845,4.735076904296875,4.740530014038086,0.17522405087947845,4.735076904296875,4.740530014038086,0.17522405087947845
LC09_L1TP_195028_20220113_20230502_02_T1,LANDSAT_9,20220113,geneva,195028,3.0,2.9200000762939453,0.27129319310188293,2.770744800567627,3.0,3.0,2.9200000762939453,0.27129319310188293,2.8364274501800537,3.0,3.0,3.0,0.0,2.843451499938965,3.0,6.650787353515625,6.637115478515625,0.06254789233207703,6.589709758758545,6.719146728515625,6.650787353515625,6.637115478515625,0.06254789233207703,6.619950294494629,6.725982666015625,6.650787353515625,6.637115478515625,0.06254789233207703,6.6240081787109375,6.722564697265625,6.650787353515625,6.637115478515625,0.06254789233207703,6.621130466461182,6.722564697265625,6.159149169921875,6.158279895782471,0.05399239808320999,6.141572952270508,6.269439697265625,6.159149169921875,6.158279895782471,0.05399239808320999,6.173135280609131,6.27392578125,6.159149169921875,6.158279895782471,0.05399239808320999,6.177605628967285,6.273529052734375,6.159149169921875,6.158279895782471,0.05399239808320999,6.174633502960205,6.27294921875,6.52899169921875,6.53839111328125,0.05037083849310875,6.4132843017578125,6.58697509765625,6.52899169921875,6.53839111328125,0.05037083849310875,6.455451965332031,6.59197998046875,6.52899169921875,6.53839111328125,0.05037083849310875,6.461329460144043,6.591552734375,6.52899169921875,6.53839111328125,0.05037083849310875,6.456417560577393,6.5908203125,2.0,2.2916667461395264,0.45452967286109924,2.0,2.3333332538604736,0.5527707934379578,2.0,2.3333332538604736,0.5527707934379578,6.314117431640625,6.235361576080322,0.26001468300819397,6.314117431640625,6.235361576080322,0.26001468300819397,6.329498291015625,6.258612632751465,0.2399429976940155,6.329498291015625,6.258612632751465,0.2399429976940155,5.69171142578125,5.6342644691467285,0.3519442677497864,5.69171142578125,5.6342644691467285,0.3519442677497864,5.71722412109375,5.671810150146484,0.30889883637428284,5.71722412109375,5.671810150146484,0.30889883637428284,5.6523284912109375,5.567310333251953,0.5128191709518433,5.6523284912109375,5.567310333251953,0.5128191709518433,5.72625732421875,5.6167521476745605,0.46448832750320435,5.72625732421875,5.6167521476745605,0.46448832750320435
LC09_L1TP_195028_20220129_20230430_02_T1,LANDSAT_9,20220129,geneva,195028,3.0,2.640000104904175,0.5571355223655701,2.718705654144287,3.0,2.0,2.200000047683716,0.4898979365825653,2.697105884552002,3.0,2.0,2.4000000953674316,0.4898979365825653,2.718111038208008,3.0,6.708892822265625,6.704654693603516,0.028388159349560738,6.687517166137695,6.784088134765625,6.707183837890625,6.703765869140625,0.028630802407860756,6.743227481842041,6.794342041015625,6.707183837890625,6.703765869140625,0.028630802407860756,6.751306056976318,6.794342041015625,6.708892822265625,6.704654693603516,0.028388159349560738,6.754487991333008,6.794342041015625,5.921356201171875,5.922152042388916,0.03519035875797272,5.965158462524414,6.064300537109375,5.9197235107421875,5.921461582183838,0.035749755799770355,6.021472930908203,6.072021484375,5.9197235107421875,5.921461582183838,0.035749755799770355,6.029599666595459,6.0728759765625,5.921356201171875,5.922152042388916,0.03519035875797272,6.032756328582764,6.073516845703125,6.213653564453125,6.223275184631348,0.03357618674635887,6.332286357879639,6.4603271484375,6.21563720703125,6.224327087402344,0.03386250510811806,6.4099626541137695,6.468780517578125,6.21563720703125,6.224327087402344,0.03386250510811806,6.42231559753418,6.469696044921875,6.213653564453125,6.223275184631348,0.03357618674635887,6.426422595977783,6.470367431640625,3.0,2.9200000762939453,0.27129319310188293,3.0,2.9200000762939453,0.27129319310188293,3.0,3.0,0.0,6.797760009765625,6.79051399230957,0.020786646753549576,6.797760009765625,6.79051399230957,0.020786646753549576,6.797760009765625,6.79051399230957,0.020786646753549576,6.797760009765625,6.79051399230957,0.020786646753549576,6.076904296875,6.069684982299805,0.023539863526821136,6.076904296875,6.069684982299805,0.023539863526821136,6.076904296875,6.069684982299805,0.023539863526821136,6.076904296875,6.069684982299805,0.023539863526821136,6.476226806640625,6.477584362030029,0.04608999937772751,6.476226806640625,6.477584362030029,0.04608999937772751,6.476226806640625,6.477584362030029,0.04608999937772751,6.476226806640625,6.477584362030029,0.04608999937772751
LC09_L1TP_196028_20220205_20230429_02_T1,LANDSAT_9,20220205,geneva,196028,3.0,3.0,0.0,2.673231363296509,3.0,3.0,2.9600000381469727,0.1959591656923294,2.9965267181396484,3.0,3.0,2.9600000381469727,0.1959591656923294,2.996812105178833,3.0,7.084869384765625,7.088834285736084,0.042828988283872604,6.866022109985352,6.852447509765625,7.084869384765625,7.088834285736084,0.042828988283872604,6.865149974822998,6.852447509765625,7.084869384765625,7.088834285736084,0.042828988283872604,6.865087985992432,6.852447509765625,7.084869384765625,7.088834285736084,0.042828988283872604,6.864933490753174,6.852447509765625,6.5367431640625,6.542243480682373,0.045018430799245834,6.300722122192383,6.2852783203125,6.5367431640625,6.542243480682373,0.045018430799245834,6.3000359535217285,6.2850341796875,6.5367431640625,6.542243480682373,0.045018430799245834,6.299961566925049,6.28515625,6.5367431640625,6.542243480682373,0.045018430799245834,6.299839973449707,6.285125732421875,7.23114013671875,7.237725734710693,0.05873623862862587,7.018558025360107,7.0177001953125,7.23114013671875,7.237725734710693,0.05873623862862587,7.017943382263184,7.017578125,7.23114013671875,7.237725734710693,0.05873623862862587,7.017611026763916,7.017486572265625,7.23114013671875,7.237725734710693,0.05873623862862587,7.0174641609191895,7.0174560546875,3.0,2.5199999809265137,0.4995998442173004,3.0,3.0,0.0,3.0,3.0,0.0,6.852447509765625,6.853677749633789,0.049027349799871445,6.852447509765625,6.853677749633789,0.049027349799871445,6.852447509765625,6.853677749633789,0.049027349799871445,6.852447509765625,6.853677749633789,0.049027349799871445,6.267425537109375,6.266684532165527,0.05373011901974678,6.267425537109375,6.266684532165527,0.05373011901974678,6.267425537109375,6.266684532165527,0.05373011901974678,6.267425537109375,6.266684532165527,0.05373011901974678,6.853912353515625,6.84390115737915,0.02832506038248539,6.853912353515625,6.84390115737915,0.02832506038248539,6.853912353515625,6.84390115737915,0.02832506038248539,6.853912353515625,6.84390115737915,0.02832506038248539
LC09_L1TP_196028_20220309_20230425_02_T1,LANDSAT_9,20220309,geneva,196028,3.0,2.880000114440918,0.430813193321228,2.972598075866699,3.0,3.0,2.880000114440918,0.430813193321228,2.986584424972534,3.0,3.0,2.8399999141693115,0.5425863862037659,2.9854023456573486,3.0,7.057525634765625,7.06736946105957,0.03954600542783737,6.9335103034973145,6.896881103515625,7.057525634765625,7.067494869232178,0.040356606245040894,6.931540012359619,6.896881103515625,7.057525634765625,7.067779541015625,0.04030933603644371,6.931484699249268,6.896881103515625,7.057525634765625,7.067928314208984,0.04116986691951752,6.931478500366211,6.896881103515625,6.471954345703125,6.485957145690918,0.03941554203629494,6.291916847229004,6.256622314453125,6.4719390869140625,6.485553741455078,0.04017774760723114,6.290191650390625,6.256500244140625,6.4719390869140625,6.484987735748291,0.039935410022735596,6.290156841278076,6.256500244140625,6.471923828125,6.484524726867676,0.04073123633861542,6.290150165557861,6.256500244140625,7.17578125,7.192398548126221,0.07151810079813004,6.771131992340088,6.745086669921875,7.1720123291015625,7.190696716308594,0.07249510288238525,6.7691969871521,6.744903564453125,7.1720123291015625,7.190858364105225,0.072585329413414,6.769131183624268,6.744903564453125,7.168243408203125,7.1890153884887695,0.07359474897384644,6.769115924835205,6.744903564453125,3.0,3.0,0.0,3.0,3.0,0.0,3.0,3.0,0.0,7.037017822265625,7.035650730133057,0.04218388348817825,7.037017822265625,7.035650730133057,0.04218388348817825,7.037017822265625,7.035650730133057,0.04218388348817825,7.037017822265625,7.035650730133057,0.04218388348817825,6.37591552734375,6.389367580413818,0.041565533727407455,6.37591552734375,6.389367580413818,0.041565533727407455,6.37591552734375,6.389367580413818,0.041565533727407455,6.37591552734375,6.389367580413818,0.041565533727407455,6.63531494140625,6.644431114196777,0.09598446637392044,6.63531494140625,6.644431114196777,0.09598446637392044,6.63531494140625,6.644431114196777,0.09598446637392044,6.63531494140625,6.644431114196777,0.09598446637392044
LC09_L1TP_196028_20220325_20230424_02_T1,LANDSAT_9,20220325,geneva,196028,3.0,2.680000066757202,0.6144917011260986,2.9582936763763428,3.0,3.0,2.8399999141693115,0.5425863862037659,2.9800193309783936,3.0,3.0,2.8399999141693115,0.5425863862037659,2.9762725830078125,3.0,10.287567138671875,10.295086860656738,0.09271708875894547,9.667367935180664,9.621063232421875,10.287567138671875,10.289499282836914,0.0944305807352066,9.659177780151367,9.621063232421875,10.287567138671875,10.289499282836914,0.0944305807352066,9.661616325378418,9.621063232421875,10.287567138671875,10.289499282836914,0.0944305807352066,9.660893440246582,9.621063232421875,9.605560302734375,9.589704513549805,0.09413694590330124,8.998244285583496,8.95794677734375,9.605499267578125,9.585561752319336,0.09668048471212387,8.991715431213379,8.955322265625,9.605499267578125,9.585561752319336,0.09668048471212387,8.993193626403809,8.956451416015625,9.605499267578125,9.585561752319336,0.09668048471212387,8.992527961730957,8.95635986328125,10.46197509765625,10.453346252441406,0.14236201345920563,9.638056755065918,9.582183837890625,10.46197509765625,10.449226379394531,0.1469658762216568,9.631003379821777,9.578857421875,10.46197509765625,10.449226379394531,0.1469658762216568,9.63259506225586,9.58062744140625,10.46197509765625,10.449226379394531,0.1469658762216568,9.63188362121582,9.58050537109375,3.0,3.0,0.0,3.0,3.0,0.0,3.0,3.0,0.0,9.306610107421875,9.303328514099121,0.028043679893016815,9.306610107421875,9.303328514099121,0.028043679893016815,9.306610107421875,9.303328514099121,0.028043679893016815,9.306610107421875,9.303328514099121,0.028043679893016815,8.6248779296875,8.620170593261719,0.03210476413369179,8.6248779296875,8.620170593261719,0.03210476413369179,8.6248779296875,8.620170593261719,0.03210476413369179,8.6248779296875,8.620170593261719,0.03210476413369179,9.062774658203125,9.050448417663574,0.051252324134111404,9.062774658203125,9.050448417663574,0.051252324134111404,9.062774658203125,9.050448417663574,0.051252324134111404,9.062774658203125,9.050448417663574,0.051252324134111404
LC09_L1TP_196028_20220410_20230422_02_T1,LANDSAT_9,20220410,geneva,196028,3.0,2.640000104904175,0.6858571171760559,1.6717270612716675,1.0,1.0,1.2799999713897705,0.6013318300247192,2.594374418258667,3.0,1.0,1.1200000047683716,0.430813193321228,2.506300210952759,3.0,7.505279541015625,7.501861572265625,0.04588742181658745,7.499120712280273,7.488189697265625,7.505279541015625,7.497822284698486,0.04658794030547142,7.371394634246826,7.300201416015625,7.454010009765625,7.447857856750488,0.043039269745349884,7.477489471435547,7.471099853515625,,,,7.468104362487793,7.450592041015625,6.98046875,6.971908092498779,0.05491156876087189,6.923662185668945,6.91693115234375,6.97869873046875,6.966065883636475,0.055796217173337936,6.802975654602051,6.74072265625,6.9010009765625,6.911468505859375,0.047272197902202606,6.90458869934082,6.90045166015625,,,,6.895445823669434,6.881622314453125,7.566925048828125,7.554759502410889,0.08763503283262253,7.409185886383057,7.400604248046875,7.5573577880859375,7.547008037567139,0.08981677889823914,7.252649307250977,7.1439208984375,7.476409912109375,7.471905708312988,0.06919227540493011,7.387445449829102,7.3778839111328125,,,,7.376168727874756,7.34954833984375,2.0,1.7999999523162842,0.4000000059604645,2.0,2.0,0.0,2.0,2.0,0.0,6.838775634765625,6.840689659118652,0.04282244294881821,6.830230712890625,6.838433742523193,0.04194364324212074,6.838775634765625,6.840689659118652,0.04282244294881821,6.838775634765625,6.840689659118652,0.04282244294881821,6.25897216796875,6.2677001953125,0.03861447051167488,6.2569580078125,6.26666259765625,0.0408426895737648,6.25897216796875,6.2677001953125,0.03861447051167488,6.25897216796875,6.2677001953125,0.03861447051167488,6.4776611328125,6.462399959564209,0.0512285940349102,6.4799346923828125,6.4684038162231445,0.04877229407429695,6.4776611328125,6.462399959564209,0.0512285940349102,6.4776611328125,6.462399959564209,0.0512285940349102
LC09_L1TP_195028_20220419_20230421_02_T1,LANDSAT_9,20220419,geneva,195028,,,,1.6448014974594116,1.0,,,,1.7241995334625244,1.0,,,,1.6952391862869263,1.0,,,,3.250582456588745,3.304534912109375,,,,3.9954004287719727,4.0257568359375,,,,3.9452123641967773,4.0599365234375,,,,3.8874340057373047,4.0120849609375,,,,2.7535107135772705,2.8106536865234375,,,,3.4745194911956787,3.4999847412109375,,,,3.426442861557007,3.5333251953125,,,,3.3703110218048096,3.489044189453125,,,,1.6166731119155884,1.557891845703125,,,,2.552187204360962,2.564483642578125,,,,2.4572532176971436,2.563812255859375,,,,2.405343770980835,2.514495849609375,,,,,,,,,,,,,,,,,,,,,,,,,,,,,,,,,,,,,,,,,,,,,
LC09_L1TP_196028_20220512_20230417_02_T1,LANDSAT_9,20220512,geneva,196028,,,,2.046720504760742,2.0,,,,2.0307729244232178,2.0,,,,2.0226821899414062,2.0,,,,8.853561401367188,9.169891357421875,,,,9.817866325378418,9.829559326171875,,,,9.993871688842773,9.870574951171875,,,,9.953429222106934,9.836395263671875,,,,7.876495838165283,8.169708251953125,,,,8.756187438964844,8.758575439453125,,,,8.91447639465332,8.7965087890625,,,,8.877676963806152,8.765640258789062,,,,6.470666885375977,6.82269287109375,,,,7.525646209716797,7.493804931640625,,,,7.691672325134277,7.556304931640625,,,,7.638518810272217,7.4961090087890625,,,,,,,,,,,,,,,,,,,,,,,,,,,,,,,,,,,,,,,,,,,,,
LC09_L1TP_195028_20220521_20230415_02_T1,LANDSAT_9,20220521,geneva,195028,3.0,2.5199999809265137,0.754718542098999,2.72772479057312,3.0,3.0,2.799999952316284,0.4000000059604645,2.7110795974731445,3.0,3.0,2.880000114440918,0.32496151328086853,2.6448557376861572,3.0,20.8150634765625,20.833524703979492,0.09332314878702164,18.96201515197754,18.836029052734375,20.8048095703125,20.824995040893555,0.08548539876937866,19.00865936279297,18.870208740234375,20.8150634765625,20.833524703979492,0.09332314878702164,18.946901321411133,18.829193115234375,20.8150634765625,20.833524703979492,0.09332314878702164,18.9544734954834,18.832611083984375,18.4774169921875,18.481386184692383,0.0644976943731308,16.864748001098633,16.754241943359375,18.469482421875,18.474336624145508,0.06176426634192467,16.904996871948242,16.784698486328125,18.4774169921875,18.481386184692383,0.0644976943731308,16.852256774902344,16.750930786132812,18.4774169921875,18.481386184692383,0.0644976943731308,16.858776092529297,16.75421142578125,18.183135986328125,18.21805191040039,0.08948181569576263,16.52217674255371,16.330001831054688,18.202362060546875,18.232051849365234,0.08988026529550552,16.551132202148438,16.361480712890625,18.183135986328125,18.21805191040039,0.08948181569576263,16.50933265686035,16.32672119140625,18.183135986328125,18.21805191040039,0.08948181569576263,16.51580238342285,16.330276489257812,3.0,2.9200000762939453,0.3919183313846588,2.0,2.0399999618530273,0.1959591656923294,2.0,2.0,0.2828426957130432,18.097747802734375,18.115795135498047,0.08324431627988815,18.097747802734375,18.112131118774414,0.08296339958906174,18.097747802734375,18.115795135498047,0.08324431627988815,18.097747802734375,18.112131118774414,0.08296339958906174,16.204345703125,16.21621322631836,0.05434134230017662,16.20428466796875,16.21617317199707,0.055461522191762924,16.204345703125,16.21621322631836,0.05434134230017662,16.20428466796875,16.21617317199707,0.055461522191762924,15.834503173828125,15.858116149902344,0.09825222939252853,15.839340209960938,15.863341331481934,0.09681595861911774,15.834503173828125,15.858116149902344,0.09825222939252853,15.839340209960938,15.863341331481934,0.09681595861911774
LC09_L1TP_196028_20220528_20230415_02_T1,LANDSAT_9,20220528,geneva,196028,2.0,1.8799999952316284,0.5153639316558838,1.6273531913757324,2.0,2.0,1.5199999809265137,0.4995998442173004,1.4577159881591797,1.0,1.0,1.159999966621399,0.36660605669021606,1.3886044025421143,1.0,19.635833740234375,19.63733673095703,0.07103509455919266,18.920183181762695,18.883880615234375,19.623870849609375,19.62421226501465,0.0671733021736145,18.98453140258789,18.955657958984375,19.632415771484375,19.63188934326172,0.07093793153762817,19.11408805847168,19.065032958984375,19.623870849609375,19.620452880859375,0.02168458141386509,19.070663452148438,19.006927490234375,18.648162841796875,18.65121841430664,0.0652286484837532,17.98634147644043,17.957916259765625,18.629104614257812,18.641376495361328,0.06278214603662491,18.052364349365234,18.032562255859375,18.627471923828125,18.644466400146484,0.06266965717077255,18.180313110351562,18.136993408203125,18.62384033203125,18.63433074951172,0.026856763288378716,18.134214401245117,18.077011108398438,19.9949951171875,20.00604820251465,0.04782339185476303,19.045948028564453,18.996612548828125,19.994796752929688,20.00014877319336,0.04582560062408447,19.09248161315918,19.0477294921875,19.9949951171875,20.00385856628418,0.04887688532471657,19.18679428100586,19.0999755859375,19.986221313476562,19.99048614501953,0.023017825558781624,19.117544174194336,19.041046142578125,2.0,1.7200000286102295,0.44899889826774597,2.0,2.0,0.0,2.0,2.0,0.0,19.417083740234375,19.417766571044922,0.03217977285385132,19.415374755859375,19.416893005371094,0.023911459371447563,19.417083740234375,19.417766571044922,0.03217977285385132,19.417083740234375,19.417766571044922,0.03217977285385132,18.489105224609375,18.498157501220703,0.029925553128123283,18.489044189453125,18.49230194091797,0.026458242908120155,18.489105224609375,18.498157501220703,0.029925553128123283,18.489105224609375,18.498157501220703,0.029925553128123283,19.41558837890625,19.42801856994629,0.0884801372885704,19.459640502929688,19.444150924682617,0.09662271291017532,19.41558837890625,19.42801856994629,0.0884801372885704,19.41558837890625,19.42801856994629,0.0884801372885704
LC09_L1TP_195028_20220606_20230414_02_T1,LANDSAT_9,20220606,geneva,195028,,,,2.1682217121124268,2.0,,,,2.3292627334594727,3.0,,,,2.392918825149536,3.0,,,,17.738243103027344,18.179779052734375,,,,17.872472763061523,18.354095458984375,,,,17.860795974731445,18.289154052734375,,,,17.810367584228516,18.251556396484375,,,,15.453153610229492,15.946075439453125,,,,15.582140922546387,16.117584228515625,,,,15.579705238342285,16.05780029296875,,,,15.529690742492676,16.022354125976562,,,,14.832159996032715,15.673553466796875,,,,15.15439510345459,16.051559448242188,,,,15.157774925231934,15.96142578125,,,,15.072986602783203,15.8988037109375,,,,,,,,,,,,,,,,,,,,,,,,,,,,,,,,,,,,,,,,,,,,,
LC09_L1TP_196028_20220613_20230412_02_T1,LANDSAT_9,20220613,geneva,196028,,,,2.160393238067627,2.0,,,,2.2141287326812744,2.0,,,,2.210237741470337,3.0,,,,21.494213104248047,21.450836181640625,,,,21.5811710357666,21.532867431640625,,,,21.609088897705078,21.536285400390625,,,,21.654281616210938,21.560211181640625,,,,19.409866333007812,19.376983642578125,,,,19.502153396606445,19.484649658203125,,,,19.531917572021484,19.490570068359375,,,,19.576513290405273,19.5177001953125,,,,19.294776916503906,19.285064697265625,,,,19.387542724609375,19.403228759765625,,,,19.42880630493164,19.412750244140625,,,,19.47734832763672,19.44586181640625,2.0,2.119999885559082,0.5878775119781494,3.0,2.4000000953674316,0.6928203105926514,3.0,2.880000114440918,0.430813193321228,22.284820556640625,22.273609161376953,0.06071697920560837,22.284820556640625,22.273944854736328,0.06366667151451111,22.284820556640625,22.273012161254883,0.06071304529905319,22.284820556640625,22.272857666015625,0.06185484677553177,20.22528076171875,20.23912239074707,0.05764888972043991,20.245651245117188,20.242801666259766,0.06052533537149429,20.234390258789062,20.24085235595703,0.05357585474848747,20.219970703125,20.237672805786133,0.058389969170093536,20.100494384765625,20.105854034423828,0.052616752684116364,20.112136840820312,20.11500358581543,0.04947427660226822,20.098175048828125,20.10236930847168,0.05128810182213783,20.102828979492188,20.1072940826416,0.05321677401661873
LC09_L1TP_196028_20220629_20230409_02_T1,LANDSAT_9,20220629,geneva,196028,3.0,2.8399999141693115,0.4630334675312042,2.9301629066467285,3.0,3.0,2.759999990463257,0.5851495862007141,2.963350772857666,3.0,3.0,2.880000114440918,0.430813193321228,2.9726181030273438,3.0,25.00555419921875,25.01007652282715,0.023746557533740997,24.245426177978516,24.33221435546875,25.00555419921875,25.010976791381836,0.023814354091882706,24.241239547729492,24.33221435546875,25.00555419921875,25.01150894165039,0.0241860318928957,24.242095947265625,24.33221435546875,25.00555419921875,25.010976791381836,0.023814354091882706,24.242063522338867,24.33221435546875,23.29815673828125,23.3016300201416,0.02682989463210106,22.928691864013672,22.891143798828125,23.29864501953125,23.301986694335938,0.02732609398663044,22.9250431060791,22.889678955078125,23.29913330078125,23.30215072631836,0.0279019046574831,22.925249099731445,22.889801025390625,23.29864501953125,23.301986694335938,0.02732609398663044,22.924957275390625,22.889373779296875,24.567474365234375,24.5695858001709,0.07497827708721161,24.237655639648438,24.219696044921875,24.577316284179688,24.5699405670166,0.07650379091501236,24.233583450317383,24.21820068359375,24.567474365234375,24.568517684936523,0.07783841341733932,24.233722686767578,24.21826171875,24.577316284179688,24.5699405670166,0.07650379091501236,24.233243942260742,24.2177734375,3.0,3.0,0.0,3.0,3.0,0.0,3.0,3.0,0.0,23.385406494140625,23.388412475585938,0.08412548154592514,23.385406494140625,23.388412475585938,0.08412548154592514,23.385406494140625,23.388412475585938,0.08412548154592514,23.385406494140625,23.388412475585938,0.08412548154592514,22.518310546875,22.536924362182617,0.09140244871377945,22.518310546875,22.536924362182617,0.09140244871377945,22.518310546875,22.536924362182617,0.09140244871377945,22.518310546875,22.536924362182617,0.09140244871377945,23.97113037109375,23.946514129638672,0.22631999850273132,23.97113037109375,23.946514129638672,0.22631999850273132,23.97113037109375,23.946514129638672,0.22631999850273132,23.97113037109375,23.946514129638672,0.22631999850273132
LC09_L1TP_195028_20220708_20230408_02_T1,LANDSAT_9,20220708,geneva,195028,2.0,1.6799999475479126,0.6144917011260986,1.964857816696167,2.0,2.0,1.7200000286102295,0.44899889826774597,1.7555758953094482,2.0,2.0,1.7999999523162842,0.4000000059604645,2.1207940578460693,2.0,22.387359619140625,22.394878387451172,0.06920859217643738,22.337430953979492,22.319000244140625,22.377105712890625,22.367990493774414,0.06750716269016266,22.42784881591797,22.442047119140625,22.406158447265625,22.406728744506836,0.06778731942176819,22.459611892700195,22.452301025390625,22.392486572265625,22.394367218017578,0.07581787556409836,22.3369197845459,22.322418212890625,21.35772705078125,21.351049423217773,0.06617184728384018,21.397092819213867,21.379486083984375,21.3297119140625,21.32233428955078,0.06199565902352333,21.486797332763672,21.50262451171875,21.356063842773438,21.35602569580078,0.06933215260505676,21.516965866088867,21.513015747070312,21.340301513671875,21.34501075744629,0.07166482508182526,21.397096633911133,21.382293701171875,22.522430419921875,22.491430282592773,0.11658048629760742,22.305814743041992,22.217681884765625,22.486602783203125,22.44058609008789,0.12181692570447922,22.413789749145508,22.36163330078125,22.534011840820312,22.50716209411621,0.10420714318752289,22.440509796142578,22.393341064453125,22.496353149414062,22.477088928222656,0.1256350576877594,22.30130386352539,22.21563720703125,2.0,2.1600000858306885,0.36660605669021606,2.0,1.600000023841858,0.4898979365825653,2.0,2.0,0.0,22.811187744140625,22.819664001464844,0.03702933341264725,22.811187744140625,22.819664001464844,0.03702933341264725,22.800933837890625,22.811643600463867,0.03710486367344856,22.811187744140625,22.819664001464844,0.03702933341264725,21.902008056640625,21.907289505004883,0.034760553389787674,21.902008056640625,21.907289505004883,0.034760553389787674,21.89776611328125,21.904380798339844,0.03474026173353195,21.902008056640625,21.907289505004883,0.034760553389787674,22.819732666015625,22.827713012695312,0.05488460510969162,22.819732666015625,22.827713012695312,0.05488460510969162,22.824676513671875,22.82837677001953,0.05611400306224823,22.819732666015625,22.827713012695312,0.05488460510969162
LC09_L1TP_196028_20220715_20230407_02_T1,LANDSAT_9,20220715,geneva,196028,3.0,2.799999952316284,0.4000000059604645,2.432037353515625,3.0,3.0,2.8399999141693115,0.4630334675312042,2.610241651535034,3.0,3.0,2.799999952316284,0.4898979365825653,2.59841251373291,3.0,25.911346435546875,25.923377990722656,0.11645244061946869,24.37171173095703,24.24334716796875,25.911346435546875,25.923377990722656,0.11645244061946869,24.40647315979004,24.26043701171875,25.904510498046875,25.919179916381836,0.1169852763414383,24.439199447631836,24.30487060546875,25.904510498046875,25.919179916381836,0.1169852763414383,24.467105865478516,24.31854248046875,23.8341064453125,23.836626052856445,0.11576681584119797,22.53975486755371,22.404266357421875,23.8341064453125,23.836626052856445,0.11576681584119797,22.571796417236328,22.427703857421875,23.829132080078125,23.833602905273438,0.11718317121267319,22.590604782104492,22.449951171875,23.829132080078125,23.833602905273438,0.11718317121267319,22.612314224243164,22.45989990234375,24.26556396484375,24.278404235839844,0.10201852023601532,22.82028579711914,22.686981201171875,24.26556396484375,24.278404235839844,0.10201852023601532,22.862226486206055,22.715362548828125,24.262161254882812,24.27617835998535,0.1035265177488327,22.884431838989258,22.73968505859375,24.262161254882812,24.27617835998535,0.1035265177488327,22.911157608032227,22.7523193359375,2.0,1.9600000381469727,0.6621178388595581,1.0,1.1200000047683716,0.430813193321228,1.0,1.0,0.0,23.672515869140625,23.648725509643555,0.0711166188120842,23.679351806640625,23.66442108154297,0.06907707452774048,,,,,,,22.030242919921875,22.032325744628906,0.07094217091798782,22.040924072265625,22.043825149536133,0.072708360850811,,,,,,,22.03216552734375,22.035263061523438,0.055317044258117676,22.03826904296875,22.041568756103516,0.06113646179437637,,,,,,
LC09_L1TP_195028_20220724_20230406_02_T1,LANDSAT_9,20220724,geneva,195028,2.0,2.319999933242798,0.5455272197723389,2.854820489883423,3.0,3.0,2.799999952316284,0.4898979365825653,2.9684371948242188,3.0,3.0,2.799999952316284,0.4898979365825653,2.967970848083496,3.0,27.175994873046875,27.1705265045166,0.044312484562397,25.575119018554688,25.354217529296875,27.179412841796875,27.171579360961914,0.04491822049021721,25.5599365234375,25.343963623046875,27.179412841796875,27.171579360961914,0.04491822049021721,25.570236206054688,25.354217529296875,27.179412841796875,27.171579360961914,0.04491822049021721,25.570749282836914,25.354217529296875,24.427093505859375,24.423128128051758,0.047176558524370193,23.23147201538086,23.032623291015625,24.427139282226562,24.423295974731445,0.048141948878765106,23.21791648864746,23.021575927734375,24.427139282226562,24.423295974731445,0.048141948878765106,23.227357864379883,23.032012939453125,24.427139282226562,24.423295974731445,0.048141948878765106,23.227752685546875,23.03204345703125,25.010986328125,25.041603088378906,0.13367947936058044,23.919227600097656,23.724884033203125,25.01324462890625,25.04450225830078,0.13566361367702484,23.900407791137695,23.710968017578125,25.01324462890625,25.04450225830078,0.13566361367702484,23.914560317993164,23.72393798828125,25.01324462890625,25.04450225830078,0.13566361367702484,23.915016174316406,23.724029541015625,3.0,2.759999990463257,0.5122499465942383,3.0,3.0,0.0,3.0,3.0,0.0,26.427459716796875,26.426504135131836,0.04021623358130455,26.427459716796875,26.427459716796875,0.040765635669231415,26.427459716796875,26.426504135131836,0.04021623358130455,26.427459716796875,26.426504135131836,0.04021623358130455,24.087890625,24.085365295410156,0.03565945103764534,24.090011596679688,24.087478637695312,0.03482837229967117,24.087890625,24.085365295410156,0.03565945103764534,24.087890625,24.085365295410156,0.03565945103764534,24.918853759765625,24.91995620727539,0.11992130428552628,24.922012329101562,24.924257278442383,0.12048934400081635,24.918853759765625,24.91995620727539,0.11992130428552628,24.918853759765625,24.91995620727539,0.11992130428552628
LC09_L1TP_196028_20220731_20230405_02_T1,LANDSAT_9,20220731,geneva,196028,3.0,2.7200000286102295,0.6013318300247192,2.638319730758667,3.0,3.0,2.759999990463257,0.5122499465942383,2.970482110977173,3.0,3.0,2.8399999141693115,0.4630334675312042,2.976010322570801,3.0,26.225799560546875,26.2305850982666,0.07298783957958221,25.98186492919922,25.935272216796875,26.222381591796875,26.22787857055664,0.07500417530536652,25.976646423339844,25.935272216796875,26.224090576171875,26.228078842163086,0.0734311044216156,25.978187561035156,25.935272216796875,26.224090576171875,26.228078842163086,0.0734311044216156,25.978410720825195,25.935272216796875,23.809295654296875,23.819658279418945,0.06323965638875961,23.821401596069336,23.7679443359375,23.798828125,23.81894302368164,0.0656539797782898,23.81696128845215,23.766815185546875,23.804061889648438,23.818540573120117,0.064300537109375,23.81842803955078,23.76739501953125,23.804061889648438,23.818540573120117,0.064300537109375,23.818578720092773,23.767486572265625,24.950714111328125,24.9750919342041,0.06892291456460953,24.808284759521484,24.7471923828125,24.943939208984375,24.9753475189209,0.07160471379756927,24.803607940673828,24.7462158203125,24.94732666015625,24.974374771118164,0.07025263458490372,24.80489158630371,24.7467041015625,24.94732666015625,24.974374771118164,0.07025263458490372,24.805118560791016,24.74676513671875,2.0,2.319999933242798,0.4664761424064636,3.0,3.0,0.0,3.0,3.0,0.0,25.829315185546875,25.846952438354492,0.04232411831617355,25.829315185546875,25.846952438354492,0.04232411831617355,25.829315185546875,25.846952438354492,0.04232411831617355,25.829315185546875,25.846952438354492,0.04232411831617355,23.884796142578125,23.892919540405273,0.03934762254357338,23.884796142578125,23.892919540405273,0.03934762254357338,23.884796142578125,23.892919540405273,0.03934762254357338,23.884796142578125,23.892919540405273,0.03934762254357338,24.61907958984375,24.600893020629883,0.0908408835530281,24.61907958984375,24.600893020629883,0.0908408835530281,24.61907958984375,24.600893020629883,0.0908408835530281,24.61907958984375,24.600893020629883,0.0908408835530281
LC09_L1TP_195028_20220809_20230403_02_T1,LANDSAT_9,20220809,geneva,195028,3.0,2.799999952316284,0.4898979365825653,2.934166431427002,3.0,3.0,2.9200000762939453,0.27129319310188293,2.9895551204681396,3.0,3.0,2.9200000762939453,0.27129319310188293,2.991702079772949,3.0,24.20574951171875,24.18865966796875,0.051736801862716675,23.63112449645996,23.610992431640625,24.20404052734375,24.18723487854004,0.05232131853699684,23.620176315307617,23.604156494140625,24.20574951171875,24.18865966796875,0.051736801862716675,23.627695083618164,23.610992431640625,24.20574951171875,24.18865966796875,0.051736801862716675,23.627775192260742,23.610992431640625,22.32305908203125,22.30889892578125,0.051099613308906555,21.632343292236328,21.602142333984375,22.321319580078125,22.30730438232422,0.0515393391251564,21.622846603393555,21.595977783203125,22.32305908203125,22.30889892578125,0.051099613308906555,21.62934684753418,21.6015625,22.32305908203125,22.30889892578125,0.051099613308906555,21.62941551208496,21.6015625,22.622314453125,22.64160919189453,0.17354916036128998,22.041929244995117,22.0059814453125,22.602462768554688,22.63597869873047,0.17487654089927673,22.031280517578125,22.001678466796875,22.622314453125,22.64160919189453,0.17354916036128998,22.03864097595215,22.005584716796875,22.622314453125,22.64160919189453,0.17354916036128998,22.038713455200195,22.005584716796875,3.0,3.0,0.0,3.0,3.0,0.0,3.0,3.0,0.0,23.839996337890625,23.847929000854492,0.11788488179445267,23.839996337890625,23.847929000854492,0.11788488179445267,23.839996337890625,23.847929000854492,0.11788488179445267,23.839996337890625,23.847929000854492,0.11788488179445267,21.845458984375,21.849956512451172,0.08925287425518036,21.845458984375,21.849956512451172,0.08925287425518036,21.845458984375,21.849956512451172,0.08925287425518036,21.845458984375,21.849956512451172,0.08925287425518036,22.396484375,22.400165557861328,0.10383033007383347,22.396484375,22.400165557861328,0.10383033007383347,22.396484375,22.400165557861328,0.10383033007383347,22.396484375,22.400165557861328,0.10383033007383347
LC09_L1TP_196028_20220816_20230402_02_T1,LANDSAT_9,20220816,geneva,196028,3.0,2.8399999141693115,0.3666060268878937,2.8617734909057617,3.0,3.0,2.8399999141693115,0.3666060268878937,2.977553367614746,3.0,3.0,2.8399999141693115,0.3666060268878937,2.977696180343628,3.0,24.84149169921875,24.81647300720215,0.053063079714775085,24.13617706298828,24.04510498046875,24.84149169921875,24.81647300720215,0.053063079714775085,24.14553451538086,24.06561279296875,24.84149169921875,24.81647300720215,0.053063079714775085,24.133363723754883,24.04510498046875,24.84149169921875,24.81647300720215,0.053063079714775085,24.133140563964844,24.04510498046875,22.915191650390625,22.88910675048828,0.05868113413453102,22.43815040588379,22.3203125,22.915191650390625,22.88910675048828,0.05868113413453102,22.446674346923828,22.341033935546875,22.915191650390625,22.88910675048828,0.05868113413453102,22.435821533203125,22.32000732421875,22.915191650390625,22.88910675048828,0.05868113413453102,22.435617446899414,22.31988525390625,23.93994140625,23.94388198852539,0.09182726591825485,23.470155715942383,23.39471435546875,23.93994140625,23.94388198852539,0.09182726591825485,23.46648597717285,23.383056640625,23.93994140625,23.94388198852539,0.09182726591825485,23.467506408691406,23.3941650390625,23.93994140625,23.94388198852539,0.09182726591825485,23.467369079589844,23.394073486328125,3.0,3.0,0.0,3.0,3.0,0.0,3.0,3.0,0.0,24.80047607421875,24.790769577026367,0.04442496970295906,24.80047607421875,24.790769577026367,0.04442496970295906,24.80047607421875,24.790769577026367,0.04442496970295906,24.80047607421875,24.790769577026367,0.04442496970295906,23.20989990234375,23.2039737701416,0.04026036337018013,23.20989990234375,23.2039737701416,0.04026036337018013,23.20989990234375,23.2039737701416,0.04026036337018013,23.20989990234375,23.2039737701416,0.04026036337018013,24.06439208984375,24.0700626373291,0.07990147173404694,24.06439208984375,24.0700626373291,0.07990147173404694,24.06439208984375,24.0700626373291,0.07990147173404694,24.06439208984375,24.0700626373291,0.07990147173404694
LC09_L1TP_195028_20220825_20230401_02_T1,LANDSAT_9,20220825,geneva,195028,3.0,2.759999990463257,0.5122499465942383,1.9394501447677612,2.0,3.0,2.8399999141693115,0.4630334675312042,1.9612051248550415,2.0,3.0,2.9200000762939453,0.3919183313846588,1.9764668941497803,2.0,24.08270263671875,24.080373764038086,0.08155260235071182,20.689083099365234,20.5006103515625,24.07757568359375,24.075149536132812,0.07902968674898148,22.518911361694336,23.006011962890625,24.07757568359375,24.076574325561523,0.08103687316179276,22.648208618164062,23.019683837890625,24.07757568359375,24.076574325561523,0.08103687316179276,22.598054885864258,23.006011962890625,21.722381591796875,21.735820770263672,0.05310326814651489,18.734142303466797,18.635986328125,21.719696044921875,21.73267936706543,0.05187581479549408,20.352231979370117,20.793838500976562,21.719696044921875,21.731414794921875,0.04952835664153099,20.466087341308594,20.80267333984375,21.719696044921875,21.731414794921875,0.04952835664153099,20.42168426513672,20.793991088867188,21.760986328125,21.7602481842041,0.06042470037937164,17.718761444091797,17.718536376953125,21.762603759765625,21.76225471496582,0.06084832549095154,20.15398406982422,20.735153198242188,21.762603759765625,21.763046264648438,0.060063865035772324,20.335037231445312,20.742935180664062,21.762603759765625,21.763046264648438,0.060063865035772324,20.27454948425293,20.732498168945312,1.0,1.0,0.0,1.0,1.0,0.0,1.0,1.0,0.0,19.434173583984375,19.423099517822266,0.21673324704170227,,,,,,,,,,17.78717041015625,17.75823211669922,0.18628764152526855,,,,,,,,,,15.08148193359375,15.172586441040039,0.32030540704727173,,,,,,,,,
LC09_L1TP_196028_20220901_20230331_02_T1,LANDSAT_9,20220901,geneva,196028,1.0,1.7999999523162842,0.9797958731651306,2.399142026901245,3.0,1.0,1.0,0.0,2.516169786453247,3.0,1.0,1.0,0.0,2.5494937896728516,3.0,22.185699462890625,22.18364906311035,0.06926258653402328,23.188617706298828,23.364898681640625,,,,23.41214942932129,23.423004150390625,,,,23.42237663269043,23.429840087890625,,,,23.441469192504883,23.436676025390625,19.992431640625,19.97223472595215,0.0542214959859848,21.093223571777344,21.28564453125,,,,21.311573028564453,21.332061767578125,,,,21.321420669555664,21.336380004882812,,,,21.340103149414062,21.34027099609375,20.1380615234375,20.10076332092285,0.10600779205560684,21.679256439208984,22.009979248046875,,,,21.998558044433594,22.08209228515625,,,,22.03651237487793,22.0904541015625,,,,22.05463981628418,22.096099853515625,3.0,3.0,0.0,3.0,3.0,0.0,3.0,3.0,0.0,23.672515869140625,23.669370651245117,0.021463537588715553,23.672515869140625,23.669370651245117,0.021463537588715553,23.672515869140625,23.669370651245117,0.021463537588715553,23.672515869140625,23.669370651245117,0.021463537588715553,21.583740234375,21.577722549438477,0.02272614650428295,21.583740234375,21.577722549438477,0.02272614650428295,21.583740234375,21.577722549438477,0.02272614650428295,21.583740234375,21.577722549438477,0.02272614650428295,22.318817138671875,22.337875366210938,0.07889345288276672,22.318817138671875,22.337875366210938,0.07889345288276672,22.318817138671875,22.337875366210938,0.07889345288276672,22.318817138671875,22.337875366210938,0.07889345288276672
LC09_L1TP_196028_20221019_20230325_02_T1,LANDSAT_9,20221019,geneva,196028,,,,2.184391498565674,3.0,,,,2.291527271270752,3.0,,,,2.3143327236175537,3.0,,,,14.398672103881836,15.089874267578125,,,,15.131741523742676,15.486358642578125,,,,15.114962577819824,15.421417236328125,,,,15.090798377990723,15.414581298828125,,,,14.03139877319336,14.7431640625,,,,14.774383544921875,15.147003173828125,,,,14.758214950561523,15.082855224609375,,,,14.733600616455078,15.073272705078125,,,,13.651827812194824,14.64764404296875,,,,14.73898696899414,15.2376708984375,,,,14.728741645812988,15.127471923828125,,,,14.693680763244629,15.111328125,2.0,1.840000033378601,0.7838367223739624,2.0,1.7999999523162842,0.8485281467437744,3.0,2.2799999713897705,0.9599999785423279,15.96832275390625,15.973244667053223,0.042887866497039795,15.99566650390625,15.987235069274902,0.04573554918169975,16.00592041015625,16.001188278198242,0.03928179293870926,16.00079345703125,15.9935302734375,0.03894975781440735,15.632080078125,15.631328582763672,0.045020561665296555,15.658050537109375,15.645990371704102,0.047356367111206055,15.666534423828125,15.661153793334961,0.038359176367521286,15.65826416015625,15.655200958251953,0.0368330292403698,16.07476806640625,16.066675186157227,0.03571701794862747,16.068023681640625,16.064762115478516,0.033492978662252426,16.07476806640625,16.068174362182617,0.034927159547805786,16.081756591796875,16.072446823120117,0.03277264162898064
LC09_L1TP_196028_20221120_20230321_02_T1,LANDSAT_9,20221120,geneva,196028,3.0,2.9600000381469727,0.1959591656923294,2.9772732257843018,3.0,3.0,3.0,0.0,2.9778122901916504,3.0,3.0,2.9600000381469727,0.1959591656923294,2.976738214492798,3.0,12.881866455078125,12.879405975341797,0.04159846156835556,13.030137062072754,13.086944580078125,12.881866455078125,12.879405975341797,0.04159846156835556,13.035517692565918,13.086944580078125,12.881866455078125,12.879405975341797,0.04159846156835556,13.036067008972168,13.086944580078125,12.881866455078125,12.879405975341797,0.04159846156835556,13.034249305725098,13.086944580078125,12.15618896484375,12.147461891174316,0.03949546441435814,12.338376998901367,12.3873291015625,12.15618896484375,12.147461891174316,0.03949546441435814,12.344040870666504,12.388702392578125,12.15618896484375,12.147461891174316,0.03949546441435814,12.344734191894531,12.388641357421875,12.15618896484375,12.147461891174316,0.03949546441435814,12.34280776977539,12.38812255859375,12.77032470703125,12.769867897033691,0.06723208725452423,12.951661109924316,13.02301025390625,12.77032470703125,12.769867897033691,0.06723208725452423,12.958601951599121,13.023956298828125,12.77032470703125,12.769867897033691,0.06723208725452423,12.959694862365723,13.02392578125,12.77032470703125,12.769867897033691,0.06723208725452423,12.95716381072998,13.02362060546875,3.0,3.0,0.0,3.0,3.0,0.0,3.0,3.0,0.0,12.615234375,12.615234375,0.04281065613031387,12.615234375,12.615234375,0.04281065613031387,12.615234375,12.615234375,0.04281065613031387,12.615234375,12.615234375,0.04281065613031387,11.95758056640625,11.971341133117676,0.049090877175331116,11.95758056640625,11.971341133117676,0.049090877175331116,11.95758056640625,11.971341133117676,0.049090877175331116,11.95758056640625,11.971341133117676,0.049090877175331116,12.517059326171875,12.51948356628418,0.04096222296357155,12.517059326171875,12.51948356628418,0.04096222296357155,12.517059326171875,12.51948356628418,0.04096222296357155,12.517059326171875,12.51948356628418,0.04096222296357155
LC09_L1TP_196028_20221206_20230318_02_T1,LANDSAT_9,20221206,geneva,196028,,,,1.4862384796142578,1.0,,,,1.4784603118896484,1.0,,,,1.5287195444107056,1.0,,,,5.064142227172852,4.958892822265625,,,,6.342132568359375,6.493560791015625,,,,6.849691390991211,6.760162353515625,,,,6.732852935791016,6.722564697265625,,,,4.352865695953369,4.2546234130859375,,,,5.714557647705078,5.844573974609375,,,,6.2491679191589355,6.1390228271484375,,,,6.130006790161133,6.1086273193359375,,,,3.123608350753784,2.7455596923828125,,,,4.804983615875244,4.681365966796875,,,,5.412300109863281,5.12811279296875,,,,5.274252891540527,5.036285400390625,,,,,,,,,,,,,,,,,,,,,,,,,,,,,,,,,,,,,,,,,,,,,
LC09_L1TP_196028_20230107_20230314_02_T1,LANDSAT_9,20230107,geneva,196028,3.0,2.880000114440918,0.32496151328086853,2.9891932010650635,3.0,3.0,2.880000114440918,0.32496151328086853,2.9966723918914795,3.0,3.0,2.880000114440918,0.32496151328086853,2.996244192123413,3.0,8.69134521484375,8.6787748336792,0.06375324726104736,8.609482765197754,8.62640380859375,8.69134521484375,8.6787748336792,0.06375324726104736,8.609430313110352,8.62640380859375,8.69134521484375,8.6787748336792,0.06375324726104736,8.60939884185791,8.62640380859375,8.69134521484375,8.6787748336792,0.06375324726104736,8.609347343444824,8.62640380859375,8.0423583984375,8.023746490478516,0.05722390115261078,7.968848705291748,7.98504638671875,8.0423583984375,8.023746490478516,0.05722390115261078,7.968858242034912,7.985076904296875,8.0423583984375,8.023746490478516,0.05722390115261078,7.968871116638184,7.985076904296875,8.0423583984375,8.023746490478516,0.05722390115261078,7.968866348266602,7.985076904296875,8.42071533203125,8.445331573486328,0.07358664274215698,8.294734001159668,8.308074951171875,8.42071533203125,8.445331573486328,0.07358664274215698,8.294599533081055,8.3079833984375,8.42071533203125,8.445331573486328,0.07358664274215698,8.29460334777832,8.3079833984375,8.42071533203125,8.445331573486328,0.07358664274215698,8.294528007507324,8.307952880859375,3.0,3.0,0.0,3.0,3.0,0.0,3.0,3.0,0.0,8.59222412109375,8.609040260314941,0.041983120143413544,8.59222412109375,8.609040260314941,0.041983120143413544,8.59222412109375,8.609040260314941,0.041983120143413544,8.59222412109375,8.609040260314941,0.041983120143413544,7.99468994140625,7.999402046203613,0.04133646935224533,7.99468994140625,7.999402046203613,0.04133646935224533,7.99468994140625,7.999402046203613,0.04133646935224533,7.99468994140625,7.999402046203613,0.04133646935224533,8.320098876953125,8.328840255737305,0.04209002107381821,8.320098876953125,8.328840255737305,0.04209002107381821,8.320098876953125,8.328840255737305,0.04209002107381821,8.320098876953125,8.328840255737305,0.04209002107381821
LC09_L1TP_195028_20230201_20230311_02_T1,LANDSAT_9,20230201,geneva,195028,,,,2.1418867111206055,2.0,,,,2.081172227859497,2.0,,,,2.056264877319336,2.0,,,,5.307013034820557,5.974029541015625,,,,5.904595851898193,6.421783447265625,,,,6.098972797393799,6.462799072265625,,,,6.159184455871582,6.493560791015625,,,,4.758431911468506,5.413604736328125,,,,5.347023963928223,5.8624114990234375,,,,5.539792537689209,5.90252685546875,,,,5.599097728729248,5.92816162109375,,,,4.7446064949035645,5.605010986328125,,,,5.516157150268555,6.22216796875,,,,5.765243053436279,6.261627197265625,,,,5.8428544998168945,6.293060302734375,2.0,1.6799999475479126,0.5455272197723389,2.0,1.840000033378601,0.4630334973335266,2.0,1.7999999523162842,0.4000000059604645,5.847564697265625,5.859595775604248,0.18014509975910187,5.796295166015625,5.84136962890625,0.1715177595615387,5.796295166015625,5.854058742523193,0.19110357761383057,5.762115478515625,5.834747314453125,0.18956904113292694,5.204559326171875,5.259120941162109,0.1693849414587021,5.1901092529296875,5.245353698730469,0.1624225527048111,5.191986083984375,5.259002685546875,0.17367340624332428,5.1650543212890625,5.242331027984619,0.17484958469867706,5.319183349609375,5.337543964385986,0.22999294102191925,5.3150482177734375,5.352691650390625,0.21052812039852142,5.36328125,5.3745527267456055,0.2183907926082611,5.3359222412109375,5.365780830383301,0.2217387557029724
LC09_L1TP_196028_20230208_20230310_02_T1,LANDSAT_9,20230208,geneva,196028,,,,,,,,,,,,,,,,,,,,,,,,,,,,,,,,,,,,,,,,,,,,,,,,,,,,,,,,,,,,,,,,,,,,,,,,,,,,,,,,,,,,,,,,,,,,,,,,,,,,,,,,,,,,,,,,,,,,,,,,
LC09_L1TP_196028_20230224_20230308_02_T1,LANDSAT_9,20230224,geneva,196028,2.0,1.9600000381469727,0.1959591656923294,1.5723875761032104,2.0,1.0,1.0399999618530273,0.1959591656923294,1.2921525239944458,1.0,1.0,1.0,0.0,1.2604542970657349,1.0,8.44525146484375,8.440876007080078,0.014836346730589867,7.857327938079834,7.80267333984375,8.44525146484375,8.440409660339355,0.01496107131242752,7.873499393463135,7.80267333984375,,,,7.846205234527588,7.78900146484375,,,,7.883230686187744,7.81976318359375,7.384429931640625,7.382919788360596,0.014766469597816467,6.861961841583252,6.81341552734375,7.3842926025390625,7.382116794586182,0.01452635694295168,6.875197410583496,6.814300537109375,,,,6.8480987548828125,6.7957763671875,,,,6.881795406341553,6.82293701171875,7.926605224609375,7.918985366821289,0.05436649173498154,7.262518882751465,7.2110595703125,7.9177398681640625,7.917980194091797,0.055259380489587784,7.265636444091797,7.207672119140625,,,,7.241876125335693,7.196990966796875,,,,7.293956279754639,7.23944091796875,2.0,2.0,0.0,1.0,1.0,0.0,1.0,1.0,0.0,7.88470458984375,7.885934829711914,0.021786808967590332,7.88470458984375,7.885934829711914,0.021786808967590332,,,,,,,6.901611328125,6.904545783996582,0.0229486133903265,6.901611328125,6.904545783996582,0.0229486133903265,,,,,,,7.204681396484375,7.205502986907959,0.0331035740673542,7.204681396484375,7.205502986907959,0.0331035740673542,,,,,,
LC09_L1TP_195028_20230305_20230307_02_T1,LANDSAT_9,20230305,geneva,195028,,,,2.3835082054138184,3.0,,,,2.5934112071990967,3.0,,,,2.596874237060547,3.0,,,,6.3487067222595215,6.428619384765625,,,,6.424025058746338,6.445709228515625,,,,6.418973445892334,6.442291259765625,,,,6.422662734985352,6.442291259765625,,,,5.867788791656494,5.955352783203125,,,,5.9448065757751465,5.97247314453125,,,,5.940323829650879,5.9669189453125,,,,5.943687438964844,5.96856689453125,,,,6.210662841796875,6.34271240234375,,,,6.330870151519775,6.370697021484375,,,,6.322725296020508,6.3611907958984375,,,,6.327241897583008,6.36370849609375,3.0,2.9600000381469727,0.1959591656923294,3.0,2.9600000381469727,0.1959591656923294,3.0,3.0,0.0,6.599517822265625,6.603755950927734,0.030082473531365395,6.599517822265625,6.603755950927734,0.030082473531365395,6.599517822265625,6.603755950927734,0.030082473531365395,6.599517822265625,6.603755950927734,0.030082473531365395,6.09503173828125,6.102820873260498,0.030449457466602325,6.09503173828125,6.102820873260498,0.030449457466602325,6.09503173828125,6.102820873260498,0.030449457466602325,6.09503173828125,6.102820873260498,0.030449457466602325,6.6395263671875,6.640335559844971,0.047512829303741455,6.6395263671875,6.640335559844971,0.047512829303741455,6.6395263671875,6.640335559844971,0.047512829303741455,6.6395263671875,6.640335559844971,0.047512829303741455
LC09_L1TP_195028_20230406_20230406_02_T1,LANDSAT_9,20230406,geneva,195028,,,,1.9216763973236084,2.0,,,,2.0517783164978027,2.0,,,,2.0671417713165283,2.0,,,,1.8015165328979492,1.940765380859375,,,,2.5565850734710693,2.648284912109375,,,,2.720440149307251,2.802093505859375,,,,2.724696397781372,2.795257568359375,,,,1.2005627155303955,1.33355712890625,,,,1.9226248264312744,2.0124664306640625,,,,2.079500198364258,2.160125732421875,,,,2.083458185195923,2.152587890625,,,,0.8125644326210022,0.938201904296875,,,,1.6198220252990723,1.667877197265625,,,,1.797318696975708,1.826416015625,,,,1.7970596551895142,1.816070556640625,,,,,,,,,,,,,,,,,,,,,,,,,,,,,,,,,,,,,,,,,,,,,
LC09_L1TP_196028_20230616_20230616_02_T1,LANDSAT_9,20230616,geneva,196028,3.0,2.9200000762939453,0.3919183313846588,2.7899293899536133,3.0,3.0,2.880000114440918,0.430813193321228,2.79190731048584,3.0,3.0,2.9200000762939453,0.3919183313846588,2.8150672912597656,3.0,22.985504150390625,22.991382598876953,0.07125473022460938,22.711994171142578,22.732574462890625,22.978668212890625,22.988494873046875,0.07127586752176285,22.733051300048828,22.756500244140625,22.978668212890625,22.988494873046875,0.07127586752176285,22.7430419921875,22.766754150390625,22.978668212890625,22.988494873046875,0.07127586752176285,22.729246139526367,22.753082275390625,21.21307373046875,21.212072372436523,0.06760426610708237,20.980266571044922,21.001861572265625,21.211441040039062,21.21005630493164,0.06825771927833557,20.9996280670166,21.020828247070312,21.211441040039062,21.21005630493164,0.06825771927833557,21.008617401123047,21.03167724609375,21.211441040039062,21.21005630493164,0.06825771927833557,20.996166229248047,21.01806640625,22.0665283203125,22.072999954223633,0.04879787191748619,21.45769500732422,21.45037841796875,22.0604248046875,22.072677612304688,0.049777742475271225,21.47597312927246,21.473251342773438,22.0604248046875,22.072677612304688,0.049777742475271225,21.484914779663086,21.48846435546875,22.0604248046875,22.072677612304688,0.049777742475271225,21.472496032714844,21.47052001953125,3.0,3.0,0.0,3.0,3.0,0.0,3.0,3.0,0.0,22.442047119140625,22.448881149291992,0.032784003764390945,22.442047119140625,22.448881149291992,0.032784003764390945,22.442047119140625,22.448881149291992,0.032784003764390945,22.442047119140625,22.448881149291992,0.032784003764390945,20.8111572265625,20.815542221069336,0.03135651722550392,20.8111572265625,20.815542221069336,0.03135651722550392,20.8111572265625,20.815542221069336,0.03135651722550392,20.8111572265625,20.815542221069336,0.03135651722550392,20.963836669921875,20.986215591430664,0.09083932638168335,20.963836669921875,20.986215591430664,0.09083932638168335,20.963836669921875,20.986215591430664,0.09083932638168335,20.963836669921875,20.986215591430664,0.09083932638168335
LC09_L1TP_195028_20230625_20230625_02_T1,LANDSAT_9,20230625,geneva,195028,3.0,2.7200000286102295,0.5306599736213684,2.8981149196624756,3.0,3.0,2.9200000762939453,0.3919183313846588,2.9962332248687744,3.0,3.0,2.9200000762939453,0.3919183313846588,2.996628761291504,3.0,24.04510498046875,24.024038314819336,0.09356100112199783,23.580759048461914,23.737457275390625,24.03656005859375,24.021453857421875,0.09461035579442978,23.585277557373047,23.754547119140625,24.03656005859375,24.020599365234375,0.09392735362052917,23.578475952148438,23.737457275390625,24.03656005859375,24.020599365234375,0.09392735362052917,23.578500747680664,23.737457275390625,21.9476318359375,21.96105194091797,0.0979902446269989,21.668506622314453,21.77545166015625,21.94000244140625,21.956201553344727,0.09702315926551819,21.672863006591797,21.787994384765625,21.94000244140625,21.9571590423584,0.09809505939483643,21.666507720947266,21.7747802734375,21.94000244140625,21.9571590423584,0.09809505939483643,21.66651153564453,21.7747802734375,22.6053466796875,22.608970642089844,0.12993746995925903,22.2475643157959,22.322265625,22.60528564453125,22.603286743164062,0.12953703105449677,22.250337600708008,22.335205078125,22.60528564453125,22.60544776916504,0.1314420998096466,22.24523162841797,22.32171630859375,22.60528564453125,22.60544776916504,0.1314420998096466,22.2452392578125,22.32171630859375,3.0,2.9600000381469727,0.1959591805934906,3.0,3.0,0.0,3.0,3.0,0.0,21.710601806640625,21.693374633789062,0.0514240637421608,21.710601806640625,21.693374633789062,0.0514240637421608,21.710601806640625,21.693374633789062,0.0514240637421608,21.710601806640625,21.693374633789062,0.0514240637421608,19.97747802734375,19.972976684570312,0.04225907474756241,19.97747802734375,19.972976684570312,0.04225907474756241,19.97747802734375,19.972976684570312,0.04225907474756241,19.97747802734375,19.972976684570312,0.04225907474756241,20.537322998046875,20.530345916748047,0.04626110941171646,20.537322998046875,20.530345916748047,0.04626110941171646,20.537322998046875,20.530345916748047,0.04626110941171646,20.537322998046875,20.530345916748047,0.04626110941171646
LC09_L1TP_195028_20230711_20230711_02_T1,LANDSAT_9,20230711,geneva,195028,3.0,2.759999990463257,0.5851495862007141,2.742589235305786,3.0,3.0,2.5999999046325684,0.6324555277824402,2.9336600303649902,3.0,3.0,2.5999999046325684,0.6324555277824402,2.9215004444122314,3.0,26.526580810546875,26.524805068969727,0.04131214693188667,26.030244827270508,26.024139404296875,26.526580810546875,26.52524185180664,0.04293646290898323,26.019250869750977,26.020721435546875,26.526580810546875,26.52524185180664,0.04293646290898323,26.026046752929688,26.024139404296875,26.526580810546875,26.52524185180664,0.04293646290898323,26.026342391967773,26.024139404296875,23.93194580078125,23.921825408935547,0.039270393550395966,23.889400482177734,23.84503173828125,23.92974853515625,23.91946029663086,0.040014393627643585,23.87960433959961,23.84124755859375,23.92974853515625,23.91946029663086,0.040014393627643585,23.885921478271484,23.844268798828125,23.92974853515625,23.91946029663086,0.040014393627643585,23.886171340942383,23.844329833984375,23.523406982421875,23.53060531616211,0.15237271785736084,23.87642478942871,23.811553955078125,23.523406982421875,23.528919219970703,0.1584988832473755,23.863876342773438,23.80767822265625,23.523406982421875,23.528919219970703,0.1584988832473755,23.8726749420166,23.81085205078125,23.523406982421875,23.528919219970703,0.1584988832473755,23.87295913696289,23.810897827148438,3.0,2.559999942779541,0.6374951004981995,2.0,2.319999933242798,0.4664761424064636,2.0,2.1600000858306885,0.3666060268878937,25.702850341796875,25.701074600219727,0.053443919867277145,25.702850341796875,25.69839096069336,0.053669679909944534,25.702850341796875,25.701074600219727,0.053443919867277145,25.702850341796875,25.701074600219727,0.053443919867277145,23.754791259765625,23.759990692138672,0.04356016963720322,23.754180908203125,23.7584228515625,0.04503023251891136,23.754791259765625,23.759990692138672,0.04356016963720322,23.754791259765625,23.759990692138672,0.04356016963720322,24.18194580078125,24.164012908935547,0.06347277015447617,24.18408203125,24.1711483001709,0.0598757266998291,24.18194580078125,24.164012908935547,0.06347277015447617,24.18194580078125,24.164012908935547,0.06347277015447617
LC09_L1TP_196028_20230819_20230819_02_T1,LANDSAT_9,20230819,geneva,196028,2.0,2.119999885559082,0.5878775715827942,2.8554465770721436,3.0,2.0,1.9600000381469727,0.44542112946510315,2.8798434734344482,3.0,3.0,2.359999895095825,0.741889476776123,2.9013726711273193,3.0,26.273651123046875,26.287734985351562,0.10096529126167297,26.982166290283203,26.967498779296875,26.271942138671875,26.284217834472656,0.1052374616265297,26.981773376464844,26.967498779296875,26.271942138671875,26.284217834472656,0.1052374616265297,26.97855567932129,26.967498779296875,26.270233154296875,26.281139373779297,0.10674229264259338,26.979246139526367,26.967498779296875,24.553802490234375,24.553388595581055,0.12988217175006866,25.933347702026367,25.93890380859375,24.551422119140625,24.549537658691406,0.1369224339723587,25.933923721313477,25.94146728515625,24.551422119140625,24.549537658691406,0.1369224339723587,25.929195404052734,25.93798828125,24.549041748046875,24.545969009399414,0.13913975656032562,25.930070877075195,25.938201904296875,28.3939208984375,28.481098175048828,0.34005361795425415,29.604557037353516,29.62744140625,28.388458251953125,28.475690841674805,0.3595372140407562,29.603511810302734,29.630828857421875,28.388458251953125,28.475690841674805,0.3595372140407562,29.59927749633789,29.626373291015625,28.38299560546875,28.457834243774414,0.3583386540412903,29.600322723388672,29.6265869140625,3.0,2.0399999618530273,0.9991996884346008,3.0,3.0,0.0,3.0,2.799999952316284,0.4000000059604645,27.780975341796875,27.78125,0.05213199555873871,27.828826904296875,27.801746368408203,0.04681612551212311,27.780975341796875,27.78125,0.05213199555873871,27.780975341796875,27.78125,0.05213199555873871,27.25958251953125,27.264610290527344,0.07144235074520111,27.310760498046875,27.294736862182617,0.05598568916320801,27.25958251953125,27.264610290527344,0.07144235074520111,27.25958251953125,27.264610290527344,0.07144235074520111,30.766265869140625,30.77892303466797,0.07919137924909592,30.766265869140625,30.803016662597656,0.05796486511826515,30.766265869140625,30.77892303466797,0.07919137924909592,30.766265869140625,30.77892303466797,0.07919137924909592
LC09_L1TP_196028_20230904_20230904_02_T1,LANDSAT_9,20230904,geneva,196028,3.0,2.759999990463257,0.6499230861663818,2.1304845809936523,2.0,2.0,1.8799999952316284,0.5153639316558838,2.1983566284179688,2.0,3.0,2.799999952316284,0.5656853914260864,2.236274003982544,2.0,21.727691650390625,21.7182559967041,0.033184658735990524,20.188711166381836,20.3399658203125,21.727691650390625,21.721010208129883,0.03301766887307167,20.570722579956055,20.5997314453125,21.727691650390625,21.716754913330078,0.03141185641288757,20.534521102905273,20.5450439453125,21.727691650390625,21.721302032470703,0.032320644706487656,20.550643920898438,20.5552978515625,18.82012939453125,18.818452835083008,0.024147477000951767,17.746776580810547,17.891510009765625,18.820083618164062,18.818010330200195,0.025637758895754814,18.0948429107666,18.13165283203125,18.816024780273438,18.81316566467285,0.02344098500907421,18.065887451171875,18.083740234375,18.820037841796875,18.81792640686035,0.02507733926177025,18.079299926757812,18.091766357421875,18.200897216796875,18.241050720214844,0.14962886273860931,16.895662307739258,17.270767211914062,18.195083618164062,18.238019943237305,0.1564813256263733,17.534914016723633,17.5948486328125,18.159866333007812,18.197860717773438,0.12745559215545654,17.49468994140625,17.549591064453125,18.18927001953125,18.23538589477539,0.1535397619009018,17.506410598754883,17.558074951171875,2.0,1.600000023841858,0.4898979365825653,1.0,1.4800000190734863,0.6399999856948853,1.0,1.1200000047683716,0.3249615430831909,19.581146240234375,19.58155632019043,0.060792356729507446,19.605072021484375,19.59003257751465,0.0669991597533226,19.617034912109375,19.5927677154541,0.0762321949005127,,,,17.178558349609375,17.172935485839844,0.05312385410070419,17.178558349609375,17.174766540527344,0.05392305925488472,17.190994262695312,17.174182891845703,0.06452888250350952,,,,16.380340576171875,16.365068435668945,0.09304153919219971,16.43292236328125,16.41017723083496,0.0868644192814827,16.400482177734375,16.385242462158203,0.09400323778390884,,,
LC09_L1TP_196028_20230920_20230920_02_T1,LANDSAT_9,20230920,geneva,196028,3.0,2.640000104904175,0.6248199343681335,2.9763996601104736,3.0,3.0,2.880000114440918,0.430813193321228,2.992513656616211,3.0,3.0,2.8399999141693115,0.5425863862037659,2.98995304107666,3.0,22.346343994140625,22.344839096069336,0.037467923015356064,22.16310691833496,22.172027587890625,22.349761962890625,22.346494674682617,0.03857097774744034,22.16143798828125,22.172027587890625,22.348052978515625,22.345346450805664,0.0381564237177372,22.160852432250977,22.172027587890625,22.349761962890625,22.346494674682617,0.03857097774744034,22.160802841186523,22.172027587890625,20.791717529296875,20.780529022216797,0.035528842359781265,20.419143676757812,20.406707763671875,20.784515380859375,20.778005599975586,0.0359099879860878,20.41739273071289,20.406341552734375,20.788116455078125,20.77907943725586,0.03552895411849022,20.416500091552734,20.405975341796875,20.784515380859375,20.778005599975586,0.0359099879860878,20.4161376953125,20.4056396484375,21.73388671875,21.729591369628906,0.08895815163850784,21.123382568359375,21.137191772460938,21.7393798828125,21.740758895874023,0.0838351845741272,21.12129783630371,21.136749267578125,21.73663330078125,21.734399795532227,0.08755359798669815,21.120088577270508,21.13623046875,21.7393798828125,21.740758895874023,0.0838351845741272,21.11944007873535,21.135833740234375,3.0,3.0,0.0,3.0,3.0,0.0,3.0,3.0,0.0,22.011383056640625,22.008920669555664,0.08383724838495255,22.011383056640625,22.008920669555664,0.08383724838495255,22.011383056640625,22.008920669555664,0.08383724838495255,22.011383056640625,22.008920669555664,0.08383724838495255,20.4173583984375,20.426532745361328,0.0862300917506218,20.4173583984375,20.426532745361328,0.0862300917506218,20.4173583984375,20.426532745361328,0.0862300917506218,20.4173583984375,20.426532745361328,0.0862300917506218,20.99346923828125,21.003662109375,0.05795187130570412,20.99346923828125,21.003662109375,0.05795187130570412,20.99346923828125,21.003662109375,0.05795187130570412,20.99346923828125,21.003662109375,0.05795187130570412
LC09_L1TP_195028_20230929_20230929_02_T1,LANDSAT_9,20230929,geneva,195028,3.0,2.799999952316284,0.5656853914260864,2.8915069103240967,3.0,3.0,2.880000114440918,0.430813193321228,2.9961440563201904,3.0,3.0,2.880000114440918,0.32496151328086853,2.996519088745117,3.0,21.050933837890625,21.0449161529541,0.022636760026216507,20.401386260986328,20.3673095703125,21.050933837890625,21.045583724975586,0.02313411235809326,20.39878273010254,20.3638916015625,21.050933837890625,21.045236587524414,0.02304842136800289,20.399887084960938,20.3673095703125,21.050933837890625,21.0449161529541,0.022636760026216507,20.400161743164062,20.3673095703125,19.47479248046875,19.470705032348633,0.018593251705169678,19.1060733795166,19.103729248046875,19.477142333984375,19.470531463623047,0.019367441534996033,19.104061126708984,19.10321044921875,19.475845336914062,19.47053337097168,0.018957534804940224,19.10483741760254,19.103607177734375,19.47479248046875,19.470705032348633,0.018593251705169678,19.10506820678711,19.103607177734375,20.377593994140625,20.384584426879883,0.05385811626911163,19.879804611206055,19.89141845703125,20.377593994140625,20.383756637573242,0.05539057031273842,19.877260208129883,19.89068603515625,20.37103271484375,20.383703231811523,0.0547923780977726,19.878328323364258,19.8912353515625,20.377593994140625,20.384584426879883,0.05385811626911163,19.878597259521484,19.891265869140625,3.0,3.0,0.0,3.0,3.0,0.0,3.0,3.0,0.0,20.1964111328125,20.196958541870117,0.06123168766498566,20.1964111328125,20.196958541870117,0.06123168766498566,20.1964111328125,20.196958541870117,0.06123168766498566,20.1964111328125,20.196958541870117,0.06123168766498566,19.068328857421875,19.057233810424805,0.06144590303301811,19.068328857421875,19.057233810424805,0.06144590303301811,19.068328857421875,19.057233810424805,0.06144590303301811,19.068328857421875,19.057233810424805,0.06144590303301811,20.127197265625,20.14253044128418,0.06442452222108841,20.127197265625,20.14253044128418,0.06442452222108841,20.127197265625,20.14253044128418,0.06442452222108841,20.127197265625,20.14253044128418,0.06442452222108841
LC09_L1TP_196028_20231006_20231006_02_T1,LANDSAT_9,20231006,geneva,196028,3.0,2.759999990463257,0.42708316445350647,2.334256410598755,2.0,3.0,2.680000066757202,0.6144917011260986,2.4049060344696045,2.0,3.0,2.799999952316284,0.4898979365825653,2.363558769226074,2.0,18.231048583984375,18.224895477294922,0.028317619115114212,17.443462371826172,17.369720458984375,18.231048583984375,18.224895477294922,0.028317619115114212,17.46938705444336,17.386810302734375,18.231048583984375,18.227184295654297,0.028028147295117378,17.47316551208496,17.390228271484375,18.231048583984375,18.225351333618164,0.028811581432819366,17.482484817504883,17.397064208984375,17.994384765625,17.990100860595703,0.024237198755145073,17.271535873413086,17.19622802734375,17.994384765625,17.990100860595703,0.024237198755145073,17.299638748168945,17.21502685546875,17.994384765625,17.988855361938477,0.0248063113540411,17.302562713623047,17.21710205078125,17.994384765625,17.989229202270508,0.024350186809897423,17.31216049194336,17.222564697265625,18.592681884765625,18.592199325561523,0.03316996246576309,17.544116973876953,17.424835205078125,18.592681884765625,18.592199325561523,0.03316996246576309,17.576236724853516,17.454803466796875,18.60076904296875,18.59604263305664,0.03144553676247597,17.580406188964844,17.45758056640625,18.596725463867188,18.593372344970703,0.03334128484129906,17.590017318725586,17.466262817382812,2.0,2.0,0.0,2.0,2.0,0.0,2.0,2.1600000858306885,0.3666060268878937,17.301361083984375,17.298490524291992,0.032146062701940536,17.301361083984375,17.298490524291992,0.032146062701940536,17.301361083984375,17.298490524291992,0.032146062701940536,17.301361083984375,17.298490524291992,0.032146062701940536,17.1058349609375,17.108196258544922,0.02821277640759945,17.1058349609375,17.108196258544922,0.02821277640759945,17.1058349609375,17.108196258544922,0.02821277640759945,17.1058349609375,17.108196258544922,0.02821277640759945,17.28021240234375,17.26995849609375,0.05408614128828049,17.28021240234375,17.26995849609375,0.05408614128828049,17.28021240234375,17.26995849609375,0.05408614128828049,17.28021240234375,17.26995849609375,0.05408614128828049
LC09_L1TP_196028_20231022_20231022_02_T1,LANDSAT_9,20231022,geneva,196028,,,,1.6821542978286743,2.0,,,,1.792675256729126,2.0,,,,1.7731311321258545,2.0,,,,10.357268333435059,10.434539794921875,,,,10.594114303588867,10.564422607421875,,,,10.658446311950684,10.584930419921875,,,,10.65178108215332,10.571258544921875,,,,9.269745826721191,9.340576171875,,,,9.505380630493164,9.46978759765625,,,,9.554411888122559,9.474899291992188,,,,9.547106742858887,9.460372924804688,,,,8.420079231262207,8.46868896484375,,,,8.706562042236328,8.6212158203125,,,,8.724886894226074,8.58953857421875,,,,8.714125633239746,8.577896118164062,,,,,,,,,,,,,,,,,,,,,,,,,,,,,,,,,,,,,,,,,,,,,
LC09_L1TP_196028_20231123_20231123_02_T1,LANDSAT_9,20231123,geneva,196028,3.0,2.9600000381469727,0.1959591656923294,2.805046558380127,3.0,3.0,2.9600000381469727,0.1959591656923294,2.90946626663208,3.0,3.0,2.799999952316284,0.4000000059604645,2.911259889602661,3.0,10.895965576171875,10.895965576171875,0.02710343711078167,10.609663963317871,10.714813232421875,10.895965576171875,10.895965576171875,0.02710343711078167,10.640742301940918,10.718231201171875,10.895965576171875,10.895965576171875,0.02710343711078167,10.63705825805664,10.718231201171875,10.895965576171875,10.895965576171875,0.02710343711078167,10.631261825561523,10.718231201171875,10.322418212890625,10.320748329162598,0.02464291639626026,10.065264701843262,10.169830322265625,10.322418212890625,10.320748329162598,0.02464291639626026,10.097148895263672,10.174774169921875,10.322418212890625,10.320748329162598,0.02464291639626026,10.093512535095215,10.1739501953125,10.322418212890625,10.320748329162598,0.02464291639626026,10.087583541870117,10.172515869140625,10.669525146484375,10.669286727905273,0.015141007490456104,10.302498817443848,10.435272216796875,10.669525146484375,10.669286727905273,0.015141007490456104,10.346704483032227,10.440582275390625,10.669525146484375,10.669286727905273,0.015141007490456104,10.3421049118042,10.439727783203125,10.669525146484375,10.669286727905273,0.015141007490456104,10.333273887634277,10.43798828125,2.0,2.319999933242798,0.4664761424064636,3.0,3.0,0.0,3.0,3.0,0.0,10.537078857421875,10.540223121643066,0.025337640196084976,10.537078857421875,10.540223121643066,0.025337640196084976,10.537078857421875,10.540223121643066,0.025337640196084976,10.537078857421875,10.540223121643066,0.025337640196084976,9.97174072265625,9.973965644836426,0.029889320954680443,9.97174072265625,9.973965644836426,0.029889320954680443,9.97174072265625,9.973965644836426,0.029889320954680443,9.97174072265625,9.973965644836426,0.029889320954680443,10.267791748046875,10.255104064941406,0.0383644625544548,10.267791748046875,10.255104064941406,0.0383644625544548,10.267791748046875,10.255104064941406,0.0383644625544548,10.267791748046875,10.255104064941406,0.0383644625544548
LC09_L1TP_195028_20231218_20231218_02_T1,LANDSAT_9,20231218,geneva,195028,,,,1.8857142925262451,2.0,,,,2.057142972946167,2.0,,,,1.514285683631897,1.0,,,,1.3516871929168701,0.66583251953125,,,,1.284245252609253,0.66583251953125,,,,1.4908325672149658,0.66583251953125,,,,2.940066337585449,3.3797607421875,,,,0.8819048404693604,0.2015380859375,,,,0.8270659446716309,0.2015380859375,,,,1.0137369632720947,0.2084808349609375,,,,2.492323398590088,2.96722412109375,,,,0.9687002897262573,0.255157470703125,,,,0.9122337102890015,0.255157470703125,,,,1.099419116973877,0.2653961181640625,,,,2.463822841644287,2.98486328125,,,,,,,,,,,,,,,,,,,,,,,,,,,,,,,,,,,,,,,,,,,,,
LC09_L1TP_196028_20231225_20231225_02_T1,LANDSAT_9,20231225,geneva,196028,3.0,2.5999999046325684,0.4898979365825653,2.8345961570739746,3.0,3.0,2.9200000762939453,0.27129319310188293,2.8981289863586426,3.0,3.0,2.9200000762939453,0.27129319310188293,2.905540943145752,3.0,8.53753662109375,8.509099006652832,0.05258537828922272,8.394213676452637,8.46575927734375,8.53753662109375,8.509099006652832,0.05258537828922272,8.416654586791992,8.47259521484375,8.53753662109375,8.509099006652832,0.05258537828922272,8.419401168823242,8.47259521484375,8.53753662109375,8.509099006652832,0.05258537828922272,8.42168140411377,8.46917724609375,7.86517333984375,7.871218204498291,0.05449706315994263,7.727460861206055,7.796905517578125,7.86517333984375,7.871218204498291,0.05449706315994263,7.749917030334473,7.802886962890625,7.86517333984375,7.871218204498291,0.05449706315994263,7.752796649932861,7.80230712890625,7.86517333984375,7.871218204498291,0.05449706315994263,7.755151748657227,7.8018798828125,8.4686279296875,8.472951889038086,0.045901086181402206,7.942102432250977,8.05224609375,8.4686279296875,8.472951889038086,0.045901086181402206,7.984208106994629,8.06219482421875,8.4686279296875,8.472951889038086,0.045901086181402206,7.986822128295898,8.061279296875,8.4686279296875,8.472951889038086,0.045901086181402206,7.988956451416016,8.06011962890625,2.0,2.0,0.5773502588272095,1.5,1.5416666269302368,0.5758448243141174,1.5,1.5,0.5,5.269927978515625,5.2165207862854,0.3880825340747833,5.269927978515625,5.213871955871582,0.3959310054779053,5.269927978515625,5.278472900390625,0.34719032049179077,5.350250244140625,5.379587650299072,0.328325092792511,4.597625732421875,4.577149868011475,0.4062645435333252,4.597625732421875,4.568212985992432,0.4050386846065521,4.597625732421875,4.67041015625,0.390764057636261,4.761383056640625,4.765592098236084,0.356658399105072,0.5337982177734375,0.6888096928596497,1.091171383857727,0.5337982177734375,0.6874450445175171,1.0453429222106934,0.7129058837890625,0.8575795292854309,1.1950781345367432,1.1784210205078125,1.1079431772232056,1.1384309530258179
LC09_L1TP_195028_20240103_20240103_02_T1,LANDSAT_9,20240103,geneva,195028,,,,2.1026604175567627,2.0,,,,2.1639370918273926,2.0,,,,2.195014715194702,2.0,,,,5.706320762634277,6.510650634765625,,,,6.279664039611816,6.866119384765625,,,,6.514523506164551,6.920806884765625,,,,6.54966926574707,6.934478759765625,,,,4.820267200469971,5.61395263671875,,,,5.395268440246582,5.96551513671875,,,,5.631120204925537,6.0194549560546875,,,,5.665590763092041,6.0276641845703125,,,,4.430497169494629,5.4324951171875,,,,5.174673557281494,5.944854736328125,,,,5.469268798828125,6.015655517578125,,,,5.484069347381592,6.026702880859375,,,,,,,,,,,,,,,,,,,,,,,,,,,,,,,,,,,,,,,,,,,,,
LC09_L1TP_195028_20240119_20240119_02_T1,LANDSAT_9,20240119,geneva,195028,2.0,2.200000047683716,0.4898979365825653,2.6330127716064453,3.0,2.0,2.319999933242798,0.4664761424064636,2.7779150009155273,3.0,3.0,2.5199999809265137,0.4995998442173004,2.834362745285034,3.0,6.729400634765625,6.731998443603516,0.031508851796388626,7.012269496917725,7.088287353515625,6.731109619140625,6.733530521392822,0.031232504174113274,7.035321235656738,7.088287353515625,6.729400634765625,6.731998443603516,0.031508851796388626,7.036527156829834,7.088287353515625,6.729400634765625,6.731998443603516,0.031508851796388626,7.036809921264648,7.088287353515625,6.198455810546875,6.203201770782471,0.028658168390393257,6.445687770843506,6.51800537109375,6.2001800537109375,6.204248905181885,0.028776681050658226,6.46830940246582,6.520416259765625,6.198455810546875,6.203201770782471,0.028658168390393257,6.469518184661865,6.520111083984375,6.198455810546875,6.203201770782471,0.028658168390393257,6.469769477844238,6.520111083984375,6.490692138671875,6.483448505401611,0.052489541471004486,6.710477828979492,6.789581298828125,6.4888916015625,6.483144283294678,0.053550295531749725,6.740424156188965,6.79278564453125,6.490692138671875,6.483448505401611,0.052489541471004486,6.741250038146973,6.79241943359375,6.490692138671875,6.483448505401611,0.052489541471004486,6.741433143615723,6.792388916015625,3.0,2.5199999809265137,0.4995998442173004,3.0,2.5199999809265137,0.4995998442173004,3.0,2.8399999141693115,0.36660605669021606,6.913970947265625,6.914244174957275,0.01179748959839344,6.913970947265625,6.914244174957275,0.01179748959839344,6.913970947265625,6.914244174957275,0.01179748959839344,6.913970947265625,6.914244174957275,0.01179748959839344,6.35345458984375,6.353520393371582,0.010018492117524147,6.35345458984375,6.353520393371582,0.010018492117524147,6.35345458984375,6.353520393371582,0.010018492117524147,6.35345458984375,6.353520393371582,0.010018492117524147,6.612548828125,6.610126972198486,0.04160931706428528,6.612548828125,6.610126972198486,0.04160931706428528,6.612548828125,6.610126972198486,0.04160931706428528,6.612548828125,6.610126972198486,0.04160931706428528
LC09_L1TP_195028_20240204_20240204_02_T1,LANDSAT_9,20240204,geneva,195028,,,,2.103872537612915,2.0,,,,2.507265090942383,3.0,,,,2.482800245285034,3.0,,,,6.58378267288208,6.602935791015625,,,,6.599699020385742,6.606353759765625,,,,6.603496074676514,6.606353759765625,,,,6.602707386016846,6.606353759765625,,,,6.128164768218994,6.1533660888671875,,,,6.144728660583496,6.158233642578125,,,,6.148341178894043,6.15814208984375,,,,6.14753532409668,6.1580810546875,,,,6.334009170532227,6.36981201171875,,,,6.357581615447998,6.377044677734375,,,,6.362158298492432,6.37689208984375,,,,6.361167907714844,6.376800537109375,2.0,2.0799999237060547,0.27129319310188293,2.0,2.1600000858306885,0.3666060268878937,2.0,2.2799999713897705,0.44899889826774597,6.555084228515625,6.564517974853516,0.053541406989097595,6.555084228515625,6.564517974853516,0.053541406989097595,6.555084228515625,6.564517974853516,0.053541406989097595,6.555084228515625,6.564517974853516,0.053541406989097595,6.0606689453125,6.087197303771973,0.05374494567513466,6.0606689453125,6.087197303771973,0.05374494567513466,6.0606689453125,6.087197303771973,0.05374494567513466,6.0606689453125,6.087197303771973,0.05374494567513466,6.31597900390625,6.309255599975586,0.023002566769719124,6.31597900390625,6.309255599975586,0.023002566769719124,6.31597900390625,6.309255599975586,0.023002566769719124,6.31597900390625,6.309255599975586,0.023002566769719124
LC09_L1TP_195028_20240220_20240220_02_T1,LANDSAT_9,20240220,geneva,195028,,,,1.915581464767456,2.0,,,,1.8307276964187622,1.0,,,,1.830446481704712,1.0,,,,6.004934787750244,5.809967041015625,,,,7.546264171600342,8.30853271484375,,,,8.00996208190918,8.34954833984375,,,,8.03536319732666,8.35296630859375,,,,5.221911430358887,5.03570556640625,,,,6.701714515686035,7.430816650390625,,,,7.147092819213867,7.468780517578125,,,,7.171533584594727,7.47283935546875,,,,5.222229480743408,4.938873291015625,,,,6.9298319816589355,7.798553466796875,,,,7.41824197769165,7.836669921875,,,,7.44762659072876,7.8413238525390625,,,,,,,,,,,,,,,,,,,,,,,,,,,,,,,,,,,,,,,,,,,,,
LC09_L1TP_195028_20240307_20240307_02_T1,LANDSAT_9,20240307,geneva,195028,3.0,2.9200000762939453,0.3919183313846588,2.979311943054199,3.0,3.0,2.9200000762939453,0.3919183313846588,2.987977981567383,3.0,3.0,2.9200000762939453,0.3919183313846588,2.9883105754852295,3.0,7.652252197265625,7.661691665649414,0.04821418225765228,7.468997478485107,7.433502197265625,7.650543212890625,7.660233974456787,0.04866534844040871,7.467473030090332,7.433502197265625,7.652252197265625,7.662654876708984,0.04897226765751839,7.467807292938232,7.433502197265625,7.652252197265625,7.662654876708984,0.04897226765751839,7.468212127685547,7.433502197265625,7.01904296875,7.02337646484375,0.03727716580033302,6.90048360824585,6.87078857421875,7.017364501953125,7.021955966949463,0.037377167493104935,6.899405002593994,6.870819091796875,7.0173797607421875,7.023557186126709,0.038035135716199875,6.899633884429932,6.87091064453125,7.0173797607421875,7.023557186126709,0.038035135716199875,6.899979591369629,6.871002197265625,7.440093994140625,7.441506385803223,0.04449699819087982,7.271718502044678,7.247772216796875,7.4400787353515625,7.441229343414307,0.045393455773591995,7.271100044250488,7.24786376953125,7.444122314453125,7.442409515380859,0.04518948122859001,7.271312236785889,7.2479248046875,7.444122314453125,7.442409515380859,0.04518948122859001,7.271833896636963,7.248046875,3.0,3.0,0.0,3.0,3.0,0.0,3.0,3.0,0.0,7.488189697265625,7.479849815368652,0.03349023312330246,7.488189697265625,7.479849815368652,0.03349023312330246,7.488189697265625,7.479849815368652,0.03349023312330246,7.488189697265625,7.479849815368652,0.03349023312330246,6.94232177734375,6.934191703796387,0.03482181206345558,6.94232177734375,6.934191703796387,0.03482181206345558,6.94232177734375,6.934191703796387,0.03482181206345558,6.94232177734375,6.934191703796387,0.03482181206345558,7.208740234375,7.212558746337891,0.03006136044859886,7.208740234375,7.212558746337891,0.03006136044859886,7.208740234375,7.212558746337891,0.03006136044859886,7.208740234375,7.212558746337891,0.03006136044859886
LC09_L1TP_196028_20240314_20240316_02_T1,LANDSAT_9,20240314,geneva,196028,3.0,2.680000066757202,0.6144917011260986,2.2663161754608154,3.0,3.0,2.759999990463257,0.42708316445350647,2.2250001430511475,3.0,3.0,2.799999952316284,0.4000000059604645,2.236729383468628,3.0,8.70159912109375,8.705709457397461,0.03153033182024956,8.044960021972656,8.18548583984375,8.70159912109375,8.70457935333252,0.03068597987294197,8.27547836303711,8.41448974609375,8.70159912109375,8.705709457397461,0.03153033182024956,8.368515014648438,8.45208740234375,8.70159912109375,8.705709457397461,0.03153033182024956,8.406042098999023,8.46917724609375,8.1439208984375,8.139936447143555,0.026645688340067863,7.388095378875732,7.523651123046875,8.1439208984375,8.139904975891113,0.02724376507103443,7.612581253051758,7.74395751953125,8.1439208984375,8.139936447143555,0.026645688340067863,7.7020463943481445,7.783416748046875,8.1439208984375,8.139936447143555,0.026645688340067863,7.738783359527588,7.803192138671875,8.572967529296875,8.555468559265137,0.06654061377048492,7.401121616363525,7.56500244140625,8.572967529296875,8.555294036865234,0.06866394728422165,7.683323383331299,7.81329345703125,8.572967529296875,8.555468559265137,0.06654061377048492,7.802791595458984,7.8607177734375,8.572967529296875,8.555468559265137,0.06654061377048492,7.842827320098877,7.886322021484375,3.0,2.9600000381469727,0.1959591656923294,3.0,3.0,0.0,3.0,3.0,0.0,8.34613037109375,8.327126502990723,0.10162388533353806,8.34613037109375,8.327126502990723,0.10162388533353806,8.34613037109375,8.327126502990723,0.10162388533353806,8.34613037109375,8.327126502990723,0.10162388533353806,7.633148193359375,7.627114295959473,0.10787873715162277,7.633148193359375,7.627114295959473,0.10787873715162277,7.633148193359375,7.627114295959473,0.10787873715162277,7.633148193359375,7.627114295959473,0.10787873715162277,7.598724365234375,7.605731010437012,0.08630046993494034,7.598724365234375,7.605731010437012,0.08630046993494034,7.598724365234375,7.605731010437012,0.08630046993494034,7.598724365234375,7.605731010437012,0.08630046993494034
LC09_L1TP_195028_20240323_20240323_02_T1,LANDSAT_9,20240323,geneva,195028,,,,2.635345458984375,3.0,,,,2.812238931655884,3.0,,,,2.8104727268218994,3.0,,,,8.93088150024414,8.800750732421875,,,,8.966964721679688,8.817840576171875,,,,8.958836555480957,8.811004638671875,,,,8.965530395507812,8.811004638671875,,,,8.211625099182129,8.111572265625,,,,8.248729705810547,8.130416870117188,,,,8.239978790283203,8.12255859375,,,,8.246444702148438,8.124481201171875,,,,8.84023666381836,8.755401611328125,,,,8.894941329956055,8.774734497070312,,,,8.892802238464355,8.76678466796875,,,,8.899679183959961,8.768295288085938,2.5,2.5,0.5,3.0,3.0,0.0,3.0,3.0,0.0,9.800506591796875,9.799652099609375,0.03762677684426308,9.800506591796875,9.799652099609375,0.03762677684426308,9.800506591796875,9.799652099609375,0.03762677684426308,9.800506591796875,9.799652099609375,0.03762677684426308,9.080764770507812,9.089981079101562,0.05073232203722,9.080764770507812,9.089981079101562,0.05073232203722,9.080764770507812,9.089981079101562,0.05073232203722,9.080764770507812,9.089981079101562,0.05073232203722,9.867202758789062,9.877025604248047,0.08521318435668945,9.867202758789062,9.877025604248047,0.08521318435668945,9.867202758789062,9.877025604248047,0.08521318435668945,9.867202758789062,9.877025604248047,0.08521318435668945
LC09_L1TP_195028_20240408_20240408_02_T1,LANDSAT_9,20240408,geneva,195028,,,,,,,,,,,,,,,,,,,,,,,,,,,,,,,,,,,,,,,,,,,,,,,,,,,,,,,,,,,,,,,,,,,,,,,,,,,,,,,,,,,,,,,,,,,,,,,,,,,,,,,,,,,,,,,,,,,,,,,,
LC09_L1TP_196028_20240415_20240415_02_T1,LANDSAT_9,20240415,geneva,196028,,,,1.2712939977645874,1.0,,,,1.3417280912399292,1.0,,,,1.7311630249023438,2.0,,,,10.201611518859863,10.174774169921875,,,,10.03258991241455,9.904754638671875,,,,10.313352584838867,10.294403076171875,,,,10.133435249328613,10.157684326171875,,,,8.468833923339844,8.437469482421875,,,,8.310215950012207,8.200531005859375,,,,8.569798469543457,8.553298950195312,,,,8.402595520019531,8.421295166015625,,,,8.588444709777832,8.5460205078125,,,,8.424118041992188,8.28741455078125,,,,8.685129165649414,8.679473876953125,,,,8.531301498413086,8.53106689453125,,,,,,,,,,,,,,,,,,,,,,,,,,,,,,,,,,,,,,,,,,,,,
LC09_L1TP_195028_20240424_20240424_02_T1,LANDSAT_9,20240424,geneva,195028,,,,2.8591456413269043,3.0,,,,2.839984893798828,3.0,,,,2.835407257080078,3.0,,,,9.163061141967773,9.238250732421875,,,,9.214066505432129,9.262176513671875,,,,9.242852210998535,9.272430419921875,,,,9.251270294189453,9.272430419921875,,,,8.481560707092285,8.555068969726562,,,,8.530906677246094,8.57720947265625,,,,8.558664321899414,8.586273193359375,,,,8.566740989685059,8.58856201171875,,,,8.933408737182617,9.021820068359375,,,,8.998140335083008,9.057373046875,,,,9.032051086425781,9.07171630859375,,,,9.042177200317383,9.075454711914062,,,,,,,,,,,,,,,,,,,,,,,,,,,,,,,,,,,,,,,,,,,,,
LC09_L1TP_195028_20240510_20240510_02_T1,LANDSAT_9,20240510,geneva,195028,1.0,1.1200000047683716,0.3249615430831909,2.6146857738494873,3.0,1.0,1.0800000429153442,0.27129319310188293,2.7907040119171143,3.0,1.0,1.0399999618530273,0.1959591656923294,2.7930445671081543,3.0,15.315460205078125,15.322569847106934,0.11537523567676544,14.108521461486816,14.337921142578125,,,,13.827831268310547,13.907257080078125,,,,13.966330528259277,14.115753173828125,,,,13.967772483825684,14.119171142578125,14.262481689453125,14.259865760803223,0.0884011834859848,13.105817794799805,13.338821411132812,,,,12.831836700439453,12.915679931640625,,,,12.967162132263184,13.121337890625,,,,12.967926979064941,13.126007080078125,14.66070556640625,14.633216857910156,0.1330501288175583,13.385191917419434,13.662521362304688,,,,13.09886646270752,13.168380737304688,,,,13.239103317260742,13.402511596679688,,,,13.239842414855957,13.408111572265625,3.0,3.0,0.0,3.0,3.0,0.0,3.0,3.0,0.0,13.018585205078125,13.023233413696289,0.08333049714565277,13.018585205078125,13.023233413696289,0.08333049714565277,13.018585205078125,13.023233413696289,0.08333049714565277,13.018585205078125,13.023233413696289,0.08333049714565277,12.003662109375,12.010688781738281,0.08744825422763824,12.003662109375,12.010688781738281,0.08744825422763824,12.003662109375,12.010688781738281,0.08744825422763824,12.003662109375,12.010688781738281,0.08744825422763824,12.21856689453125,12.212843894958496,0.059615813195705414,12.21856689453125,12.212843894958496,0.059615813195705414,12.21856689453125,12.212843894958496,0.059615813195705414,12.21856689453125,12.212843894958496,0.059615813195705414
LC09_L1TP_196028_20240517_20240517_02_T1,LANDSAT_9,20240517,geneva,196028,3.0,2.880000114440918,0.32496151328086853,2.817901611328125,3.0,3.0,2.799999952316284,0.4898979365825653,2.837792158126831,3.0,3.0,2.799999952316284,0.4898979365825653,2.8307864665985107,3.0,15.346221923828125,15.328448295593262,0.07295582443475723,15.678398132324219,15.817901611328125,15.346221923828125,15.328448295593262,0.07295582443475723,15.746384620666504,15.86236572265625,15.325714111328125,15.32542896270752,0.07291388511657715,15.772180557250977,15.89312744140625,15.325714111328125,15.32542896270752,0.07291388511657715,15.77670955657959,15.89996337890625,14.11669921875,14.136497497558594,0.07083480805158615,14.674030303955078,14.824127197265625,14.11669921875,14.136497497558594,0.07083480805158615,14.74375057220459,14.86944580078125,14.116500854492188,14.134990692138672,0.07190167903900146,14.768937110900879,14.8966064453125,14.116500854492188,14.134990692138672,0.07190167903900146,14.773504257202148,14.901123046875,14.88616943359375,14.89428424835205,0.11619883030653,15.196510314941406,15.3603515625,14.88616943359375,14.89428424835205,0.11619883030653,15.271026611328125,15.406875610351562,14.884063720703125,14.889026641845703,0.11564423143863678,15.297770500183105,15.436676025390625,14.884063720703125,14.889026641845703,0.11564423143863678,15.302469253540039,15.440887451171875,3.0,2.7200000286102295,0.44899889826774597,2.0,2.440000057220459,0.49638694524765015,2.0,2.0799999237060547,0.27129319310188293,14.030303955078125,14.032491683959961,0.0546351820230484,14.030303955078125,14.032491683959961,0.0546351820230484,14.030303955078125,14.032491683959961,0.0546351820230484,14.030303955078125,14.032491683959961,0.0546351820230484,13.10406494140625,13.107975006103516,0.05333064869046211,13.10406494140625,13.107975006103516,0.05333064869046211,13.10406494140625,13.107975006103516,0.05333064869046211,13.10406494140625,13.107975006103516,0.05333064869046211,13.47857666015625,13.511256217956543,0.0699038952589035,13.47857666015625,13.511256217956543,0.0699038952589035,13.47857666015625,13.511256217956543,0.0699038952589035,13.47857666015625,13.511256217956543,0.0699038952589035
LC09_L1TP_195028_20240526_20240526_02_T1,LANDSAT_9,20240526,geneva,195028,,,,,,,,,,,,,,,,,,,,,,,,,,,,,,,,,,,,,,,,,,,,,,,,,,,,,,,,,,,,,,,,,,,,,,,,,,,,,,,,,,,,,,,,,,,,,,,,,,,,,,,,,,,,,,,,,,,,,,,,
LC09_L1TP_195028_20240611_20240611_02_T1,LANDSAT_9,20240611,geneva,195028,,,,2.29689621925354,2.0,,,,2.5202832221984863,3.0,,,,2.617002487182617,3.0,,,,18.35553741455078,18.470306396484375,,,,18.388208389282227,18.494232177734375,,,,18.425573348999023,18.504486083984375,,,,18.44477653503418,18.514739990234375,,,,17.3209285736084,17.427963256835938,,,,17.351049423217773,17.4508056640625,,,,17.385690689086914,17.460678100585938,,,,17.401769638061523,17.470794677734375,,,,18.051856994628906,18.251937866210938,,,,18.117977142333984,18.281234741210938,,,,18.161176681518555,18.285919189453125,,,,18.193981170654297,18.309051513671875,,,,,,,,,,,,,,,,,,,,,,,,,,,,,,,,,,,,,,,,,,,,,
LC09_L1TP_196028_20240618_20240618_02_T1,LANDSAT_9,20240618,geneva,196028,2.0,1.8799999952316284,0.3249615430831909,1.6698837280273438,2.0,1.0,1.440000057220459,0.6374951004981995,1.6953270435333252,2.0,2.0,1.7200000286102295,0.7222188115119934,1.7329609394073486,2.0,18.610443115234375,18.623022079467773,0.11416514962911606,14.778761863708496,14.877960205078125,18.607025146484375,18.60780143737793,0.11302310973405838,15.279574394226074,15.147979736328125,18.675384521484375,18.679561614990234,0.0744280144572258,15.472965240478516,15.223175048828125,18.632659912109375,18.655853271484375,0.08026695996522903,15.518948554992676,15.288116455078125,16.22210693359375,16.211021423339844,0.10870534181594849,12.641019821166992,12.742431640625,16.180938720703125,16.20148468017578,0.1114666536450386,13.128891944885254,13.009765625,16.271240234375,16.26295280456543,0.09252384305000305,13.320842742919922,13.084625244140625,16.240707397460938,16.240381240844727,0.09147077053785324,13.360928535461426,13.143585205078125,14.9659423828125,14.922901153564453,0.2368653416633606,10.029264450073242,10.115142822265625,14.952163696289062,14.914231300354004,0.2498757392168045,10.805160522460938,10.631591796875,15.00018310546875,14.97909164428711,0.2327333688735962,11.044204711914062,10.707275390625,14.935684204101562,14.898991584777832,0.24921616911888123,11.106046676635742,10.7913818359375,3.0,2.8399999141693115,0.5425863862037659,2.0,2.0,0.0,2.0,2.0,0.0,14.351593017578125,14.369366645812988,0.06599424034357071,14.351593017578125,14.371357917785645,0.06839619576931,14.351593017578125,14.369366645812988,0.06599424034357071,14.351593017578125,14.369366645812988,0.06599424034357071,12.17242431640625,12.199899673461914,0.06849058717489243,12.168212890625,12.1969575881958,0.07059745490550995,12.17242431640625,12.199899673461914,0.06849058717489243,12.17242431640625,12.199899673461914,0.06849058717489243,8.98443603515625,8.974976539611816,0.07455413043498993,8.98455810546875,8.974157333374023,0.07767398655414581,8.98443603515625,8.974976539611816,0.07455413043498993,8.98443603515625,8.974976539611816,0.07455413043498993
LC09_L1TP_195028_20240627_20240627_02_T1,LANDSAT_9,20240627,geneva,195028,3.0,2.799999952316284,0.5656853914260864,2.846067190170288,3.0,3.0,2.880000114440918,0.430813193321228,2.927635669708252,3.0,3.0,2.799999952316284,0.5656853914260864,2.9313626289367676,3.0,22.896636962890625,22.897729873657227,0.04319879785180092,21.659076690673828,21.526031494140625,22.900054931640625,22.903474807739258,0.0398855023086071,21.669395446777344,21.532867431640625,22.898345947265625,22.899770736694336,0.04289422184228897,21.67271614074707,21.536285400390625,22.900054931640625,22.903474807739258,0.0398855023086071,21.66914939880371,21.532867431640625,20.205474853515625,20.209819793701172,0.02796637825667858,19.124025344848633,18.998016357421875,20.210601806640625,20.21238899230957,0.027441300451755524,19.13442039489746,19.004547119140625,20.208038330078125,20.210512161254883,0.028332460671663284,19.13749885559082,19.00640869140625,20.210601806640625,20.21238899230957,0.027441300451755524,19.134075164794922,19.00445556640625,20.250823974609375,20.254047393798828,0.1005207821726799,19.153026580810547,19.0196533203125,20.275115966796875,20.263015747070312,0.09939564764499664,19.17058753967285,19.026641845703125,20.262969970703125,20.259746551513672,0.09855742007493973,19.175386428833008,19.028305053710938,20.275115966796875,20.263015747070312,0.09939564764499664,19.169862747192383,19.0262451171875,2.0,2.0399999618530273,0.1959591656923294,2.0,2.440000057220459,0.49638694524765015,3.0,2.5199999809265137,0.4995998442173004,20.1690673828125,20.201744079589844,0.0804324671626091,20.1690673828125,20.201744079589844,0.0804324671626091,20.1690673828125,20.201744079589844,0.0804324671626091,20.1690673828125,20.201744079589844,0.0804324671626091,17.696868896484375,17.722393035888672,0.08105438202619553,17.696868896484375,17.722393035888672,0.08105438202619553,17.696868896484375,17.722393035888672,0.08105438202619553,17.696868896484375,17.722393035888672,0.08105438202619553,17.358673095703125,17.340911865234375,0.07422327250242233,17.358673095703125,17.340911865234375,0.07422327250242233,17.358673095703125,17.340911865234375,0.07422327250242233,17.358673095703125,17.340911865234375,0.07422327250242233
LC09_L1TP_196028_20240704_20240704_02_T1,LANDSAT_9,20240704,geneva,196028,,,,1.5274826288223267,1.0,,,,1.4879577159881592,1.0,,,,1.464071273803711,1.0,,,,18.07776641845703,18.073822021484375,,,,18.06794548034668,18.073822021484375,,,,18.36651611328125,18.747161865234375,,,,18.437801361083984,18.750579833984375,,,,16.407958984375,16.395751953125,,,,16.395658493041992,16.3885498046875,,,,16.668542861938477,17.034408569335938,,,,16.736473083496094,17.03900146484375,,,,16.474796295166016,16.47235107421875,,,,16.508214950561523,16.487396240234375,,,,16.799755096435547,17.178009033203125,,,,16.863182067871094,17.194915771484375,,,,,,,,,,,,,,,,,,,,,,,,,,,,,,,,,,,,,,,,,,,,,
LC09_L1TP_195028_20240713_20240713_02_T1,LANDSAT_9,20240713,geneva,195028,,,,2.0438785552978516,2.0,,,,2.084425449371338,2.0,,,,2.1052937507629395,2.0,,,,12.550298690795898,12.55712890625,,,,13.395580291748047,13.544952392578125,,,,13.541380882263184,13.695343017578125,,,,13.567063331604004,13.712432861328125,,,,11.518555641174316,11.537628173828125,,,,12.361990928649902,12.51934814453125,,,,12.508395195007324,12.666213989257812,,,,12.53563404083252,12.68426513671875,,,,10.088434219360352,10.12548828125,,,,11.260965347290039,11.380279541015625,,,,11.449275970458984,11.638748168945312,,,,11.480305671691895,11.657135009765625,,,,,,,,,,,,,,,,,,,,,,,,,,,,,,,,,,,,,,,,,,,,,
LC09_L1TP_196028_20240720_20240720_02_T1,LANDSAT_9,20240720,geneva,196028,3.0,2.880000114440918,0.430813193321228,2.8259670734405518,3.0,3.0,2.8399999141693115,0.3666060268878937,2.9933459758758545,3.0,3.0,2.799999952316284,0.4898979365825653,2.993908643722534,3.0,25.255096435546875,25.230077743530273,0.08149240165948868,25.05905532836914,25.155975341796875,25.255096435546875,25.226755142211914,0.08149830251932144,25.0572566986084,25.155975341796875,25.255096435546875,25.230077743530273,0.08149240165948868,25.05702018737793,25.155975341796875,25.255096435546875,25.226755142211914,0.08149830251932144,25.057104110717773,25.155975341796875,22.536468505859375,22.519878387451172,0.08714931458234787,22.84341812133789,22.919708251953125,22.536468505859375,22.516077041625977,0.08689456433057785,22.84207534790039,22.9195556640625,22.536468505859375,22.519878387451172,0.08714931458234787,22.841856002807617,22.919464111328125,22.536468505859375,22.516077041625977,0.08689456433057785,22.84193992614746,22.919525146484375,22.759429931640625,22.754623413085938,0.06862054765224457,23.01365852355957,23.07244873046875,22.75762939453125,22.75371742248535,0.0698901116847992,23.012208938598633,23.072296142578125,22.759429931640625,22.754623413085938,0.06862054765224457,23.011980056762695,23.072235107421875,22.75762939453125,22.75371742248535,0.0698901116847992,23.012067794799805,23.072296142578125,3.0,3.0,0.0,3.0,3.0,0.0,3.0,3.0,0.0,24.92694091796875,24.93268394470215,0.018813613802194595,24.92694091796875,24.93268394470215,0.018813613802194595,24.92694091796875,24.93268394470215,0.018813613802194595,24.92694091796875,24.93268394470215,0.018813613802194595,22.941314697265625,22.9476318359375,0.017856944352388382,22.941314697265625,22.9476318359375,0.017856944352388382,22.941314697265625,22.9476318359375,0.017856944352388382,22.941314697265625,22.9476318359375,0.017856944352388382,22.928253173828125,22.916831970214844,0.06677078455686569,22.928253173828125,22.916831970214844,0.06677078455686569,22.928253173828125,22.916831970214844,0.06677078455686569,22.928253173828125,22.916831970214844,0.06677078455686569
LC09_L1TP_195028_20240729_20240729_02_T1,LANDSAT_9,20240729,geneva,195028,3.0,2.8399999141693115,0.4630334675312042,2.8941121101379395,3.0,3.0,2.8399999141693115,0.4630334675312042,2.943655014038086,3.0,3.0,2.8399999141693115,0.4630334675312042,2.9530956745147705,3.0,25.268768310546875,25.27164077758789,0.027846356853842735,23.647720336914062,23.887847900390625,25.268768310546875,25.271902084350586,0.02839035354554653,23.643796920776367,23.884429931640625,25.268768310546875,25.271902084350586,0.02839035354554653,23.645082473754883,23.887847900390625,25.268768310546875,25.271902084350586,0.02839035354554653,23.644899368286133,23.887847900390625,23.783355712890625,23.780542373657227,0.03219630569219589,22.3304500579834,22.616928100585938,23.782485961914062,23.77980613708496,0.03265320137143135,22.326831817626953,22.615966796875,23.782485961914062,23.77980613708496,0.03265320137143135,22.327878952026367,22.616424560546875,23.782485961914062,23.77980613708496,0.03265320137143135,22.327693939208984,22.61639404296875,24.186614990234375,24.155357360839844,0.10427237302064896,22.468669891357422,22.71844482421875,24.190628051757812,24.15411949157715,0.10624247789382935,22.46442985534668,22.717086791992188,24.190628051757812,24.15411949157715,0.10624247789382935,22.465713500976562,22.717864990234375,24.190628051757812,24.15411949157715,0.10624247789382935,22.46550178527832,22.7177734375,3.0,2.9600000381469727,0.1959591656923294,3.0,2.9600000381469727,0.1959591656923294,3.0,2.9600000381469727,0.1959591656923294,22.657379150390625,22.664897918701172,0.08608397096395493,22.657379150390625,22.664897918701172,0.08608397096395493,22.657379150390625,22.664897918701172,0.08608397096395493,22.657379150390625,22.664897918701172,0.08608397096395493,21.325103759765625,21.31842613220215,0.07428817451000214,21.325103759765625,21.31842613220215,0.07428817451000214,21.325103759765625,21.31842613220215,0.07428817451000214,21.325103759765625,21.31842613220215,0.07428817451000214,21.306396484375,21.309858322143555,0.0885365828871727,21.306396484375,21.309858322143555,0.0885365828871727,21.306396484375,21.309858322143555,0.0885365828871727,21.306396484375,21.309858322143555,0.0885365828871727
LC09_L1TP_196028_20240805_20240805_02_T1,LANDSAT_9,20240805,geneva,196028,2.0,2.0399999618530273,0.34409299492836,2.413365125656128,2.0,3.0,2.880000114440918,0.430813193321228,2.543522357940674,3.0,3.0,2.880000114440918,0.430813193321228,2.5891668796539307,3.0,25.525115966796875,25.518417358398438,0.03871193528175354,24.67085075378418,24.72528076171875,25.523406982421875,25.516571044921875,0.03841732069849968,24.654170989990234,24.71502685546875,25.523406982421875,25.516571044921875,0.03841732069849968,24.630573272705078,24.69110107421875,25.523406982421875,25.516571044921875,0.03841732069849968,24.643234252929688,24.70135498046875,23.865142822265625,23.86748695373535,0.043673768639564514,23.45012664794922,23.55535888671875,23.86065673828125,23.865556716918945,0.0435153990983963,23.420499801635742,23.532135009765625,23.86065673828125,23.865556716918945,0.0435153990983963,23.391016006469727,23.50421142578125,23.86065673828125,23.865556716918945,0.0435153990983963,23.410364151000977,23.5203857421875,25.23736572265625,25.216440200805664,0.0790938287973404,24.617826461791992,24.6778564453125,25.23480224609375,25.212600708007812,0.07841014862060547,24.591632843017578,24.6573486328125,25.23480224609375,25.212600708007812,0.07841014862060547,24.569204330444336,24.636993408203125,25.23480224609375,25.212600708007812,0.07841014862060547,24.5877628326416,24.654617309570312,2.0,1.8799999952316284,0.3249615430831909,1.0,1.2400000095367432,0.42708316445350647,1.0,1.159999966621399,0.36660605669021606,25.726776123046875,25.701210021972656,0.06299545615911484,25.690887451171875,25.6921329498291,0.06181873753666878,25.766082763671875,25.762664794921875,0.018379859626293182,25.766082763671875,25.743011474609375,0.04298868402838707,24.76629638671875,24.761375427246094,0.06197754666209221,24.760177612304688,24.751323699951172,0.05933905020356178,24.832687377929688,24.83005714416504,0.01952521502971649,24.832687377929688,24.808517456054688,0.04620491713285446,25.87286376953125,25.743013381958008,0.2211492955684662,25.787811279296875,25.711503982543945,0.21677857637405396,25.959976196289062,25.97206687927246,0.025915982201695442,25.976516723632812,25.841758728027344,0.2560841143131256
LC09_L1TP_196028_20240821_20240822_02_T1,LANDSAT_9,20240821,geneva,196028,,,,2.354275941848755,3.0,,,,2.48073148727417,3.0,,,,2.4781501293182373,3.0,,,,22.515602111816406,22.688140869140625,,,,22.60771942138672,22.735992431640625,,,,22.625940322875977,22.742828369140625,,,,22.62428092956543,22.735992431640625,,,,20.924272537231445,21.071945190429688,,,,21.019594192504883,21.133056640625,,,,21.038772583007812,21.13885498046875,,,,21.036901473999023,21.13055419921875,,,,21.368013381958008,21.6162109375,,,,21.52680778503418,21.693832397460938,,,,21.551231384277344,21.700286865234375,,,,21.545286178588867,21.691543579101562,2.0,2.0,0.0,3.0,3.0,0.0,3.0,3.0,0.0,23.009429931640625,22.992338180541992,0.05855809524655342,23.009429931640625,22.992338180541992,0.05855809524655342,23.009429931640625,22.992338180541992,0.05855809524655342,23.009429931640625,22.992338180541992,0.05855809524655342,21.55426025390625,21.544527053833008,0.0636516660451889,21.55426025390625,21.544527053833008,0.0636516660451889,21.55426025390625,21.544527053833008,0.0636516660451889,21.55426025390625,21.544527053833008,0.0636516660451889,22.131011962890625,22.132600784301758,0.045981477946043015,22.131011962890625,22.132600784301758,0.045981477946043015,22.131011962890625,22.132600784301758,0.045981477946043015,22.131011962890625,22.132600784301758,0.045981477946043015
LC09_L1TP_195028_20240830_20240830_02_T1,LANDSAT_9,20240830,geneva,195028,3.0,2.759999990463257,0.5851495862007141,2.122025966644287,2.0,3.0,2.7200000286102295,0.6645298600196838,2.027395486831665,2.0,3.0,2.9200000762939453,0.27129319310188293,2.021878719329834,2.0,24.56805419921875,24.592252731323242,0.062465060502290726,21.207895278930664,22.435211181640625,24.56805419921875,24.59391212463379,0.0648108571767807,22.268310546875,22.852203369140625,24.56805419921875,24.592601776123047,0.06596878170967102,22.625436782836914,22.906890869140625,24.56805419921875,24.592252731323242,0.062465060502290726,22.665529251098633,22.930816650390625,21.945404052734375,21.949539184570312,0.03497522324323654,18.54295539855957,19.882904052734375,21.945404052734375,21.950077056884766,0.036407750099897385,19.69965362548828,20.327301025390625,21.94329833984375,21.94980812072754,0.037203650921583176,20.082971572875977,20.380996704101562,21.945404052734375,21.949539184570312,0.03497522324323654,20.12310218811035,20.406402587890625,22.9923095703125,22.988296508789062,0.06670999526977539,17.423748016357422,19.476348876953125,22.970489501953125,22.98439598083496,0.06772814691066742,19.30929183959961,20.204986572265625,22.969970703125,22.98403549194336,0.06922882795333862,19.971240997314453,20.2991943359375,22.9923095703125,22.988296508789062,0.06670999526977539,20.01886749267578,20.335052490234375,3.0,3.0,0.0,3.0,3.0,0.0,3.0,3.0,0.0,24.25360107421875,24.249910354614258,0.04542602598667145,24.25360107421875,24.249910354614258,0.04542602598667145,24.25360107421875,24.249910354614258,0.04542602598667145,24.25360107421875,24.249910354614258,0.04542602598667145,21.703277587890625,21.697729110717773,0.05115661770105362,21.703277587890625,21.697729110717773,0.05115661770105362,21.703277587890625,21.697729110717773,0.05115661770105362,21.703277587890625,21.697729110717773,0.05115661770105362,22.256927490234375,22.243085861206055,0.05504496395587921,22.256927490234375,22.243085861206055,0.05504496395587921,22.256927490234375,22.243085861206055,0.05504496395587921,22.256927490234375,22.243085861206055,0.05504496395587921
LC09_L1TP_196028_20240906_20240906_02_T1,LANDSAT_9,20240906,geneva,196028,3.0,2.440000057220459,0.6974238157272339,2.5994651317596436,3.0,3.0,2.4800000190734863,0.5741080045700073,2.5737967491149902,3.0,2.0,2.4800000190734863,0.4995998442173004,2.5728342533111572,3.0,20.1964111328125,20.209260940551758,0.11620311439037323,19.77276039123535,20.7227783203125,20.2152099609375,20.219093322753906,0.11911888420581818,20.38882064819336,21.044097900390625,20.1998291015625,20.212644577026367,0.1173863410949707,20.573318481445312,21.095367431640625,20.1964111328125,20.209260940551758,0.11620311439037323,20.570453643798828,21.095367431640625,19.2926025390625,19.305702209472656,0.10508454591035843,18.912887573242188,19.9267578125,19.313552856445312,19.308012008666992,0.1111757680773735,19.562828063964844,20.261215209960938,19.311569213867188,19.30658531188965,0.10716059803962708,19.75792121887207,20.315216064453125,19.2926025390625,19.305702209472656,0.10508454591035843,19.754980087280273,20.315811157226562,19.003662109375,18.992290496826172,0.3580283522605896,18.7381534576416,20.252410888671875,19.082962036132812,19.00651741027832,0.3755286633968353,19.793088912963867,20.682952880859375,19.021347045898438,18.992801666259766,0.3654022514820099,20.128313064575195,20.743072509765625,19.003662109375,18.992290496826172,0.3580283522605896,20.120466232299805,20.74322509765625,3.0,3.0,0.0,3.0,3.0,0.0,3.0,3.0,0.0,20.5313720703125,20.543813705444336,0.054720643907785416,20.5313720703125,20.543813705444336,0.054720643907785416,20.5313720703125,20.543813705444336,0.054720643907785416,20.5313720703125,20.543813705444336,0.054720643907785416,19.760101318359375,19.767559051513672,0.06020882725715637,19.760101318359375,19.767559051513672,0.06020882725715637,19.760101318359375,19.767559051513672,0.06020882725715637,19.760101318359375,19.767559051513672,0.06020882725715637,20.146759033203125,20.139429092407227,0.04476061090826988,20.146759033203125,20.139429092407227,0.04476061090826988,20.146759033203125,20.139429092407227,0.04476061090826988,20.146759033203125,20.139429092407227,0.04476061090826988
LC09_L1TP_195028_20240915_20240915_02_T1,LANDSAT_9,20240915,geneva,195028,3.0,2.5999999046325684,0.7483314871788025,2.5480103492736816,3.0,3.0,2.319999933242798,0.8352245092391968,2.5603854656219482,3.0,3.0,2.4000000953674316,0.800000011920929,2.54555344581604,3.0,17.154388427734375,17.094776153564453,0.198290154337883,16.957412719726562,17.051849365234375,17.185150146484375,17.159433364868164,0.12375294417142868,16.952091217041016,17.038177490234375,17.212493896484375,17.18191146850586,0.10500672459602356,16.964012145996094,17.051849365234375,17.198822021484375,17.173870086669922,0.10818344354629517,16.96084213256836,17.051849365234375,16.220123291015625,16.1767635345459,0.2515845000743866,16.134275436401367,16.193832397460938,16.289154052734375,16.261180877685547,0.1656333953142166,16.12948989868164,16.178375244140625,16.298919677734375,16.291589736938477,0.1400797963142395,16.140737533569336,16.19696044921875,16.294036865234375,16.280475616455078,0.1448754221200943,16.137670516967773,16.195480346679688,16.5059814453125,16.411256790161133,0.32478806376457214,16.574573516845703,16.655029296875,16.560333251953125,16.523792266845703,0.2038317173719406,16.569780349731445,16.6395263671875,16.572296142578125,16.561077117919922,0.17362917959690094,16.584732055664062,16.65887451171875,16.566314697265625,16.546789169311523,0.18032801151275635,16.580650329589844,16.65716552734375,2.0,2.0799999237060547,0.27129319310188293,2.0,2.2799999713897705,0.44899889826774597,2.0,2.0,0.0,17.284271240234375,17.2890567779541,0.037591442465782166,17.284271240234375,17.2890567779541,0.037591442465782166,17.284271240234375,17.2890567779541,0.037591442465782166,17.284271240234375,17.2890567779541,0.037591442465782166,16.5521240234375,16.556041717529297,0.03437582403421402,16.5521240234375,16.556041717529297,0.03437582403421402,16.5521240234375,16.556041717529297,0.03437582403421402,16.5521240234375,16.556041717529297,0.03437582403421402,17.030303955078125,17.035917282104492,0.04068893566727638,17.030303955078125,17.035917282104492,0.04068893566727638,17.030303955078125,17.035917282104492,0.04068893566727638,17.030303955078125,17.035917282104492,0.04068893566727638
LC09_L1TP_195028_20241102_20241102_02_T1,LANDSAT_9,20241102,geneva,195028,,,,1.929564118385315,2.0,,,,1.9914594888687134,2.0,,,,2.0797011852264404,2.0,,,,12.943267822265625,13.155303955078125,,,,12.85981273651123,13.015167236328125,,,,13.08993911743164,13.298858642578125,,,,13.048829078674316,13.278350830078125,,,,12.252053260803223,12.495361328125,,,,12.167045593261719,12.35467529296875,,,,12.402040481567383,12.613616943359375,,,,12.360133171081543,12.596328735351562,,,,12.3484468460083,12.657806396484375,,,,12.234070777893066,12.489578247070312,,,,12.543761253356934,12.79864501953125,,,,12.492664337158203,12.781478881835938,,,,,,,,,,,,,,,,,,,,,,,,,,,,,,,,,,,,,,,,,,,,,
LC09_L1TP_195028_20241204_20241204_02_T1,LANDSAT_9,20241204,geneva,195028,3.0,2.9600000381469727,0.1959591656923294,2.731886148452759,3.0,3.0,3.0,0.0,2.80527925491333,3.0,3.0,3.0,0.0,2.83076548576355,3.0,9.860321044921875,9.879461288452148,0.049568794667720795,9.541662216186523,9.853485107421875,9.860321044921875,9.879461288452148,0.049568794667720795,9.696619987487793,9.860321044921875,9.860321044921875,9.879461288452148,0.049568794667720795,9.695601463317871,9.856903076171875,9.860321044921875,9.879461288452148,0.049568794667720795,9.699539184570312,9.856903076171875,9.140594482421875,9.15224838256836,0.04162154719233513,8.803751945495605,9.118865966796875,9.140594482421875,9.15224838256836,0.04162154719233513,8.962618827819824,9.1260986328125,9.140594482421875,9.15224838256836,0.04162154719233513,8.96214485168457,9.124969482421875,9.140594482421875,9.15224838256836,0.04162154719233513,8.966318130493164,9.125091552734375,9.537384033203125,9.558935165405273,0.08598063886165619,9.062098503112793,9.448516845703125,9.537384033203125,9.558935165405273,0.08598063886165619,9.266636848449707,9.456451416015625,9.537384033203125,9.558935165405273,0.08598063886165619,9.264886856079102,9.455078125,9.537384033203125,9.558935165405273,0.08598063886165619,9.270208358764648,9.455230712890625,3.0,2.9600000381469727,0.1959591656923294,3.0,3.0,0.0,3.0,3.0,0.0,9.788543701171875,9.786629676818848,0.026740314438939095,9.788543701171875,9.786629676818848,0.026740314438939095,9.788543701171875,9.786629676818848,0.026740314438939095,9.788543701171875,9.786629676818848,0.026740314438939095,9.051300048828125,9.054937362670898,0.022458326071500778,9.051300048828125,9.054937362670898,0.022458326071500778,9.051300048828125,9.054937362670898,0.022458326071500778,9.051300048828125,9.054937362670898,0.022458326071500778,9.427581787109375,9.410752296447754,0.03975733742117882,9.427581787109375,9.410752296447754,0.03975733742117882,9.427581787109375,9.410752296447754,0.03975733742117882,9.427581787109375,9.410752296447754,0.03975733742117882
LC09_L1TP_196027_20241227_20241227_02_T1,LANDSAT_9,20241227,geneva,196027,,,,,,,,,,,,,,,,,,,,,,,,,,,,,,,,,,,,,,,,,,,,,,,,,,,,,,,,,,,,,,,,,,,,,,,,,,,,,,,,,,,,,,,,,,,,,,,,,,,,,,,,,,,,,,,,,,,,,,,,
LC09_L1TP_196028_20250112_20250112_02_T1,LANDSAT_9,20250112,geneva,196028,3.0,2.7200000286102295,0.5306599736213684,2.622695207595825,3.0,3.0,2.799999952316284,0.4000000059604645,2.422701835632324,2.0,3.0,2.8399999141693115,0.3666060268878937,2.3160507678985596,2.0,7.194244384765625,7.196568489074707,0.032175708562135696,7.4794697761535645,7.573638916015625,7.195953369140625,7.197092533111572,0.032734476029872894,7.4895758628845215,7.573638916015625,7.194244384765625,7.196568489074707,0.032175708562135696,7.489582538604736,7.573638916015625,7.194244384765625,7.196568489074707,0.032175708562135696,7.4911017417907715,7.573638916015625,6.556488037109375,6.562650203704834,0.0291605107486248,6.855781555175781,6.94097900390625,6.5549163818359375,6.562763214111328,0.0297564510256052,6.864829063415527,6.941864013671875,6.556488037109375,6.562650203704834,0.0291605107486248,6.864964485168457,6.941802978515625,6.556488037109375,6.562650203704834,0.0291605107486248,6.866372108459473,6.94189453125,7.076416015625,7.085529804229736,0.04257863387465477,7.2664384841918945,7.322479248046875,7.0744781494140625,7.085765838623047,0.04344060644507408,7.275956153869629,7.324066162109375,7.076416015625,7.085529804229736,0.04257863387465477,7.275294780731201,7.32342529296875,7.076416015625,7.085529804229736,0.04257863387465477,7.276644229888916,7.323516845703125,2.0,2.0399999618530273,0.1959591656923294,2.0,2.0399999618530273,0.1959591656923294,2.0,2.0399999618530273,0.1959591656923294,7.221588134765625,7.207779407501221,0.03718498721718788,7.221588134765625,7.207779407501221,0.03718498721718788,7.221588134765625,7.207779407501221,0.03718498721718788,7.221588134765625,7.207779407501221,0.03718498721718788,6.617523193359375,6.606029033660889,0.03631884232163429,6.617523193359375,6.606029033660889,0.03631884232163429,6.617523193359375,6.606029033660889,0.03631884232163429,6.617523193359375,6.606029033660889,0.03631884232163429,7.088531494140625,7.091206073760986,0.028381746262311935,7.088531494140625,7.091206073760986,0.028381746262311935,7.088531494140625,7.091206073760986,0.028381746262311935,7.088531494140625,7.091206073760986,0.028381746262311935
LC09_L1TP_195028_20250121_20250121_02_T1,LANDSAT_9,20250121,geneva,195028,,,,,,,,,,,,,,,,,,,,,,,,,,,,,,,,,,,,,,,,,,,,,,,,,,,,,,,,,,,,,,,,,,,,,,,,,,,,,,,,,,,,,,,,,,,,,,,,,,,,,,,,,,,,,,,,,,,,,,,,
LC09_L1TP_195028_20250206_20250206_02_T1,LANDSAT_9,20250206,geneva,195028,,,,,,,,,,,,,,,,,,,,,,,,,,,,,,,,,,,,,,,,,,,,,,,,,,,,,,,,,,,,,,,,,,,,,,,,,,,,,,,,,,,,,,,,,,,,,,,,,,,,,,,,,,,,,,,,,,,,,,,,
LC09_L1TP_196027_20250402_20250402_02_T1,LANDSAT_9,20250402,geneva,196027,3.0,2.9200000762939453,0.3919183313846588,2.8664145469665527,3.0,3.0,2.880000114440918,0.430813193321228,2.967768907546997,3.0,3.0,2.880000114440918,0.430813193321228,2.970055341720581,3.0,8.52728271484375,8.515388488769531,0.03512527793645859,8.483447074890137,8.27777099609375,8.52728271484375,8.516032218933105,0.03570481017231941,8.403459548950195,8.25384521484375,8.52728271484375,8.516032218933105,0.03570481017231941,8.460012435913086,8.27435302734375,8.52728271484375,8.516032218933105,0.03570481017231941,8.45936107635498,8.27435302734375,7.72607421875,7.7240309715271,0.02183402143418789,7.652595043182373,7.470123291015625,7.7260589599609375,7.723795413970947,0.022253205999732018,7.581480026245117,7.4487762451171875,7.7260589599609375,7.723795413970947,0.022253205999732018,7.629587650299072,7.4678955078125,7.7260589599609375,7.723795413970947,0.022253205999732018,7.628835201263428,7.4678955078125,8.20477294921875,8.193120002746582,0.04600800573825836,8.088071823120117,7.9223175048828125,8.20269775390625,8.191210746765137,0.04597565904259682,8.01554012298584,7.9014129638671875,8.20269775390625,8.191210746765137,0.04597565904259682,8.064474105834961,7.9197998046875,8.20269775390625,8.191210746765137,0.04597565904259682,8.063838958740234,7.9197540283203125,,,,,,,,,,,,,,,,,,,,,,,,,,,,,,,,,,,,,,,,,,,,,
LC09_L1TP_195028_20250411_20250411_02_T1,LANDSAT_9,20250411,geneva,195028,3.0,2.640000104904175,0.5571355223655701,2.9716408252716064,3.0,3.0,2.7200000286102295,0.5306599736213684,2.986316204071045,3.0,3.0,2.7200000286102295,0.5306599736213684,2.9820096492767334,3.0,12.123046875,12.137948989868164,0.07749602198600769,11.600126266479492,11.596649169921875,12.128173828125,12.141133308410645,0.07747486978769302,11.590713500976562,11.589813232421875,12.128173828125,12.141133308410645,0.07747486978769302,11.59652328491211,11.593231201171875,12.128173828125,12.141133308410645,0.07747486978769302,11.595952987670898,11.593231201171875,11.557220458984375,11.553226470947266,0.059300586581230164,11.029471397399902,11.038803100585938,11.557296752929688,11.556906700134277,0.05765857547521591,11.02180290222168,11.034698486328125,11.557296752929688,11.556906700134277,0.05765857547521591,11.026249885559082,11.038238525390625,11.557296752929688,11.556906700134277,0.05765857547521591,11.025814056396484,11.037857055664062,12.001373291015625,11.997330665588379,0.06319364905357361,11.423666954040527,11.420745849609375,12.003265380859375,11.999515533447266,0.06356454640626907,11.41466236114502,11.416717529296875,12.003265380859375,11.999515533447266,0.06356454640626907,11.420042991638184,11.420074462890625,12.003265380859375,11.999515533447266,0.06356454640626907,11.419466018676758,11.4197998046875,3.0,3.0,0.0,3.0,3.0,0.0,3.0,3.0,0.0,11.514617919921875,11.514344215393066,0.06228525564074516,11.514617919921875,11.514344215393066,0.06228525564074516,11.514617919921875,11.514344215393066,0.06228525564074516,11.514617919921875,11.514344215393066,0.06228525564074516,10.890899658203125,10.889368057250977,0.05201224237680435,10.890899658203125,10.889368057250977,0.05201224237680435,10.890899658203125,10.889368057250977,0.05201224237680435,10.890899658203125,10.889368057250977,0.05201224237680435,11.294647216796875,11.322859764099121,0.06495664268732071,11.294647216796875,11.322859764099121,0.06495664268732071,11.294647216796875,11.322859764099121,0.06495664268732071,11.294647216796875,11.322859764099121,0.06495664268732071
LC09_L1TP_196028_20250418_20250418_02_T1,LANDSAT_9,20250418,geneva,196028,1.0,1.559999942779541,0.6974238157272339,2.5817322731018066,3.0,1.0,1.399999976158142,0.4898979365825653,2.522799491882324,3.0,2.0,1.7599999904632568,0.5122499465942383,2.5952072143554688,3.0,10.971160888671875,10.972801208496094,0.04335428774356842,10.367256164550781,10.321746826171875,10.988250732421875,10.991046905517578,0.037916023284196854,10.322649955749512,10.267059326171875,10.984832763671875,10.988250732421875,0.03362836688756943,10.349020957946777,10.301239013671875,10.955780029296875,10.963945388793945,0.03959682211279869,10.357221603393555,10.314910888671875,9.9990234375,10.003122329711914,0.045232005417346954,9.448326110839844,9.406768798828125,10.031158447265625,10.036981582641602,0.038087148219347,9.406549453735352,9.351348876953125,10.020477294921875,10.033233642578125,0.03455452248454094,9.431949615478516,9.385589599609375,9.999008178710938,10.00261402130127,0.04922540858387947,9.439708709716797,9.39923095703125,10.6884765625,10.681702613830566,0.06257575750350952,9.916266441345215,9.869476318359375,10.6549072265625,10.652904510498047,0.04279886186122894,9.864957809448242,9.80511474609375,10.667465209960938,10.668627738952637,0.03273364156484604,9.895808219909668,9.844863891601562,10.667465209960938,10.656731605529785,0.0526394285261631,9.906170845031738,9.861831665039062,3.0,3.0,0.0,3.0,3.0,0.0,3.0,3.0,0.0,9.648406982421875,9.658524513244629,0.017467929050326347,9.648406982421875,9.658524513244629,0.017467929050326347,9.648406982421875,9.658524513244629,0.017467929050326347,9.648406982421875,9.658524513244629,0.017467929050326347,8.73223876953125,8.736281394958496,0.018484143540263176,8.73223876953125,8.736281394958496,0.018484143540263176,8.73223876953125,8.736281394958496,0.018484143540263176,8.73223876953125,8.736281394958496,0.018484143540263176,8.9989013671875,8.986910820007324,0.05227673426270485,8.9989013671875,8.986910820007324,0.05227673426270485,8.9989013671875,8.986910820007324,0.05227673426270485,8.9989013671875,8.986910820007324,0.05227673426270485
LC09_L1TP_195028_20250529_20250529_02_T1,LANDSAT_9,20250529,geneva,195028,1.0,1.0,0.0,2.105989933013916,2.0,1.0,1.0,0.0,2.1170594692230225,2.0,1.0,1.0,0.0,2.126364231109619,2.0,15.240264892578125,15.26719856262207,0.13418413698673248,14.461739540100098,14.631866455078125,,,,14.660191535949707,14.840362548828125,,,,14.749034881591797,14.877960205078125,,,,14.746220588684082,14.874542236328125,13.640045166015625,13.649447441101074,0.12028960883617401,13.084440231323242,13.2430419921875,,,,13.28672981262207,13.44769287109375,,,,13.371428489685059,13.48443603515625,,,,13.368383407592773,13.480316162109375,12.795623779296875,12.801932334899902,0.18105459213256836,11.814898490905762,12.035446166992188,,,,12.109295845031738,12.307510375976562,,,,12.215182304382324,12.3526611328125,,,,12.210457801818848,12.34893798828125,1.0,1.0,0.0,1.0,1.0,0.0,1.0,1.0,0.0,13.039093017578125,13.044151306152344,0.1270054578781128,,,,,,,,,,11.741851806640625,11.772381782531738,0.1431778371334076,,,,,,,,,,10.13250732421875,10.093649864196777,0.14854300022125244,,,,,,,,,
LC09_L1TP_196027_20250621_20250621_02_T1,LANDSAT_9,20250621,geneva,196027,3.0,2.880000114440918,0.430813193321228,2.8293912410736084,3.0,3.0,2.880000114440918,0.430813193321228,2.964301347732544,3.0,3.0,2.9200000762939453,0.3919183313846588,2.9686596393585205,3.0,23.703277587890625,23.709701538085938,0.05438176169991493,23.801416397094727,23.727203369140625,23.703277587890625,23.708120346069336,0.05493542179465294,23.80873680114746,23.754547119140625,23.703277587890625,23.708120346069336,0.05493542179465294,23.788007736206055,23.723785400390625,23.703277587890625,23.708120346069336,0.05493542179465294,23.78831672668457,23.723785400390625,22.471954345703125,22.46088409423828,0.07161083072423935,22.595478057861328,22.5469970703125,22.47186279296875,22.457244873046875,0.07078664004802704,22.601863861083984,22.5694580078125,22.47186279296875,22.45672607421875,0.0700649619102478,22.581819534301758,22.54534912109375,22.47186279296875,22.45672607421875,0.0700649619102478,22.582033157348633,22.545333862304688,23.7998046875,23.800996780395508,0.06512156873941422,24.053062438964844,24.017547607421875,23.798995971679688,23.79881477355957,0.06556291878223419,24.057960510253906,24.040283203125,23.798995971679688,23.79884147644043,0.06558604538440704,24.038557052612305,24.015045166015625,23.798995971679688,23.79884147644043,0.06558604538440704,24.03880500793457,24.014968872070312,,,,,,,,,,,,,,,,,,,,,,,,,,,,,,,,,,,,,,,,,,,,,
LC09_L1TP_196028_20250621_20250621_02_T1,LANDSAT_9,20250621,geneva,196028,3.0,2.8399999141693115,0.4630334675312042,2.8682026863098145,3.0,3.0,2.9200000762939453,0.3919183313846588,2.9907138347625732,3.0,3.0,2.880000114440918,0.430813193321228,2.987698793411255,3.0,23.710113525390625,23.6984920501709,0.05822999030351639,23.695180892944336,23.757965087890625,23.706695556640625,23.696014404296875,0.058124836534261703,23.726730346679688,23.874176025390625,23.706695556640625,23.696584701538086,0.05865974351763725,23.693788528442383,23.757965087890625,23.706695556640625,23.696584701538086,0.05865974351763725,23.693679809570312,23.757965087890625,22.4619140625,22.460500717163086,0.06297137588262558,22.52668571472168,22.606109619140625,22.461578369140625,22.45709228515625,0.061971280723810196,22.556859970092773,22.71087646484375,22.461578369140625,22.456375122070312,0.06087212264537811,22.525341033935547,22.605987548828125,22.461578369140625,22.456375122070312,0.06087212264537811,22.525243759155273,22.605712890625,23.812957763671875,23.8227596282959,0.07530471682548523,23.768394470214844,23.838897705078125,23.809219360351562,23.821870803833008,0.07672938704490662,23.789731979370117,23.9305419921875,23.809219360351562,23.82184410095215,0.0767211765050888,23.766813278198242,23.8385009765625,23.809219360351562,23.82184410095215,0.0767211765050888,23.766721725463867,23.838348388671875,3.0,2.799999952316284,0.4000000059604645,3.0,3.0,0.0,3.0,3.0,0.0,22.814605712890625,22.787124633789062,0.09578356146812439,22.814605712890625,22.787124633789062,0.09578356146812439,22.814605712890625,22.787124633789062,0.09578356146812439,22.814605712890625,22.787124633789062,0.09578356146812439,21.7156982421875,21.705528259277344,0.07095617055892944,21.7156982421875,21.705528259277344,0.07095617055892944,21.7156982421875,21.705528259277344,0.07095617055892944,21.7156982421875,21.705528259277344,0.07095617055892944,22.78570556640625,22.795330047607422,0.08784916251897812,22.78570556640625,22.795330047607422,0.08784916251897812,22.78570556640625,22.795330047607422,0.08784916251897812,22.78570556640625,22.795330047607422,0.08784916251897812
LC09_L1TP_195028_20250630_20250630_02_T1,LANDSAT_9,20250630,geneva,195028,3.0,2.799999952316284,0.4000000059604645,2.7806992530822754,3.0,3.0,2.880000114440918,0.430813193321228,2.816507577896118,3.0,3.0,2.9200000762939453,0.27129319310188293,2.811978340148926,3.0,28.573974609375,28.572471618652344,0.047114238142967224,27.778120040893555,27.726287841796875,28.573974609375,28.572471618652344,0.047114238142967224,27.80245018005371,27.739959716796875,28.572265625,28.57027244567871,0.04681199789047241,27.806520462036133,27.739959716796875,28.573974609375,28.572471618652344,0.047114238142967224,27.806882858276367,27.739959716796875,24.836578369140625,24.839271545410156,0.05496798828244209,24.015884399414062,23.97607421875,24.836578369140625,24.839271545410156,0.05496798828244209,24.04180145263672,23.989974975585938,24.836517333984375,24.83693504333496,0.05486724525690079,24.04567527770996,23.990447998046875,24.836578369140625,24.839271545410156,0.05496798828244209,24.04611587524414,23.990478515625,25.3148193359375,25.324033737182617,0.17914175987243652,24.4360408782959,24.477554321289062,25.3148193359375,25.324033737182617,0.17914175987243652,24.4801025390625,24.493621826171875,25.358642578125,25.326614379882812,0.18237930536270142,24.488319396972656,24.49462890625,25.3148193359375,25.324033737182617,0.17914175987243652,24.488998413085938,24.49462890625,3.0,3.0,0.0,3.0,3.0,0.0,3.0,3.0,0.0,27.592987060546875,27.583965301513672,0.0715385377407074,27.592987060546875,27.583965301513672,0.0715385377407074,27.592987060546875,27.583965301513672,0.0715385377407074,27.592987060546875,27.583965301513672,0.0715385377407074,23.938232421875,23.929052352905273,0.06786733865737915,23.938232421875,23.929052352905273,0.06786733865737915,23.938232421875,23.929052352905273,0.06786733865737915,23.938232421875,23.929052352905273,0.06786733865737915,24.93243408203125,24.897924423217773,0.09742996841669083,24.93243408203125,24.897924423217773,0.09742996841669083,24.93243408203125,24.897924423217773,0.09742996841669083,24.93243408203125,24.897924423217773,0.09742996841669083
LC09_L1TP_196028_20250707_20250707_02_T1,LANDSAT_9,20250707,geneva,196028,,,,1.4442051649093628,1.0,,,,1.292656660079956,1.0,,,,1.3379985094070435,1.0,,,,20.585092544555664,20.8321533203125,,,,20.231496810913086,20.3040771484375,,,,20.07027816772461,19.9691162109375,,,,20.020978927612305,19.820404052734375,,,,11.153656005859375,11.50848388671875,,,,10.674736022949219,10.787155151367188,,,,10.455223083496094,10.291458129882812,,,,10.375450134277344,10.116561889648438,,,,4.780611038208008,5.23699951171875,,,,4.182577133178711,3.8810272216796875,,,,4.303488254547119,4.0607147216796875,,,,4.177975654602051,3.8583984375,1.0,1.5199999809265137,0.754718542098999,1.0,1.600000023841858,0.8944271802902222,1.0,1.7599999904632568,0.9499473571777344,17.260345458984375,17.354402542114258,0.47462955117225647,17.181732177734375,17.355661392211914,0.5860072374343872,17.694427490234375,17.718353271484375,0.4046325087547302,17.684173583984375,17.68622398376465,0.3799797296524048,6.49005126953125,6.429038047790527,0.7621447443962097,5.931671142578125,6.30924129486084,1.0017142295837402,7.218719482421875,7.044162750244141,0.5604179501533508,7.18670654296875,6.975735664367676,0.5687577724456787,0.23980712890625,0.03644042834639549,0.7674974203109741,-0.318603515625,-0.1706102192401886,0.9193183183670044,0.7127227783203125,0.586151123046875,0.535314679145813,0.69622802734375,0.5527588129043579,0.49269482493400574
LC09_L1TP_195028_20250716_20250716_02_T1,LANDSAT_9,20250716,geneva,195028,2.0,2.0,0.4000000059604645,2.2980093955993652,2.0,2.0,1.8799999952316284,0.3249615430831909,2.3283300399780273,3.0,2.0,1.8799999952316284,0.3249615430831909,2.372736930847168,3.0,22.442047119140625,22.339916229248047,0.5863515734672546,23.00496482849121,23.638336181640625,22.483062744140625,22.401182174682617,0.5715681910514832,23.402870178222656,23.761383056640625,22.571929931640625,22.416101455688477,0.5800161361694336,23.524669647216797,23.778472900390625,22.571929931640625,22.416101455688477,0.5800161361694336,23.506559371948242,23.768218994140625,19.969451904296875,19.793699264526367,0.4825584888458252,20.328533172607422,20.886398315429688,20.012054443359375,19.84986114501953,0.45114922523498535,20.69303321838379,21.007553100585938,20.02459716796875,19.87247085571289,0.4483633041381836,20.804128646850586,21.02508544921875,20.02459716796875,19.87247085571289,0.4483633041381836,20.78864288330078,21.01287841796875,20.50469970703125,20.42461395263672,0.4101223647594452,20.703208923339844,21.469924926757812,20.583984375,20.464134216308594,0.3891301155090332,21.230737686157227,21.6334228515625,20.585128784179688,20.493125915527344,0.372789204120636,21.379653930664062,21.656646728515625,20.585128784179688,20.493125915527344,0.372789204120636,21.341951370239258,21.6400146484375,,,,,,,,,,,,,,,,,,,,,,,,,,,,,,,,,,,,,,,,,,,,,
