scene_id,sensor,time_utc,lakeN,pathrow,lst_class_dt_median0,lst_class_dt_mean0,lst_class_dt_std0,lst_class_dt_mean_all_pixels,lst_class_dt_median_all_pixels,lst_class_rf_median0,lst_class_rf_mean0,lst_class_rf_std0,lst_class_rf_mean_all_pixels,lst_class_rf_median_all_pixels,lst_class_xgb_median0,lst_class_xgb_mean0,lst_class_xgb_std0,lst_class_xgb_mean_all_pixels,lst_class_xgb_median_all_pixels,lstmap_usgs_on_tact_median0,lstmap_usgs_on_tact_mean0,lstmap_usgs_on_tact_std0,lstmap_usgs_on_tact_mean_all_pixels,lstmap_usgs_on_tact_median_all_pixels,lstmap_dt_usgs_median0,lstmap_dt_usgs_mean0,lstmap_dt_usgs_std0,lstmap_dt_usgs_mean_all_pixels,lstmap_dt_usgs_median_all_pixels,lstmap_rf_usgs_median0,lstmap_rf_usgs_mean0,lstmap_rf_usgs_std0,lstmap_rf_usgs_mean_all_pixels,lstmap_rf_usgs_median_all_pixels,lstmap_xgb_usgs_median0,lstmap_xgb_usgs_mean0,lstmap_xgb_usgs_std0,lstmap_xgb_usgs_mean_all_pixels,lstmap_xgb_usgs_median_all_pixels,lstmap1_median0,lstmap1_mean0,lstmap1_std0,lstmap1_mean_all_pixels,lstmap1_median_all_pixels,lstmap_dt_acolite1_median0,lstmap_dt_acolite1_mean0,lstmap_dt_acolite1_std0,lstmap_dt_acolite1_mean_all_pixels,lstmap_dt_acolite1_median_all_pixels,lstmap_rf_acolite1_median0,lstmap_rf_acolite1_mean0,lstmap_rf_acolite1_std0,lstmap_rf_acolite1_mean_all_pixels,lstmap_rf_acolite1_median_all_pixels,lstmap_xgb_acolite1_median0,lstmap_xgb_acolite1_mean0,lstmap_xgb_acolite1_std0,lstmap_xgb_acolite1_mean_all_pixels,lstmap_xgb_acolite1_median_all_pixels,lstmap2_median0,lstmap2_mean0,lstmap2_std0,lstmap2_mean_all_pixels,lstmap2_median_all_pixels,lstmap_dt_acolite2_median0,lstmap_dt_acolite2_mean0,lstmap_dt_acolite2_std0,lstmap_dt_acolite2_mean_all_pixels,lstmap_dt_acolite2_median_all_pixels,lstmap_rf_acolite2_median0,lstmap_rf_acolite2_mean0,lstmap_rf_acolite2_std0,lstmap_rf_acolite2_mean_all_pixels,lstmap_rf_acolite2_median_all_pixels,lstmap_xgb_acolite2_median0,lstmap_xgb_acolite2_mean0,lstmap_xgb_acolite2_std0,lstmap_xgb_acolite2_mean_all_pixels,lstmap_xgb_acolite2_median_all_pixels
LC08_L1TP_195027_20221121_20221129_02_T1,LANDSAT_8,20221121,ageri,195027,3.0,3.0,0.0,2.2638742923736572,3.0,3.0,3.0,0.0,2.2712042331695557,3.0,3.0,3.0,0.0,2.314136028289795,3.0,4.6461181640625,4.649377346038818,0.04946507513523102,4.435375213623047,4.5213623046875,4.6461181640625,4.649377346038818,0.04946507513523102,4.593408584594727,4.5999755859375,4.6461181640625,4.649377346038818,0.04946507513523102,4.598578929901123,4.6033935546875,4.6461181640625,4.649377346038818,0.04946507513523102,4.590915203094482,4.5965576171875,4.0699615478515625,4.065377712249756,0.06077039986848831,3.8633248805999756,3.9503173828125,4.0699615478515625,4.065377712249756,0.06077039986848831,4.031698703765869,4.0373687744140625,4.0699615478515625,4.065377712249756,0.06077039986848831,4.037155628204346,4.04058837890625,4.0699615478515625,4.065377712249756,0.06077039986848831,4.0287957191467285,4.034393310546875,3.7427215576171875,3.7208189964294434,0.07382433116436005,3.5151731967926025,3.588287353515625,3.7427215576171875,3.7208189964294434,0.07382433116436005,3.6771938800811768,3.69140625,3.7427215576171875,3.7208189964294434,0.07382433116436005,3.683251142501831,3.691558837890625,3.7427215576171875,3.7208189964294434,0.07382433116436005,3.6714706420898438,3.684295654296875
LC08_L1GT_194027_20221130_20221206_02_T2,LANDSAT_8,20221130,ageri,194027,,,,,,,,,,,,,,,,,,,,,,,,,,,,,,,,,,,,,,,,,,,,,,,,,,,,,,,,,,,,,,,,,,,,,,,,,,,
LC08_L1TP_195027_20221207_20221213_02_T1,LANDSAT_8,20221207,ageri,195027,,,,,,,,,,,,,,,,,,,,,,,,,,,,,,,,,,,,,,,,,,,,,,,,,,,,,,,,,,,,,,,,,,,,,,,,,,,
LC08_L1TP_194027_20230101_20230110_02_T1,LANDSAT_8,20230101,ageri,194027,,,,2.131290912628174,2.0,,,,2.5054705142974854,3.0,,,,2.567286729812622,3.0,,,,1.8460952043533325,2.033050537109375,,,,2.0317840576171875,2.050140380859375,,,,2.1108627319335938,2.127044677734375,,,,2.1224093437194824,2.128753662109375,,,,0.6745153665542603,0.9161529541015625,,,,0.8980916738510132,0.93878173828125,,,,0.9873124361038208,1.02532958984375,,,,0.9876866936683655,1.025604248046875,,,,-0.669375479221344,-0.437255859375,,,,-0.40133512020111084,-0.364990234375,,,,-0.3353394567966461,-0.3043212890625,,,,-0.33416059613227844,-0.30548095703125
LC08_L1TP_195027_20230124_20230207_02_T2,LANDSAT_8,20230124,ageri,195027,,,,,,,,,,,,,,,,,,,,,,,,,,,,,,,,,,,,,,,,,,,,,,,,,,,,,,,,,,,,,,,,,,,,,,,,,,,
LC08_L1TP_195027_20230209_20230217_02_T1,LANDSAT_8,20230209,ageri,195027,2.0,1.7599999904632568,0.42708316445350647,1.8075497150421143,2.0,2.0,2.0799999237060547,0.27129319310188293,2.013040542602539,2.0,3.0,2.880000114440918,0.32496151328086853,2.588881254196167,3.0,2.607269287109375,2.6154723167419434,0.03390514478087425,2.6171958446502686,2.668792724609375,2.614105224609375,2.621840715408325,0.03515241667628288,2.6480743885040283,2.706390380859375,2.607269287109375,2.6154723167419434,0.03390514478087425,2.625058650970459,2.672210693359375,2.607269287109375,2.6154723167419434,0.03390514478087425,2.655834197998047,2.696136474609375,2.12493896484375,2.124544620513916,0.03363388031721115,2.1386818885803223,2.177947998046875,2.140411376953125,2.1355316638946533,0.02970304526388645,2.1694939136505127,2.214324951171875,2.12493896484375,2.124544620513916,0.03363388031721115,2.1465911865234375,2.1824188232421875,2.12493896484375,2.124544620513916,0.03363388031721115,2.173196315765381,2.205596923828125,2.96417236328125,2.9876368045806885,0.06821685284376144,3.0255773067474365,3.056060791015625,2.9715576171875,2.999502182006836,0.07125972956418991,3.0532801151275635,3.0856781005859375,2.96417236328125,2.9876368045806885,0.06821685284376144,3.0328431129455566,3.0591278076171875,2.96417236328125,2.9876368045806885,0.06821685284376144,3.05888032913208,3.08087158203125
LC08_L1TP_194027_20230218_20230223_02_T1,LANDSAT_8,20230218,ageri,194027,,,,,,,,,,,,,,,,,,,,,,,,,,,,,,,,,,,,,,,,,,,,,,,,,,,,,,,,,,,,,,,,,,,,,,,,,,,
LC08_L1TP_195027_20230313_20230321_02_T1,LANDSAT_8,20230313,ageri,195027,,,,,,,,,,,,,,,,,,,,,,,,,,,,,,,,,,,,,,,,,,,,,,,,,,,,,,,,,,,,,,,,,,,,,,,,,,,
LC08_L1TP_194027_20230322_20230325_02_T1,LANDSAT_8,20230322,ageri,194027,3.0,2.880000114440918,0.32496151328086853,2.3319616317749023,2.0,3.0,3.0,0.0,2.3990397453308105,2.0,3.0,3.0,0.0,2.3990397453308105,2.0,8.978485107421875,8.984637260437012,0.11245065182447433,9.069947242736816,8.975067138671875,8.978485107421875,8.984637260437012,0.11245065182447433,9.02501392364502,8.971649169921875,8.978485107421875,8.984637260437012,0.11245065182447433,9.036511421203613,8.968231201171875,8.978485107421875,8.984637260437012,0.11245065182447433,9.039710998535156,8.971649169921875,8.27374267578125,8.298274040222168,0.10255192965269089,8.375993728637695,8.279541015625,8.27374267578125,8.298274040222168,0.10255192965269089,8.329004287719727,8.274032592773438,8.27374267578125,8.298274040222168,0.10255192965269089,8.340314865112305,8.273284912109375,8.27374267578125,8.298274040222168,0.10255192965269089,8.342370986938477,8.276016235351562,8.64642333984375,8.666097640991211,0.12731841206550598,8.647173881530762,8.548934936523438,8.64642333984375,8.666097640991211,0.12731841206550598,8.598402976989746,8.542465209960938,8.64642333984375,8.666097640991211,0.12731841206550598,8.609869003295898,8.541259765625,8.64642333984375,8.666097640991211,0.12731841206550598,8.611963272094727,8.545318603515625
LC08_L1TP_195027_20230414_20230421_02_T1,LANDSAT_8,20230414,ageri,195027,,,,1.0,1.0,,,,1.0,1.0,,,,1.0,1.0,,,,3.6856536865234375,3.6856536865234375,,,,,,,,,,,,,,,,,,,3.2571868896484375,3.2571868896484375,,,,,,,,,,,,,,,,,,,2.67535400390625,2.67535400390625,,,,,,,,,,,,,,,
LC08_L1TP_194027_20230509_20230517_02_T1,LANDSAT_8,20230509,ageri,194027,,,,,,,,,,,,,,,,,,,,,,,,,,,,,,,,,,,,,,,,,,,,,,,,,,,,,,,,,,,,,,,,,,,,,,,,,,,
LC08_L1TP_194027_20230525_20230603_02_T1,LANDSAT_8,20230525,ageri,194027,,,,,,,,,,,,,,,,,,,,,,,,,,,,,,,,,,,,,,,,,,,,,,,,,,,,,,,,,,,,,,,,,,,,,,,,,,,
LC08_L1TP_195027_20230601_20230607_02_T1,LANDSAT_8,20230601,ageri,195027,1.0,1.2799999713897705,0.44899889826774597,2.266068935394287,3.0,2.0,1.840000033378601,0.36660605669021606,1.7514482736587524,2.0,2.0,1.6399999856948853,0.47999998927116394,1.7405517101287842,2.0,20.8150634765625,20.81930160522461,0.05102083086967468,21.164493560791016,20.972320556640625,20.8253173828125,20.8194580078125,0.05094999074935913,21.244298934936523,21.081695556640625,20.8048095703125,20.81538963317871,0.05191010981798172,21.220827102661133,21.040679931640625,20.8099365234375,20.814208984375,0.051716193556785583,21.206729888916016,21.047515869140625,18.645721435546875,18.63898468017578,0.05306902900338173,18.99248695373535,18.78472900390625,18.633514404296875,18.63332176208496,0.0650399848818779,19.07600975036621,18.908172607421875,18.640411376953125,18.635225296020508,0.05442511662840843,19.0504093170166,18.87164306640625,18.64306640625,18.636796951293945,0.05782726779580116,19.032310485839844,18.87762451171875,19.31622314453125,19.305078506469727,0.047501686960458755,19.664194107055664,19.447372436523438,19.300994873046875,19.306888580322266,0.03690619394183159,19.72862434387207,19.538818359375,19.3145751953125,19.300716400146484,0.05017350986599922,19.699472427368164,19.50244140625,19.308609008789062,19.299909591674805,0.05416551232337952,19.675615310668945,19.5072021484375
LC08_L1TP_194027_20230610_20230614_02_T1,LANDSAT_8,20230610,ageri,194027,,,,1.8704103231430054,2.0,,,,1.838012933731079,2.0,,,,1.8682504892349243,2.0,,,,20.946510314941406,21.013336181640625,,,,21.287982940673828,21.274810791015625,,,,21.330642700195312,21.303863525390625,,,,21.330541610717773,21.295318603515625,,,,18.63835906982422,18.696685791015625,,,,19.00704574584961,18.980361938476562,,,,19.055871963500977,19.015121459960938,,,,19.055328369140625,19.005950927734375,,,,18.19179344177246,18.328460693359375,,,,18.758108139038086,18.794891357421875,,,,18.820240020751953,18.820098876953125,,,,18.821495056152344,18.816162109375
LC08_L1TP_195027_20230617_20230623_02_T1,LANDSAT_8,20230617,ageri,195027,3.0,2.5199999809265137,0.6399999856948853,2.3525848388671875,3.0,3.0,2.799999952316284,0.5656853914260864,2.4865474700927734,3.0,3.0,2.8399999141693115,0.4630334973335266,2.544724702835083,3.0,22.787261962890625,22.797651290893555,0.04605494439601898,23.39948844909668,23.303375244140625,22.766754150390625,22.79722023010254,0.0478612557053566,23.400928497314453,23.330718994140625,22.766754150390625,22.79722023010254,0.0478612557053566,23.40683937072754,23.337554931640625,22.777008056640625,22.797943115234375,0.04698217660188675,23.4136962890625,23.337554931640625,21.406585693359375,21.426284790039062,0.0442994125187397,22.049562454223633,21.945587158203125,21.406524658203125,21.425704956054688,0.046139415353536606,22.048967361450195,21.968826293945312,21.406524658203125,21.425704956054688,0.046139415353536606,22.0521183013916,21.977981567382812,21.40655517578125,21.42600440979004,0.04519117251038551,22.057544708251953,21.976104736328125,22.4486083984375,22.4505558013916,0.04721463471651077,23.039216995239258,22.907257080078125,22.437042236328125,22.447521209716797,0.04681035876274109,23.02518081665039,22.906631469726562,22.437042236328125,22.447521209716797,0.04681035876274109,23.027973175048828,22.912857055664062,22.442825317382812,22.44757652282715,0.04582557827234268,23.038440704345703,22.913848876953125
LC08_L1TP_194027_20230626_20230701_02_T1,LANDSAT_8,20230626,ageri,194027,3.0,2.8399999141693115,0.3666060268878937,2.155884027481079,2.0,3.0,2.8399999141693115,0.3666060268878937,2.1522247791290283,2.0,3.0,2.8399999141693115,0.3666060268878937,2.1776931285858154,2.0,24.37322998046875,24.36133575439453,0.052890192717313766,25.261249542236328,25.126922607421875,24.37322998046875,24.36133575439453,0.052890192717313766,25.122051239013672,24.95428466796875,24.37322998046875,24.36133575439453,0.052890192717313766,25.079545974731445,24.94403076171875,24.37322998046875,24.36133575439453,0.052890192717313766,25.081283569335938,24.94403076171875,21.05523681640625,21.045143127441406,0.03832436725497246,21.870847702026367,21.733749389648438,21.05523681640625,21.045143127441406,0.03832436725497246,21.728073120117188,21.569061279296875,21.05523681640625,21.045143127441406,0.03832436725497246,21.681169509887695,21.560470581054688,21.05523681640625,21.045143127441406,0.03832436725497246,21.683263778686523,21.560287475585938,21.011077880859375,21.021465301513672,0.062086448073387146,21.93646240234375,21.780868530273438,21.011077880859375,21.021465301513672,0.062086448073387146,21.786901473999023,21.61236572265625,21.011077880859375,21.021465301513672,0.062086448073387146,21.737777709960938,21.602767944335938,21.011077880859375,21.021465301513672,0.062086448073387146,21.738849639892578,21.602767944335938
LC08_L1TP_195027_20230703_20230711_02_T1,LANDSAT_8,20230703,ageri,195027,,,,,,,,,,,,,,,,,,,,,,,,,,,,,,,,,,,,,,,,,,,,,,,,,,,,,,,,,,,,,,,,,,,,,,,,,,,
LC08_L1TP_194027_20230712_20230718_02_T1,LANDSAT_8,20230712,ageri,194027,,,,,,,,,,,,,,,,,,,,,,,,,,,,,,,,,,,,,,,,,,,,,,,,,,,,,,,,,,,,,,,,,,,,,,,,,,,
LC08_L1TP_195027_20230719_20230802_02_T1,LANDSAT_8,20230719,ageri,195027,,,,,,,,,,,,,,,,,,,,,,,,,,,,,,,,,,,,,,,,,,,,,,,,,,,,,,,,,,,,,,,,,,,,,,,,,,,
LC08_L1TP_194027_20230728_20230805_02_T1,LANDSAT_8,20230728,ageri,194027,,,,1.2674418687820435,1.0,,,,1.1976743936538696,1.0,,,,1.2209302186965942,1.0,,,,16.423192977905273,16.27593994140625,,,,16.280380249023438,16.01446533203125,,,,16.53470802307129,16.29986572265625,,,,16.49919319152832,16.21783447265625,,,,13.578323364257812,13.491012573242188,,,,13.377232551574707,13.245330810546875,,,,13.646766662597656,13.40301513671875,,,,13.636077880859375,13.40301513671875,,,,10.610844612121582,10.71429443359375,,,,10.227137565612793,10.443603515625,,,,10.789786338806152,10.813507080078125,,,,10.817138671875,10.813507080078125
LC08_L1TP_194027_20230813_20230819_02_T1,LANDSAT_8,20230813,ageri,194027,1.0,1.047619104385376,0.21295885741710663,1.6512123346328735,1.0,1.0,1.0,0.0,1.617106318473816,1.0,1.0,1.0,0.0,1.6109778881072998,1.0,17.892669677734375,17.873788833618164,0.18384134769439697,21.3100643157959,21.208160400390625,,,,22.839942932128906,22.927398681640625,,,,23.1195125579834,23.070953369140625,,,,23.12900733947754,23.067535400390625,12.267822265625,12.275257110595703,0.21151910722255707,16.07965850830078,15.93475341796875,,,,17.751422882080078,17.80438232421875,,,,18.054536819458008,17.996246337890625,,,,18.070043563842773,17.998321533203125,7.83258056640625,7.854910850524902,0.3166506290435791,12.639284133911133,12.162689208984375,,,,14.977493286132812,15.319732666015625,,,,15.421289443969727,15.620208740234375,,,,15.420334815979004,15.6126708984375
LC08_L1TP_195027_20230820_20230826_02_T1,LANDSAT_8,20230820,ageri,195027,3.0,3.0,0.0,2.8135781288146973,3.0,3.0,3.0,0.0,2.857957601547241,3.0,3.0,3.0,0.0,2.8665831089019775,3.0,26.130096435546875,26.152381896972656,0.09792880713939667,26.709468841552734,26.642791748046875,26.130096435546875,26.152381896972656,0.09792880713939667,26.675697326660156,26.632537841796875,26.130096435546875,26.152381896972656,0.09792880713939667,26.701887130737305,26.642791748046875,26.130096435546875,26.152381896972656,0.09792880713939667,26.704227447509766,26.642791748046875,21.303497314453125,21.294340133666992,0.11041129380464554,21.866466522216797,21.78717041015625,21.303497314453125,21.294340133666992,0.11041129380464554,21.828529357910156,21.77783203125,21.303497314453125,21.294340133666992,0.11041129380464554,21.85318374633789,21.786651611328125,21.303497314453125,21.294340133666992,0.11041129380464554,21.85602378845215,21.787490844726562,20.840240478515625,20.843233108520508,0.0859747901558876,21.503694534301758,21.391799926757812,20.840240478515625,20.843233108520508,0.0859747901558876,21.467735290527344,21.3829345703125,20.840240478515625,20.843233108520508,0.0859747901558876,21.494224548339844,21.391799926757812,20.840240478515625,20.843233108520508,0.0859747901558876,21.49827003479004,21.39373779296875
LC08_L1TP_195027_20230905_20230912_02_T1,LANDSAT_8,20230905,ageri,195027,3.0,3.0,0.0,2.91560959815979,3.0,3.0,3.0,0.0,2.9837286472320557,3.0,3.0,2.9600000381469727,0.1959591805934906,2.932018756866455,3.0,22.561676025390625,22.56563949584961,0.029365582391619682,22.72496223449707,22.643707275390625,22.561676025390625,22.56563949584961,0.029365582391619682,22.719938278198242,22.643707275390625,22.561676025390625,22.56563949584961,0.029365582391619682,22.721027374267578,22.643707275390625,22.561676025390625,22.56563949584961,0.029365582391619682,22.720977783203125,22.643707275390625,21.273773193359375,21.278423309326172,0.03659320995211601,21.46968650817871,21.36163330078125,21.273773193359375,21.278423309326172,0.03659320995211601,21.460094451904297,21.360565185546875,21.273773193359375,21.278423309326172,0.03659320995211601,21.462316513061523,21.36090087890625,21.273773193359375,21.278423309326172,0.03659320995211601,21.462308883666992,21.36102294921875,22.3756103515625,22.379182815551758,0.0697554349899292,22.525592803955078,22.3897705078125,22.3756103515625,22.379182815551758,0.0697554349899292,22.51473617553711,22.387527465820312,22.3756103515625,22.379182815551758,0.0697554349899292,22.51696014404297,22.3880615234375,22.3756103515625,22.379182815551758,0.0697554349899292,22.516902923583984,22.3880615234375
LC08_L1TP_194027_20230914_20230919_02_T1,LANDSAT_8,20230914,ageri,194027,,,,,,,,,,,,,,,,,,,,,,,,,,,,,,,,,,,,,,,,,,,,,,,,,,,,,,,,,,,,,,,,,,,,,,,,,,,
LC08_L1TP_195027_20230921_20230926_02_T1,LANDSAT_8,20230921,ageri,195027,,,,,,,,,,,,,,,,,,,,,,,,,,,,,,,,,,,,,,,,,,,,,,,,,,,,,,,,,,,,,,,,,,,,,,,,,,,
LC08_L1TP_194027_20230930_20231010_02_T1,LANDSAT_8,20230930,ageri,194027,,,,1.2000000476837158,1.0,,,,1.0,1.0,,,,1.0,1.0,,,,14.474810600280762,14.404571533203125,,,,14.369537353515625,14.384063720703125,,,,,,,,,,,,,,12.864156723022461,12.72991943359375,,,,12.513198852539062,12.469146728515625,,,,,,,,,,,,,,12.3213472366333,12.4083251953125,,,,11.889877319335938,12.020889282226562,,,,,,,,,,
LC08_L1TP_195027_20231007_20231011_02_T1,LANDSAT_8,20231007,ageri,195027,3.0,2.9600000381469727,0.1959591656923294,2.3954577445983887,3.0,3.0,3.0,0.0,2.7515485286712646,3.0,3.0,3.0,0.0,2.6059188842773438,3.0,18.039642333984375,18.04606819152832,0.050947871059179306,18.350133895874023,18.343841552734375,18.039642333984375,18.04606819152832,0.050947871059179306,18.285722732543945,18.306243896484375,18.039642333984375,18.04606819152832,0.050947871059179306,18.312755584716797,18.326751708984375,18.039642333984375,18.04606819152832,0.050947871059179306,18.299270629882812,18.316497802734375,17.320587158203125,17.312959671020508,0.060256410390138626,17.650239944458008,17.641815185546875,17.320587158203125,17.312959671020508,0.060256410390138626,17.586599349975586,17.590484619140625,17.320587158203125,17.312959671020508,0.060256410390138626,17.610748291015625,17.61956787109375,17.320587158203125,17.312959671020508,0.060256410390138626,17.596105575561523,17.601348876953125,18.1976318359375,18.184415817260742,0.049019064754247665,18.52537727355957,18.502899169921875,18.1976318359375,18.184415817260742,0.049019064754247665,18.450939178466797,18.416244506835938,18.1976318359375,18.184415817260742,0.049019064754247665,18.477731704711914,18.472442626953125,18.1976318359375,18.184415817260742,0.049019064754247665,18.45795249938965,18.437744140625
LC08_L1TP_194027_20231016_20231102_02_T1,LANDSAT_8,20231016,ageri,194027,1.0,1.4800000190734863,0.8541663289070129,2.1750309467315674,3.0,3.0,3.0,0.0,2.982675552368164,3.0,3.0,3.0,0.0,2.983363151550293,3.0,15.92047119140625,15.919098854064941,0.06929043680429459,15.761476516723633,15.824737548828125,15.92047119140625,15.91191577911377,0.05844436213374138,15.697047233581543,15.770050048828125,15.92047119140625,15.919098854064941,0.06929043680429459,15.76594352722168,15.824737548828125,15.92047119140625,15.919098854064941,0.06929043680429459,15.766098976135254,15.824737548828125,15.433258056640625,15.43172836303711,0.06649623811244965,15.254002571105957,15.308441162109375,15.452316284179688,15.427383422851562,0.06552940607070923,15.198604583740234,15.250335693359375,15.433258056640625,15.43172836303711,0.06649623811244965,15.259294509887695,15.3095703125,15.433258056640625,15.43172836303711,0.06649623811244965,15.259510040283203,15.30963134765625,15.660400390625,15.664144515991211,0.04428836330771446,15.601119041442871,15.629486083984375,15.701370239257812,15.695693969726562,0.04115264117717743,15.5320463180542,15.53173828125,15.660400390625,15.664144515991211,0.04428836330771446,15.605834007263184,15.630462646484375,15.660400390625,15.664144515991211,0.04428836330771446,15.605996131896973,15.63055419921875
LC08_L1TP_195027_20231108_20231117_02_T1,LANDSAT_8,20231108,ageri,195027,3.0,3.0,0.0,2.9692139625549316,3.0,3.0,3.0,0.0,2.9868059158325195,3.0,3.0,3.0,0.0,2.987630605697632,3.0,9.901336669921875,9.901473045349121,0.07545265555381775,9.966312408447266,10.000457763671875,9.901336669921875,9.901473045349121,0.07545265555381775,9.968146324157715,10.000457763671875,9.901336669921875,9.901473045349121,0.07545265555381775,9.968013763427734,10.000457763671875,9.901336669921875,9.901473045349121,0.07545265555381775,9.968008041381836,10.000457763671875,9.317169189453125,9.321633338928223,0.07435673475265503,9.434232711791992,9.46234130859375,9.317169189453125,9.321633338928223,0.07435673475265503,9.436200141906738,9.462799072265625,9.317169189453125,9.321633338928223,0.07435673475265503,9.435979843139648,9.462799072265625,9.317169189453125,9.321633338928223,0.07435673475265503,9.436066627502441,9.462799072265625,9.92791748046875,9.9351224899292,0.03297394886612892,10.092989921569824,10.134994506835938,9.92791748046875,9.9351224899292,0.03297394886612892,10.093460083007812,10.135223388671875,9.92791748046875,9.9351224899292,0.03297394886612892,10.093650817871094,10.135528564453125,9.92791748046875,9.9351224899292,0.03297394886612892,10.093728065490723,10.135467529296875
LC08_L1GT_194027_20231117_20231122_02_T2,LANDSAT_8,20231117,ageri,194027,,,,,,,,,,,,,,,,,,,,,,,,,,,,,,,,,,,,,,,,,,,,,,,,,,,,,,,,,,,,,,,,,,,,,,,,,,,
LC08_L1TP_194027_20231203_20231209_02_T1,LANDSAT_8,20231203,ageri,194027,2.0,2.359999895095825,0.48000001907348633,2.391113042831421,2.0,2.0,2.1600000858306885,0.36660605669021606,2.2381346225738525,2.0,3.0,3.0,0.0,2.850048065185547,3.0,4.4393310546875,4.434409141540527,0.04496238753199577,4.022185802459717,4.2752685546875,4.4393310546875,4.434409141540527,0.04496238753199577,4.076268196105957,4.2855224609375,4.4393310546875,4.434409141540527,0.04496238753199577,4.090901851654053,4.2855224609375,4.4393310546875,4.434409141540527,0.04496238753199577,4.091938018798828,4.2855224609375,4.0123291015625,4.01746940612793,0.039327286183834076,3.633620262145996,3.86566162109375,4.0123291015625,4.01746940612793,0.039327286183834076,3.6880927085876465,3.876434326171875,4.0123291015625,4.01746940612793,0.039327286183834076,3.70711350440979,3.87640380859375,4.0123291015625,4.01746940612793,0.039327286183834076,3.708059072494507,3.876068115234375,4.012664794921875,4.039341926574707,0.0981128066778183,3.5690464973449707,3.78485107421875,4.012664794921875,4.039341926574707,0.0981128066778183,3.6229450702667236,3.796112060546875,4.012664794921875,4.039341926574707,0.0981128066778183,3.6403205394744873,3.7960052490234375,4.012664794921875,4.039341926574707,0.0981128066778183,3.6408026218414307,3.7957763671875
LC08_L1TP_194027_20231219_20240103_02_T1,LANDSAT_8,20231219,ageri,194027,3.0,2.880000114440918,0.32496151328086853,2.8254055976867676,3.0,3.0,3.0,0.0,2.810833215713501,3.0,3.0,3.0,0.0,2.8967554569244385,3.0,5.454498291015625,5.45490837097168,0.02578371949493885,5.293396949768066,5.334869384765625,5.454498291015625,5.45490837097168,0.02578371949493885,5.300577163696289,5.338287353515625,5.454498291015625,5.45490837097168,0.02578371949493885,5.297447681427002,5.338287353515625,5.454498291015625,5.45490837097168,0.02578371949493885,5.2974162101745605,5.334869384765625,4.7822265625,4.782080173492432,0.02554473653435707,4.627124786376953,4.6593780517578125,4.7822265625,4.782080173492432,0.02554473653435707,4.634511470794678,4.6610107421875,4.7822265625,4.782080173492432,0.02554473653435707,4.630425930023193,4.659912109375,4.7822265625,4.782080173492432,0.02554473653435707,4.63006067276001,4.65887451171875,4.622589111328125,4.630813121795654,0.028795262798666954,4.580051422119141,4.6009674072265625,4.622589111328125,4.630813121795654,0.028795262798666954,4.58610725402832,4.602691650390625,4.622589111328125,4.630813121795654,0.028795262798666954,4.5801897048950195,4.5999755859375,4.622589111328125,4.630813121795654,0.028795262798666954,4.579524040222168,4.5987548828125
LC08_L1TP_194027_20240104_20240113_02_T1,LANDSAT_8,20240104,ageri,194027,,,,,,,,,,,,,,,,,,,,,,,,,,,,,,,,,,,,,,,,,,,,,,,,,,,,,,,,,,,,,,,,,,,,,,,,,,,
LC08_L1TP_195027_20240111_20240123_02_T1,LANDSAT_8,20240111,ageri,195027,,,,,,,,,,,,,,,,,,,,,,,,,,,,,,,,,,,,,,,,,,,,,,,,,,,,,,,,,,,,,,,,,,,,,,,,,,,
LC08_L1TP_194027_20240120_20240129_02_T1,LANDSAT_8,20240120,ageri,194027,1.0,1.5199999809265137,0.8059776425361633,2.501328945159912,3.0,1.0,1.2799999713897705,0.5306599736213684,2.471534490585327,3.0,1.0,1.440000057220459,0.49638694524765015,2.4785284996032715,3.0,1.482757568359375,1.5265076160430908,0.15912911295890808,1.6147140264511108,1.739105224609375,1.583587646484375,1.616912841796875,0.17605650424957275,1.8046057224273682,1.797210693359375,1.706634521484375,1.6832784414291382,0.1323283165693283,1.8154653310775757,1.797210693359375,1.657073974609375,1.6558310985565186,0.13081388175487518,1.8072084188461304,1.793792724609375,1.03448486328125,1.0554089546203613,0.12363950908184052,1.2035436630249023,1.315765380859375,1.1706085205078125,1.1330528259277344,0.13241127133369446,1.3974058628082275,1.370849609375,1.20318603515625,1.1814473867416382,0.09732502698898315,1.4072176218032837,1.371826171875,1.18621826171875,1.165283203125,0.09187547117471695,1.400213599205017,1.36871337890625,1.026611328125,1.0139050483703613,0.11565572768449783,1.408146619796753,1.51513671875,1.1477203369140625,1.0548667907714844,0.14392662048339844,1.6088372468948364,1.582122802734375,1.1477203369140625,1.1215667724609375,0.0518665537238121,1.6193413734436035,1.5832061767578125,1.14752197265625,1.1071804761886597,0.09353674948215485,1.6098968982696533,1.578765869140625
LC08_L1TP_195027_20240127_20240207_02_T1,LANDSAT_8,20240127,ageri,195027,1.0,1.2000000476837158,0.5416025519371033,2.7670085430145264,3.0,1.0,1.2000000476837158,0.4000000059604645,2.8347008228302,3.0,1.0,1.2000000476837158,0.4000000059604645,2.81538462638855,3.0,3.5164794921875,3.5217182636260986,0.11573013663291931,4.292855262756348,4.2752685546875,,,,4.321106433868408,4.2889404296875,,,,4.321001052856445,4.2889404296875,,,,4.320148468017578,4.2889404296875,2.781036376953125,2.7661662101745605,0.13880838453769684,3.6147408485412598,3.5921630859375,,,,3.645329713821411,3.6063232421875,,,,3.64621639251709,3.606109619140625,,,,3.6452808380126953,3.60577392578125,3.207061767578125,3.200685739517212,0.1434197872877121,4.060450553894043,4.0465545654296875,,,,4.090770721435547,4.060089111328125,,,,4.092353820800781,4.0596923828125,,,,4.091264724731445,4.059478759765625
LC08_L1TP_194027_20240205_20240212_02_T1,LANDSAT_8,20240205,ageri,194027,3.0,2.880000114440918,0.32496151328086853,2.665919303894043,3.0,3.0,2.9600000381469727,0.1959591656923294,2.7855942249298096,3.0,3.0,2.9600000381469727,0.1959591656923294,2.799187183380127,3.0,3.3968505859375,3.390690803527832,0.03849831223487854,3.4615345001220703,3.4241943359375,3.3968505859375,3.390690803527832,0.03849831223487854,3.452059030532837,3.4173583984375,3.3968505859375,3.390690803527832,0.03849831223487854,3.455831289291382,3.4207763671875,3.3968505859375,3.390690803527832,0.03849831223487854,3.454704999923706,3.4207763671875,2.889984130859375,2.890427350997925,0.024558765813708305,2.9632058143615723,2.92156982421875,2.889984130859375,2.890427350997925,0.024558765813708305,2.953892946243286,2.9169158935546875,2.889984130859375,2.890427350997925,0.024558765813708305,2.9573843479156494,2.917724609375,2.889984130859375,2.890427350997925,0.024558765813708305,2.956529140472412,2.917572021484375,2.86260986328125,2.865964412689209,0.046719539910554886,2.902517557144165,2.911407470703125,2.86260986328125,2.865964412689209,0.046719539910554886,2.891474723815918,2.910919189453125,2.86260986328125,2.865964412689209,0.046719539910554886,2.898704767227173,2.91162109375,2.86260986328125,2.865964412689209,0.046719539910554886,2.8978426456451416,2.911468505859375
LC08_L1TP_194027_20240221_20240229_02_T1,LANDSAT_8,20240221,ageri,194027,,,,,,,,,,,,,,,,,,,,,,,,,,,,,,,,,,,,,,,,,,,,,,,,,,,,,,,,,,,,,,,,,,,,,,,,,,,
LC08_L1TP_194027_20240308_20240315_02_T1,LANDSAT_8,20240308,ageri,194027,,,,1.9296331405639648,2.0,,,,2.646660327911377,3.0,,,,2.8331139087677,3.0,,,,4.491267204284668,4.4871826171875,,,,4.502253532409668,4.4906005859375,,,,4.500277519226074,4.4906005859375,,,,4.496070384979248,4.4871826171875,,,,3.8735458850860596,3.864227294921875,,,,3.8837199211120605,3.8669281005859375,,,,3.8840019702911377,3.867156982421875,,,,3.8809752464294434,3.8658294677734375,,,,4.237031936645508,4.235870361328125,,,,4.2423224449157715,4.2363128662109375,,,,4.249307632446289,4.238372802734375,,,,4.246006488800049,4.237091064453125
LC08_L1TP_195027_20240315_20240401_02_T1,LANDSAT_8,20240315,ageri,195027,3.0,2.8125,0.5266343355178833,1.931921362876892,2.0,3.0,2.9375,0.24206146597862244,1.9712556600570679,2.0,3.0,2.9375,0.24206146597862244,1.9848713874816895,2.0,4.4342041015625,4.43505859375,0.07892381399869919,4.130985736846924,4.1693115234375,4.4188232421875,4.4274821281433105,0.07566888630390167,4.404820442199707,4.4530029296875,4.4342041015625,4.43505859375,0.07892381399869919,4.432355880737305,4.4666748046875,4.4342041015625,4.43505859375,0.07892381399869919,4.435078144073486,4.4598388671875,3.155364990234375,3.139739990234375,0.0924147441983223,2.888094902038574,2.925323486328125,3.14837646484375,3.1333048343658447,0.09190905094146729,3.162841796875,3.22589111328125,3.155364990234375,3.139739990234375,0.0924147441983223,3.1926052570343018,3.23590087890625,3.155364990234375,3.139739990234375,0.0924147441983223,3.1932947635650635,3.2327880859375,2.14874267578125,2.118459701538086,0.09278717637062073,2.078951358795166,2.1326904296875,2.15350341796875,2.133227586746216,0.07545860856771469,2.240553855895996,2.24578857421875,2.14874267578125,2.118459701538086,0.09278717637062073,2.2628581523895264,2.250762939453125,2.14874267578125,2.118459701538086,0.09278717637062073,2.263714075088501,2.249603271484375
LC08_L1TP_195027_20240416_20240423_02_T1,LANDSAT_8,20240416,ageri,195027,,,,2.524064064025879,3.0,,,,2.566844940185547,3.0,,,,2.59358286857605,3.0,,,,8.486624717712402,8.62640380859375,,,,8.594406127929688,8.70159912109375,,,,8.63217830657959,8.72210693359375,,,,8.63558292388916,8.728973388671875,,,,7.888523101806641,8.034759521484375,,,,7.996269226074219,8.104766845703125,,,,8.031126022338867,8.1275634765625,,,,8.035136222839355,8.130828857421875,,,,8.792341232299805,8.869964599609375,,,,8.862202644348145,8.93389892578125,,,,8.893623352050781,8.951507568359375,,,,8.89240837097168,8.951507568359375
LC08_L1TP_194027_20240425_20240510_02_T1,LANDSAT_8,20240425,ageri,194027,,,,,,,,,,,,,,,,,,,,,,,,,,,,,,,,,,,,,,,,,,,,,,,,,,,,,,,,,,,,,,,,,,,,,,,,,,,
LC08_L1TP_194027_20240511_20240520_02_T1,LANDSAT_8,20240511,ageri,194027,3.0,2.5999999046325684,0.4898979365825653,2.2845280170440674,3.0,3.0,2.759999990463257,0.42708316445350647,2.426100254058838,3.0,3.0,2.8399999141693115,0.3666060268878937,2.4407694339752197,3.0,15.301788330078125,15.306983947753906,0.14993353188037872,16.146833419799805,16.04351806640625,15.301788330078125,15.306983947753906,0.14993353188037872,16.520845413208008,16.38531494140625,15.301788330078125,15.306983947753906,0.14993353188037872,16.556514739990234,16.45367431640625,15.301788330078125,15.306983947753906,0.14993353188037872,16.566072463989258,16.46734619140625,13.973846435546875,13.984623908996582,0.1629265397787094,14.809057235717773,14.693695068359375,13.973846435546875,13.984623908996582,0.1629265397787094,15.190408706665039,15.03265380859375,13.973846435546875,13.984623908996582,0.1629265397787094,15.225809097290039,15.102264404296875,13.973846435546875,13.984623908996582,0.1629265397787094,15.23634147644043,15.108551025390625,14.409454345703125,14.397019386291504,0.10647895932197571,15.145906448364258,15.051239013671875,14.409454345703125,14.397019386291504,0.10647895932197571,15.583463668823242,15.463836669921875,14.409454345703125,14.397019386291504,0.10647895932197571,15.623812675476074,15.52294921875,14.409454345703125,14.397019386291504,0.10647895932197571,15.63481616973877,15.53094482421875
LC08_L1TP_195027_20240518_20240605_02_T1,LANDSAT_8,20240518,ageri,195027,,,,2.469879627227783,3.0,,,,2.5783133506774902,3.0,,,,2.542168617248535,3.0,,,,13.842084884643555,13.890167236328125,,,,14.157099723815918,13.910675048828125,,,,14.18137264251709,13.914093017578125,,,,14.209402084350586,13.912384033203125,,,,12.922998428344727,12.686080932617188,,,,13.314939498901367,12.838973999023438,,,,13.323324203491211,12.871368408203125,,,,13.362127304077148,12.870742797851562,,,,13.263117790222168,12.844741821289062,,,,13.52005386352539,13.047943115234375,,,,13.521957397460938,13.0555419921875,,,,13.562799453735352,13.072479248046875
LC08_L1TP_194027_20240612_20240628_02_T1,LANDSAT_8,20240612,ageri,194027,,,,1.8702290058135986,2.0,,,,2.005725145339966,2.0,,,,2.003816843032837,2.0,,,,15.985589981079102,15.99908447265625,,,,16.237648010253906,16.27935791015625,,,,16.227014541625977,16.26568603515625,,,,16.234867095947266,16.26739501953125,,,,15.131680488586426,15.130874633789062,,,,15.387564659118652,15.416839599609375,,,,15.370166778564453,15.403366088867188,,,,15.386181831359863,15.408523559570312,,,,15.343941688537598,15.392532348632812,,,,15.572487831115723,15.6229248046875,,,,15.536691665649414,15.608688354492188,,,,15.547109603881836,15.610031127929688
LC08_L1TP_195027_20240619_20240706_02_T1,LANDSAT_8,20240619,ageri,195027,3.0,2.9200000762939453,0.27129319310188293,2.7106401920318604,3.0,3.0,2.9200000762939453,0.27129319310188293,2.738248109817505,3.0,3.0,3.0,0.0,2.764214277267456,3.0,23.228179931640625,23.2063045501709,0.11278260499238968,23.514745712280273,23.487945556640625,23.228179931640625,23.2063045501709,0.11278260499238968,23.56522560119629,23.569976806640625,23.228179931640625,23.2063045501709,0.11278260499238968,23.563642501831055,23.563140869140625,23.228179931640625,23.2063045501709,0.11278260499238968,23.56072235107422,23.558013916015625,20.2327880859375,20.237424850463867,0.13060127198696136,20.638500213623047,20.610595703125,20.2327880859375,20.237424850463867,0.13060127198696136,20.698575973510742,20.703155517578125,20.2327880859375,20.237424850463867,0.13060127198696136,20.69590187072754,20.691696166992188,20.2327880859375,20.237424850463867,0.13060127198696136,20.693313598632812,20.683822631835938,21.195465087890625,21.142677307128906,0.12058746814727783,21.524927139282227,21.47540283203125,21.195465087890625,21.142677307128906,0.12058746814727783,21.58036994934082,21.548492431640625,21.195465087890625,21.142677307128906,0.12058746814727783,21.579275131225586,21.544525146484375,21.195465087890625,21.142677307128906,0.12058746814727783,21.57684326171875,21.537734985351562
LC08_L1TP_194027_20240628_20240709_02_T1,LANDSAT_8,20240628,ageri,194027,2.0,2.359999895095825,0.5571355223655701,2.1361002922058105,2.0,2.0,2.0399999618530273,0.1959591805934906,1.973524570465088,2.0,2.0,2.359999895095825,0.48000001907348633,1.9354660511016846,2.0,22.906890869140625,22.909761428833008,0.05821940302848816,23.463542938232422,23.340972900390625,22.912017822265625,22.911874771118164,0.05847273766994476,23.458810806274414,23.347808837890625,22.906890869140625,22.909761428833008,0.05821940302848816,23.39142608642578,23.323883056640625,22.906890869140625,22.909761428833008,0.05821940302848816,23.33226203918457,23.289703369140625,19.1766357421875,19.184490203857422,0.05704410746693611,19.75653648376465,19.628509521484375,19.181991577148438,19.184816360473633,0.05819740518927574,19.744415283203125,19.635040283203125,19.1766357421875,19.184490203857422,0.05704410746693611,19.67795753479004,19.607650756835938,19.1766357421875,19.184490203857422,0.05704410746693611,19.61672592163086,19.570770263671875,18.811126708984375,18.827714920043945,0.08477738499641418,19.397502899169922,19.251998901367188,18.806121826171875,18.82650375366211,0.0863134041428566,19.386884689331055,19.267913818359375,18.811126708984375,18.827714920043945,0.08477738499641418,19.311134338378906,19.228057861328125,18.811126708984375,18.827714920043945,0.08477738499641418,19.248737335205078,19.197006225585938
LC08_L1TP_195027_20240705_20240712_02_T1,LANDSAT_8,20240705,ageri,195027,3.0,2.9200000762939453,0.27129319310188293,2.569232940673828,3.0,3.0,3.0,0.0,2.6579673290252686,3.0,3.0,3.0,0.0,2.65042781829834,3.0,20.5074462890625,20.499380111694336,0.12637384235858917,20.405488967895508,20.3980712890625,20.5074462890625,20.499380111694336,0.12637384235858917,20.407390594482422,20.3912353515625,20.5074462890625,20.499380111694336,0.12637384235858917,20.385608673095703,20.3741455078125,20.5074462890625,20.499380111694336,0.12637384235858917,20.388427734375,20.3775634765625,19.129791259765625,19.10247039794922,0.13286659121513367,19.05635643005371,19.046600341796875,19.129791259765625,19.10247039794922,0.13286659121513367,19.054983139038086,19.036849975585938,19.129791259765625,19.10247039794922,0.13286659121513367,19.03270149230957,19.022186279296875,19.129791259765625,19.10247039794922,0.13286659121513367,19.035472869873047,19.024169921875,19.16162109375,19.165374755859375,0.18705247342586517,19.395244598388672,19.363555908203125,19.16162109375,19.165374755859375,0.18705247342586517,19.408571243286133,19.36761474609375,19.16162109375,19.165374755859375,0.18705247342586517,19.372215270996094,19.354705810546875,19.16162109375,19.165374755859375,0.18705247342586517,19.369997024536133,19.352828979492188
LC08_L1TP_194027_20240714_20240719_02_T1,LANDSAT_8,20240714,ageri,194027,,,,,,,,,,,,,,,,,,,,,,,,,,,,,,,,,,,,,,,,,,,,,,,,,,,,,,,,,,,,,,,,,,,,,,,,,,,
LC08_L1TP_195027_20240721_20240723_02_T1,LANDSAT_8,20240721,ageri,195027,3.0,3.0,0.0,2.5964715480804443,3.0,3.0,3.0,0.0,2.6159908771514893,3.0,3.0,3.0,0.0,2.656906843185425,3.0,22.640289306640625,22.66995620727539,0.08255208283662796,22.57733726501465,22.530914306640625,22.640289306640625,22.66995620727539,0.08255208283662796,22.612966537475586,22.558258056640625,22.640289306640625,22.66995620727539,0.08255208283662796,22.602506637573242,22.554840087890625,22.640289306640625,22.66995620727539,0.08255208283662796,22.59667205810547,22.544586181640625,20.385162353515625,20.40475845336914,0.09573046118021011,20.270376205444336,20.234649658203125,20.385162353515625,20.40475845336914,0.09573046118021011,20.306316375732422,20.264007568359375,20.385162353515625,20.40475845336914,0.09573046118021011,20.294631958007812,20.259872436523438,20.385162353515625,20.40475845336914,0.09573046118021011,20.288244247436523,20.250442504882812,19.63360595703125,19.66295623779297,0.11281528323888779,19.493982315063477,19.460540771484375,19.63360595703125,19.66295623779297,0.11281528323888779,19.572063446044922,19.527786254882812,19.63360595703125,19.66295623779297,0.11281528323888779,19.5601749420166,19.527786254882812,19.63360595703125,19.66295623779297,0.11281528323888779,19.541784286499023,19.513397216796875
LC08_L1TP_194027_20240730_20240801_02_T1,LANDSAT_8,20240730,ageri,194027,,,,2.123943567276001,2.0,,,,2.0408451557159424,2.0,,,,2.0183098316192627,2.0,,,,24.317964553833008,24.58514404296875,,,,24.738805770874023,24.86199951171875,,,,25.031723022460938,24.98162841796875,,,,25.056964874267578,25.00042724609375,,,,21.44405174255371,21.796310424804688,,,,21.890914916992188,22.0184326171875,,,,22.19500732421875,22.137954711914062,,,,22.223207473754883,22.1529541015625,,,,21.431928634643555,21.8233642578125,,,,21.9554500579834,22.310546875,,,,22.300153732299805,22.490493774414062,,,,22.344039916992188,22.496017456054688
LC08_L1TP_195027_20240806_20240814_02_T1,LANDSAT_8,20240806,ageri,195027,2.0,2.119999885559082,0.430813193321228,2.395172357559204,3.0,2.0,2.0399999618530273,0.1959591656923294,2.41048264503479,2.0,2.0,2.0399999618530273,0.1959591656923294,2.382896661758423,2.0,25.043182373046875,25.037975311279297,0.04078945517539978,25.45420265197754,25.340545654296875,25.043182373046875,25.0400390625,0.04033244028687477,25.400386810302734,25.296112060546875,25.043182373046875,25.037975311279297,0.04078945517539978,25.414836883544922,25.292694091796875,25.043182373046875,25.037975311279297,0.04078945517539978,25.40921401977539,25.289276123046875,22.062286376953125,22.056215286254883,0.03879028186202049,22.48625373840332,22.365982055664062,22.062835693359375,22.057876586914062,0.038710832595825195,22.42043685913086,22.3211669921875,22.062286376953125,22.056215286254883,0.03879028186202049,22.438899993896484,22.31854248046875,22.062286376953125,22.056215286254883,0.03879028186202049,22.4328556060791,22.31536865234375,22.298980712890625,22.305620193481445,0.06771399080753326,22.585344314575195,22.477218627929688,22.299835205078125,22.309988021850586,0.06556978821754456,22.52559471130371,22.434967041015625,22.298980712890625,22.305620193481445,0.06771399080753326,22.544931411743164,22.437347412109375,22.298980712890625,22.305620193481445,0.06771399080753326,22.538997650146484,22.432373046875
LC08_L1TP_194027_20240815_20240822_02_T1,LANDSAT_8,20240815,ageri,194027,2.0,2.049999952316284,0.2179449498653412,2.210299253463745,2.0,3.0,2.75,0.4330126941204071,2.1506848335266113,2.0,3.0,2.799999952316284,0.4000000059604645,2.1829020977020264,2.0,24.71502685546875,24.73878288269043,0.14758048951625824,23.557767868041992,24.86199951171875,24.71502685546875,24.73878288269043,0.14758048951625824,24.370405197143555,25.190155029296875,24.71502685546875,24.73878288269043,0.14758048951625824,24.939380645751953,25.323455810546875,24.71502685546875,24.73878288269043,0.14758048951625824,25.00718116760254,25.323455810546875,21.716766357421875,21.698030471801758,0.17090652883052826,20.280466079711914,21.767349243164062,21.716766357421875,21.698030471801758,0.17090652883052826,21.19808578491211,22.14788818359375,21.716766357421875,21.698030471801758,0.17090652883052826,21.84920883178711,22.292800903320312,21.716766357421875,21.698030471801758,0.17090652883052826,21.924545288085938,22.294281005859375,22.315185546875,22.318086624145508,0.210272878408432,20.927080154418945,22.598709106445312,22.315185546875,22.318086624145508,0.210272878408432,21.96416473388672,22.93408203125,22.315185546875,22.318086624145508,0.210272878408432,22.676313400268555,23.073135375976562,22.315185546875,22.318086624145508,0.210272878408432,22.789602279663086,23.088302612304688
LC08_L1TP_195027_20240822_20240830_02_T1,LANDSAT_8,20240822,ageri,195027,1.0,1.0,0.0,1.5804637670516968,2.0,1.0,1.0,0.0,1.3387210369110107,1.0,1.0,1.0,0.0,1.208011269569397,1.0,17.115081787109375,17.191518783569336,0.21823041141033173,19.393634796142578,19.840911865234375,,,,19.95547866821289,20.0323486328125,,,,20.15804100036621,20.1297607421875,,,,20.31688690185547,20.2955322265625,15.423553466796875,15.415963172912598,0.20903684198856354,17.908905029296875,18.37347412109375,,,,18.543317794799805,18.593109130859375,,,,18.778074264526367,18.714767456054688,,,,19.01222801208496,18.938812255859375,15.505096435546875,15.529046058654785,0.27146273851394653,17.44160270690918,17.826080322265625,,,,18.195451736450195,18.257476806640625,,,,18.44803237915039,18.343292236328125,,,,18.704933166503906,18.649490356445312
LC08_L1TP_194027_20240831_20240906_02_T1,LANDSAT_8,20240831,ageri,194027,3.0,2.880000114440918,0.32496151328086853,2.351489543914795,3.0,3.0,3.0,0.0,2.4428634643554688,3.0,3.0,3.0,0.0,2.439528703689575,3.0,20.8663330078125,20.887121200561523,0.0707818791270256,20.9233341217041,21.071441650390625,20.8663330078125,20.887121200561523,0.0707818791270256,21.290000915527344,21.259429931640625,20.8663330078125,20.887121200561523,0.0707818791270256,21.280210494995117,21.245758056640625,20.8663330078125,20.887121200561523,0.0707818791270256,21.29060935974121,21.252593994140625,16.972320556640625,16.99074363708496,0.06546830385923386,17.04574203491211,17.217269897460938,16.972320556640625,16.99074363708496,0.06546830385923386,17.442672729492188,17.413238525390625,16.972320556640625,16.99074363708496,0.06546830385923386,17.432872772216797,17.3997802734375,16.972320556640625,16.99074363708496,0.06546830385923386,17.44520378112793,17.40435791015625,15.224090576171875,15.193593978881836,0.20436981320381165,15.299666404724121,15.511642456054688,15.224090576171875,15.193593978881836,0.20436981320381165,15.770745277404785,15.761871337890625,15.224090576171875,15.193593978881836,0.20436981320381165,15.759989738464355,15.74786376953125,15.224090576171875,15.193593978881836,0.20436981320381165,15.770238876342773,15.75341796875
LC08_L1TP_195027_20240907_20240914_02_T1,LANDSAT_8,20240907,ageri,195027,2.0,2.1600000858306885,0.3666060268878937,2.534980058670044,3.0,3.0,3.0,0.0,2.9846832752227783,3.0,3.0,3.0,0.0,2.982889413833618,3.0,23.857086181640625,23.848472595214844,0.065046526491642,24.115406036376953,24.08612060546875,23.857086181640625,23.848472595214844,0.065046526491642,24.109098434448242,24.08612060546875,23.857086181640625,23.848472595214844,0.065046526491642,24.11171531677246,24.08612060546875,23.857086181640625,23.848472595214844,0.065046526491642,24.111608505249023,24.08612060546875,22.159759521484375,22.171262741088867,0.0787404477596283,22.521547317504883,22.481597900390625,22.159759521484375,22.171262741088867,0.0787404477596283,22.51116371154785,22.479019165039062,22.159759521484375,22.171262741088867,0.0787404477596283,22.51494026184082,22.480133056640625,22.159759521484375,22.171262741088867,0.0787404477596283,22.51490020751953,22.480133056640625,23.121856689453125,23.104141235351562,0.0950092300772667,23.529695510864258,23.43865966796875,23.121856689453125,23.104141235351562,0.0950092300772667,23.516338348388672,23.43438720703125,23.121856689453125,23.104141235351562,0.0950092300772667,23.521148681640625,23.436798095703125,23.121856689453125,23.104141235351562,0.0950092300772667,23.521167755126953,23.436798095703125
LC08_L1TP_194027_20241205_20241210_02_T1,LANDSAT_8,20241205,ageri,194027,,,,,,,,,,,,,,,,,,,,,,,,,,,,,,,,,,,,,,,,,,,,,,,,,,,,,,,,,,,,,,,,,,,,,,,,,,,
LC08_L1TP_194027_20241221_20241228_02_T1,LANDSAT_8,20241221,ageri,194027,,,,2.431917905807495,3.0,,,,2.508638381958008,3.0,,,,2.496046781539917,3.0,,,,3.905184030532837,4.2855224609375,,,,4.2561869621276855,4.4222412109375,,,,4.278931140899658,4.4154052734375,,,,4.280113220214844,4.4188232421875,,,,3.371450662612915,3.731475830078125,,,,3.7034671306610107,3.845458984375,,,,3.725353479385376,3.844573974609375,,,,3.7282989025115967,3.8449859619140625,,,,3.1980631351470947,3.5618896484375,,,,3.530336380004883,3.672607421875,,,,3.5538625717163086,3.6697998046875,,,,3.555361032485962,3.67071533203125
LC08_L1TP_195027_20250113_20250122_02_T1,LANDSAT_8,20250113,ageri,195027,3.0,2.9200000762939453,0.3919183611869812,2.296677589416504,2.0,3.0,3.0,0.0,2.5895111560821533,3.0,3.0,3.0,0.0,2.69989013671875,3.0,3.4617919921875,3.458510637283325,0.018832480534911156,3.173464775085449,3.325042724609375,3.4617919921875,3.4578044414520264,0.0188935324549675,3.212768793106079,3.328460693359375,3.4617919921875,3.458510637283325,0.018832480534911156,3.194624900817871,3.328460693359375,3.4617919921875,3.458510637283325,0.018832480534911156,3.217108964920044,3.331878662109375,3.03717041015625,3.0389466285705566,0.02228403091430664,2.761780261993408,2.8955535888671875,3.035736083984375,3.0380008220672607,0.022246478125452995,2.7989375591278076,2.8997039794921875,3.03717041015625,3.0389466285705566,0.02228403091430664,2.7861580848693848,2.8997955322265625,3.03717041015625,3.0389466285705566,0.02228403091430664,2.8063442707061768,2.904327392578125,3.806732177734375,3.7946410179138184,0.029438499361276627,3.4142005443573,3.531341552734375,3.8068084716796875,3.79535174369812,0.029834754765033722,3.4492087364196777,3.53790283203125,3.806732177734375,3.7946410179138184,0.029438499361276627,3.437185287475586,3.535675048828125,3.806732177734375,3.7946410179138184,0.029438499361276627,3.455122232437134,3.5404052734375
LC08_L1TP_195027_20250318_20250327_02_T1,LANDSAT_8,20250318,ageri,195027,3.0,3.0,0.0,2.980238676071167,3.0,3.0,3.0,0.0,2.982571601867676,3.0,3.0,3.0,0.0,2.9801015853881836,3.0,4.982818603515625,4.972291469573975,0.028283271938562393,5.174893856048584,5.092193603515625,4.982818603515625,4.972291469573975,0.028283271938562393,5.161678791046143,5.088775634765625,4.982818603515625,4.972291469573975,0.028283271938562393,5.164918899536133,5.088775634765625,4.982818603515625,4.972291469573975,0.028283271938562393,5.161296367645264,5.088775634765625,4.439666748046875,4.433597564697266,0.019162483513355255,4.638988018035889,4.5428466796875,4.439666748046875,4.433597564697266,0.019162483513355255,4.622893810272217,4.5414886474609375,4.439666748046875,4.433597564697266,0.019162483513355255,4.62554931640625,4.54168701171875,4.439666748046875,4.433597564697266,0.019162483513355255,4.621506214141846,4.541412353515625,5.163787841796875,5.15410041809082,0.05457489192485809,5.453921794891357,5.346343994140625,5.163787841796875,5.15410041809082,0.05457489192485809,5.4362101554870605,5.34429931640625,5.163787841796875,5.15410041809082,0.05457489192485809,5.439146518707275,5.3449249267578125,5.163787841796875,5.15410041809082,0.05457489192485809,5.434496879577637,5.344268798828125
LC08_L1TP_195027_20250403_20250411_02_T1,LANDSAT_8,20250403,ageri,195027,3.0,3.0,0.0,2.018134355545044,2.0,3.0,3.0,0.0,2.218299150466919,2.0,3.0,3.0,0.0,2.21541428565979,2.0,8.872528076171875,8.877723693847656,0.030002212151885033,9.304750442504883,9.036590576171875,8.872528076171875,8.877723693847656,0.030002212151885033,9.190038681030273,8.937469482421875,8.872528076171875,8.877723693847656,0.030002212151885033,9.22585678100586,9.009246826171875,8.872528076171875,8.877723693847656,0.030002212151885033,9.216631889343262,9.005828857421875,7.877685546875,7.87765645980835,0.020770547911524773,8.32200813293457,8.045501708984375,7.877685546875,7.87765645980835,0.020770547911524773,8.191166877746582,7.947113037109375,7.877685546875,7.87765645980835,0.020770547911524773,8.2277250289917,8.014419555664062,7.877685546875,7.87765645980835,0.020770547911524773,8.219286918640137,8.01324462890625,8.359344482421875,8.35258674621582,0.05200978368520737,8.643545150756836,8.37060546875,8.359344482421875,8.35258674621582,0.05200978368520737,8.55176067352295,8.2725830078125,8.359344482421875,8.35258674621582,0.05200978368520737,8.575654029846191,8.346572875976562,8.359344482421875,8.35258674621582,0.05200978368520737,8.566359519958496,8.344512939453125
LC08_L1TP_194027_20250412_20250416_02_T1,LANDSAT_8,20250412,ageri,194027,3.0,3.0,0.0,2.7239153385162354,3.0,3.0,3.0,0.0,2.9680120944976807,3.0,3.0,3.0,0.0,2.9673256874084473,3.0,12.25634765625,12.256073951721191,0.05179024487733841,13.165566444396973,13.022003173828125,12.25634765625,12.256073951721191,0.05179024487733841,13.13595962524414,13.004913330078125,12.25634765625,12.256073951721191,0.05179024487733841,13.148929595947266,13.015167236328125,12.25634765625,12.256073951721191,0.05179024487733841,13.147615432739258,13.013458251953125,11.567047119140625,11.55423355102539,0.06640783697366714,12.542947769165039,12.373733520507812,11.567047119140625,11.55423355102539,0.06640783697366714,12.508634567260742,12.358428955078125,11.567047119140625,11.55423355102539,0.06640783697366714,12.520092964172363,12.36614990234375,11.567047119140625,11.55423355102539,0.06640783697366714,12.518362045288086,12.364364624023438,11.885345458984375,11.879947662353516,0.0536920391023159,12.876766204833984,12.753555297851562,11.885345458984375,11.879947662353516,0.0536920391023159,12.839519500732422,12.739410400390625,11.885345458984375,11.879947662353516,0.0536920391023159,12.851873397827148,12.746749877929688,11.885345458984375,11.879947662353516,0.0536920391023159,12.850040435791016,12.745895385742188
LC08_L1TP_194027_20250428_20250508_02_T1,LANDSAT_8,20250428,ageri,194027,1.0,1.0,0.0,2.0254056453704834,2.0,1.0,1.0,0.0,2.0667104721069336,3.0,1.0,1.0,0.0,2.0742502212524414,3.0,13.059600830078125,13.075931549072266,0.09376811236143112,13.868371963500977,13.825225830078125,,,,14.279479026794434,14.601104736328125,,,,14.313202857971191,14.659210205078125,,,,14.307682037353516,14.652374267578125,11.977767944335938,11.97789192199707,0.08857884258031845,12.820357322692871,12.771270751953125,,,,13.243894577026367,13.584503173828125,,,,13.276299476623535,13.632720947265625,,,,13.271133422851562,13.625732421875,12.500930786132812,12.51821231842041,0.1200091689825058,13.228250503540039,13.399932861328125,,,,13.94711685180664,14.307708740234375,,,,14.01650619506836,14.36260986328125,,,,14.009905815124512,14.352874755859375
LC08_L1TP_194027_20250514_20250529_02_T1,LANDSAT_8,20250514,ageri,194027,3.0,2.8399999141693115,0.5425863862037659,2.443206787109375,3.0,3.0,3.0,0.0,2.9469196796417236,3.0,3.0,3.0,0.0,2.955307960510254,3.0,15.88970947265625,15.891212463378906,0.02240705117583275,16.33192253112793,16.11871337890625,15.88970947265625,15.891639709472656,0.023224614560604095,16.387798309326172,16.21099853515625,15.88970947265625,15.891212463378906,0.02240705117583275,16.315832138061523,16.11529541015625,15.88970947265625,15.891212463378906,0.02240705117583275,16.316579818725586,16.11529541015625,14.803375244140625,14.804591178894043,0.025591744109988213,15.265361785888672,15.040420532226562,14.80645751953125,14.805883407592773,0.026254046708345413,15.318217277526855,15.136810302734375,14.803375244140625,14.804591178894043,0.025591744109988213,15.243653297424316,15.0352783203125,14.803375244140625,14.804591178894043,0.025591744109988213,15.245085716247559,15.03558349609375,15.582244873046875,15.582938194274902,0.02946915104985237,16.003753662109375,15.789230346679688,15.581298828125,15.581464767456055,0.029828663915395737,16.058664321899414,15.864105224609375,15.582244873046875,15.582938194274902,0.02946915104985237,15.980647087097168,15.784637451171875,15.582244873046875,15.582938194274902,0.02946915104985237,15.982056617736816,15.78564453125
LC08_L1TP_194027_20250530_20250606_02_T1,LANDSAT_8,20250530,ageri,194027,3.0,2.640000104904175,0.48000001907348633,2.6808247566223145,3.0,3.0,2.680000066757202,0.4664761424064636,2.6699657440185547,3.0,3.0,2.5199999809265137,0.4995998442173004,2.631615161895752,3.0,19.762298583984375,19.79977035522461,0.23173221945762634,20.011863708496094,19.816986083984375,19.762298583984375,19.79977035522461,0.23173221945762634,19.99285125732422,19.810150146484375,19.762298583984375,19.79977035522461,0.23173221945762634,19.997228622436523,19.810150146484375,19.762298583984375,19.79977035522461,0.23173221945762634,19.996253967285156,19.810150146484375,18.527191162109375,18.530113220214844,0.2282336801290512,18.809133529663086,18.58428955078125,18.527191162109375,18.530113220214844,0.2282336801290512,18.785381317138672,18.578277587890625,18.527191162109375,18.530113220214844,0.2282336801290512,18.790420532226562,18.579742431640625,18.527191162109375,18.530113220214844,0.2282336801290512,18.78973960876465,18.57867431640625,18.7528076171875,18.74492645263672,0.38372835516929626,19.645185470581055,19.4403076171875,18.7528076171875,18.74492645263672,0.38372835516929626,19.619781494140625,19.434326171875,18.7528076171875,18.74492645263672,0.38372835516929626,19.625303268432617,19.435394287109375,18.7528076171875,18.74492645263672,0.38372835516929626,19.62470245361328,19.43536376953125
LC08_L1TP_195027_20250622_20250630_02_T1,LANDSAT_8,20250622,ageri,195027,3.0,3.0,0.0,2.3495519161224365,2.0,3.0,3.0,0.0,2.440661668777466,3.0,3.0,3.0,0.0,2.431840181350708,3.0,24.86199951171875,24.87334632873535,0.09022453427314758,25.301483154296875,25.176483154296875,24.86199951171875,24.87334632873535,0.09022453427314758,25.266216278076172,25.166229248046875,24.86199951171875,24.87334632873535,0.09022453427314758,25.262035369873047,25.162811279296875,24.86199951171875,24.87334632873535,0.09022453427314758,25.26189613342285,25.162811279296875,23.960174560546875,23.992286682128906,0.08983079344034195,24.495607376098633,24.3609619140625,23.960174560546875,23.992286682128906,0.08983079344034195,24.458967208862305,24.3526611328125,23.960174560546875,23.992286682128906,0.08983079344034195,24.454923629760742,24.34771728515625,23.960174560546875,23.992286682128906,0.08983079344034195,24.45458221435547,24.34832763671875,25.317779541015625,25.3231201171875,0.053978338837623596,25.731714248657227,25.578704833984375,25.317779541015625,25.3231201171875,0.053978338837623596,25.681442260742188,25.557952880859375,25.317779541015625,25.3231201171875,0.053978338837623596,25.678455352783203,25.555770874023438,25.317779541015625,25.3231201171875,0.053978338837623596,25.678119659423828,25.555435180664062
LC08_L1TP_194027_20250701_20250711_02_T1,LANDSAT_8,20250701,ageri,194027,3.0,3.0,0.0,2.9030210971832275,3.0,3.0,3.0,0.0,2.9177818298339844,3.0,3.0,3.0,0.0,2.8890881538391113,3.0,26.796600341796875,26.800703048706055,0.05316232517361641,27.194978713989258,27.080291748046875,26.796600341796875,26.800703048706055,0.05316232517361641,27.183279037475586,27.076873779296875,26.796600341796875,26.800703048706055,0.05316232517361641,27.182260513305664,27.076873779296875,26.796600341796875,26.800703048706055,0.05316232517361641,27.181840896606445,27.076873779296875,23.123046875,23.111173629760742,0.06287003308534622,23.644115447998047,23.47320556640625,23.123046875,23.111173629760742,0.06287003308534622,23.621292114257812,23.469635009765625,23.123046875,23.111173629760742,0.06287003308534622,23.620023727416992,23.469757080078125,23.123046875,23.111173629760742,0.06287003308534622,23.619138717651367,23.4697265625,25.27410888671875,25.235370635986328,0.14421147108078003,25.891756057739258,25.656890869140625,25.27410888671875,25.235370635986328,0.14421147108078003,25.865018844604492,25.6536865234375,25.27410888671875,25.235370635986328,0.14421147108078003,25.864225387573242,25.654052734375,25.27410888671875,25.235370635986328,0.14421147108078003,25.863384246826172,25.653915405273438
LC08_L1TP_195027_20250708_20250715_02_T1,LANDSAT_8,20250708,ageri,195027,,,,,,,,,,,,,,,,,,,,,,,,,,,,,,,,,,,,,,,,,,,,,,,,,,,,,,,,,,,,,,,,,,,,,,,,,,,
LC09_L1TP_195027_20221113_20230322_02_T1,LANDSAT_9,20221113,ageri,195027,,,,,,,,,,,,,,,,,,,,,,,,,,,,,,,,,,,,,,,,,,,,,,,,,,,,,,,,,,,,,,,,,,,,,,,,,,,
LC09_L1TP_194027_20221208_20230318_02_T1,LANDSAT_9,20221208,ageri,194027,2.0,2.359999895095825,0.48000001907348633,2.7309560775756836,3.0,3.0,3.0,0.0,2.9408907890319824,3.0,3.0,3.0,0.0,2.944498300552368,3.0,6.558502197265625,6.56834602355957,0.0563732385635376,6.570141315460205,6.643951416015625,6.558502197265625,6.56834602355957,0.0563732385635376,6.577291011810303,6.650787353515625,6.558502197265625,6.56834602355957,0.0563732385635376,6.575473308563232,6.647369384765625,6.558502197265625,6.56834602355957,0.0563732385635376,6.575528144836426,6.647369384765625,6.1180419921875,6.128907680511475,0.05409429967403412,6.153090000152588,6.21337890625,6.1180419921875,6.128907680511475,0.05409429967403412,6.161355972290039,6.2181396484375,6.1180419921875,6.128907680511475,0.05409429967403412,6.159517288208008,6.217193603515625,6.1180419921875,6.128907680511475,0.05409429967403412,6.159682750701904,6.217193603515625,6.583221435546875,6.597527027130127,0.042812541127204895,6.650334358215332,6.705352783203125,6.583221435546875,6.597527027130127,0.042812541127204895,6.659748554229736,6.709716796875,6.583221435546875,6.597527027130127,0.042812541127204895,6.657763957977295,6.70849609375,6.583221435546875,6.597527027130127,0.042812541127204895,6.657992839813232,6.70849609375
LC09_L1TP_195027_20221231_20230315_02_T1,LANDSAT_9,20221231,ageri,195027,,,,,,,,,,,,,,,,,,,,,,,,,,,,,,,,,,,,,,,,,,,,,,,,,,,,,,,,,,,,,,,,,,,,,,,,,,,
LC09_L1TP_194027_20230125_20230309_02_T1,LANDSAT_9,20230125,ageri,194027,,,,,,,,,,,,,,,,,,,,,,,,,,,,,,,,,,,,,,,,,,,,,,,,,,,,,,,,,,,,,,,,,,,,,,,,,,,
LC09_L1TP_194027_20230210_20230310_02_T1,LANDSAT_9,20230210,ageri,194027,2.0,2.0,0.0,1.9089910984039307,2.0,2.0,2.2799999713897705,0.44899889826774597,2.1154427528381348,2.0,3.0,3.0,0.0,2.680027484893799,3.0,2.901214599609375,2.9094176292419434,0.041152115911245346,2.9200384616851807,2.969573974609375,2.901214599609375,2.9094176292419434,0.041152115911245346,2.928419828414917,2.969573974609375,2.901214599609375,2.9094176292419434,0.041152115911245346,2.9226925373077393,2.969573974609375,2.901214599609375,2.9094176292419434,0.041152115911245346,2.9298460483551025,2.972991943359375,2.386688232421875,2.386566162109375,0.028757691383361816,2.4218573570251465,2.4576416015625,2.386688232421875,2.386566162109375,0.028757691383361816,2.4250900745391846,2.4559326171875,2.386688232421875,2.386566162109375,0.028757691383361816,2.4241015911102295,2.458648681640625,2.386688232421875,2.386566162109375,0.028757691383361816,2.4270169734954834,2.459014892578125,2.844512939453125,2.842364549636841,0.029273638501763344,2.825718402862549,2.850006103515625,2.844512939453125,2.842364549636841,0.029273638501763344,2.8223581314086914,2.841583251953125,2.844512939453125,2.842364549636841,0.029273638501763344,2.8269972801208496,2.8501129150390625,2.844512939453125,2.842364549636841,0.029273638501763344,2.825472116470337,2.844268798828125
LC09_L1TP_195027_20230305_20230307_02_T1,LANDSAT_9,20230305,ageri,195027,,,,,,,,,,,,,,,,,,,,,,,,,,,,,,,,,,,,,,,,,,,,,,,,,,,,,,,,,,,,,,,,,,,,,,,,,,,
LC09_L1TP_195027_20230321_20230321_02_T1,LANDSAT_9,20230321,ageri,195027,,,,,,,,,,,,,,,,,,,,,,,,,,,,,,,,,,,,,,,,,,,,,,,,,,,,,,,,,,,,,,,,,,,,,,,,,,,
LC09_L1TP_195027_20230406_20230406_02_T1,LANDSAT_9,20230406,ageri,195027,3.0,3.0,0.0,2.6318604946136475,3.0,3.0,3.0,0.0,2.7867727279663086,3.0,3.0,3.0,0.0,2.786635637283325,3.0,6.179107666015625,6.178287506103516,0.02587345987558365,6.51213264465332,6.360260009765625,6.179107666015625,6.178287506103516,0.02587345987558365,6.475496292114258,6.339752197265625,6.179107666015625,6.178287506103516,0.02587345987558365,6.468701362609863,6.336334228515625,6.179107666015625,6.178287506103516,0.02587345987558365,6.4686384201049805,6.332916259765625,5.423004150390625,5.427810192108154,0.02436167374253273,5.783969402313232,5.6380767822265625,5.423004150390625,5.427810192108154,0.02436167374253273,5.730232238769531,5.6207122802734375,5.423004150390625,5.427810192108154,0.02436167374253273,5.725500106811523,5.6170806884765625,5.423004150390625,5.427810192108154,0.02436167374253273,5.725601673126221,5.613861083984375,5.868377685546875,5.870034217834473,0.02691238559782505,6.1880998611450195,6.0185394287109375,5.868377685546875,5.870034217834473,0.02691238559782505,6.138066291809082,6.00457763671875,5.868377685546875,5.870034217834473,0.02691238559782505,6.131479740142822,5.9980316162109375,5.868377685546875,5.870034217834473,0.02691238559782505,6.131455421447754,5.99542236328125
LC09_L1TP_195027_20230422_20230422_02_T1,LANDSAT_9,20230422,ageri,195027,,,,,,,,,,,,,,,,,,,,,,,,,,,,,,,,,,,,,,,,,,,,,,,,,,,,,,,,,,,,,,,,,,,,,,,,,,,
LC09_L1TP_194027_20230602_20230602_02_T1,LANDSAT_9,20230602,ageri,194027,2.0,1.7599999904632568,0.42708316445350647,2.2752127647399902,2.0,2.0,2.0,0.0,2.1787819862365723,2.0,2.0,2.0,0.0,2.1733791828155518,2.0,20.5655517578125,20.579906463623047,0.041367307305336,21.262174606323242,21.061187744140625,20.5621337890625,20.572566986083984,0.0357702374458313,21.23540496826172,21.054351806640625,20.5655517578125,20.579906463623047,0.041367307305336,21.204870223999023,21.009918212890625,20.5655517578125,20.579906463623047,0.041367307305336,21.187562942504883,20.996246337890625,18.4451904296875,18.438743591308594,0.04048485308885574,19.149188995361328,18.920700073242188,18.4451904296875,18.442829132080078,0.03920489549636841,19.114736557006836,18.916015625,18.4451904296875,18.438743591308594,0.04048485308885574,19.08222770690918,18.87628173828125,18.4451904296875,18.438743591308594,0.04048485308885574,19.061845779418945,18.86138916015625,18.94525146484375,18.95819091796875,0.07921463996171951,19.609128952026367,19.401611328125,18.936370849609375,18.955352783203125,0.0854688435792923,19.568105697631836,19.39996337890625,18.94525146484375,18.95819091796875,0.07921463996171951,19.533720016479492,19.354400634765625,18.94525146484375,18.95819091796875,0.07921463996171951,19.513656616210938,19.340377807617188
LC09_L1TP_195027_20230609_20230610_02_T1,LANDSAT_9,20230609,ageri,195027,1.0,1.440000057220459,0.6974238157272339,1.8463233709335327,2.0,1.0,1.5199999809265137,0.8059777021408081,1.84219229221344,2.0,1.0,1.600000023841858,0.8485281467437744,1.8584412336349487,2.0,22.216461181640625,22.212358474731445,0.020347682759165764,22.588783264160156,22.469390869140625,22.228424072265625,22.228424072265625,0.012084344401955605,22.67037582397461,22.571929931640625,22.228424072265625,22.227142333984375,0.013718525879085064,22.652284622192383,22.565093994140625,22.226715087890625,22.226715087890625,0.01299028005450964,22.64628791809082,22.561676025390625,19.74365234375,19.744836807250977,0.017583182081580162,20.149858474731445,20.027999877929688,19.755386352539062,19.76116943359375,0.015806352719664574,20.22322654724121,20.124282836914062,19.755386352539062,19.761165618896484,0.015811413526535034,20.20330238342285,20.115875244140625,19.75909423828125,19.76100730895996,0.014913922175765038,20.199636459350586,20.113662719726562,20.089752197265625,20.057411193847656,0.09298039972782135,20.474124908447266,20.333038330078125,20.134246826171875,20.120410919189453,0.0393703430891037,20.549983978271484,20.437149047851562,20.13604736328125,20.13211441040039,0.020521292462944984,20.526426315307617,20.42474365234375,20.147247314453125,20.13426971435547,0.02028605155646801,20.523630142211914,20.422927856445312
LC09_L1TP_194027_20230618_20230618_02_T1,LANDSAT_9,20230618,ageri,194027,,,,,,,,,,,,,,,,,,,,,,,,,,,,,,,,,,,,,,,,,,,,,,,,,,,,,,,,,,,,,,,,,,,,,,,,,,,
LC09_L1TP_195027_20230625_20230625_02_T1,LANDSAT_9,20230625,ageri,195027,2.0,2.4000000953674316,0.5656853914260864,2.1377789974212646,2.0,2.0,2.2799999713897705,0.5306599736213684,2.0730228424072266,2.0,2.0,2.319999933242798,0.4664761424064636,2.0730228424072266,2.0,23.074371337890625,23.078472137451172,0.058844681829214096,23.727285385131836,23.604156494140625,23.074371337890625,23.079355239868164,0.05989560857415199,23.870502471923828,23.781890869140625,23.074371337890625,23.079355239868164,0.05989560857415199,23.91011619567871,23.836578369140625,23.074371337890625,23.078472137451172,0.058844681829214096,23.92197608947754,23.850250244140625,21.18511962890625,21.19086456298828,0.05702667683362961,21.9068546295166,21.76165771484375,21.19415283203125,21.191736221313477,0.05803978815674782,22.0523681640625,21.949249267578125,21.19415283203125,21.191736221313477,0.05803978815674782,22.093856811523438,22.00091552734375,21.18511962890625,21.19086456298828,0.05702667683362961,22.10787582397461,22.0098876953125,21.4315185546875,21.418073654174805,0.036115698516368866,22.11126136779785,21.953811645507812,21.424179077148438,21.416921615600586,0.036406002938747406,22.25738525390625,22.139297485351562,21.424179077148438,21.416921615600586,0.036406002938747406,22.30020523071289,22.179962158203125,21.4315185546875,21.418073654174805,0.036115698516368866,22.313697814941406,22.1865234375
LC09_L1TP_194027_20230704_20230704_02_T1,LANDSAT_9,20230704,ageri,194027,,,,1.399999976158142,1.0,,,,1.3090908527374268,1.0,,,,1.3272727727890015,1.0,,,,18.759965896606445,18.234466552734375,,,,17.395435333251953,15.95806884765625,,,,16.480445861816406,16.07769775390625,,,,17.424917221069336,16.57330322265625,,,,16.595605850219727,16.032196044921875,,,,15.199186325073242,13.557769775390625,,,,13.810226440429688,13.408782958984375,,,,14.962759017944336,14.165313720703125,,,,15.291542053222656,15.841888427734375,,,,12.911665916442871,11.5823974609375,,,,11.99583911895752,12.191024780273438,,,,13.11954402923584,12.4583740234375
LC09_L1TP_195027_20230711_20230711_02_T1,LANDSAT_9,20230711,ageri,195027,3.0,3.0,0.0,2.699089288711548,3.0,3.0,3.0,0.0,2.700882911682129,3.0,3.0,3.0,0.0,2.7028145790100098,3.0,28.573974609375,28.567821502685547,0.13232439756393433,29.217823028564453,29.014892578125,28.573974609375,28.567821502685547,0.13232439756393433,29.190351486206055,29.004638671875,28.573974609375,28.567821502685547,0.13232439756393433,29.189407348632812,29.004638671875,28.573974609375,28.567821502685547,0.13232439756393433,29.19029426574707,29.004638671875,24.2490234375,24.247114181518555,0.1083369180560112,24.891826629638672,24.684524536132812,24.2490234375,24.247114181518555,0.1083369180560112,24.861812591552734,24.672836303710938,24.2490234375,24.247114181518555,0.1083369180560112,24.861209869384766,24.67095947265625,24.2490234375,24.247114181518555,0.1083369180560112,24.86196517944336,24.671417236328125,24.083221435546875,24.101118087768555,0.09162389487028122,24.711170196533203,24.4805908203125,24.083221435546875,24.101118087768555,0.09162389487028122,24.67731475830078,24.469802856445312,24.083221435546875,24.101118087768555,0.09162389487028122,24.677053451538086,24.469512939453125,24.083221435546875,24.101118087768555,0.09162389487028122,24.67790985107422,24.469512939453125
LC09_L1TP_194027_20230720_20230720_02_T1,LANDSAT_9,20230720,ageri,194027,3.0,3.0,0.0,2.5207629203796387,3.0,3.0,3.0,0.0,2.5450029373168945,3.0,3.0,3.0,0.0,2.6588516235351562,3.0,24.24676513671875,24.236783981323242,0.08397314697504044,24.123512268066406,24.24334716796875,24.24676513671875,24.236783981323242,0.08397314697504044,24.215091705322266,24.26385498046875,24.24676513671875,24.236783981323242,0.08397314697504044,24.233875274658203,24.27410888671875,24.24676513671875,24.236783981323242,0.08397314697504044,24.22559356689453,24.26727294921875,21.810211181640625,21.79965591430664,0.0763770341873169,21.684764862060547,21.8074951171875,21.810211181640625,21.79965591430664,0.0763770341873169,21.779619216918945,21.824508666992188,21.810211181640625,21.79965591430664,0.0763770341873169,21.796924591064453,21.833740234375,21.810211181640625,21.79965591430664,0.0763770341873169,21.787267684936523,21.829254150390625,22.185699462890625,22.17823028564453,0.060708727687597275,22.039791107177734,22.228057861328125,22.185699462890625,22.17823028564453,0.060708727687597275,22.176206588745117,22.26214599609375,22.185699462890625,22.17823028564453,0.060708727687597275,22.201414108276367,22.271759033203125,22.185699462890625,22.17823028564453,0.060708727687597275,22.184093475341797,22.262908935546875
LC09_L1TP_194027_20230821_20230821_02_T1,LANDSAT_9,20230821,ageri,194027,3.0,3.0,0.0,2.619842767715454,3.0,3.0,3.0,0.0,2.8926451206207275,3.0,3.0,3.0,0.0,2.8749828338623047,3.0,26.581268310546875,26.596717834472656,0.04298625513911247,27.604650497436523,27.500701904296875,26.581268310546875,26.596717834472656,0.04298625513911247,27.5711612701416,27.473358154296875,26.581268310546875,26.596717834472656,0.04298625513911247,27.5876522064209,27.492156982421875,26.581268310546875,26.596717834472656,0.04298625513911247,27.587844848632812,27.493865966796875,22.400421142578125,22.40605926513672,0.027956627309322357,23.47616195678711,23.378387451171875,22.400421142578125,22.40605926513672,0.027956627309322357,23.43558120727539,23.353103637695312,22.400421142578125,22.40605926513672,0.027956627309322357,23.45178985595703,23.36590576171875,22.400421142578125,22.40605926513672,0.027956627309322357,23.451841354370117,23.366180419921875,22.54046630859375,22.537982940673828,0.06556276977062225,23.63644790649414,23.515838623046875,22.54046630859375,22.537982940673828,0.06556276977062225,23.589323043823242,23.490646362304688,22.54046630859375,22.537982940673828,0.06556276977062225,23.608352661132812,23.502914428710938,22.54046630859375,22.537982940673828,0.06556276977062225,23.608318328857422,23.503280639648438
LC09_L1TP_194027_20230906_20230906_02_T1,LANDSAT_9,20230906,ageri,194027,1.0,1.0800000429153442,0.3919183611869812,2.4110023975372314,3.0,3.0,3.0,0.0,2.9780781269073486,3.0,3.0,3.0,0.0,2.97835373878479,3.0,22.213043212890625,22.202241897583008,0.026487473398447037,22.597986221313477,22.568511962890625,,,,22.66405487060547,22.660797119140625,22.213043212890625,22.202241897583008,0.026487473398447037,22.591381072998047,22.565093994140625,22.213043212890625,22.202241897583008,0.026487473398447037,22.591285705566406,22.565093994140625,20.544403076171875,20.540939331054688,0.02204974740743637,21.00773811340332,20.94891357421875,,,,21.07929039001465,21.063079833984375,20.544403076171875,20.540939331054688,0.02204974740743637,20.995960235595703,20.9464111328125,20.544403076171875,20.540939331054688,0.02204974740743637,20.995925903320312,20.946395874023438,20.942047119140625,20.9401798248291,0.04543016105890274,21.320789337158203,21.20166015625,,,,21.37805938720703,21.284835815429688,20.942047119140625,20.9401798248291,0.04543016105890274,21.307525634765625,21.19970703125,20.942047119140625,20.9401798248291,0.04543016105890274,21.307374954223633,21.199615478515625
LC09_L1GT_194027_20230922_20230922_02_T2,LANDSAT_9,20230922,ageri,194027,,,,,,,,,,,,,,,,,,,,,,,,,,,,,,,,,,,,,,,,,,,,,,,,,,,,,,,,,,,,,,,,,,,,,,,,,,,
LC09_L1TP_195027_20230929_20230929_02_T1,LANDSAT_9,20230929,ageri,195027,3.0,2.559999942779541,0.49638694524765015,2.4009077548980713,3.0,3.0,3.0,0.0,2.9771695137023926,3.0,3.0,3.0,0.0,2.9757943153381348,3.0,20.6715087890625,20.675474166870117,0.05294812098145485,20.90772247314453,20.8526611328125,20.6715087890625,20.675474166870117,0.05294812098145485,20.89143180847168,20.8355712890625,20.6715087890625,20.675474166870117,0.05294812098145485,20.900964736938477,20.8526611328125,20.6715087890625,20.675474166870117,0.05294812098145485,20.901975631713867,20.8526611328125,18.7039794921875,18.722246170043945,0.05394330993294716,18.984622955322266,18.916595458984375,18.7039794921875,18.722246170043945,0.05394330993294716,18.96076202392578,18.896453857421875,18.7039794921875,18.722246170043945,0.05394330993294716,18.9747314453125,18.915496826171875,18.7039794921875,18.722246170043945,0.05394330993294716,18.97567367553711,18.91571044921875,19.59295654296875,19.58601188659668,0.05873029679059982,19.638669967651367,19.55767822265625,19.59295654296875,19.58601188659668,0.05873029679059982,19.613447189331055,19.533538818359375,19.59295654296875,19.58601188659668,0.05873029679059982,19.62776756286621,19.55645751953125,19.59295654296875,19.58601188659668,0.05873029679059982,19.628829956054688,19.556594848632812
LC09_L1TP_194027_20231008_20231008_02_T1,LANDSAT_9,20231008,ageri,194027,1.0,1.0,0.0,1.0872406959533691,1.0,1.0,1.0,0.0,1.0005683898925781,1.0,1.0,1.0,0.0,1.032395601272583,1.0,19.030853271484375,19.017864227294922,0.035136982798576355,19.139657974243164,19.133392333984375,,,,19.260456085205078,19.246185302734375,,,,19.231658935546875,19.288909912109375,,,,18.925901412963867,18.936859130859375,17.248077392578125,17.23834991455078,0.03404581546783447,17.38353157043457,17.360992431640625,,,,17.497934341430664,17.466842651367188,,,,17.895553588867188,18.113052368164062,,,,17.164592742919922,17.149734497070312,17.334442138671875,17.319103240966797,0.06746926158666611,17.51061248779297,17.469635009765625,,,,17.633586883544922,17.598159790039062,,,,18.05023193359375,18.206558227539062,,,,17.288000106811523,17.272720336914062
LC09_L1TP_195027_20231015_20231015_02_T1,LANDSAT_9,20231015,ageri,195027,,,,,,,,,,,,,,,,,,,,,,,,,,,,,,,,,,,,,,,,,,,,,,,,,,,,,,,,,,,,,,,,,,,,,,,,,,,
LC09_L1TP_195027_20231218_20231218_02_T1,LANDSAT_9,20231218,ageri,195027,3.0,2.680000066757202,0.7332121133804321,2.6949362754821777,3.0,3.0,3.0,0.0,2.8581035137176514,3.0,3.0,3.0,0.0,2.8239331245422363,3.0,4.733306884765625,4.732076644897461,0.04196040704846382,4.737624168395996,4.798248291015625,4.736724853515625,4.732004642486572,0.04180123656988144,4.766635417938232,4.811920166015625,4.733306884765625,4.732076644897461,0.04196040704846382,4.738661289215088,4.798248291015625,4.733306884765625,4.732076644897461,0.04196040704846382,4.73988151550293,4.798248291015625,4.101837158203125,4.102850437164307,0.04235243424773216,4.113102436065674,4.1536865234375,4.097900390625,4.098451137542725,0.042175713926553726,4.144374847412109,4.170989990234375,4.101837158203125,4.102850437164307,0.04235243424773216,4.113922595977783,4.1543121337890625,4.101837158203125,4.102850437164307,0.04235243424773216,4.115285396575928,4.154876708984375,4.225555419921875,4.228798866271973,0.06117767095565796,4.215310573577881,4.239654541015625,4.227142333984375,4.240847587585449,0.05931270867586136,4.248377799987793,4.2652740478515625,4.225555419921875,4.228798866271973,0.06117767095565796,4.215596675872803,4.239837646484375,4.225555419921875,4.228798866271973,0.06117767095565796,4.2167792320251465,4.2403411865234375
LC09_L1TP_194027_20231227_20231227_02_T1,LANDSAT_9,20231227,ageri,194027,1.0,1.6399999856948853,0.9329522848129272,1.8731609582901,2.0,1.0,1.0800000429153442,0.27129319310188293,1.8358806371688843,2.0,1.0,1.0800000429153442,0.27129319310188293,1.8503071069717407,2.0,1.581878662109375,1.591312289237976,0.14197134971618652,1.351165533065796,1.537445068359375,1.540863037109375,1.534454345703125,0.10535493493080139,1.5970640182495117,1.663909912109375,,,,1.5844957828521729,1.663909912109375,,,,1.6129779815673828,1.670745849609375,0.97088623046875,0.9738733172416687,0.11787770688533783,0.6991176009178162,0.8944091796875,0.9184417724609375,0.9416656494140625,0.09861375391483307,0.9488211274147034,1.0273590087890625,,,,0.9369483590126038,1.035003662109375,,,,0.9664191603660583,1.037841796875,-0.3023681640625,-0.3283654749393463,0.22306318581104279,-0.23211747407913208,0.014068603515625,-0.2421112060546875,-0.3490486145019531,0.24686424434185028,0.20524515211582184,0.232330322265625,,,,0.2371559590101242,0.2432861328125,,,,0.2514684498310089,0.25286865234375
LC09_L1TP_195027_20240103_20240103_02_T1,LANDSAT_9,20240103,ageri,195027,,,,,,,,,,,,,,,,,,,,,,,,,,,,,,,,,,,,,,,,,,,,,,,,,,,,,,,,,,,,,,,,,,,,,,,,,,,
LC09_L1TP_194027_20240112_20240112_02_T1,LANDSAT_9,20240112,ageri,194027,,,,,,,,,,,,,,,,,,,,,,,,,,,,,,,,,,,,,,,,,,,,,,,,,,,,,,,,,,,,,,,,,,,,,,,,,,,
LC09_L1TP_195027_20240119_20240119_02_T1,LANDSAT_9,20240119,ageri,195027,,,,,,,,,,,,,,,,,,,,,,,,,,,,,,,,,,,,,,,,,,,,,,,,,,,,,,,,,,,,,,,,,,,,,,,,,,,
LC09_L1TP_194027_20240128_20240128_02_T1,LANDSAT_9,20240128,ageri,194027,1.0,1.2000000476837158,0.4000000059604645,1.4656431674957275,1.0,1.0,1.2799999713897705,0.44899889826774597,1.5306304693222046,1.0,1.0,1.2799999713897705,0.44899889826774597,1.5319719314575195,1.0,3.249847412109375,3.2726831436157227,0.08745123445987701,3.348078489303589,3.338714599609375,3.372894287109375,3.355816602706909,0.06761527061462402,3.584421396255493,3.5164794921875,3.372894287109375,3.3577706813812256,0.0634554997086525,3.5732016563415527,3.5062255859375,3.372894287109375,3.3577706813812256,0.0634554997086525,3.5780694484710693,3.5130615234375,2.63983154296875,2.653088331222534,0.09124719351530075,2.715559720993042,2.715240478515625,2.800933837890625,2.785662889480591,0.04696056991815567,2.9905807971954346,2.9339599609375,2.76495361328125,2.773128032684326,0.044377900660037994,2.980524778366089,2.9197998046875,2.76495361328125,2.773128032684326,0.044377900660037994,2.9863240718841553,2.9261016845703125,2.763763427734375,2.7834410667419434,0.09493643045425415,2.872330665588379,2.883941650390625,2.920440673828125,2.911792039871216,0.0594058521091938,3.2026069164276123,3.144439697265625,2.893157958984375,2.8987557888031006,0.05615858733654022,3.190711736679077,3.12939453125,2.893157958984375,2.8987557888031006,0.05615858733654022,3.196925401687622,3.1363372802734375
LC09_L1TP_195027_20240204_20240204_02_T1,LANDSAT_9,20240204,ageri,195027,1.0,1.0,0.0,1.4792176485061646,1.0,1.0,1.0,0.0,1.4753056764602661,1.0,1.0,1.0,0.0,1.4889975786209106,1.0,-0.25531005859375,-0.25787353515625,0.15709415078163147,-0.1248173713684082,-0.09979248046875,,,,0.8943634033203125,0.67608642578125,,,,0.9772608280181885,0.75469970703125,,,,0.9479127526283264,0.72052001953125,-0.7437744140625,-0.747704803943634,0.14464345574378967,-0.6873058676719666,-0.659393310546875,,,,0.25470665097236633,0.165252685546875,,,,0.31177154183387756,0.2039794921875,,,,0.29481369256973267,0.195831298828125,-2.6605072021484375,-2.6669108867645264,0.1965768039226532,-2.0015313625335693,-2.023284912109375,,,,-0.8163591623306274,-0.871734619140625,,,,-0.7295271158218384,-0.813568115234375,,,,-0.7473363280296326,-0.827117919921875
LC09_L1TP_194027_20240213_20240213_02_T1,LANDSAT_9,20240213,ageri,194027,2.0,2.4000000953674316,0.4898979365825653,2.5149457454681396,3.0,3.0,2.680000066757202,0.4664761424064636,2.6980979442596436,3.0,1.0,1.399999976158142,0.800000011920929,2.3187499046325684,3.0,2.897796630859375,2.8804333209991455,0.0379122830927372,3.4451355934143066,3.376312255859375,2.897796630859375,2.8804333209991455,0.0379122830927372,3.438236713409424,3.372894287109375,2.897796630859375,2.8804333209991455,0.0379122830927372,3.4594366550445557,3.4071044921875,2.921722412109375,2.917620897293091,0.010456973686814308,3.5723631381988525,3.5677490234375,2.20819091796875,2.199599504470825,0.03543206304311752,2.7654869556427,2.693084716796875,2.20819091796875,2.199599504470825,0.03543206304311752,2.7568373680114746,2.687225341796875,2.20819091796875,2.199599504470825,0.03543206304311752,2.779186248779297,2.7329864501953125,2.230438232421875,2.234130859375,0.019008703529834747,2.8957207202911377,2.8917694091796875,2.16448974609375,2.1274547576904297,0.07908710837364197,2.7636163234710693,2.6879730224609375,2.16448974609375,2.1274547576904297,0.07908710837364197,2.755378007888794,2.6849212646484375,2.16448974609375,2.1274547576904297,0.07908710837364197,2.777747631072998,2.7179412841796875,2.181671142578125,2.102459669113159,0.1133926585316658,2.895148992538452,2.8956756591796875
LC09_L1TP_195027_20240220_20240220_02_T1,LANDSAT_9,20240220,ageri,195027,,,,,,,,,,,,,,,,,,,,,,,,,,,,,,,,,,,,,,,,,,,,,,,,,,,,,,,,,,,,,,,,,,,,,,,,,,,
LC09_L1TP_194027_20240229_20240229_02_T1,LANDSAT_9,20240229,ageri,194027,1.0,1.3333333730697632,0.4714045226573944,2.20434308052063,2.0,1.0,1.3333333730697632,0.4714045226573944,2.1948776245117188,3.0,1.0,1.3333333730697632,0.4714045226573944,2.201373338699341,3.0,4.723052978515625,4.758823871612549,0.08455998450517654,5.053601264953613,5.030670166015625,4.880279541015625,4.859087944030762,0.04276696965098381,5.017131805419922,5.016998291015625,4.880279541015625,4.859087944030762,0.04276696965098381,4.988302707672119,4.996490478515625,4.880279541015625,4.859087944030762,0.04276696965098381,4.986698627471924,4.996490478515625,4.306884765625,4.2861104011535645,0.07569633424282074,4.523401260375977,4.5019683837890625,4.36138916015625,4.362261772155762,0.03417658433318138,4.497597694396973,4.4872894287109375,4.36138916015625,4.362261772155762,0.03417658433318138,4.463260173797607,4.46875,4.36138916015625,4.362261772155762,0.03417658433318138,4.461342811584473,4.467529296875,4.852691650390625,4.8549418449401855,0.1507032960653305,5.004404544830322,4.98577880859375,5.0423583984375,5.024493217468262,0.056112296879291534,4.985472202301025,4.9657135009765625,5.0423583984375,5.024493217468262,0.056112296879291534,4.944085597991943,4.9443359375,5.0423583984375,5.024493217468262,0.056112296879291534,4.941511154174805,4.942901611328125
LC09_L1TP_195027_20240307_20240307_02_T1,LANDSAT_9,20240307,ageri,195027,,,,,,,,,,,,,,,,,,,,,,,,,,,,,,,,,,,,,,,,,,,,,,,,,,,,,,,,,,,,,,,,,,,,,,,,,,,
LC09_L1TP_195027_20240323_20240323_02_T1,LANDSAT_9,20240323,ageri,195027,,,,,,,,,,,,,,,,,,,,,,,,,,,,,,,,,,,,,,,,,,,,,,,,,,,,,,,,,,,,,,,,,,,,,,,,,,,
LC09_L1TP_195027_20240408_20240408_02_T1,LANDSAT_9,20240408,ageri,195027,,,,,,,,,,,,,,,,,,,,,,,,,,,,,,,,,,,,,,,,,,,,,,,,,,,,,,,,,,,,,,,,,,,,,,,,,,,
LC09_L1TP_195027_20240510_20240510_02_T1,LANDSAT_9,20240510,ageri,195027,3.0,3.0,0.0,2.565211534500122,3.0,3.0,3.0,0.0,2.7951674461364746,3.0,3.0,3.0,0.0,2.7976386547088623,3.0,12.939971923828125,12.931490898132324,0.10917326807975769,13.95234203338623,13.575714111328125,12.939971923828125,12.931490898132324,0.10917326807975769,13.773063659667969,13.387725830078125,12.939971923828125,12.931490898132324,0.10917326807975769,13.93256664276123,13.538116455078125,12.939971923828125,12.931490898132324,0.10917326807975769,13.933756828308105,13.534698486328125,11.599700927734375,11.619656562805176,0.11075843870639801,12.74637222290039,12.33758544921875,11.599700927734375,11.619656562805176,0.11075843870639801,12.562493324279785,12.156036376953125,11.599700927734375,11.619656562805176,0.11075843870639801,12.724652290344238,12.300384521484375,11.599700927734375,11.619656562805176,0.11075843870639801,12.726694107055664,12.30035400390625,11.96307373046875,11.94381332397461,0.14739665389060974,12.992618560791016,12.604660034179688,11.96307373046875,11.94381332397461,0.14739665389060974,12.804790496826172,12.413909912109375,11.96307373046875,11.94381332397461,0.14739665389060974,12.966913223266602,12.566543579101562,11.96307373046875,11.94381332397461,0.14739665389060974,12.968182563781738,12.567230224609375
LC09_L1TP_194027_20240519_20240519_02_T1,LANDSAT_9,20240519,ageri,194027,1.0,1.0,0.0,2.4470224380493164,3.0,1.0,1.0,0.0,2.294663667678833,3.0,1.0,1.0,0.0,2.2799689769744873,2.0,13.290313720703125,13.276641845703125,0.20605136454105377,14.644937515258789,14.495147705078125,,,,14.610764503479004,14.496856689453125,,,,14.639220237731934,14.512237548828125,,,,14.615164756774902,14.505401611328125,11.425430297851562,11.405746459960938,0.17864105105400085,12.857970237731934,12.75091552734375,,,,12.813188552856445,12.753982543945312,,,,12.838258743286133,12.769241333007812,,,,12.810323715209961,12.759414672851562,11.467681884765625,11.418350219726562,0.2900428771972656,13.241719245910645,13.040557861328125,,,,13.204755783081055,13.04107666015625,,,,13.24917984008789,13.061187744140625,,,,13.2169771194458,13.0462646484375
LC09_L1TP_194027_20240604_20240604_02_T1,LANDSAT_9,20240604,ageri,194027,,,,2.5251564979553223,3.0,,,,2.648240089416504,3.0,,,,2.6534225940704346,3.0,,,,17.571043014526367,17.564544677734375,,,,17.522686004638672,17.537200927734375,,,,17.57105255126953,17.564544677734375,,,,17.566923141479492,17.564544677734375,,,,16.88187026977539,16.849517822265625,,,,16.825786590576172,16.825286865234375,,,,16.876018524169922,16.850860595703125,,,,16.871715545654297,16.8497314453125,,,,17.5794734954834,17.555511474609375,,,,17.52232551574707,17.532608032226562,,,,17.576292037963867,17.55963134765625,,,,17.57105255126953,17.558151245117188
LC09_L1TP_195027_20240627_20240627_02_T1,LANDSAT_9,20240627,ageri,195027,,,,,,,,,,,,,,,,,,,,,,,,,,,,,,,,,,,,,,,,,,,,,,,,,,,,,,,,,,,,,,,,,,,,,,,,,,,
LC09_L1TP_194027_20240706_20240706_02_T1,LANDSAT_9,20240706,ageri,194027,,,,,,,,,,,,,,,,,,,,,,,,,,,,,,,,,,,,,,,,,,,,,,,,,,,,,,,,,,,,,,,,,,,,,,,,,,,
LC09_L1TP_195027_20240713_20240713_02_T1,LANDSAT_9,20240713,ageri,195027,,,,,,,,,,,,,,,,,,,,,,,,,,,,,,,,,,,,,,,,,,,,,,,,,,,,,,,,,,,,,,,,,,,,,,,,,,,
LC09_L1TP_195027_20240729_20240729_02_T1,LANDSAT_9,20240729,ageri,195027,,,,1.7619047164916992,2.0,,,,2.0204081535339355,2.0,,,,2.1598639488220215,2.0,,,,22.016090393066406,21.973785400390625,,,,22.158355712890625,22.066070556640625,,,,22.15041732788086,22.023345947265625,,,,22.0490779876709,21.977203369140625,,,,20.180198669433594,20.194015502929688,,,,20.353116989135742,20.268585205078125,,,,20.341310501098633,20.24847412109375,,,,20.210599899291992,20.19256591796875,,,,18.228099822998047,18.307586669921875,,,,18.488372802734375,18.505035400390625,,,,18.439836502075195,18.37664794921875,,,,18.277751922607422,18.28240966796875
LC09_L1TP_195027_20240814_20240814_02_T1,LANDSAT_9,20240814,ageri,195027,2.0,2.2799999713897705,0.5306599736213684,2.560042381286621,3.0,2.0,2.0799999237060547,0.27129319310188293,2.5558102130889893,3.0,2.0,2.0399999618530273,0.1959591656923294,2.5605714321136475,3.0,23.833160400390625,23.07889175415039,1.674483299255371,25.291458129882812,25.497772216796875,23.899810791015625,23.15484046936035,1.6662834882736206,25.381040573120117,25.511444091796875,23.833160400390625,23.07889175415039,1.674483299255371,25.343332290649414,25.508026123046875,23.833160400390625,23.07889175415039,1.674483299255371,25.36989402770996,25.508026123046875,20.868896484375,20.095239639282227,2.076171636581421,22.793386459350586,23.009307861328125,21.02239990234375,20.281476974487305,1.9034141302108765,22.89381217956543,23.019729614257812,20.868896484375,20.095239639282227,2.076171636581421,22.85006332397461,23.0167236328125,20.868896484375,20.095239639282227,2.076171636581421,22.881132125854492,23.01715087890625,21.700408935546875,21.524614334106445,0.6205474138259888,22.85659408569336,23.060882568359375,21.716583251953125,21.580772399902344,0.5677006840705872,22.960739135742188,23.081939697265625,21.700408935546875,21.524614334106445,0.6205474138259888,22.933048248291016,23.074951171875,21.700408935546875,21.524614334106445,0.6205474138259888,22.952714920043945,23.07720947265625
LC09_L1TP_194027_20240823_20240823_02_T1,LANDSAT_9,20240823,ageri,194027,3.0,3.0,0.0,2.932725429534912,3.0,3.0,3.0,0.0,2.9487497806549072,3.0,3.0,3.0,0.0,2.924713373184204,3.0,24.10321044921875,24.099929809570312,0.01661793701350689,24.422937393188477,24.40399169921875,24.10321044921875,24.099929809570312,0.01661793701350689,24.415725708007812,24.40057373046875,24.10321044921875,24.099929809570312,0.01661793701350689,24.41576385498047,24.40057373046875,24.10321044921875,24.099929809570312,0.01661793701350689,24.415618896484375,24.40057373046875,22.1390380859375,22.135332107543945,0.0226528812199831,22.49942398071289,22.45416259765625,22.1390380859375,22.135332107543945,0.0226528812199831,22.487812042236328,22.452117919921875,22.1390380859375,22.135332107543945,0.0226528812199831,22.48760414123535,22.452133178710938,22.1390380859375,22.135332107543945,0.0226528812199831,22.487329483032227,22.452117919921875,22.531036376953125,22.523174285888672,0.06883244961500168,22.935104370117188,22.858306884765625,22.531036376953125,22.523174285888672,0.06883244961500168,22.920085906982422,22.85662841796875,22.531036376953125,22.523174285888672,0.06883244961500168,22.919979095458984,22.85662841796875,22.531036376953125,22.523174285888672,0.06883244961500168,22.91965103149414,22.856536865234375
LC09_L1TP_195027_20240830_20240830_02_T1,LANDSAT_9,20240830,ageri,195027,3.0,2.9200000762939453,0.3919183611869812,2.413398027420044,3.0,2.0,1.840000033378601,0.36660605669021606,2.257375955581665,2.0,2.0,2.0,0.0,2.27455735206604,2.0,21.286773681640625,21.288002014160156,0.05838931351900101,21.556453704833984,21.628570556640625,21.283355712890625,21.284780502319336,0.05737130343914032,21.634469985961914,21.679840087890625,21.286773681640625,21.283681869506836,0.05288686603307724,21.67646598815918,21.700347900390625,21.286773681640625,21.288002014160156,0.05838931351900101,21.65716552734375,21.676422119140625,17.480987548828125,17.4887752532959,0.06170264631509781,17.763704299926758,17.850189208984375,17.478866577148438,17.48280906677246,0.05546535924077034,17.838729858398438,17.902862548828125,17.47674560546875,17.48147964477539,0.0562373585999012,17.882442474365234,17.921783447265625,17.480987548828125,17.4887752532959,0.06170264631509781,17.863872528076172,17.89959716796875,14.736297607421875,14.724531173706055,0.1137397363781929,15.189714431762695,15.294036865234375,14.736160278320312,14.715594291687012,0.10713956505060196,15.353096961975098,15.432373046875,14.736297607421875,14.721480369567871,0.10152727365493774,15.435990333557129,15.490753173828125,14.736297607421875,14.724531173706055,0.1137397363781929,15.352968215942383,15.402374267578125
LC09_L1TP_195027_20240915_20240915_02_T1,LANDSAT_9,20240915,ageri,195027,,,,1.7534246444702148,2.0,,,,1.6917808055877686,2.0,,,,1.7739726305007935,2.0,,,,15.133394241333008,15.159942626953125,,,,15.14768123626709,15.151397705078125,,,,15.195255279541016,15.202667236328125,,,,15.182442665100098,15.195831298828125,,,,14.773548126220703,14.82696533203125,,,,14.840083122253418,14.857330322265625,,,,14.876496315002441,14.917938232421875,,,,14.859585762023926,14.884368896484375,,,,15.261019706726074,15.426010131835938,,,,15.374234199523926,15.4578857421875,,,,15.425149917602539,15.5247802734375,,,,15.41512393951416,15.51336669921875
LC09_L1TP_194027_20240924_20240924_02_T1,LANDSAT_9,20240924,ageri,194027,,,,,,,,,,,,,,,,,,,,,,,,,,,,,,,,,,,,,,,,,,,,,,,,,,,,,,,,,,,,,,,,,,,,,,,,,,,
LC09_L1TP_194027_20241127_20241127_02_T1,LANDSAT_9,20241127,ageri,194027,,,,1.625,1.0,,,,1.71875,2.0,,,,1.46875,1.0,,,,4.325377464294434,4.5623779296875,,,,4.3961334228515625,4.5880279541015625,,,,4.45764684677124,4.675201416015625,,,,4.437924861907959,4.664947509765625,,,,3.5277099609375,3.8031158447265625,,,,3.6148288249969482,3.81243896484375,,,,3.6701319217681885,3.830963134765625,,,,3.6590347290039062,3.8124542236328125,,,,2.225907325744629,2.298126220703125,,,,2.4289638996124268,2.3536529541015625,,,,2.492074489593506,2.397979736328125,,,,2.6564204692840576,2.6882476806640625
LC09_L1TP_194027_20241213_20241213_02_T1,LANDSAT_9,20241213,ageri,194027,,,,,,,,,,,,,,,,,,,,,,,,,,,,,,,,,,,,,,,,,,,,,,,,,,,,,,,,,,,,,,,,,,,,,,,,,,,
LC09_L1TP_194027_20250114_20250114_02_T1,LANDSAT_9,20250114,ageri,194027,,,,,,,,,,,,,,,,,,,,,,,,,,,,,,,,,,,,,,,,,,,,,,,,,,,,,,,,,,,,,,,,,,,,,,,,,,,
LC09_L1TP_194027_20250215_20250215_02_T1,LANDSAT_9,20250215,ageri,194027,1.0,1.4800000190734863,0.754718542098999,1.8787466287612915,2.0,1.0,1.4800000190734863,0.6997142434120178,1.9362398386001587,2.0,1.0,1.440000057220459,0.7525954842567444,1.9449591636657715,2.0,2.326995849609375,2.229105234146118,0.4692569971084595,2.4546685218811035,2.593597412109375,2.598724365234375,2.424835205078125,0.3121222257614136,2.7076566219329834,2.791839599609375,2.627777099609375,2.597015380859375,0.12986281514167786,2.79241681098938,2.812347412109375,2.627777099609375,2.596038818359375,0.1282888650894165,2.815694570541382,2.819183349609375,1.912841796875,1.8076770305633545,0.4430471360683441,2.0451366901397705,2.1769866943359375,2.056793212890625,1.9666290283203125,0.3707030713558197,2.300142765045166,2.378631591796875,2.102752685546875,2.1270854473114014,0.17194637656211853,2.3877599239349365,2.40374755859375,2.21844482421875,2.196781635284424,0.11517541855573654,2.4103543758392334,2.407440185546875,1.98663330078125,1.771640658378601,0.5651702284812927,2.1028027534484863,2.2401580810546875,2.1093597412109375,1.9486427307128906,0.4696529805660248,2.4218697547912598,2.5423126220703125,2.168914794921875,2.131300210952759,0.1400216966867447,2.5262882709503174,2.571441650390625,2.21588134765625,2.1902859210968018,0.07555128633975983,2.540045738220215,2.5734405517578125
LC09_L1TP_194027_20250303_20250303_02_T1,LANDSAT_9,20250303,ageri,194027,3.0,3.0,0.0,2.9786007404327393,3.0,3.0,3.0,0.0,2.983950614929199,3.0,3.0,3.0,0.0,2.9831275939941406,3.0,4.859771728515625,4.850884914398193,0.03453332558274269,5.190618515014648,5.177642822265625,4.859771728515625,4.850884914398193,0.03453332558274269,5.182672500610352,5.177642822265625,4.859771728515625,4.850884914398193,0.03453332558274269,5.1846842765808105,5.177642822265625,4.859771728515625,4.850884914398193,0.03453332558274269,5.183728218078613,5.177642822265625,4.259979248046875,4.255547046661377,0.025596123188734055,4.611364364624023,4.5868682861328125,4.259979248046875,4.255547046661377,0.025596123188734055,4.6011962890625,4.58544921875,4.259979248046875,4.255547046661377,0.025596123188734055,4.60263204574585,4.58563232421875,4.259979248046875,4.255547046661377,0.025596123188734055,4.601530075073242,4.585540771484375,4.6044921875,4.587332725524902,0.06191868707537651,4.936981201171875,4.885345458984375,4.6044921875,4.587332725524902,0.06191868707537651,4.925079345703125,4.883453369140625,4.6044921875,4.587332725524902,0.06191868707537651,4.926763534545898,4.8837890625,4.6044921875,4.587332725524902,0.06191868707537651,4.9253435134887695,4.883575439453125
LC09_L1TP_194027_20250319_20250319_02_T1,LANDSAT_9,20250319,ageri,194027,3.0,3.0,0.0,2.9614486694335938,3.0,3.0,3.0,0.0,2.963095188140869,3.0,3.0,3.0,0.0,2.9595279693603516,3.0,6.428619384765625,6.424928188323975,0.024417219683527946,7.177149295806885,7.163482666015625,6.428619384765625,6.424928188323975,0.024417219683527946,7.162700653076172,7.160064697265625,6.428619384765625,6.424928188323975,0.024417219683527946,7.163973808288574,7.160064697265625,6.428619384765625,6.424928188323975,0.024417219683527946,7.161885738372803,7.160064697265625,5.793487548828125,5.807394981384277,0.02646125853061676,6.579281330108643,6.553863525390625,5.793487548828125,5.807394981384277,0.02646125853061676,6.561352252960205,6.547760009765625,5.793487548828125,5.807394981384277,0.02646125853061676,6.562155246734619,6.5478668212890625,5.793487548828125,5.807394981384277,0.02646125853061676,6.560286045074463,6.547607421875,6.135955810546875,6.134251594543457,0.04591207951307297,6.927605152130127,6.893707275390625,6.135955810546875,6.134251594543457,0.04591207951307297,6.908237934112549,6.888580322265625,6.135955810546875,6.134251594543457,0.04591207951307297,6.909152507781982,6.88897705078125,6.135955810546875,6.134251594543457,0.04591207951307297,6.906928539276123,6.88787841796875
LC09_L1TP_194027_20250404_20250404_02_T1,LANDSAT_9,20250404,ageri,194027,3.0,3.0,0.0,2.9430415630340576,3.0,3.0,3.0,0.0,2.975569486618042,3.0,3.0,3.0,0.0,2.9730989933013916,3.0,9.330535888671875,9.343934059143066,0.07359940558671951,10.51616096496582,10.195281982421875,9.330535888671875,9.343934059143066,0.07359940558671951,10.489730834960938,10.185028076171875,9.330535888671875,9.343934059143066,0.07359940558671951,10.496417045593262,10.185028076171875,9.330535888671875,9.343934059143066,0.07359940558671951,10.494958877563477,10.185028076171875,8.407928466796875,8.405734062194824,0.08103309571743011,9.601838111877441,9.26885986328125,8.407928466796875,8.405734062194824,0.08103309571743011,9.569594383239746,9.258544921875,8.407928466796875,8.405734062194824,0.08103309571743011,9.575138092041016,9.262359619140625,8.407928466796875,8.405734062194824,0.08103309571743011,9.574813842773438,9.262176513671875,8.63818359375,8.642254829406738,0.06280836462974548,9.816575050354004,9.4603271484375,8.63818359375,8.642254829406738,0.06280836462974548,9.780680656433105,9.44000244140625,8.63818359375,8.642254829406738,0.06280836462974548,9.786897659301758,9.447662353515625,8.63818359375,8.642254829406738,0.06280836462974548,9.786421775817871,9.447296142578125
LC09_L1TP_195027_20250411_20250411_02_T1,LANDSAT_9,20250411,ageri,195027,3.0,3.0,0.0,2.9190115928649902,3.0,3.0,3.0,0.0,2.9839396476745605,3.0,3.0,3.0,0.0,2.9829788208007812,3.0,11.747039794921875,11.74609088897705,0.07803402841091156,12.676726341247559,12.4306640625,11.747039794921875,11.74609088897705,0.07803402841091156,12.64107608795166,12.4033203125,11.747039794921875,11.74609088897705,0.07803402841091156,12.660183906555176,12.4169921875,11.747039794921875,11.74609088897705,0.07803402841091156,12.657384872436523,12.4169921875,10.998260498046875,11.005284309387207,0.08654642850160599,11.944134712219238,11.67724609375,10.998260498046875,11.005284309387207,0.08654642850160599,11.90181827545166,11.6461181640625,10.998260498046875,11.005284309387207,0.08654642850160599,11.923527717590332,11.666885375976562,10.998260498046875,11.005284309387207,0.08654642850160599,11.920049667358398,11.665908813476562,11.422332763671875,11.436925888061523,0.062165264040231705,12.42530632019043,12.143280029296875,11.422332763671875,11.436925888061523,0.062165264040231705,12.379311561584473,12.103302001953125,11.422332763671875,11.436925888061523,0.062165264040231705,12.402928352355957,12.132705688476562,11.422332763671875,11.436925888061523,0.062165264040231705,12.39890193939209,12.129501342773438
LC09_L1TP_195027_20250614_20250614_02_T1,LANDSAT_9,20250614,ageri,195027,,,,1.5764023065567017,2.0,,,,1.0,1.0,,,,1.0,1.0,,,,23.548227310180664,23.590484619140625,,,,23.5517520904541,23.602447509765625,,,,,,,,,,,,,,21.753997802734375,21.795562744140625,,,,21.763137817382812,21.81427001953125,,,,,,,,,,,,,,22.593900680541992,22.64447021484375,,,,22.601333618164062,22.650604248046875,,,,,,,,,,
LC09_L1TP_195027_20250630_20250630_02_T1,LANDSAT_9,20250630,ageri,195027,3.0,2.8399999141693115,0.3666060268878937,2.6373913288116455,3.0,3.0,2.5999999046325684,0.4898979365825653,2.6347718238830566,3.0,3.0,2.559999942779541,0.49638694524765015,2.634082555770874,3.0,27.244354248046875,27.244901657104492,0.0473773367702961,28.025196075439453,27.938201904296875,27.244354248046875,27.244901657104492,0.0473773367702961,28.032474517822266,27.955291748046875,27.244354248046875,27.244901657104492,0.0473773367702961,28.03252601623535,27.955291748046875,27.244354248046875,27.244901657104492,0.0473773367702961,28.0371036529541,27.958709716796875,25.097442626953125,25.095834732055664,0.04748713970184326,26.1098575592041,26.0028076171875,25.097442626953125,25.095834732055664,0.04748713970184326,26.10720443725586,26.022018432617188,25.097442626953125,25.095834732055664,0.04748713970184326,26.106678009033203,26.02203369140625,25.097442626953125,25.095834732055664,0.04748713970184326,26.112308502197266,26.025192260742188,27.50836181640625,27.429990768432617,0.24066095054149628,28.520160675048828,28.389892578125,27.50836181640625,27.429990768432617,0.24066095054149628,28.514163970947266,28.415008544921875,27.50836181640625,27.429990768432617,0.24066095054149628,28.513431549072266,28.41485595703125,27.50836181640625,27.429990768432617,0.24066095054149628,28.518985748291016,28.42144775390625
LC09_L1TP_194027_20250709_20250709_02_T1,LANDSAT_9,20250709,ageri,194027,3.0,3.0,0.0,2.643934965133667,3.0,3.0,3.0,0.0,2.661390542984009,3.0,3.0,3.0,0.0,2.6766271591186523,3.0,21.902008056640625,21.895854949951172,0.025339115411043167,21.75306510925293,21.785797119140625,21.902008056640625,21.895854949951172,0.025339115411043167,21.795223236083984,21.802886962890625,21.902008056640625,21.895854949951172,0.025339115411043167,21.7948055267334,21.806304931640625,21.902008056640625,21.895854949951172,0.025339115411043167,21.794206619262695,21.806304931640625,16.287872314453125,16.274703979492188,0.04817643016576767,16.071918487548828,16.106704711914062,16.287872314453125,16.274703979492188,0.04817643016576767,16.136186599731445,16.1328125,16.287872314453125,16.274703979492188,0.04817643016576767,16.135103225708008,16.135696411132812,16.287872314453125,16.274703979492188,0.04817643016576767,16.134140014648438,16.13385009765625,14.66351318359375,14.727944374084473,0.16306990385055542,14.330060005187988,14.363021850585938,14.66351318359375,14.727944374084473,0.16306990385055542,14.438395500183105,14.4017333984375,14.66351318359375,14.727944374084473,0.16306990385055542,14.443713188171387,14.405563354492188,14.66351318359375,14.727944374084473,0.16306990385055542,14.4376220703125,14.4033203125
