{"type":"FeatureCollection","name":"lakes_cloud_masking","features":[{"type":"Feature","properties":{"key":"ageri"},"geometry":{"type":"Polygon","coordinates":[[[8.5961,47.1363],[8.5969,47.136],[8.5984,47.1361],[8.5998,47.1368],[8.6008,47.1369],[8.603,47.137],[8.6032,47.1369],[8.604,47.1369],[8.6053,47.1365],[8.6076,47.1347],[8.6075,47.1344],[8.6079,47.1339],[8.6084,47.1335],[8.6092,47.1335],[8.6101,47.1334],[8.6106,47.1332],[8.6123,47.132],[8.6134,47.1316],[8.615,47.1316],[8.6169,47.1323],[8.6182,47.1328],[8.6189,47.1328],[8.62,47.1326],[8.6207,47.1324],[8.6226,47.1318],[8.6255,47.1311],[8.6286,47.1298],[8.6292,47.1294],[8.6304,47.1275],[8.6315,47.1267],[8.6328,47.1262],[8.6338,47.1254],[8.6347,47.1235],[8.6358,47.1215],[8.6362,47.1204],[8.6368,47.1195],[8.6397,47.1175],[8.6399,47.1167],[8.6418,47.1155],[8.6423,47.1146],[8.6422,47.1137],[8.6417,47.1128],[8.6417,47.1122],[8.6415,47.1121],[8.6415,47.1102],[8.6407,47.109],[8.6408,47.1067],[8.6402,47.1054],[8.6391,47.1038],[8.6389,47.1036],[8.637,47.103],[8.6367,47.1029],[8.6365,47.1029],[8.6357,47.1026],[8.6353,47.1025],[8.635,47.1025],[8.6339,47.1021],[8.6332,47.1021],[8.6326,47.1022],[8.6321,47.1023],[8.6311,47.1027],[8.6304,47.1033],[8.63,47.1038],[8.6298,47.1047],[8.6298,47.1052],[8.6295,47.1058],[8.6288,47.1061],[8.6274,47.1063],[8.6269,47.1064],[8.6259,47.1072],[8.625,47.1083],[8.625,47.1115],[8.6252,47.1122],[8.6255,47.1125],[8.6254,47.1134],[8.6246,47.1146],[8.6238,47.115],[8.6214,47.115],[8.6196,47.1155],[8.6194,47.1155],[8.6167,47.1164],[8.6128,47.1183],[8.6115,47.1188],[8.6106,47.1191],[8.6097,47.1195],[8.6094,47.1197],[8.6076,47.1203],[8.6063,47.1206],[8.6037,47.1214],[8.6016,47.1218],[8.6013,47.1219],[8.5989,47.1219],[8.5981,47.122],[8.5963,47.1224],[8.5934,47.1227],[8.5924,47.123],[8.5919,47.1235],[8.5919,47.1239],[8.5921,47.1243],[8.594,47.1251],[8.5947,47.126],[8.5947,47.1262],[8.5949,47.1264],[8.5949,47.1266],[8.5955,47.1269],[8.5957,47.127],[8.5968,47.127],[8.5974,47.1272],[8.5976,47.1273],[8.5975,47.129],[8.5974,47.1291],[8.5969,47.1293],[8.5955,47.1294],[8.5951,47.1298],[8.5953,47.1305],[8.5957,47.1312],[8.5957,47.1318],[8.5947,47.1333],[8.5943,47.1339],[8.5938,47.1343],[8.5935,47.1343],[8.5927,47.1346],[8.5899,47.1366],[8.5896,47.1367],[8.5895,47.137],[8.5889,47.1373],[8.5893,47.1377],[8.5895,47.1378],[8.5898,47.1379],[8.5911,47.1375],[8.5916,47.1372],[8.5937,47.1368],[8.5961,47.1363]]]}},{"type":"Feature","properties":{"key":"geneva"},"geometry":{"type":"Polygon","coordinates":[[[6.6426,46.5045],[6.6434,46.5046],[6.6454,46.5051],[6.6504,46.5052],[6.6551,46.5049],[6.6569,46.5053],[6.6624,46.5052],[6.6651,46.5052],[6.6678,46.5039],[6.6732,46.5033],[6.6759,46.5034],[6.6795,46.5029],[6.6805,46.5029],[6.6823,46.5016],[6.6836,46.501],[6.6842,46.5011],[6.6844,46.5013],[6.6868,46.5011],[6.6873,46.5009],[6.6891,46.5],[6.6912,46.4993],[6.6938,46.4991],[6.6946,46.4988],[6.6966,46.4984],[6.698,46.498],[6.7004,46.4968],[6.7021,46.4957],[6.7025,46.4955],[6.7033,46.4953],[6.7054,46.4942],[6.7093,46.4917],[6.7134,46.4894],[6.7146,46.4887],[6.7182,46.4872],[6.7206,46.4859],[6.7211,46.4857],[6.7219,46.4854],[6.723,46.4854],[6.7232,46.4854],[6.7274,46.4857],[6.7286,46.4859],[6.7294,46.4859],[6.7308,46.4864],[6.7344,46.4883],[6.7362,46.4888],[6.7371,46.4889],[6.7383,46.4889],[6.7406,46.4887],[6.7427,46.4888],[6.7437,46.4886],[6.7461,46.4879],[6.7503,46.4861],[6.753,46.4842],[6.7554,46.4827],[6.7572,46.481],[6.7583,46.4802],[6.7604,46.4792],[6.7614,46.4787],[6.7669,46.4769],[6.7672,46.4767],[6.7701,46.4757],[6.7703,46.4755],[6.7745,46.4741],[6.7748,46.4741],[6.7769,46.4735],[6.7779,46.4734],[6.7782,46.4733],[6.7828,46.4727],[6.7864,46.4731],[6.7891,46.4732],[6.792,46.4725],[6.7962,46.4712],[6.798,46.4709],[6.7985,46.4709],[6.7986,46.4709],[6.7992,46.4707],[6.8028,46.4703],[6.8065,46.4696],[6.8073,46.4694],[6.8074,46.4688],[6.8082,46.4684],[6.809,46.4685],[6.8096,46.469],[6.8099,46.4691],[6.8131,46.469],[6.8148,46.4689],[6.8151,46.4688],[6.8164,46.4688],[6.8166,46.4687],[6.8198,46.4686],[6.8203,46.4685],[6.8209,46.4682],[6.8219,46.4676],[6.8234,46.4671],[6.8292,46.467],[6.8315,46.467],[6.8317,46.4669],[6.832,46.4666],[6.8333,46.4652],[6.8341,46.4641],[6.8344,46.4632],[6.8344,46.4611],[6.835,46.4608],[6.8348,46.4606],[6.835,46.4604],[6.8355,46.4601],[6.8365,46.4597],[6.8378,46.4591],[6.8402,46.4583],[6.841,46.4583],[6.8464,46.4574],[6.847,46.4573],[6.8511,46.4566],[6.8517,46.4564],[6.8518,46.4562],[6.852,46.456],[6.852,46.4555],[6.8534,46.4521],[6.8542,46.4518],[6.8552,46.4518],[6.8563,46.4512],[6.8584,46.449],[6.8589,46.4478],[6.8589,46.4474],[6.8593,46.4467],[6.8596,46.4465],[6.8601,46.4466],[6.8607,46.4472],[6.8618,46.4475],[6.8625,46.4476],[6.8662,46.4475],[6.8709,46.447],[6.8722,46.447],[6.8724,46.4469],[6.8732,46.4465],[6.8764,46.4455],[6.877,46.4451],[6.8777,46.4446],[6.8784,46.4428],[6.8788,46.4423],[6.879,46.4419],[6.8803,46.4411],[6.8819,46.4408],[6.8835,46.4408],[6.8854,46.4412],[6.8866,46.4402],[6.8871,46.4399],[6.8896,46.439],[6.8901,46.4389],[6.8917,46.4388],[6.894,46.4388],[6.8974,46.4392],[6.8982,46.4393],[6.8997,46.4395],[6.9005,46.4395],[6.9018,46.4391],[6.9041,46.4379],[6.906,46.4367],[6.9079,46.4344],[6.908,46.434],[6.908,46.4315],[6.9084,46.4306],[6.9092,46.4297],[6.9105,46.4288],[6.9123,46.4282],[6.9139,46.4284],[6.9157,46.4292],[6.9165,46.4292],[6.9175,46.4288],[6.9183,46.4283],[6.9188,46.4279],[6.9202,46.4267],[6.922,46.4242],[6.9225,46.4236],[6.9228,46.4231],[6.9229,46.4218],[6.9229,46.4213],[6.9232,46.4209],[6.9235,46.4203],[6.9251,46.419],[6.9253,46.4189],[6.9254,46.4183],[6.9263,46.4167],[6.927,46.4144],[6.9276,46.4133],[6.9297,46.4104],[6.9298,46.4101],[6.9298,46.4084],[6.9294,46.4076],[6.9275,46.4047],[6.9273,46.4045],[6.9266,46.4036],[6.9251,46.4026],[6.9243,46.4017],[6.9244,46.4],[6.9243,46.3994],[6.924,46.399],[6.9235,46.3983],[6.9224,46.3971],[6.9198,46.3962],[6.9194,46.3958],[6.9186,46.3952],[6.9184,46.3951],[6.9171,46.3949],[6.915,46.3949],[6.9134,46.3952],[6.9124,46.3954],[6.9108,46.3952],[6.9098,46.3957],[6.9095,46.3957],[6.9087,46.3959],[6.9066,46.3963],[6.9046,46.3963],[6.903,46.396],[6.9022,46.396],[6.9012,46.3962],[6.9,46.3962],[6.8989,46.3959],[6.8979,46.3952],[6.8976,46.395],[6.8959,46.3944],[6.895,46.3941],[6.8934,46.3942],[6.8903,46.3952],[6.889,46.3955],[6.8882,46.3954],[6.8878,46.3957],[6.8868,46.3957],[6.8837,46.395],[6.8829,46.395],[6.8826,46.3949],[6.8816,46.3949],[6.8792,46.3952],[6.8782,46.3952],[6.8779,46.3952],[6.8769,46.3953],[6.8756,46.395],[6.8746,46.3944],[6.8733,46.3941],[6.8721,46.3941],[6.8705,46.3939],[6.8677,46.3931],[6.8667,46.393],[6.8659,46.3929],[6.8646,46.3933],[6.8643,46.3935],[6.8639,46.3936],[6.8614,46.3945],[6.8601,46.3953],[6.8596,46.3952],[6.8588,46.3943],[6.8578,46.3942],[6.8577,46.394],[6.8577,46.3934],[6.8585,46.392],[6.859,46.3904],[6.8593,46.39],[6.8593,46.3897],[6.8595,46.3891],[6.8595,46.3884],[6.8588,46.3873],[6.8588,46.3872],[6.8579,46.3858],[6.8563,46.3854],[6.8555,46.3857],[6.855,46.386],[6.8519,46.3874],[6.849,46.3884],[6.8483,46.3885],[6.8475,46.3886],[6.8443,46.3885],[6.8423,46.3881],[6.8417,46.388],[6.8394,46.3877],[6.8345,46.3868],[6.8337,46.3868],[6.8316,46.3864],[6.829,46.3865],[6.8285,46.3866],[6.8269,46.3869],[6.8246,46.3872],[6.8235,46.3876],[6.8222,46.3885],[6.8186,46.3896],[6.817,46.3905],[6.8162,46.3908],[6.8144,46.3909],[6.8126,46.3912],[6.8122,46.3914],[6.8097,46.3923],[6.8074,46.3934],[6.8066,46.394],[6.8052,46.3941],[6.8047,46.3945],[6.8042,46.3946],[6.8021,46.3946],[6.8009,46.3944],[6.798,46.3943],[6.7962,46.394],[6.7959,46.3938],[6.7944,46.3933],[6.7923,46.3933],[6.791,46.3934],[6.7897,46.3939],[6.7889,46.3943],[6.7868,46.395],[6.7852,46.3952],[6.7839,46.3952],[6.7829,46.3954],[6.779,46.3967],[6.7787,46.3969],[6.7761,46.3978],[6.7756,46.3979],[6.773,46.3979],[6.7725,46.398],[6.7712,46.3984],[6.7692,46.3993],[6.7663,46.4002],[6.7635,46.4008],[6.7603,46.4011],[6.7598,46.4013],[6.759,46.4018],[6.7585,46.4025],[6.758,46.4029],[6.7574,46.4031],[6.7572,46.4032],[6.7559,46.4036],[6.7543,46.4038],[6.7525,46.4044],[6.7496,46.4049],[6.7492,46.4049],[6.7455,46.4049],[6.7452,46.405],[6.7421,46.4048],[6.74,46.4051],[6.7361,46.4053],[6.7348,46.4055],[6.7319,46.4064],[6.7288,46.407],[6.7254,46.4083],[6.7223,46.4082],[6.7215,46.4082],[6.7191,46.4087],[6.7181,46.4087],[6.7178,46.4087],[6.7145,46.4087],[6.7129,46.4084],[6.7108,46.4083],[6.7095,46.4085],[6.7054,46.4085],[6.7051,46.4084],[6.7043,46.4084],[6.7041,46.4085],[6.7022,46.4085],[6.702,46.4086],[6.69,46.4085],[6.6866,46.4082],[6.6851,46.4075],[6.6846,46.4074],[6.6827,46.4074],[6.6812,46.4077],[6.6794,46.4078],[6.6791,46.4079],[6.6775,46.4078],[6.6757,46.4076],[6.6739,46.4067],[6.6708,46.4057],[6.6681,46.4053],[6.6677,46.4053],[6.6651,46.4052],[6.6648,46.4053],[6.6637,46.4054],[6.6614,46.4054],[6.6581,46.4058],[6.6573,46.4058],[6.6567,46.406],[6.6544,46.4061],[6.6518,46.4064],[6.6497,46.4065],[6.6495,46.4066],[6.6482,46.4066],[6.644,46.4066],[6.6427,46.4064],[6.6404,46.4064],[6.6401,46.4065],[6.638,46.4066],[6.637,46.4068],[6.6362,46.4069],[6.6354,46.4067],[6.6349,46.4064],[6.6307,46.4057],[6.629,46.4056],[6.6263,46.4056],[6.6261,46.4055],[6.6239,46.4054],[6.6217,46.4049],[6.6205,46.4041],[6.6185,46.4038],[6.6155,46.4038],[6.6153,46.4039],[6.6145,46.404],[6.6123,46.4041],[6.6104,46.4039],[6.6067,46.4031],[6.6062,46.4031],[6.6039,46.4027],[6.6008,46.4025],[6.6005,46.4024],[6.5982,46.4024],[6.5949,46.402],[6.5933,46.4021],[6.5892,46.4028],[6.5884,46.4028],[6.5868,46.4025],[6.5835,46.4014],[6.5802,46.401],[6.5782,46.4007],[6.5776,46.4005],[6.5763,46.4003],[6.5735,46.3996],[6.5714,46.3994],[6.5678,46.3989],[6.5665,46.3989],[6.5662,46.3988],[6.5647,46.3987],[6.5603,46.3978],[6.5592,46.3977],[6.5566,46.3973],[6.5525,46.3962],[6.5514,46.3961],[6.5501,46.3959],[6.5496,46.3957],[6.5493,46.3954],[6.5446,46.3952],[6.5432,46.3953],[6.5403,46.396],[6.5382,46.3963],[6.5361,46.397],[6.535,46.3975],[6.5342,46.3978],[6.5329,46.3986],[6.529,46.4005],[6.5245,46.402],[6.5227,46.4028],[6.5214,46.4036],[6.5211,46.4035],[6.5206,46.4038],[6.5182,46.4044],[6.5171,46.4045],[6.5158,46.4048],[6.514,46.4048],[6.5109,46.4043],[6.5088,46.4039],[6.5049,46.4025],[6.5026,46.4012],[6.5021,46.4011],[6.4997,46.4006],[6.4977,46.3998],[6.4967,46.3994],[6.4959,46.399],[6.4946,46.3987],[6.4933,46.3986],[6.4917,46.3982],[6.4902,46.3971],[6.4866,46.3953],[6.485,46.3942],[6.4835,46.3929],[6.4825,46.3918],[6.4821,46.3906],[6.4821,46.3886],[6.4826,46.3872],[6.4826,46.3863],[6.4828,46.3861],[6.4825,46.3854],[6.4824,46.3845],[6.4824,46.3831],[6.4822,46.3822],[6.4816,46.3813],[6.4803,46.3786],[6.4784,46.378],[6.4774,46.3762],[6.4766,46.3757],[6.4746,46.375],[6.473,46.3747],[6.4684,46.3729],[6.465,46.3719],[6.4648,46.3719],[6.463,46.3712],[6.4627,46.3712],[6.4591,46.3699],[6.4588,46.3699],[6.4554,46.3687],[6.4552,46.3687],[6.4526,46.3678],[6.4506,46.3668],[6.4479,46.3658],[6.4462,46.3652],[6.4459,46.365],[6.4438,46.3646],[6.4431,46.3642],[6.4422,46.364],[6.4398,46.3627],[6.4373,46.3618],[6.4349,46.3612],[6.4329,46.3606],[6.4292,46.3599],[6.4272,46.3598],[6.4259,46.36],[6.4238,46.36],[6.4235,46.3599],[6.4197,46.3597],[6.4183,46.3595],[6.4173,46.3595],[6.4152,46.3599],[6.4136,46.3599],[6.4126,46.3597],[6.4118,46.3593],[6.4112,46.3588],[6.4096,46.3563],[6.4062,46.3533],[6.4056,46.3526],[6.4056,46.3524],[6.4053,46.3522],[6.4053,46.3521],[6.4042,46.351],[6.4031,46.3504],[6.4027,46.3502],[6.4009,46.35],[6.4001,46.3499],[6.3984,46.3496],[6.3971,46.3485],[6.3953,46.3461],[6.3948,46.3454],[6.3945,46.3452],[6.3944,46.3449],[6.3941,46.3445],[6.3941,46.3443],[6.3925,46.3422],[6.392,46.3416],[6.3908,46.3407],[6.3899,46.3403],[6.3888,46.3403],[6.3862,46.3406],[6.3855,46.3407],[6.382,46.3413],[6.3789,46.3423],[6.3786,46.3423],[6.3771,46.343],[6.3762,46.3432],[6.3758,46.3435],[6.3745,46.344],[6.3711,46.3445],[6.3692,46.3449],[6.3679,46.3453],[6.3677,46.3453],[6.3664,46.3458],[6.3661,46.3458],[6.364,46.3466],[6.3632,46.3471],[6.3624,46.3473],[6.362,46.3475],[6.3618,46.3475],[6.3607,46.3479],[6.3599,46.3484],[6.3596,46.3488],[6.3593,46.3493],[6.3589,46.3504],[6.3573,46.3527],[6.3572,46.3542],[6.3564,46.355],[6.3538,46.357],[6.3521,46.3588],[6.3522,46.3606],[6.3518,46.3611],[6.3505,46.362],[6.3505,46.3628],[6.3505,46.3656],[6.3509,46.3663],[6.3509,46.3669],[6.3507,46.367],[6.3502,46.3673],[6.35,46.3673],[6.3484,46.3678],[6.346,46.3693],[6.345,46.3697],[6.3447,46.3697],[6.3437,46.37],[6.3429,46.37],[6.3421,46.37],[6.34,46.3695],[6.3387,46.3695],[6.3364,46.3699],[6.3348,46.3701],[6.3327,46.3701],[6.3317,46.3699],[6.3309,46.3696],[6.3304,46.3696],[6.3302,46.3697],[6.3288,46.3706],[6.3282,46.3713],[6.3276,46.3717],[6.3263,46.3718],[6.3256,46.3715],[6.3248,46.371],[6.3229,46.3696],[6.3224,46.3694],[6.3208,46.3691],[6.3202,46.3691],[6.3193,46.3689],[6.3156,46.3686],[6.3143,46.368],[6.3132,46.3678],[6.3112,46.3674],[6.3084,46.3664],[6.3073,46.3664],[6.3062,46.3668],[6.3058,46.3669],[6.3045,46.3667],[6.3034,46.3663],[6.3027,46.3658],[6.3026,46.3654],[6.3026,46.3645],[6.3023,46.3641],[6.3018,46.3638],[6.2992,46.3629],[6.2987,46.3626],[6.2974,46.3617],[6.2964,46.3613],[6.2941,46.3608],[6.2928,46.3603],[6.2918,46.3593],[6.2905,46.3584],[6.2884,46.3576],[6.2866,46.3564],[6.2826,46.3528],[6.2811,46.3517],[6.2804,46.3511],[6.2783,46.3503],[6.277,46.35],[6.2768,46.3498],[6.2766,46.3497],[6.2767,46.3488],[6.2771,46.3472],[6.2771,46.347],[6.2771,46.3457],[6.277,46.3454],[6.2762,46.3444],[6.2716,46.3377],[6.2711,46.3372],[6.2706,46.3369],[6.2698,46.3367],[6.2693,46.3364],[6.2676,46.3345],[6.2663,46.3328],[6.2657,46.3319],[6.2652,46.3313],[6.2638,46.3302],[6.2631,46.3298],[6.2623,46.3293],[6.2622,46.3282],[6.2619,46.3278],[6.2609,46.3271],[6.2593,46.3265],[6.2577,46.3255],[6.257,46.325],[6.2563,46.3237],[6.2563,46.323],[6.258,46.321],[6.2582,46.32],[6.2576,46.3189],[6.2573,46.3187],[6.2549,46.3153],[6.2539,46.3128],[6.2535,46.312],[6.2531,46.3114],[6.2526,46.3106],[6.2513,46.3091],[6.2506,46.3086],[6.2496,46.3071],[6.2487,46.3064],[6.248,46.3061],[6.2467,46.3059],[6.2457,46.3055],[6.2449,46.3051],[6.2436,46.3046],[6.2414,46.3046],[6.241,46.304],[6.2409,46.3038],[6.2409,46.3021],[6.2422,46.2991],[6.2422,46.298],[6.2383,46.2938],[6.2371,46.2922],[6.2366,46.2909],[6.2361,46.2902],[6.235,46.2889],[6.234,46.2882],[6.2296,46.2862],[6.2286,46.2858],[6.2281,46.2855],[6.2258,46.2827],[6.222,46.2787],[6.2197,46.2753],[6.2173,46.2726],[6.2164,46.2718],[6.2157,46.2711],[6.2144,46.2705],[6.2139,46.2702],[6.2135,46.2689],[6.2127,46.268],[6.2107,46.2667],[6.2103,46.2663],[6.2093,46.2659],[6.2083,46.2654],[6.2075,46.2653],[6.2041,46.2651],[6.2016,46.2647],[6.199,46.2638],[6.1987,46.2638],[6.1976,46.2629],[6.1968,46.2618],[6.1961,46.2598],[6.1952,46.2586],[6.1946,46.258],[6.1942,46.2575],[6.1942,46.2558],[6.1941,46.2553],[6.1931,46.2528],[6.1931,46.2515],[6.1937,46.2506],[6.1937,46.2501],[6.1927,46.2479],[6.1921,46.2459],[6.1921,46.2439],[6.1928,46.2433],[6.194,46.243],[6.1934,46.2409],[6.1934,46.2393],[6.1928,46.2378],[6.1927,46.2375],[6.1918,46.236],[6.1912,46.2353],[6.1902,46.2332],[6.1895,46.2327],[6.1861,46.229],[6.1841,46.2273],[6.1832,46.2263],[6.1789,46.2206],[6.1779,46.219],[6.1774,46.2185],[6.1754,46.2155],[6.1718,46.2133],[6.1729,46.2126],[6.172,46.2121],[6.1698,46.2111],[6.1635,46.2085],[6.1632,46.2085],[6.1629,46.2087],[6.1621,46.2087],[6.1619,46.2086],[6.1537,46.2046],[6.1529,46.2046],[6.1505,46.2052],[6.1502,46.2051],[6.1485,46.2046],[6.1458,46.205],[6.143,46.2049],[6.1427,46.2054],[6.1479,46.2067],[6.1485,46.207],[6.1495,46.2074],[6.1503,46.2081],[6.1514,46.2088],[6.153,46.2104],[6.1535,46.2108],[6.1539,46.2113],[6.1539,46.212],[6.1535,46.2135],[6.1534,46.214],[6.1526,46.2165],[6.1526,46.218],[6.1538,46.2205],[6.1538,46.2212],[6.1529,46.2223],[6.1513,46.2237],[6.1498,46.2258],[6.1497,46.2266],[6.1503,46.228],[6.1504,46.2282],[6.1504,46.2287],[6.1506,46.2294],[6.1508,46.2316],[6.1513,46.2325],[6.1511,46.2358],[6.1512,46.2359],[6.1512,46.2374],[6.1513,46.2376],[6.1514,46.2388],[6.1517,46.2395],[6.1529,46.2415],[6.1534,46.2426],[6.1534,46.2446],[6.1531,46.2457],[6.1528,46.2467],[6.1527,46.249],[6.1527,46.2494],[6.1529,46.2496],[6.1528,46.2504],[6.1531,46.2509],[6.1544,46.2517],[6.1573,46.2544],[6.1578,46.2551],[6.1582,46.2557],[6.1583,46.2564],[6.1585,46.257],[6.1585,46.2572],[6.1586,46.2576],[6.1608,46.2594],[6.1646,46.2628],[6.1654,46.2632],[6.1667,46.2627],[6.1672,46.264],[6.1673,46.2647],[6.1673,46.2651],[6.1676,46.2662],[6.1679,46.2665],[6.1686,46.2689],[6.1696,46.2703],[6.1699,46.2707],[6.1703,46.273],[6.1705,46.2732],[6.1712,46.2733],[6.1715,46.2737],[6.1714,46.2755],[6.1714,46.2759],[6.1713,46.2763],[6.1709,46.2777],[6.1705,46.2783],[6.1705,46.2784],[6.1679,46.2818],[6.1679,46.2825],[6.1688,46.2838],[6.169,46.2844],[6.169,46.2847],[6.1694,46.2855],[6.17,46.2883],[6.1702,46.2885],[6.171,46.2887],[6.1709,46.2894],[6.1707,46.2901],[6.1703,46.2912],[6.1703,46.2932],[6.1705,46.2943],[6.1708,46.2959],[6.1715,46.2966],[6.173,46.2975],[6.1735,46.2977],[6.1753,46.2979],[6.1769,46.2988],[6.1788,46.3006],[6.1804,46.3024],[6.1812,46.3035],[6.1821,46.3044],[6.1827,46.3049],[6.1877,46.3102],[6.1882,46.3108],[6.1903,46.3128],[6.1936,46.3149],[6.1949,46.3161],[6.1958,46.317],[6.1959,46.3173],[6.199,46.3217],[6.1999,46.3238],[6.2008,46.3253],[6.201,46.3262],[6.2015,46.3273],[6.2038,46.3307],[6.2039,46.3311],[6.2039,46.3316],[6.2038,46.3354],[6.2039,46.3358],[6.2043,46.3361],[6.2048,46.3367],[6.2066,46.338],[6.2071,46.3385],[6.2076,46.339],[6.2078,46.3394],[6.2077,46.3405],[6.2076,46.3407],[6.2076,46.3421],[6.2081,46.3428],[6.208,46.3444],[6.2079,46.3448],[6.2081,46.3457],[6.2081,46.3462],[6.2087,46.348],[6.2119,46.3515],[6.2125,46.3522],[6.2129,46.3529],[6.2134,46.3539],[6.2138,46.3549],[6.214,46.3551],[6.2158,46.3557],[6.2161,46.3559],[6.2166,46.3568],[6.2167,46.3571],[6.2177,46.3586],[6.2196,46.36],[6.2203,46.361],[6.2205,46.3619],[6.2215,46.3631],[6.2232,46.3644],[6.2252,46.3652],[6.2269,46.3664],[6.2315,46.3698],[6.2335,46.3718],[6.2342,46.3727],[6.2343,46.3732],[6.2349,46.3742],[6.2361,46.3754],[6.2371,46.3762],[6.2386,46.3769],[6.2391,46.3774],[6.2396,46.3778],[6.2409,46.3785],[6.243,46.38],[6.2442,46.3813],[6.2449,46.3824],[6.2455,46.383],[6.2459,46.3833],[6.2466,46.3831],[6.2469,46.3831],[6.2471,46.3833],[6.2479,46.3858],[6.2482,46.3862],[6.2484,46.3863],[6.2489,46.3866],[6.25,46.3875],[6.2521,46.3891],[6.2546,46.3905],[6.2564,46.3912],[6.2582,46.3923],[6.2584,46.3925],[6.259,46.3927],[6.2629,46.3927],[6.2639,46.3925],[6.2673,46.3914],[6.2676,46.3912],[6.2679,46.3912],[6.2685,46.3911],[6.2706,46.3911],[6.2711,46.391],[6.2734,46.3902],[6.2742,46.3904],[6.275,46.3909],[6.276,46.392],[6.2769,46.3933],[6.2771,46.394],[6.278,46.3953],[6.2788,46.3958],[6.2803,46.396],[6.2808,46.3962],[6.282,46.3971],[6.2824,46.3977],[6.283,46.3991],[6.283,46.4007],[6.2827,46.4016],[6.2816,46.4036],[6.2816,46.4047],[6.2818,46.4056],[6.2823,46.4063],[6.2831,46.4069],[6.285,46.4083],[6.2863,46.4096],[6.2868,46.41],[6.289,46.4123],[6.2904,46.4142],[6.2906,46.4147],[6.2905,46.4193],[6.2906,46.4195],[6.2909,46.4213],[6.2912,46.4224],[6.2917,46.4231],[6.2928,46.4236],[6.2938,46.4236],[6.2951,46.4232],[6.2956,46.4232],[6.2964,46.4235],[6.2969,46.4238],[6.2971,46.4243],[6.2971,46.4245],[6.2971,46.4254],[6.2973,46.4255],[6.2988,46.4265],[6.3001,46.4269],[6.3009,46.427],[6.3032,46.4278],[6.3045,46.4285],[6.3068,46.4294],[6.3077,46.4303],[6.3092,46.4314],[6.3096,46.432],[6.3097,46.4321],[6.3097,46.4327],[6.3103,46.4332],[6.3129,46.4352],[6.3136,46.4358],[6.3143,46.4367],[6.3156,46.4378],[6.3174,46.4391],[6.3179,46.4398],[6.3182,46.4409],[6.3185,46.4414],[6.3185,46.4416],[6.3197,46.443],[6.3202,46.4434],[6.321,46.4437],[6.3217,46.4438],[6.3235,46.4445],[6.3236,46.4447],[6.3244,46.4451],[6.3255,46.4462],[6.3265,46.447],[6.3288,46.4483],[6.3304,46.4488],[6.3311,46.4489],[6.3319,46.4492],[6.3341,46.4508],[6.3354,46.4519],[6.3373,46.4545],[6.3378,46.4548],[6.3382,46.4554],[6.3397,46.4568],[6.341,46.4577],[6.3431,46.4587],[6.3453,46.4604],[6.3474,46.4611],[6.3495,46.4612],[6.3517,46.4609],[6.3546,46.4616],[6.3566,46.4619],[6.3587,46.462],[6.359,46.4621],[6.3626,46.4622],[6.3647,46.4629],[6.3668,46.4631],[6.3689,46.4635],[6.3714,46.4643],[6.374,46.4648],[6.3761,46.4648],[6.3785,46.4644],[6.3795,46.4644],[6.3812,46.4649],[6.3817,46.4649],[6.3822,46.4648],[6.3854,46.4637],[6.3872,46.4629],[6.3892,46.4616],[6.3911,46.4608],[6.3917,46.4601],[6.3929,46.4595],[6.3957,46.4591],[6.397,46.4591],[6.3985,46.4591],[6.4001,46.4589],[6.4024,46.4588],[6.405,46.4593],[6.4071,46.46],[6.4084,46.4609],[6.4088,46.4621],[6.4094,46.4627],[6.4099,46.463],[6.4125,46.4638],[6.4132,46.4642],[6.4153,46.4656],[6.4161,46.4661],[6.4184,46.4673],[6.4223,46.4686],[6.4249,46.4692],[6.4264,46.4694],[6.4295,46.4694],[6.4327,46.4701],[6.4361,46.4705],[6.4368,46.4706],[6.4406,46.4714],[6.4428,46.4722],[6.4469,46.4731],[6.4487,46.4737],[6.4492,46.4741],[6.4505,46.4761],[6.4511,46.4765],[6.4514,46.4768],[6.455,46.4786],[6.4566,46.4786],[6.4582,46.4783],[6.4587,46.4783],[6.4605,46.478],[6.4613,46.478],[6.4619,46.4785],[6.4617,46.4796],[6.4616,46.4814],[6.4617,46.4816],[6.4618,46.4841],[6.4622,46.4848],[6.4634,46.4859],[6.4657,46.4874],[6.4698,46.4903],[6.4711,46.4907],[6.4721,46.4909],[6.4734,46.491],[6.4742,46.4909],[6.4755,46.4905],[6.4771,46.4905],[6.4786,46.4907],[6.4796,46.4909],[6.4806,46.4912],[6.4814,46.4916],[6.4821,46.4921],[6.4825,46.4926],[6.4825,46.4953],[6.4832,46.497],[6.4848,46.4988],[6.4862,46.5001],[6.4873,46.5013],[6.4883,46.5018],[6.4886,46.5018],[6.4894,46.5021],[6.4921,46.5026],[6.4928,46.5027],[6.4933,46.503],[6.4935,46.5033],[6.4943,46.5033],[6.4946,46.5034],[6.4948,46.5034],[6.4969,46.5048],[6.4977,46.5055],[6.4977,46.5057],[6.4982,46.5065],[6.4996,46.5075],[6.4999,46.5077],[6.5009,46.5087],[6.5024,46.51],[6.5024,46.5104],[6.502,46.5107],[6.502,46.5111],[6.5024,46.5116],[6.5042,46.5132],[6.5062,46.5145],[6.5065,46.5145],[6.5068,46.5147],[6.507,46.5147],[6.5086,46.5153],[6.5088,46.5154],[6.5106,46.5156],[6.5112,46.5158],[6.5117,46.5158],[6.5132,46.5148],[6.5134,46.5146],[6.5148,46.5145],[6.5159,46.5143],[6.5164,46.5146],[6.5185,46.5154],[6.519,46.5154],[6.5213,46.5147],[6.5221,46.5145],[6.5224,46.5145],[6.5245,46.5138],[6.5292,46.5116],[6.5337,46.5088],[6.5355,46.5078],[6.5368,46.5074],[6.5382,46.5072],[6.5389,46.5072],[6.5396,46.5074],[6.5404,46.5072],[6.544,46.5078],[6.5458,46.5078],[6.5461,46.5077],[6.5492,46.5076],[6.5495,46.5075],[6.5526,46.5073],[6.5529,46.5073],[6.5539,46.5073],[6.5542,46.5072],[6.557,46.5072],[6.5584,46.5074],[6.561,46.5082],[6.5618,46.5089],[6.564,46.5111],[6.5648,46.5117],[6.5658,46.512],[6.5671,46.512],[6.5687,46.5123],[6.5718,46.5131],[6.5726,46.5132],[6.5736,46.5135],[6.5749,46.5144],[6.5763,46.5156],[6.5776,46.5165],[6.5802,46.5175],[6.5806,46.5176],[6.582,46.5179],[6.5833,46.5179],[6.5844,46.5178],[6.5859,46.5172],[6.5866,46.5172],[6.587,46.517],[6.5899,46.5181],[6.5914,46.518],[6.593,46.5175],[6.5956,46.5161],[6.6009,46.5127],[6.6009,46.5121],[6.6011,46.512],[6.6045,46.5112],[6.6048,46.5112],[6.6049,46.5114],[6.6051,46.5125],[6.6075,46.5123],[6.6078,46.5123],[6.6082,46.5115],[6.6084,46.5115],[6.6103,46.5112],[6.6132,46.5106],[6.6147,46.5101],[6.6158,46.5094],[6.6157,46.5087],[6.6158,46.5085],[6.6168,46.508],[6.6174,46.5078],[6.6182,46.5083],[6.6185,46.5087],[6.6191,46.5087],[6.6217,46.5074],[6.623,46.5073],[6.6235,46.5072],[6.6281,46.5047],[6.6286,46.5052],[6.6282,46.5058],[6.6282,46.5061],[6.6308,46.5065],[6.6324,46.5065],[6.6339,46.5062],[6.6352,46.5058],[6.6355,46.5058],[6.6368,46.5053],[6.6371,46.5053],[6.6405,46.5044],[6.6414,46.5043],[6.6425,46.5044],[6.6426,46.5045]]]}},{"type":"Feature","properties":{"key":"greifensee"},"geometry":{"type":"Polygon","coordinates":[[[8.6654,47.3727],[8.6678,47.371],[8.6688,47.3701],[8.671,47.3674],[8.6727,47.3658],[8.6731,47.3655],[8.6737,47.3651],[8.6756,47.3638],[8.6777,47.3633],[8.6785,47.3632],[8.6789,47.363],[8.68,47.3627],[8.6808,47.3622],[8.6817,47.3611],[8.682,47.3607],[8.6831,47.3599],[8.6834,47.3597],[8.6843,47.3591],[8.6845,47.3587],[8.6847,47.3583],[8.6847,47.3581],[8.6848,47.3574],[8.6857,47.3562],[8.6864,47.3555],[8.6879,47.354],[8.6886,47.353],[8.6889,47.3525],[8.6892,47.3518],[8.6897,47.3513],[8.6895,47.3508],[8.6899,47.3497],[8.6899,47.3488],[8.69,47.3487],[8.6898,47.3458],[8.69,47.3456],[8.6899,47.3447],[8.6906,47.3427],[8.6921,47.3404],[8.6926,47.3398],[8.6949,47.3382],[8.696,47.3376],[8.6976,47.3374],[8.6986,47.3371],[8.6991,47.3367],[8.701,47.3358],[8.7065,47.3339],[8.707,47.3334],[8.7078,47.332],[8.7077,47.3308],[8.7067,47.3278],[8.7062,47.3271],[8.7053,47.3264],[8.7047,47.3262],[8.7042,47.3262],[8.7016,47.3268],[8.7008,47.3268],[8.7005,47.3267],[8.7004,47.3265],[8.7004,47.3262],[8.6997,47.3252],[8.6981,47.3242],[8.6979,47.3233],[8.6982,47.3227],[8.6981,47.3222],[8.6977,47.3217],[8.6974,47.3215],[8.6972,47.3214],[8.6955,47.3212],[8.6952,47.3213],[8.6939,47.3214],[8.6928,47.3215],[8.6915,47.322],[8.6907,47.3226],[8.691,47.3236],[8.69,47.3251],[8.69,47.326],[8.6895,47.3276],[8.6883,47.3301],[8.6881,47.3303],[8.6877,47.3305],[8.6876,47.3307],[8.6866,47.3314],[8.6862,47.332],[8.6857,47.3338],[8.6849,47.3349],[8.6835,47.3363],[8.6824,47.3383],[8.6807,47.3396],[8.6796,47.34],[8.6789,47.3406],[8.6786,47.341],[8.6782,47.342],[8.6766,47.3444],[8.6751,47.3459],[8.6738,47.3464],[8.6722,47.3466],[8.6699,47.3471],[8.6686,47.3475],[8.6675,47.3483],[8.6667,47.349],[8.6656,47.3506],[8.6641,47.3537],[8.6633,47.3541],[8.662,47.3543],[8.6609,47.3546],[8.6599,47.3554],[8.6589,47.3566],[8.6575,47.3579],[8.655,47.3601],[8.6535,47.3621],[8.6529,47.3634],[8.6528,47.3654],[8.653,47.3656],[8.653,47.3663],[8.6526,47.367],[8.6526,47.3678],[8.6541,47.3684],[8.6537,47.3696],[8.6537,47.371],[8.6539,47.3713],[8.6546,47.3719],[8.6551,47.3722],[8.6559,47.3723],[8.6563,47.3725],[8.6567,47.3725],[8.6596,47.3734],[8.6604,47.3734],[8.661,47.3736],[8.6625,47.3736],[8.6636,47.3734],[8.6654,47.3727]]]}},{"type":"Feature","properties":{"key":"bianco"},"geometry":{"type":"Polygon","coordinates":[[[10.01201,46.41479],[10.01197,46.41472],[10.01191,46.41464],[10.0119,46.41463],[10.0119,46.41462],[10.0119,46.4146],[10.0119,46.41459],[10.01189,46.41457],[10.01189,46.41456],[10.01189,46.41454],[10.01189,46.41453],[10.01189,46.41451],[10.01189,46.4145],[10.01188,46.41449],[10.01188,46.41448],[10.01188,46.41447],[10.01188,46.41446],[10.0119,46.41446],[10.01191,46.41445],[10.01193,46.41444],[10.01194,46.41443],[10.01196,46.41442],[10.01197,46.41442],[10.012,46.41442],[10.01202,46.41441],[10.01203,46.41441],[10.01206,46.41441],[10.01208,46.41441],[10.01209,46.41441],[10.01212,46.41441],[10.01214,46.41441],[10.01216,46.41441],[10.01219,46.41442],[10.0122,46.41441],[10.01222,46.41441],[10.01223,46.4144],[10.01226,46.4144],[10.01227,46.41439],[10.01228,46.41438],[10.0123,46.41437],[10.01232,46.41436],[10.01234,46.41436],[10.01236,46.41435],[10.01238,46.41435],[10.01239,46.41435],[10.01241,46.41435],[10.01243,46.41435],[10.01246,46.41436],[10.01247,46.41436],[10.01249,46.41437],[10.01251,46.41438],[10.01253,46.41439],[10.01255,46.4144],[10.01256,46.41441],[10.01257,46.41443],[10.01258,46.41445],[10.01259,46.41446],[10.0126,46.41446],[10.01262,46.41447],[10.01267,46.4145],[10.01271,46.41453],[10.01274,46.41454],[10.01277,46.41456],[10.0128,46.41458],[10.01284,46.4146],[10.01287,46.41461],[10.01289,46.41462],[10.01292,46.41463],[10.01295,46.41463],[10.01299,46.41463],[10.01302,46.41462],[10.01307,46.4146],[10.0131,46.41459],[10.01313,46.41458],[10.01316,46.41458],[10.0132,46.41456],[10.01323,46.41455],[10.01327,46.41454],[10.0133,46.41453],[10.01335,46.41453],[10.01338,46.41453],[10.01341,46.41452],[10.01343,46.41451],[10.01346,46.41449],[10.01349,46.41447],[10.01351,46.41446],[10.01356,46.41445],[10.01358,46.41444],[10.01362,46.41441],[10.01365,46.4144],[10.01371,46.41436],[10.01371,46.41436],[10.01372,46.41434],[10.01372,46.41432],[10.01373,46.41429],[10.01375,46.41427],[10.01378,46.41425],[10.01381,46.41423],[10.01385,46.41421],[10.01389,46.41419],[10.01395,46.41418],[10.014,46.41416],[10.01407,46.41415],[10.01421,46.41414],[10.01422,46.41414],[10.01428,46.41413],[10.01433,46.41413],[10.01437,46.41412],[10.01439,46.41412],[10.01442,46.41411],[10.01445,46.41411],[10.01448,46.41411],[10.01451,46.41411],[10.01456,46.41411],[10.01477,46.41413],[10.01479,46.41413],[10.01483,46.41413],[10.01487,46.41413],[10.01491,46.41414],[10.01526,46.41414],[10.0153,46.41415],[10.01533,46.41415],[10.01538,46.41415],[10.01544,46.41415],[10.0155,46.41415],[10.01557,46.41415],[10.0156,46.41415],[10.01565,46.41414],[10.01568,46.41414],[10.01571,46.41414],[10.01574,46.41415],[10.01577,46.41415],[10.0158,46.41415],[10.01583,46.41415],[10.01586,46.41414],[10.01589,46.41415],[10.01592,46.41416],[10.01595,46.41418],[10.01599,46.41419],[10.01602,46.41421],[10.01602,46.41423],[10.01604,46.41425],[10.01605,46.41426],[10.01645,46.41444],[10.01649,46.41446],[10.01653,46.41447],[10.01656,46.41448],[10.0166,46.4145],[10.01671,46.41455],[10.01685,46.41459],[10.01696,46.41463],[10.01715,46.41468],[10.01731,46.4147],[10.01751,46.41472],[10.01779,46.41477],[10.01802,46.41484],[10.01813,46.41485],[10.01823,46.41486],[10.01828,46.41487],[10.01831,46.41488],[10.01834,46.41487],[10.01834,46.41483],[10.01833,46.4148],[10.01829,46.41476],[10.01828,46.4147],[10.01829,46.41468],[10.01831,46.41467],[10.01833,46.41466],[10.01835,46.41464],[10.01837,46.41463],[10.01842,46.4146],[10.01845,46.41458],[10.01847,46.41456],[10.0185,46.41453],[10.01852,46.41451],[10.01854,46.41449],[10.01856,46.41448],[10.01856,46.41445],[10.01857,46.41442],[10.01857,46.4144],[10.01858,46.41437],[10.01859,46.41434],[10.0186,46.41431],[10.01861,46.41429],[10.01862,46.41426],[10.01862,46.41424],[10.01862,46.41421],[10.01862,46.41418],[10.01862,46.41416],[10.01864,46.41413],[10.01866,46.41411],[10.01867,46.41408],[10.01867,46.41406],[10.01868,46.41403],[10.01868,46.41401],[10.01867,46.41398],[10.01867,46.41395],[10.01867,46.41393],[10.01868,46.41391],[10.01869,46.41389],[10.01869,46.41386],[10.01869,46.41383],[10.01869,46.4138],[10.01869,46.41377],[10.01869,46.41375],[10.01869,46.41373],[10.01869,46.4137],[10.01869,46.41368],[10.01868,46.41365],[10.01868,46.41363],[10.01868,46.41361],[10.01867,46.41357],[10.01867,46.41355],[10.01867,46.41352],[10.01867,46.41339],[10.01867,46.4133],[10.01865,46.41323],[10.0186,46.41312],[10.01857,46.41304],[10.01849,46.41289],[10.01846,46.41281],[10.01846,46.41274],[10.01846,46.41272],[10.01843,46.41269],[10.01842,46.41266],[10.01841,46.41263],[10.01839,46.41261],[10.01838,46.41258],[10.01838,46.41256],[10.01838,46.41254],[10.01838,46.41252],[10.01835,46.41248],[10.01833,46.41246],[10.01831,46.41244],[10.01828,46.41241],[10.01827,46.41239],[10.01825,46.41237],[10.01824,46.41234],[10.01823,46.41231],[10.0182,46.41228],[10.01817,46.41226],[10.01816,46.41224],[10.01815,46.41222],[10.01813,46.4122],[10.01812,46.41218],[10.0181,46.41216],[10.01808,46.41213],[10.01807,46.41211],[10.01806,46.41209],[10.01806,46.41206],[10.01805,46.41203],[10.01804,46.41201],[10.01803,46.41199],[10.01802,46.41197],[10.01801,46.41195],[10.018,46.41192],[10.01799,46.41189],[10.01797,46.41186],[10.01795,46.41184],[10.01793,46.41182],[10.0179,46.41181],[10.01787,46.4118],[10.01785,46.41178],[10.01783,46.41176],[10.01779,46.41174],[10.01775,46.41173],[10.01773,46.41171],[10.01771,46.41169],[10.01772,46.41167],[10.01774,46.41165],[10.01772,46.41163],[10.0177,46.41161],[10.01769,46.41159],[10.01769,46.41157],[10.01771,46.41155],[10.01772,46.41152],[10.01772,46.41151],[10.01772,46.41148],[10.01772,46.41145],[10.0177,46.41142],[10.01771,46.41138],[10.01771,46.41136],[10.01774,46.41132],[10.01775,46.4113],[10.01777,46.41127],[10.01778,46.41124],[10.01779,46.41122],[10.01779,46.4112],[10.0178,46.41116],[10.0178,46.41113],[10.0178,46.4111],[10.01779,46.41107],[10.01779,46.41105],[10.01781,46.41102],[10.01782,46.411],[10.01782,46.41098],[10.01783,46.41095],[10.01783,46.41092],[10.01783,46.41089],[10.01784,46.41085],[10.01784,46.41083],[10.01784,46.41078],[10.01784,46.41076],[10.01785,46.41073],[10.01785,46.4107],[10.01785,46.41067],[10.01784,46.41064],[10.01784,46.41062],[10.01784,46.41059],[10.01784,46.41057],[10.01784,46.41055],[10.01784,46.41053],[10.01784,46.41051],[10.01784,46.41049],[10.01786,46.41044],[10.01788,46.4104],[10.01789,46.41038],[10.0179,46.41035],[10.0179,46.41032],[10.01791,46.41029],[10.01792,46.41025],[10.01792,46.41023],[10.01793,46.4102],[10.01794,46.41018],[10.01794,46.41015],[10.01786,46.41011],[10.01785,46.41009],[10.01785,46.41008],[10.01785,46.41006],[10.01786,46.41004],[10.01786,46.41002],[10.01785,46.41001],[10.01786,46.40999],[10.01787,46.40997],[10.01787,46.40995],[10.01787,46.40993],[10.01787,46.4099],[10.01788,46.40988],[10.0179,46.40986],[10.0179,46.40984],[10.0179,46.40982],[10.0179,46.40981],[10.01793,46.40979],[10.01794,46.40978],[10.01794,46.40976],[10.01794,46.40974],[10.01794,46.40972],[10.01794,46.4097],[10.01795,46.40967],[10.01797,46.40966],[10.018,46.40965],[10.01802,46.40963],[10.01802,46.40961],[10.01802,46.40959],[10.01801,46.40957],[10.01799,46.40955],[10.01798,46.40953],[10.01799,46.40952],[10.01799,46.4095],[10.018,46.40948],[10.01801,46.40946],[10.01803,46.40944],[10.01806,46.40942],[10.01808,46.4094],[10.01808,46.40938],[10.01809,46.40936],[10.01811,46.40935],[10.01815,46.40934],[10.01818,46.40933],[10.0182,46.40931],[10.01821,46.40929],[10.01823,46.40927],[10.01823,46.40926],[10.01824,46.40923],[10.01826,46.40922],[10.01829,46.40921],[10.01832,46.4092],[10.01836,46.40919],[10.01838,46.40917],[10.0184,46.40915],[10.01843,46.40912],[10.0185,46.40904],[10.01852,46.40903],[10.01853,46.40901],[10.01853,46.40899],[10.01854,46.40897],[10.01855,46.40896],[10.01856,46.40894],[10.01864,46.40876],[10.01866,46.40873],[10.01867,46.4087],[10.01868,46.40868],[10.01869,46.40866],[10.01869,46.40864],[10.01868,46.40862],[10.01868,46.4086],[10.0187,46.40858],[10.01872,46.40857],[10.01875,46.40854],[10.01877,46.40853],[10.01879,46.40851],[10.01879,46.40849],[10.01879,46.40847],[10.01881,46.40845],[10.01883,46.40843],[10.01886,46.40842],[10.01888,46.40841],[10.01891,46.40839],[10.01893,46.4084],[10.01896,46.40841],[10.019,46.40841],[10.01903,46.40841],[10.01906,46.40842],[10.01909,46.40843],[10.01911,46.40845],[10.01913,46.40846],[10.01915,46.40848],[10.01917,46.4085],[10.0192,46.40851],[10.01922,46.40849],[10.01924,46.40848],[10.01925,46.40846],[10.01927,46.40844],[10.01928,46.40842],[10.0193,46.4084],[10.01933,46.40839],[10.01934,46.40837],[10.01936,46.40834],[10.01937,46.40832],[10.01938,46.4083],[10.01938,46.40828],[10.01942,46.40822],[10.01947,46.40812],[10.0195,46.40803],[10.01948,46.40801],[10.01948,46.40799],[10.01947,46.40797],[10.01947,46.40795],[10.01948,46.40792],[10.0195,46.4079],[10.01951,46.40788],[10.01954,46.40783],[10.01959,46.40765],[10.01956,46.40764],[10.0196,46.40758],[10.0197,46.40743],[10.01973,46.40742],[10.01981,46.40738],[10.01982,46.40738],[10.01987,46.4074],[10.01989,46.40738],[10.02002,46.40744],[10.0201,46.40737],[10.02015,46.40732],[10.02021,46.40727],[10.02027,46.40717],[10.02034,46.40709],[10.02036,46.40707],[10.02038,46.40705],[10.02039,46.40704],[10.02041,46.40702],[10.02044,46.407],[10.02046,46.40699],[10.02049,46.40697],[10.02051,46.40695],[10.02053,46.40694],[10.02057,46.40693],[10.02059,46.40692],[10.0206,46.4069],[10.02062,46.40688],[10.02064,46.40687],[10.02067,46.40685],[10.0207,46.40685],[10.02073,46.40684],[10.02075,46.40684],[10.02077,46.40683],[10.0208,46.40681],[10.02082,46.4068],[10.02083,46.40678],[10.02084,46.40675],[10.02084,46.40673],[10.02084,46.40671],[10.02085,46.4067],[10.02087,46.40668],[10.02088,46.40666],[10.02097,46.40662],[10.021,46.4066],[10.02102,46.4066],[10.02106,46.40659],[10.02108,46.40658],[10.02111,46.40657],[10.02114,46.40656],[10.02116,46.40655],[10.02119,46.40654],[10.02122,46.40653],[10.02126,46.40652],[10.02128,46.40651],[10.02129,46.40649],[10.02132,46.40647],[10.02134,46.40645],[10.02136,46.40643],[10.02138,46.40642],[10.02141,46.40641],[10.02144,46.4064],[10.02145,46.40638],[10.02148,46.40636],[10.02151,46.40635],[10.02154,46.40634],[10.0216,46.40635],[10.02163,46.40633],[10.02166,46.40632],[10.02168,46.40631],[10.02183,46.40623],[10.02184,46.40621],[10.02185,46.40619],[10.02188,46.40617],[10.02191,46.40616],[10.02193,46.40615],[10.02195,46.40613],[10.02196,46.40612],[10.02199,46.4061],[10.02201,46.40608],[10.02203,46.40607],[10.02209,46.40602],[10.0221,46.40601],[10.02212,46.406],[10.02215,46.40598],[10.02217,46.40597],[10.0222,46.40595],[10.02223,46.40593],[10.02225,46.40592],[10.02238,46.40577],[10.0224,46.40576],[10.02243,46.40575],[10.02247,46.40574],[10.0225,46.40574],[10.02253,46.40574],[10.02256,46.40571],[10.02258,46.4057],[10.02261,46.40569],[10.02264,46.40567],[10.02268,46.40566],[10.02272,46.40564],[10.02275,46.40563],[10.0228,46.40562],[10.02282,46.40561],[10.02286,46.4056],[10.02288,46.40558],[10.02291,46.40556],[10.02295,46.40553],[10.02298,46.40551],[10.02306,46.40547],[10.02307,46.40546],[10.0231,46.40544],[10.02313,46.40541],[10.02315,46.4054],[10.02317,46.40539],[10.02319,46.40538],[10.02321,46.40536],[10.02325,46.40534],[10.02328,46.40532],[10.02333,46.40528],[10.02334,46.40526],[10.02336,46.40524],[10.02338,46.40523],[10.02343,46.40521],[10.02345,46.40519],[10.02349,46.40517],[10.02352,46.40516],[10.02355,46.40515],[10.02357,46.40513],[10.02359,46.40512],[10.02361,46.40511],[10.02365,46.40509],[10.02367,46.40508],[10.0237,46.40507],[10.02373,46.40506],[10.02376,46.40506],[10.02379,46.40505],[10.02383,46.40503],[10.02385,46.40502],[10.02388,46.40501],[10.02392,46.405],[10.02395,46.405],[10.02398,46.40499],[10.02402,46.40499],[10.02405,46.40498],[10.0241,46.40498],[10.02413,46.40497],[10.02417,46.40497],[10.02423,46.40496],[10.02425,46.40496],[10.02428,46.40496],[10.02433,46.40495],[10.02436,46.40495],[10.02444,46.40495],[10.02451,46.40497],[10.02458,46.405],[10.02467,46.405],[10.02493,46.40495],[10.02491,46.40492],[10.02502,46.4048],[10.02503,46.40478],[10.02505,46.40477],[10.02508,46.40475],[10.0251,46.40474],[10.02513,46.40472],[10.02515,46.40471],[10.02518,46.4047],[10.02523,46.40469],[10.02526,46.40468],[10.02528,46.40466],[10.02528,46.40464],[10.02528,46.40461],[10.02528,46.40459],[10.02531,46.40457],[10.02535,46.40457],[10.02539,46.40454],[10.02546,46.40446],[10.02553,46.40435],[10.02557,46.4043],[10.02561,46.40428],[10.02565,46.40429],[10.02569,46.40431],[10.0257,46.40433],[10.02574,46.40433],[10.02578,46.4043],[10.0259,46.40422],[10.02594,46.40421],[10.02597,46.40419],[10.026,46.40419],[10.02604,46.40417],[10.02607,46.40416],[10.0261,46.40415],[10.02612,46.40413],[10.02614,46.40412],[10.02616,46.4041],[10.02618,46.40408],[10.0262,46.40406],[10.02623,46.40404],[10.02624,46.40401],[10.02625,46.40398],[10.02628,46.40395],[10.02629,46.40394],[10.02631,46.40392],[10.02633,46.4039],[10.02633,46.40387],[10.02635,46.40385],[10.02637,46.40383],[10.02639,46.40381],[10.02643,46.40379],[10.02645,46.40377],[10.02659,46.40366],[10.0266,46.40364],[10.02663,46.40361],[10.02664,46.40359],[10.02665,46.40356],[10.02664,46.40354],[10.02663,46.40352],[10.02663,46.4035],[10.02663,46.40348],[10.02663,46.40346],[10.02663,46.40344],[10.02666,46.40342],[10.02668,46.4034],[10.02669,46.40338],[10.02671,46.40336],[10.02673,46.40333],[10.02675,46.40331],[10.02677,46.40323],[10.02678,46.40311],[10.02679,46.40307],[10.02679,46.40305],[10.0268,46.40303],[10.02682,46.40301],[10.02686,46.40299],[10.02688,46.40298],[10.02689,46.40297],[10.02691,46.40295],[10.02695,46.40292],[10.02698,46.40292],[10.02703,46.40291],[10.02704,46.40289],[10.02707,46.40287],[10.02711,46.40286],[10.02715,46.40286],[10.02717,46.40284],[10.02717,46.40282],[10.02717,46.40281],[10.02719,46.4028],[10.02722,46.4028],[10.02726,46.4028],[10.02729,46.4028],[10.02734,46.40278],[10.02737,46.40277],[10.02737,46.40275],[10.02736,46.40272],[10.02738,46.40269],[10.02741,46.40268],[10.02742,46.40266],[10.02744,46.40264],[10.02746,46.40263],[10.02749,46.40262],[10.02754,46.4026],[10.02758,46.40259],[10.02762,46.40259],[10.02765,46.40259],[10.02768,46.40258],[10.0277,46.40256],[10.02772,46.40254],[10.02774,46.40252],[10.02775,46.4025],[10.02778,46.40248],[10.0278,46.40246],[10.02784,46.40243],[10.02787,46.40242],[10.02791,46.4024],[10.02794,46.40239],[10.02797,46.40237],[10.02799,46.40236],[10.02802,46.40235],[10.02826,46.40223],[10.02846,46.40209],[10.02864,46.40198],[10.02874,46.4019],[10.02879,46.40184],[10.02881,46.40178],[10.02878,46.40177],[10.02877,46.40174],[10.02879,46.40172],[10.02881,46.4017],[10.02883,46.40168],[10.02886,46.40167],[10.02888,46.40166],[10.0289,46.40165],[10.02894,46.40163],[10.02897,46.40161],[10.02899,46.40159],[10.029,46.40157],[10.02902,46.40154],[10.02911,46.40153],[10.02914,46.40154],[10.02918,46.40154],[10.02924,46.40153],[10.02927,46.40152],[10.02931,46.40151],[10.02938,46.4015],[10.02943,46.40148],[10.02951,46.40144],[10.02954,46.40141],[10.02961,46.40136],[10.0297,46.40133],[10.02977,46.4013],[10.02984,46.40123],[10.02993,46.40118],[10.02997,46.40117],[10.03001,46.40115],[10.03003,46.40115],[10.03006,46.40113],[10.0301,46.40111],[10.03012,46.4011],[10.03015,46.40108],[10.0302,46.40103],[10.0302,46.401],[10.03019,46.40097],[10.03016,46.40096],[10.03014,46.40094],[10.03009,46.40094],[10.03006,46.40094],[10.03002,46.40095],[10.03,46.40097],[10.02997,46.40099],[10.02993,46.40102],[10.02989,46.40103],[10.02987,46.40105],[10.02984,46.40107],[10.02982,46.40109],[10.02976,46.40111],[10.02973,46.40112],[10.0297,46.40112],[10.02967,46.40112],[10.02962,46.40112],[10.02959,46.40112],[10.02954,46.40112],[10.02951,46.40113],[10.02948,46.40113],[10.02947,46.40111],[10.02948,46.40109],[10.02946,46.40107],[10.02945,46.40106],[10.02946,46.40104],[10.02949,46.40103],[10.02953,46.40101],[10.02956,46.401],[10.02959,46.40098],[10.02961,46.40097],[10.02965,46.40096],[10.02969,46.40094],[10.02972,46.40092],[10.02975,46.40091],[10.02968,46.40085],[10.02968,46.40083],[10.0297,46.40081],[10.02973,46.40079],[10.02975,46.40077],[10.02979,46.40076],[10.02979,46.40073],[10.02978,46.4007],[10.02977,46.40068],[10.02979,46.40067],[10.02983,46.40067],[10.02986,46.40067],[10.02988,46.40066],[10.0299,46.40063],[10.0299,46.4006],[10.02991,46.40057],[10.0299,46.40054],[10.02989,46.40051],[10.02987,46.4005],[10.02983,46.40049],[10.02976,46.40052],[10.02973,46.40053],[10.0297,46.40054],[10.02969,46.40055],[10.02966,46.40057],[10.02961,46.40058],[10.02958,46.40058],[10.02955,46.40058],[10.02951,46.40058],[10.02943,46.4006],[10.02943,46.40063],[10.02942,46.40064],[10.02942,46.40067],[10.02941,46.4007],[10.02939,46.40071],[10.02936,46.40074],[10.02934,46.40076],[10.02931,46.40076],[10.0293,46.40074],[10.02932,46.40071],[10.02934,46.40069],[10.02933,46.40067],[10.02933,46.40065],[10.02932,46.40064],[10.02929,46.40064],[10.02925,46.40066],[10.02922,46.40067],[10.02918,46.40067],[10.02915,46.40066],[10.02912,46.40066],[10.0291,46.40064],[10.0291,46.40061],[10.02909,46.40059],[10.02909,46.40057],[10.02909,46.40055],[10.02912,46.40053],[10.02914,46.40052],[10.02917,46.40051],[10.02921,46.4005],[10.02924,46.4005],[10.02926,46.40052],[10.02928,46.40053],[10.02932,46.40054],[10.02941,46.40052],[10.02947,46.40049],[10.02947,46.40048],[10.02945,46.40047],[10.02941,46.40046],[10.02937,46.40045],[10.02933,46.40043],[10.02927,46.40041],[10.02924,46.40038],[10.02924,46.40034],[10.02923,46.40032],[10.02917,46.40032],[10.02914,46.40033],[10.02913,46.40032],[10.02913,46.40028],[10.02912,46.40023],[10.02905,46.40019],[10.02899,46.40018],[10.02887,46.40017],[10.02881,46.40017],[10.02876,46.4002],[10.02872,46.40022],[10.02866,46.40021],[10.02861,46.40019],[10.02859,46.40019],[10.02856,46.40017],[10.02854,46.40017],[10.02851,46.40016],[10.02848,46.40014],[10.02845,46.40012],[10.02844,46.4001],[10.02845,46.40007],[10.02848,46.40005],[10.02847,46.40001],[10.02847,46.39997],[10.0285,46.39993],[10.02855,46.39989],[10.02863,46.39985],[10.02872,46.39984],[10.02876,46.39983],[10.02879,46.39982],[10.02881,46.3998],[10.02885,46.39978],[10.02887,46.39978],[10.02891,46.39978],[10.02893,46.39978],[10.02893,46.3998],[10.02892,46.39983],[10.02893,46.39986],[10.02895,46.39986],[10.02896,46.39985],[10.02897,46.39979],[10.029,46.39974],[10.02902,46.39973],[10.02905,46.39972],[10.02909,46.3997],[10.02912,46.39969],[10.02911,46.39965],[10.02911,46.39963],[10.02911,46.39961],[10.02912,46.39958],[10.02911,46.39955],[10.02909,46.39953],[10.0291,46.39951],[10.02911,46.3995],[10.02911,46.39948],[10.0291,46.39945],[10.02911,46.39943],[10.02911,46.39941],[10.02912,46.39939],[10.02913,46.39937],[10.02916,46.39936],[10.02919,46.39935],[10.02921,46.39933],[10.02922,46.39931],[10.02924,46.39929],[10.02926,46.39928],[10.02928,46.39927],[10.0293,46.39925],[10.02931,46.39923],[10.02933,46.39922],[10.02936,46.39921],[10.02938,46.39922],[10.02941,46.39922],[10.02944,46.39922],[10.02948,46.39922],[10.02952,46.39922],[10.02955,46.39922],[10.02958,46.39922],[10.0296,46.3992],[10.02961,46.3992],[10.02963,46.39918],[10.02966,46.39918],[10.02969,46.39918],[10.02972,46.39918],[10.02975,46.39917],[10.02978,46.39917],[10.0298,46.39919],[10.02981,46.39921],[10.0298,46.39923],[10.02979,46.39924],[10.02978,46.39926],[10.02981,46.39932],[10.02987,46.39936],[10.02992,46.39937],[10.02995,46.39936],[10.02995,46.39934],[10.02997,46.39932],[10.02998,46.39931],[10.03001,46.3993],[10.03004,46.39931],[10.03007,46.39932],[10.03009,46.39933],[10.03011,46.39936],[10.03015,46.39935],[10.03014,46.39934],[10.03015,46.39931],[10.03015,46.39924],[10.0302,46.39923],[10.03028,46.39923],[10.03041,46.39918],[10.03043,46.39917],[10.03046,46.39914],[10.03048,46.39913],[10.0305,46.39912],[10.03065,46.39907],[10.03079,46.39902],[10.03088,46.39898],[10.031,46.39893],[10.03114,46.39887],[10.03126,46.39881],[10.03131,46.39879],[10.03135,46.39876],[10.03138,46.39874],[10.03143,46.39871],[10.03148,46.39868],[10.03152,46.39867],[10.03158,46.39862],[10.03165,46.39856],[10.03169,46.39852],[10.03171,46.39848],[10.03172,46.39846],[10.03195,46.39835],[10.03217,46.39823],[10.03228,46.39814],[10.03232,46.39812],[10.03236,46.39807],[10.03241,46.39802],[10.03244,46.398],[10.03246,46.39797],[10.03248,46.39794],[10.0325,46.39793],[10.03254,46.39793],[10.03259,46.39792],[10.03265,46.39789],[10.03268,46.39786],[10.03272,46.39783],[10.03277,46.3978],[10.03283,46.39777],[10.03287,46.39773],[10.03288,46.3977],[10.03291,46.39763],[10.03291,46.39757],[10.03293,46.39753],[10.03295,46.39745],[10.03296,46.39737],[10.03296,46.39731],[10.03299,46.39725],[10.033,46.39723],[10.03301,46.39721],[10.03302,46.39718],[10.03303,46.39716],[10.03304,46.39715],[10.03304,46.39712],[10.03305,46.3971],[10.03307,46.39708],[10.03308,46.39706],[10.0331,46.39704],[10.03325,46.39693],[10.03333,46.39685],[10.03342,46.39677],[10.03348,46.39671],[10.03356,46.39665],[10.0336,46.39659],[10.03366,46.39653],[10.03369,46.3965],[10.03371,46.39645],[10.03374,46.3964],[10.03376,46.39635],[10.03378,46.39628],[10.03381,46.39619],[10.03382,46.39614],[10.03382,46.39608],[10.03382,46.39602],[10.03379,46.39594],[10.03377,46.39589],[10.03378,46.39586],[10.0338,46.39582],[10.03382,46.39577],[10.03383,46.39569],[10.03386,46.39562],[10.03388,46.39559],[10.03391,46.39554],[10.03391,46.3955],[10.03389,46.39544],[10.03385,46.39536],[10.03381,46.39532],[10.03379,46.39532],[10.03377,46.39533],[10.03372,46.39531],[10.03371,46.3953],[10.03368,46.39529],[10.03366,46.39527],[10.03365,46.39526],[10.03363,46.39524],[10.03362,46.39522],[10.03362,46.39519],[10.03362,46.39517],[10.03361,46.39514],[10.03361,46.39512],[10.03361,46.3951],[10.0336,46.39508],[10.0336,46.39505],[10.0336,46.39503],[10.03357,46.39502],[10.03355,46.39501],[10.03353,46.39499],[10.03351,46.39497],[10.0335,46.39495],[10.03349,46.39493],[10.03347,46.39492],[10.03345,46.39491],[10.03342,46.3949],[10.03339,46.3949],[10.03335,46.3949],[10.03332,46.39489],[10.03329,46.39489],[10.03326,46.39489],[10.03323,46.39489],[10.03319,46.39488],[10.03317,46.39486],[10.03314,46.39485],[10.03312,46.39483],[10.03312,46.39481],[10.03311,46.39479],[10.03312,46.39478],[10.03314,46.39476],[10.03313,46.39474],[10.03313,46.39472],[10.03313,46.3947],[10.03313,46.39468],[10.03312,46.39466],[10.03312,46.39464],[10.03311,46.39462],[10.03308,46.39456],[10.03305,46.39435],[10.03304,46.3942],[10.03304,46.39417],[10.03304,46.39415],[10.03304,46.39413],[10.03304,46.39411],[10.03304,46.39408],[10.03305,46.39406],[10.03305,46.39403],[10.03304,46.39401],[10.03301,46.394],[10.03298,46.394],[10.03294,46.394],[10.03291,46.39401],[10.0329,46.39404],[10.0329,46.39407],[10.03288,46.3941],[10.03286,46.39412],[10.03284,46.39415],[10.03281,46.39416],[10.03279,46.39418],[10.03276,46.39419],[10.03273,46.3942],[10.0327,46.39421],[10.03266,46.39422],[10.03261,46.39423],[10.03256,46.39423],[10.03251,46.39423],[10.03247,46.39424],[10.03244,46.39424],[10.03241,46.39424],[10.03237,46.39425],[10.03234,46.39426],[10.03232,46.39426],[10.03225,46.39425],[10.03223,46.39425],[10.0322,46.39426],[10.03218,46.39427],[10.03214,46.39427],[10.03212,46.39428],[10.03209,46.39428],[10.03205,46.39428],[10.03201,46.39427],[10.03197,46.39426],[10.03192,46.39424],[10.03189,46.39423],[10.03187,46.39422],[10.03183,46.3942],[10.03181,46.39419],[10.03179,46.39417],[10.03176,46.39416],[10.03173,46.39414],[10.0317,46.39413],[10.03167,46.39412],[10.03165,46.39411],[10.03161,46.39409],[10.03159,46.39408],[10.03156,46.39408],[10.03153,46.39406],[10.0315,46.39405],[10.03148,46.39403],[10.0315,46.394],[10.03151,46.39399],[10.03151,46.39396],[10.03151,46.39394],[10.03149,46.3939],[10.03148,46.39388],[10.03148,46.39385],[10.03147,46.39382],[10.03147,46.39379],[10.03147,46.39376],[10.03147,46.39373],[10.03148,46.39371],[10.03149,46.39369],[10.03151,46.39366],[10.03151,46.39363],[10.03151,46.39361],[10.03152,46.39358],[10.03152,46.39356],[10.03152,46.39353],[10.03152,46.39351],[10.03152,46.39348],[10.03152,46.39346],[10.0315,46.39344],[10.03149,46.3934],[10.03149,46.39338],[10.03149,46.39335],[10.03149,46.39332],[10.03149,46.39329],[10.03149,46.39327],[10.03149,46.39324],[10.03149,46.39322],[10.03149,46.3932],[10.0315,46.39317],[10.03151,46.39315],[10.03153,46.39313],[10.03154,46.39311],[10.03156,46.39307],[10.03157,46.39302],[10.03155,46.39295],[10.03152,46.39285],[10.03151,46.39282],[10.03152,46.3928],[10.03154,46.39277],[10.03153,46.39273],[10.03153,46.39268],[10.03106,46.3927],[10.03106,46.39272],[10.03099,46.39272],[10.03098,46.39271],[10.03094,46.39271],[10.03093,46.39272],[10.03079,46.39272],[10.0306,46.3927],[10.03047,46.39269],[10.03031,46.39266],[10.03014,46.39263],[10.02997,46.39259],[10.02982,46.39254],[10.02971,46.3925],[10.02959,46.39245],[10.02948,46.3924],[10.02935,46.39234],[10.02925,46.39227],[10.02921,46.39226],[10.0292,46.39227],[10.02915,46.39225],[10.02915,46.3924],[10.02916,46.39249],[10.02916,46.39258],[10.02916,46.3926],[10.02913,46.39269],[10.02906,46.39281],[10.02899,46.39301],[10.02897,46.39312],[10.02897,46.39315],[10.02897,46.39319],[10.02897,46.39322],[10.02896,46.39323],[10.02895,46.39326],[10.02894,46.39328],[10.02893,46.3933],[10.02892,46.39332],[10.02892,46.39334],[10.02892,46.39336],[10.02892,46.39338],[10.02892,46.39341],[10.02892,46.39343],[10.02893,46.39346],[10.02892,46.39348],[10.02892,46.3935],[10.02889,46.3936],[10.02886,46.39364],[10.02885,46.39366],[10.02884,46.39368],[10.02883,46.3937],[10.02867,46.39393],[10.0286,46.39402],[10.02851,46.39408],[10.02842,46.39412],[10.02836,46.39416],[10.02832,46.39423],[10.0282,46.39436],[10.02817,46.39438],[10.0281,46.39442],[10.02801,46.39445],[10.02793,46.39449],[10.02786,46.39454],[10.02782,46.39459],[10.02781,46.39461],[10.02777,46.39463],[10.02773,46.39466],[10.0277,46.39469],[10.02768,46.39472],[10.02768,46.39474],[10.02768,46.39477],[10.02767,46.39479],[10.02765,46.39481],[10.02761,46.39486],[10.02759,46.39488],[10.02756,46.39491],[10.02753,46.39494],[10.02752,46.39496],[10.02749,46.39501],[10.02727,46.39544],[10.02725,46.39546],[10.02723,46.39548],[10.02722,46.39551],[10.0272,46.39553],[10.02719,46.39555],[10.02719,46.39556],[10.02717,46.39559],[10.0272,46.39583],[10.02726,46.39591],[10.02731,46.396],[10.02732,46.39607],[10.02731,46.39615],[10.02727,46.39627],[10.02725,46.3963],[10.02723,46.39632],[10.02715,46.39641],[10.02707,46.39651],[10.02704,46.39654],[10.02703,46.3966],[10.02703,46.39666],[10.02702,46.39671],[10.02699,46.39676],[10.02696,46.3969],[10.02693,46.39699],[10.02689,46.39706],[10.02684,46.39712],[10.02679,46.39717],[10.02679,46.39721],[10.02679,46.39725],[10.0268,46.39728],[10.0268,46.3973],[10.02677,46.39731],[10.02674,46.39733],[10.02663,46.39738],[10.02661,46.39739],[10.0266,46.39744],[10.0266,46.39747],[10.02659,46.39748],[10.02656,46.3975],[10.02653,46.3975],[10.02646,46.39753],[10.02644,46.39755],[10.02641,46.39757],[10.02638,46.3976],[10.02636,46.39762],[10.02634,46.39764],[10.02632,46.39766],[10.0263,46.39768],[10.0263,46.3977],[10.02632,46.39773],[10.02633,46.39776],[10.02631,46.3978],[10.0263,46.39782],[10.02633,46.39792],[10.02633,46.39793],[10.02629,46.39795],[10.02625,46.39798],[10.02623,46.398],[10.02621,46.39802],[10.02618,46.39805],[10.02616,46.39807],[10.02614,46.39808],[10.02611,46.39813],[10.0261,46.39818],[10.02611,46.39821],[10.02611,46.39825],[10.0261,46.39827],[10.0261,46.39831],[10.02609,46.39834],[10.02608,46.39836],[10.02608,46.39839],[10.02608,46.39842],[10.02608,46.39845],[10.02606,46.39848],[10.02604,46.39851],[10.02602,46.39853],[10.026,46.39857],[10.02596,46.39859],[10.02593,46.39861],[10.0259,46.39862],[10.02582,46.39863],[10.02578,46.39861],[10.02578,46.39859],[10.02581,46.39857],[10.02582,46.39856],[10.0258,46.39854],[10.02576,46.39854],[10.02573,46.39854],[10.02569,46.39854],[10.02564,46.39854],[10.0256,46.39855],[10.02556,46.39855],[10.02551,46.39857],[10.02547,46.39858],[10.02544,46.39858],[10.02539,46.39858],[10.02536,46.39858],[10.02532,46.39858],[10.0253,46.39859],[10.02526,46.3986],[10.02524,46.39861],[10.02521,46.39862],[10.02518,46.39865],[10.02515,46.3987],[10.02514,46.39873],[10.02514,46.39877],[10.02514,46.39879],[10.02515,46.39882],[10.02516,46.39884],[10.02515,46.39887],[10.02517,46.3989],[10.02519,46.39892],[10.02523,46.39894],[10.02525,46.39897],[10.02523,46.399],[10.02522,46.39901],[10.0252,46.39903],[10.02517,46.39905],[10.02514,46.39906],[10.02511,46.39907],[10.02505,46.39908],[10.02498,46.39908],[10.02483,46.39911],[10.02482,46.39912],[10.02479,46.39913],[10.02477,46.39916],[10.02477,46.39919],[10.02479,46.39922],[10.02481,46.39923],[10.02485,46.39922],[10.02488,46.3992],[10.0249,46.39923],[10.02488,46.39925],[10.02489,46.39927],[10.02492,46.39929],[10.02495,46.39931],[10.02494,46.39933],[10.02492,46.39935],[10.0249,46.39936],[10.02487,46.39939],[10.02485,46.39942],[10.02484,46.39944],[10.02483,46.39947],[10.02482,46.3995],[10.02481,46.39952],[10.02479,46.39954],[10.02475,46.39956],[10.02469,46.39957],[10.02463,46.39956],[10.02458,46.39956],[10.02453,46.39956],[10.02449,46.39956],[10.02443,46.39956],[10.02436,46.39956],[10.02431,46.39957],[10.02425,46.39957],[10.02422,46.39957],[10.02418,46.39957],[10.02416,46.39957],[10.02409,46.39956],[10.02407,46.39957],[10.02404,46.39959],[10.02401,46.39959],[10.02397,46.39959],[10.02392,46.3996],[10.02388,46.3996],[10.02381,46.39958],[10.02377,46.39957],[10.02373,46.39957],[10.02369,46.39957],[10.02366,46.39958],[10.02365,46.3996],[10.02364,46.39963],[10.02364,46.39966],[10.02364,46.39968],[10.02361,46.39972],[10.02357,46.39976],[10.02357,46.39978],[10.02366,46.39981],[10.0237,46.39981],[10.02373,46.39983],[10.02374,46.39985],[10.02374,46.39987],[10.02371,46.39991],[10.02366,46.39991],[10.02363,46.3999],[10.02359,46.3999],[10.02354,46.39989],[10.02348,46.3999],[10.02344,46.39992],[10.02343,46.39994],[10.02344,46.39998],[10.0235,46.40002],[10.02352,46.40003],[10.02351,46.40005],[10.02346,46.4001],[10.02344,46.40011],[10.02342,46.40012],[10.02338,46.40014],[10.02335,46.40015],[10.02332,46.40016],[10.02329,46.40017],[10.02325,46.40018],[10.02322,46.40019],[10.02317,46.4002],[10.02314,46.40021],[10.02304,46.40023],[10.02297,46.40022],[10.02291,46.4002],[10.02286,46.40018],[10.02281,46.40018],[10.02276,46.4002],[10.02274,46.40023],[10.02275,46.40026],[10.02279,46.40029],[10.02288,46.40038],[10.02292,46.40039],[10.02295,46.40037],[10.023,46.40035],[10.02302,46.40034],[10.02305,46.40034],[10.02308,46.40033],[10.02313,46.40034],[10.02314,46.40037],[10.02313,46.40041],[10.02309,46.40043],[10.02303,46.40044],[10.02293,46.40048],[10.0229,46.40055],[10.0229,46.40057],[10.0229,46.40059],[10.0229,46.40061],[10.0229,46.40064],[10.02289,46.40067],[10.02288,46.40069],[10.02285,46.40071],[10.02282,46.40073],[10.02279,46.40073],[10.02276,46.40073],[10.02272,46.40073],[10.02269,46.40073],[10.02265,46.40073],[10.02262,46.40073],[10.02258,46.40074],[10.02255,46.40076],[10.02252,46.40077],[10.02251,46.4008],[10.02251,46.40081],[10.02252,46.40083],[10.02254,46.40085],[10.02256,46.40088],[10.02258,46.40091],[10.02262,46.40094],[10.02265,46.40097],[10.02268,46.40098],[10.02269,46.401],[10.02266,46.40102],[10.02264,46.40103],[10.02261,46.40103],[10.02251,46.40102],[10.02248,46.40102],[10.02244,46.40102],[10.02241,46.40102],[10.02236,46.40103],[10.02232,46.40105],[10.02213,46.40111],[10.022,46.40115],[10.02193,46.40118],[10.02191,46.4012],[10.02193,46.40122],[10.02199,46.40122],[10.02216,46.40122],[10.0222,46.40123],[10.02221,46.40125],[10.0222,46.40128],[10.02218,46.4013],[10.02215,46.40132],[10.02213,46.40133],[10.02211,46.40135],[10.02206,46.40135],[10.02202,46.40136],[10.02196,46.40136],[10.02194,46.40136],[10.02191,46.40136],[10.02189,46.40134],[10.02186,46.40132],[10.02182,46.40132],[10.02178,46.40132],[10.02175,46.40132],[10.02172,46.40132],[10.02167,46.40133],[10.02163,46.40134],[10.0216,46.40135],[10.02157,46.40136],[10.02154,46.40136],[10.02152,46.40136],[10.02149,46.40135],[10.02145,46.40134],[10.02139,46.40135],[10.02137,46.40135],[10.02133,46.40136],[10.0213,46.40137],[10.02125,46.40135],[10.02123,46.40134],[10.02118,46.40134],[10.02115,46.40135],[10.02111,46.40136],[10.02105,46.40136],[10.02101,46.40137],[10.02096,46.40137],[10.02091,46.40137],[10.02087,46.40137],[10.02084,46.40137],[10.02081,46.40138],[10.02076,46.40139],[10.02073,46.4014],[10.0207,46.40141],[10.02067,46.40143],[10.02065,46.40144],[10.02061,46.40146],[10.02057,46.40149],[10.02055,46.40152],[10.02052,46.40155],[10.0205,46.40157],[10.02048,46.40159],[10.02045,46.40159],[10.02041,46.4016],[10.02038,46.4016],[10.02035,46.40161],[10.02033,46.40163],[10.02029,46.40166],[10.02026,46.40167],[10.02023,46.40168],[10.02019,46.40168],[10.02016,46.40168],[10.02012,46.40168],[10.0201,46.40167],[10.01996,46.40168],[10.01992,46.40169],[10.01987,46.40169],[10.01984,46.4017],[10.01979,46.40171],[10.01975,46.40172],[10.01969,46.40173],[10.01965,46.40173],[10.0196,46.40174],[10.01933,46.40178],[10.01906,46.40182],[10.01889,46.40185],[10.01875,46.40187],[10.01847,46.40197],[10.01833,46.40202],[10.01828,46.40205],[10.01825,46.40208],[10.01823,46.40213],[10.01822,46.40216],[10.01826,46.40222],[10.01826,46.40226],[10.01824,46.40229],[10.01812,46.40235],[10.018,46.4024],[10.0179,46.40243],[10.01783,46.40246],[10.01778,46.4025],[10.01771,46.40257],[10.01765,46.40264],[10.01757,46.40268],[10.01755,46.4027],[10.01752,46.40275],[10.01748,46.40281],[10.0174,46.40289],[10.01726,46.40296],[10.0172,46.40298],[10.01714,46.40299],[10.0171,46.403],[10.01711,46.40304],[10.01709,46.40307],[10.01703,46.4031],[10.01696,46.40315],[10.01693,46.40318],[10.01693,46.40321],[10.01692,46.40327],[10.01686,46.40333],[10.01677,46.40337],[10.0167,46.40337],[10.01666,46.40339],[10.01661,46.40342],[10.01655,46.40347],[10.0165,46.40351],[10.01647,46.40354],[10.01639,46.40357],[10.01632,46.40359],[10.01622,46.40359],[10.01616,46.40359],[10.01604,46.40359],[10.01598,46.40359],[10.01589,46.40358],[10.01582,46.40358],[10.01574,46.40359],[10.01571,46.40361],[10.0157,46.40367],[10.0157,46.40378],[10.01569,46.40384],[10.01565,46.40392],[10.01561,46.40396],[10.01554,46.40399],[10.01548,46.40403],[10.0154,46.4041],[10.01533,46.40414],[10.01529,46.40415],[10.01527,46.40416],[10.01522,46.40418],[10.0152,46.4042],[10.01515,46.40423],[10.01512,46.40425],[10.01502,46.40433],[10.01497,46.40437],[10.01496,46.4044],[10.01495,46.40444],[10.0149,46.4045],[10.01481,46.40458],[10.01466,46.40469],[10.01455,46.4048],[10.01442,46.40489],[10.0143,46.40495],[10.0142,46.40504],[10.01411,46.40511],[10.01404,46.40518],[10.014,46.4052],[10.01388,46.40523],[10.01385,46.40525],[10.01383,46.40529],[10.01383,46.40534],[10.01382,46.40547],[10.01378,46.40566],[10.01377,46.40567],[10.01375,46.40569],[10.01373,46.40572],[10.01371,46.40575],[10.0137,46.4058],[10.0137,46.40583],[10.01373,46.40586],[10.01376,46.40587],[10.0138,46.40588],[10.01382,46.4059],[10.01386,46.40592],[10.0139,46.40593],[10.01393,46.40594],[10.01396,46.40595],[10.01399,46.40596],[10.01401,46.40597],[10.01405,46.40598],[10.01407,46.40599],[10.01406,46.40601],[10.01402,46.40602],[10.01396,46.40604],[10.01393,46.40605],[10.01389,46.40607],[10.01387,46.40609],[10.01384,46.40611],[10.01381,46.40612],[10.01377,46.40613],[10.01373,46.40613],[10.0137,46.40614],[10.01366,46.40615],[10.01361,46.40615],[10.01358,46.40615],[10.01355,46.40614],[10.01352,46.40613],[10.01348,46.40614],[10.01344,46.40614],[10.01338,46.40616],[10.01333,46.40617],[10.01328,46.40619],[10.01325,46.4062],[10.01322,46.40621],[10.01311,46.40632],[10.01306,46.40634],[10.01303,46.40635],[10.01299,46.40637],[10.01296,46.40638],[10.0129,46.40641],[10.01287,46.40642],[10.01284,46.40644],[10.01284,46.40646],[10.01285,46.40648],[10.01288,46.40649],[10.01294,46.40651],[10.01296,46.40653],[10.01297,46.40655],[10.01293,46.40658],[10.01291,46.40661],[10.01288,46.40664],[10.01282,46.40671],[10.01278,46.40671],[10.01274,46.40669],[10.0127,46.40666],[10.01268,46.40661],[10.01265,46.40653],[10.01262,46.40649],[10.01254,46.40645],[10.01242,46.40642],[10.01231,46.40639],[10.01213,46.40636],[10.01197,46.40635],[10.01177,46.40634],[10.01154,46.40636],[10.0114,46.40637],[10.01133,46.40638],[10.01122,46.40641],[10.01114,46.40645],[10.01111,46.40648],[10.01111,46.40651],[10.01113,46.40656],[10.01117,46.40665],[10.01118,46.40667],[10.01121,46.4067],[10.01126,46.40674],[10.01129,46.40676],[10.01131,46.40678],[10.01135,46.4068],[10.01137,46.40682],[10.01139,46.40684],[10.01141,46.40686],[10.01144,46.4069],[10.01145,46.40693],[10.01145,46.40696],[10.01145,46.40699],[10.01144,46.40701],[10.01145,46.40705],[10.01153,46.40725],[10.01153,46.40728],[10.01151,46.40732],[10.01149,46.40735],[10.01145,46.40748],[10.01145,46.40754],[10.01144,46.4076],[10.01143,46.40763],[10.01142,46.40767],[10.0114,46.40769],[10.01137,46.40773],[10.01134,46.40777],[10.01133,46.40779],[10.01132,46.40781],[10.01129,46.40791],[10.01126,46.408],[10.01125,46.40811],[10.01118,46.4083],[10.0111,46.40846],[10.01108,46.40857],[10.01102,46.40865],[10.01098,46.40872],[10.01095,46.40883],[10.01094,46.40893],[10.01094,46.40901],[10.01094,46.40907],[10.01096,46.40912],[10.011,46.40915],[10.01103,46.40918],[10.01102,46.40923],[10.01099,46.40927],[10.01093,46.4093],[10.01089,46.40932],[10.01088,46.40936],[10.01088,46.40939],[10.01089,46.40944],[10.01088,46.4095],[10.01083,46.40958],[10.01075,46.40967],[10.01067,46.40973],[10.01056,46.40977],[10.01046,46.40982],[10.01038,46.40988],[10.01033,46.40993],[10.01024,46.41002],[10.01019,46.41006],[10.0101,46.41011],[10.01003,46.41013],[10.00993,46.41011],[10.00984,46.41011],[10.00978,46.41012],[10.00973,46.41013],[10.00966,46.41017],[10.00962,46.4102],[10.00957,46.4102],[10.0095,46.41017],[10.00941,46.41013],[10.00936,46.41009],[10.00931,46.41005],[10.00922,46.41001],[10.00917,46.40999],[10.00914,46.40999],[10.00914,46.41002],[10.00917,46.41006],[10.00922,46.4101],[10.00923,46.41014],[10.00919,46.41017],[10.00915,46.41019],[10.00907,46.41032],[10.00904,46.41038],[10.00906,46.41044],[10.00905,46.41047],[10.00903,46.41051],[10.00898,46.41053],[10.00895,46.41053],[10.00894,46.41058],[10.00898,46.41061],[10.00906,46.41063],[10.00915,46.41064],[10.00918,46.41066],[10.00924,46.41071],[10.00925,46.41073],[10.00926,46.41076],[10.00927,46.41078],[10.00927,46.4108],[10.00925,46.41081],[10.00919,46.41078],[10.00915,46.41079],[10.00917,46.41083],[10.00921,46.41091],[10.00922,46.41101],[10.0092,46.41106],[10.00912,46.41107],[10.00904,46.41114],[10.00891,46.41127],[10.0088,46.41136],[10.00875,46.41138],[10.00872,46.41139],[10.00867,46.41139],[10.00863,46.41139],[10.0086,46.41139],[10.00855,46.41139],[10.00852,46.41139],[10.00848,46.41138],[10.00846,46.41137],[10.00843,46.41137],[10.0084,46.41136],[10.00838,46.41134],[10.00828,46.41138],[10.00816,46.41142],[10.00817,46.41145],[10.00819,46.41146],[10.00817,46.41148],[10.00817,46.4115],[10.00819,46.41152],[10.0082,46.41155],[10.0082,46.41157],[10.00819,46.41159],[10.00818,46.41161],[10.00818,46.41163],[10.00818,46.41166],[10.00819,46.41168],[10.00819,46.4117],[10.0082,46.41172],[10.00821,46.41175],[10.00821,46.41177],[10.00822,46.41179],[10.00823,46.41182],[10.00824,46.41183],[10.00828,46.41195],[10.00828,46.41198],[10.00829,46.412],[10.00829,46.41202],[10.00829,46.41204],[10.00831,46.41216],[10.00831,46.41217],[10.00831,46.4122],[10.00832,46.41223],[10.00832,46.41225],[10.00832,46.41227],[10.00832,46.4123],[10.00833,46.41233],[10.00833,46.41236],[10.00831,46.41242],[10.00821,46.41259],[10.00807,46.4128],[10.0079,46.41317],[10.00788,46.41319],[10.00787,46.41322],[10.00788,46.41324],[10.0079,46.41326],[10.00792,46.41327],[10.00794,46.41329],[10.00795,46.4133],[10.00797,46.41331],[10.00798,46.41331],[10.00799,46.41332],[10.00801,46.41333],[10.00802,46.41334],[10.00803,46.41335],[10.00804,46.41336],[10.00805,46.41337],[10.00806,46.41337],[10.00807,46.41339],[10.00808,46.4134],[10.00809,46.41341],[10.00809,46.41342],[10.0081,46.41343],[10.00811,46.41345],[10.00812,46.41346],[10.00812,46.41347],[10.00813,46.41348],[10.00814,46.41349],[10.00815,46.41351],[10.00816,46.41352],[10.00817,46.41353],[10.00818,46.41355],[10.00819,46.41356],[10.0082,46.41357],[10.00821,46.41358],[10.00821,46.41359],[10.00822,46.4136],[10.00823,46.41361],[10.00824,46.41362],[10.00824,46.41363],[10.00825,46.41364],[10.00825,46.41365],[10.00826,46.41366],[10.00827,46.41367],[10.00827,46.41368],[10.00828,46.41369],[10.00828,46.4137],[10.00828,46.41371],[10.00829,46.41372],[10.00829,46.41373],[10.00828,46.41374],[10.00827,46.41375],[10.00826,46.41375],[10.00825,46.41376],[10.00828,46.4138],[10.00853,46.41397],[10.00867,46.41409],[10.00873,46.41414],[10.00888,46.41429],[10.00896,46.41438],[10.00899,46.41443],[10.00902,46.41447],[10.00905,46.41449],[10.0092,46.41455],[10.00932,46.4146],[10.00947,46.41467],[10.00963,46.41476],[10.00979,46.41486],[10.0099,46.41494],[10.00997,46.41499],[10.01003,46.41504],[10.01007,46.41507],[10.0101,46.41511],[10.01011,46.41513],[10.01016,46.41511],[10.01022,46.41509],[10.01027,46.41507],[10.01033,46.41508],[10.01039,46.41508],[10.01047,46.41507],[10.01054,46.41507],[10.01059,46.41505],[10.01061,46.41505],[10.01063,46.41504],[10.01065,46.41503],[10.01067,46.41502],[10.01069,46.41501],[10.01071,46.415],[10.01073,46.41499],[10.01075,46.41498],[10.01076,46.41497],[10.01078,46.41496],[10.0108,46.41495],[10.01081,46.41494],[10.01082,46.41493],[10.01085,46.41491],[10.01089,46.41489],[10.0109,46.41488],[10.01094,46.41485],[10.01099,46.41481],[10.01107,46.4148],[10.01113,46.41482],[10.01119,46.41485],[10.01123,46.41493],[10.01124,46.41497],[10.01126,46.41501],[10.0113,46.41505],[10.01135,46.41509],[10.01138,46.41511],[10.01139,46.41511],[10.01141,46.41512],[10.01142,46.41513],[10.01144,46.41513],[10.01145,46.41514],[10.01147,46.41514],[10.01148,46.41515],[10.0115,46.41516],[10.01151,46.41516],[10.01153,46.41516],[10.01155,46.41517],[10.01156,46.41516],[10.01171,46.41513],[10.01177,46.41511],[10.01189,46.41502],[10.01199,46.41493],[10.01201,46.41489],[10.01202,46.41483],[10.01201,46.41479]]]}},{"type":"Feature","properties":{"key":"mendota","name":"Mendota"},"geometry":{"type":"Polygon","coordinates":[[[-89.4834383595287,43.105920432540245],[-89.48338279044442,43.10592769445894],[-89.48326240030366,43.10589022537523],[-89.48290039350753,43.10571755550302],[-89.48286331599493,43.10574522028535],[-89.48290940187272,43.1058270642619],[-89.48287996771053,43.10586563069986],[-89.48276744680426,43.10585549680822],[-89.48267694593272,43.10581232883505],[-89.48265363814619,43.10575223372553],[-89.48265931020171,43.105620702300975],[-89.48220498749677,43.10527338602678],[-89.4820362432583,43.104989724400035],[-89.48190783408484,43.104913961171434],[-89.48156921862241,43.104806861295096],[-89.4813593163683,43.10479743740737],[-89.48114994321959,43.10482636019892],[-89.48098619774548,43.10490425920696],[-89.48080058437691,43.10502614674839],[-89.48057675692073,43.1050935249641],[-89.48038978125318,43.10511680470375],[-89.48020999393468,43.10511811692114],[-89.47978958191347,43.10505543776815],[-89.4794897849431,43.1050466661186],[-89.4793697011412,43.105031105051026],[-89.4791290022602,43.10496163545623],[-89.47900929599787,43.10497346503135],[-89.4788376028447,43.105018546040256],[-89.47844087453902,43.10504334973888],[-89.47808235454917,43.10512266190141],[-89.47789650824271,43.10522810971985],[-89.47777126896685,43.10538242608377],[-89.47758820925807,43.10569056656616],[-89.47744079531846,43.105866958579014],[-89.47722656106295,43.106087665310326],[-89.47679658519255,43.10641951437099],[-89.47632839411557,43.10669685226566],[-89.47537626548075,43.10719684888161],[-89.47481082275621,43.10748584258634],[-89.47437894673115,43.10768072820622],[-89.47425938264777,43.107703508810395],[-89.47398219834425,43.107705516329034],[-89.47368328994338,43.10776246747676],[-89.47323567512376,43.10790267429839],[-89.47290792221648,43.108042013280425],[-89.47211007333543,43.10832171664601],[-89.47147560957514,43.10849613928349],[-89.4710345793975,43.10857054481606],[-89.47075738992395,43.10857254449565],[-89.4703069242431,43.10850456863935],[-89.46994508897066,43.108342814018684],[-89.46970008272561,43.108194027393104],[-89.4695598098154,43.10811000452194],[-89.46946197239376,43.10807783660996],[-89.46917039956374,43.10812376546942],[-89.46911039318059,43.10811871809229],[-89.46908702352043,43.10805314138718],[-89.4691154974045,43.10794336246221],[-89.46908433794518,43.10785592715352],[-89.46900103668182,43.107790781029706],[-89.46888806759665,43.10774776444876],[-89.46873682122836,43.107644756839775],[-89.4685163626194,43.10741075665362],[-89.46839530674029,43.10732396795043],[-89.46825244818776,43.107286644346274],[-89.46771291610206,43.107279564975435],[-89.46738418744548,43.10734767109733],[-89.46699664124361,43.107498379763584],[-89.46655079788859,43.1077700374342],[-89.46578623192035,43.10829599971231],[-89.46486366215598,43.10877378023359],[-89.4645803897597,43.10887990419141],[-89.46431158200365,43.10894757313531],[-89.46367553318946,43.10900690937294],[-89.46338454476047,43.10909664941958],[-89.46260778157209,43.109277517015826],[-89.46143306612507,43.109395473656086],[-89.46107472009349,43.109491166279575],[-89.46018741409071,43.10980977403244],[-89.46003038168598,43.10983280693025],[-89.4584419838031,43.10983314367301],[-89.45814201920842,43.10981335904027],[-89.45757161705443,43.109740705648825],[-89.45688046532486,43.109603161622736],[-89.45646048898618,43.109573265812934],[-89.45492843815133,43.109304696775105],[-89.45446777811392,43.10920067059836],[-89.4543056017703,43.10923239865724],[-89.45414930235677,43.10931020462938],[-89.45385109917521,43.10942188584581],[-89.4530693717087,43.109794479014795],[-89.45274817696465,43.109867968473345],[-89.45265871529146,43.109901471906944],[-89.45257718345096,43.10996779190412],[-89.45237760935844,43.110171911597924],[-89.45213483783951,43.11050782497474],[-89.4521132391142,43.11057372108654],[-89.45180530175978,43.11107993369871],[-89.45167424490258,43.11136575031252],[-89.45123363420134,43.11203725670028],[-89.45093891480789,43.1124118833158],[-89.45071852954321,43.11274215764549],[-89.45049712207317,43.11299573562551],[-89.45028982000282,43.11318346968207],[-89.45026792772852,43.11322745331954],[-89.45008536112393,43.1134162000149],[-89.44961001218505,43.11390048081591],[-89.44918026712394,43.11426509443758],[-89.44883249549017,43.11459625915352],[-89.4479715274602,43.11521591380787],[-89.44651433503174,43.116080799905305],[-89.44579241738579,43.11645292344185],[-89.44455049794314,43.117168352560306],[-89.44400693401667,43.11742964560113],[-89.44370939619482,43.117596081884095],[-89.44259415599369,43.118261298084086],[-89.44200021857495,43.118681813357306],[-89.44160043751017,43.119051668042474],[-89.44146801738704,43.119238864309544],[-89.44130548178492,43.11941531374106],[-89.44097594011743,43.11999834648621],[-89.44081657167443,43.120415835067014],[-89.44062607459526,43.120745880705364],[-89.44052318879574,43.12089999942804],[-89.44011740414791,43.12138494217842],[-89.43983640659653,43.121671784859565],[-89.43976320128886,43.12180378182893],[-89.43967644984504,43.122045446648166],[-89.43952975054748,43.12228752735351],[-89.43932339062188,43.122551935766204],[-89.43916184695173,43.122805076856444],[-89.43874334300781,43.12329855276145],[-89.43857143460913,43.12349948415446],[-89.43824553081811,43.12379211231313],[-89.43775778177893,43.12431596554025],[-89.4374245921352,43.12462507763794],[-89.43695847035211,43.12501416335547],[-89.4367870555355,43.12520984189185],[-89.43650543529634,43.125648629276036],[-89.43608149690742,43.12609889639857],[-89.4358443616627,43.126471855155444],[-89.43543595401522,43.126998662962684],[-89.43505617768447,43.12733932978931],[-89.43476542511671,43.127553815102736],[-89.43459458563856,43.12776784680457],[-89.43454291041401,43.12787747234012],[-89.43454495773034,43.12816198197213],[-89.43450811437333,43.12824966480101],[-89.4341960136212,43.128622903226024],[-89.43399648761762,43.12901760247088],[-89.4339526195612,43.1291709687062],[-89.43370015520861,43.129500208532534],[-89.43358228076411,43.12978516997878],[-89.43348767542841,43.130179473595796],[-89.43348877573938,43.13033267144403],[-89.4335125956633,43.13051861266558],[-89.43355850852124,43.130649756147434],[-89.43355945073804,43.13078106870198],[-89.43347779170385,43.13089080549817],[-89.43322429645264,43.13107778938731],[-89.4331426364214,43.13118752593298],[-89.4331137550332,43.13134083636114],[-89.43311579566252,43.131625346710294],[-89.4330408897717,43.13176726846208],[-89.43271474688058,43.132141173218166],[-89.43262621722562,43.13233847901795],[-89.43262653063155,43.132382249555576],[-89.43254502444124,43.1325138718024],[-89.43241886019453,43.13268943226358],[-89.43222535532085,43.132881660504204],[-89.43215860239297,43.13298039791587],[-89.43212967852917,43.13312823648744],[-89.43220588518902,43.13330303863171],[-89.43213968083774,43.13347837490367],[-89.43217060193511,43.13360957504104],[-89.43212625635097,43.13369728461901],[-89.43207406299639,43.13373578064235],[-89.43184217668589,43.13380230719097],[-89.43176015863669,43.133862800597804],[-89.43176133156675,43.13402694141512],[-89.43173931534017,43.13409268183645],[-89.43155302589985,43.13424658046487],[-89.43115729242515,43.13446144961371],[-89.43097084429627,43.13459346201075],[-89.43090381432266,43.13465389876062],[-89.43072579681068,43.13491719564095],[-89.43053216260769,43.135093006255296],[-89.43027856303124,43.13526904025306],[-89.42933063764985,43.13583613678598],[-89.42911431613658,43.13598467229689],[-89.42880812174874,43.13614448398823],[-89.42864411083143,43.13627093780425],[-89.42851019894954,43.13641369461192],[-89.4284211826779,43.13654534114294],[-89.42802678264295,43.13695169583943],[-89.4278192273168,43.13728075497467],[-89.42754374380716,43.13754440848406],[-89.42734399071489,43.137917209859246],[-89.4270984852334,43.13818075025547],[-89.42692793713367,43.138444013610794],[-89.42661496401757,43.138707803025675],[-89.42644441237042,43.138971064715314],[-89.42594635102567,43.13956382565062],[-89.42584998267931,43.13971738341296],[-89.42554457175171,43.13999208472535],[-89.42530562199053,43.140124281585344],[-89.42500646987887,43.140223871462545],[-89.42493938937267,43.14027883305634],[-89.42491736353685,43.140344572038394],[-89.4249326640449,43.14038828728808],[-89.42497791011078,43.14042642145348],[-89.42506124984651,43.14045645086465],[-89.42539164432905,43.14075087047341],[-89.42554881547537,43.14097136331272],[-89.4254766684156,43.140993617618896],[-89.42539478855612,43.14107599242695],[-89.42530591283641,43.14122952158001],[-89.42516456286887,43.14138324448868],[-89.4248085914832,43.14193170419413],[-89.4240779476304,43.14250342704941],[-89.42395827378873,43.1425421667367],[-89.42386831613673,43.14254249722844],[-89.42340288523563,43.14245119122679],[-89.42307323424683,43.14247975784891],[-89.42298350779058,43.14251291593719],[-89.42274515411619,43.14273264908725],[-89.42259587660024,43.14282621070321],[-89.42214769593764,43.143057654180346],[-89.4219383301134,43.143135020618466],[-89.42124972066739,43.143290737824664],[-89.41999190353938,43.143525125445315],[-89.41954287069194,43.14363618855956],[-89.41925126488886,43.14374667762877],[-89.41911701103679,43.14384565170399],[-89.41900593019871,43.14404302923465],[-89.4190071969511,43.14422546366084],[-89.41894162153983,43.14431121505461],[-89.41861065853189,43.14433992332419],[-89.41818304571031,43.14429770161597],[-89.4180181200964,43.14429829911826],[-89.41774877052822,43.14437587502577],[-89.41759940576975,43.144458487872754],[-89.41746548684182,43.144606702818386],[-89.41744360268079,43.1446943254677],[-89.41751319354174,43.1450004766196],[-89.41749941133487,43.1451756143425],[-89.41751485901031,43.14524121573281],[-89.41757543825517,43.14532854049322],[-89.41756839651323,43.145394223698936],[-89.4175320887383,43.14544306656933],[-89.41733644936387,43.14546072036021],[-89.41718738374782,43.145587103950504],[-89.41697826752518,43.14570276097888],[-89.41670917474876,43.14581863326204],[-89.41613486203862,43.14624748106454],[-89.41598594278366,43.14639574825013],[-89.41593421836481,43.14650536383944],[-89.41593467177732,43.14657102035533],[-89.41601039496243,43.14668017709089],[-89.41601830662749,43.146740334602846],[-89.41586143667273,43.1468229725698],[-89.41577267936576,43.14699837917724],[-89.4157279615418,43.147036840975076],[-89.41567405499865,43.147058733772006],[-89.414176023543,43.14558961604889],[-89.41313818470898,43.144571755740266],[-89.41332521633859,43.14431520103907],[-89.41336944551777,43.14420561299593],[-89.41336839680453,43.14405241472335],[-89.41329193135266,43.14383382927346],[-89.41281522855509,43.14318990030879],[-89.41268617880834,43.14295508798849],[-89.41229228608346,43.142360104343055],[-89.4119908972337,43.1421368496419],[-89.4111933719532,43.14171291857823],[-89.41078640974729,43.141397021292505],[-89.41015448810776,43.14107097984103],[-89.40960469897743,43.14069539988268],[-89.40942315662505,43.14045529812792],[-89.40936971784659,43.140313229424656],[-89.40933847138233,43.14012731004037],[-89.4093674164858,43.139974005322216],[-89.40936578290376,43.139733266058315],[-89.40930477447215,43.13958028128839],[-89.40922907189021,43.13947112010157],[-89.40921140812839,43.13907723559615],[-89.4091576002002,43.13888045325267],[-89.40907481043041,43.13883150313259],[-89.408429896405,43.13879548664872],[-89.40841460806331,43.13875176925171],[-89.40854946146482,43.13874034859724],[-89.40908924531436,43.138749379706304],[-89.40920858718059,43.13866141357003],[-89.40920829050393,43.138617642213966],[-89.40917815781211,43.13859586330128],[-89.4091181532678,43.13859060438252],[-89.40837579514131,43.1385549325891],[-89.40836803998596,43.138516659740866],[-89.4083903419225,43.13848922384833],[-89.40850274477846,43.138483354810404],[-89.4091026420308,43.1385140587809],[-89.40919248247347,43.138497326167666],[-89.40934908021067,43.13837639822621],[-89.40943086652436,43.138277621270845],[-89.40943758334721,43.13816269654523],[-89.40936997186995,43.13814105020797],[-89.40877757291568,43.13811032064961],[-89.40875452915276,43.138028330467016],[-89.40888934384876,43.13801143786808],[-89.40945925384773,43.13804224708541],[-89.40957120915358,43.13797072039308],[-89.40965307003998,43.13788288633877],[-89.40966776380432,43.137839061749744],[-89.40964486867703,43.13777895697399],[-89.40959970714891,43.13775175985475],[-89.40945710037175,43.137724908079434],[-89.40938900704228,43.13763213452685],[-89.40947776870254,43.13745673261247],[-89.40947713784138,43.137363719247865],[-89.40958181865983,43.13732504787786],[-89.40961135570214,43.13725928484649],[-89.40947450060042,43.13697525296155],[-89.40951049429752,43.13675626625808],[-89.40944214220137,43.136625192889824],[-89.4094187270369,43.13648848927747],[-89.40934284128524,43.136351971351274],[-89.40908628186018,43.1361011926796],[-89.4089652398612,43.135937477174856],[-89.4087079416378,43.135577270556595],[-89.40858634497572,43.13533148431795],[-89.40852597341781,43.1352715115548],[-89.4083346596777,43.134692211456176],[-89.40829570141305,43.1344734894008],[-89.40832405416054,43.13423264381999],[-89.40841266576578,43.134035357371985],[-89.40877623325302,43.13348692151623],[-89.40899218817319,43.13327824043],[-89.40915641786034,43.13317917080088],[-89.40933589629437,43.133118348503054],[-89.40963552124941,43.13308992760604],[-89.40990557416126,43.133121797562254],[-89.40998798537957,43.13311603351486],[-89.41004019194592,43.133077547640546],[-89.41000980154692,43.133017469077764],[-89.40976175246661,43.13291439177347],[-89.40959611382883,43.13280555016047],[-89.40951307204007,43.13271830138876],[-89.40934680367808,43.132516445975206],[-89.40923990428165,43.13222683662859],[-89.40925341000025,43.132007929120604],[-89.40931997596248,43.131876377835844],[-89.4097080873873,43.131634254743894],[-89.40987208738304,43.131502356586715],[-89.40998347283349,43.13134875985065],[-89.41002710502158,43.1311516309101],[-89.4099813920411,43.13104236355454],[-89.40999459753925,43.13077968538012],[-89.40990365411285,43.130632278824315],[-89.40969234523544,43.130419640564206],[-89.40941369602292,43.130223656411864],[-89.40930067896949,43.13013651296844],[-89.40890196480359,43.12991906683213],[-89.40855571847044,43.12970143397253],[-89.40829944883156,43.12948895331197],[-89.40817148177992,43.129407333352894],[-89.40666816609028,43.12876700540041],[-89.40615730748137,43.12858824545962],[-89.4050762674043,43.12832394192962],[-89.40420460982412,43.127987765790486],[-89.40385974578787,43.1279725586278],[-89.40359004809639,43.127989916595745],[-89.40306523990897,43.12796439310319],[-89.40272008424228,43.12790541108198],[-89.40224075515972,43.127956326591345],[-89.40206088399754,43.12795695271567],[-89.4017832904211,43.127914147845836],[-89.40161793434872,43.12784359373747],[-89.40158024203076,43.12781089628945],[-89.40133812194178,43.127467034607946],[-89.40112692642214,43.12726532373658],[-89.40097550791953,43.12703604729465],[-89.40096008231507,43.126970443595894],[-89.40083114905973,43.12674108926286],[-89.40080779296736,43.126609854431166],[-89.40082045630064,43.12625963537649],[-89.40089380026966,43.126018635192146],[-89.40095339188827,43.125963713192675],[-89.4012824906759,43.12586408329893],[-89.40146177454564,43.12577591548643],[-89.4021029003879,43.12526483598494],[-89.40228218010472,43.1251766668538],[-89.40240186987968,43.12514342114419],[-89.40252177849928,43.12514300276871],[-89.40278451726971,43.12520774430845],[-89.40293524403724,43.12533306182018],[-89.40302627257104,43.12549688853424],[-89.40307909817602,43.12555141930719],[-89.40317667155551,43.12557296454072],[-89.4033787266704,43.12552848610403],[-89.40402905003911,43.12527452348459],[-89.40406622804934,43.12523062122168],[-89.40408063082546,43.125143026715776],[-89.4039895797164,43.125001548973856],[-89.40390622322752,43.12489581011175],[-89.40381437429035,43.12474301526193],[-89.40341116469428,43.12426356058168],[-89.40326576325273,43.12402346126075],[-89.40321860308929,43.12384845614472],[-89.40329161535611,43.12369457012502],[-89.4032755285834,43.12360701750081],[-89.40285899243021,43.12325913788552],[-89.4025188350209,43.1230258039383],[-89.40232284010754,43.1229339617959],[-89.40199223859408,43.122864923099044],[-89.40154297805168,43.12289528351685],[-89.40133357418657,43.122929537589165],[-89.40091544946443,43.123052827443054],[-89.40054379160095,43.12329634000414],[-89.40014434567397,43.12371535181087],[-89.39981260918981,43.124155831066886],[-89.39973931509606,43.12428780184032],[-89.39971070946247,43.124397564204294],[-89.39973537867495,43.12457271839963],[-89.39981944995088,43.12470365334605],[-89.400009253376,43.12489963550739],[-89.40015507036529,43.12500275196819],[-89.40034897406248,43.125232632235],[-89.40036439858821,43.12529823692992],[-89.40037290952313,43.125451409166374],[-89.40029236007778,43.12573620512668],[-89.40039844256592,43.12591092494844],[-89.40043016347059,43.126173445918354],[-89.40035685379205,43.1264199173288],[-89.40026775458948,43.126546070364185],[-89.39999944046868,43.12677133127554],[-89.39980541729417,43.12689784769162],[-89.39917739872003,43.12712982342139],[-89.39902757986071,43.127141285039116],[-89.39886255458055,43.12711996903719],[-89.39868963829203,43.127038494005454],[-89.39858402739233,43.12693490087683],[-89.39853869927568,43.12688034261965],[-89.3984091237692,43.126552500562624],[-89.3983485901449,43.126465165643054],[-89.3982582227727,43.126399820346315],[-89.39822078714259,43.12640542079474],[-89.39816137318772,43.1264876981556],[-89.39815618927801,43.12683789049613],[-89.39811237783391,43.127013129585],[-89.39797877543974,43.127210563283384],[-89.39788938278609,43.12729294389706],[-89.39768036420449,43.127419508354016],[-89.3974409333425,43.12748051901226],[-89.39730725570104,43.12766700971191],[-89.39718781041243,43.127738549910234],[-89.39701565069254,43.127771971094695],[-89.39692654265897,43.1278981214453],[-89.39684449720244,43.12795858972044],[-89.39663507855435,43.12802496709408],[-89.39636552256033,43.12806419327605],[-89.39620784683687,43.128020962886225],[-89.39604228271416,43.12791757242887],[-89.39595976955557,43.12790691275326],[-89.39585527468883,43.12797292855908],[-89.39561605638436,43.12806676370977],[-89.39555660144097,43.12814356902472],[-89.3954521416002,43.12821505599363],[-89.3951829065975,43.12830352142726],[-89.39452408982297,43.128415203793516],[-89.39350537991375,43.12850622449598],[-89.39233784111501,43.128761885697685],[-89.39206858182325,43.12879177789622],[-89.39161887766,43.1288463983176],[-89.38994188965417,43.12913659083493],[-89.38853371284321,43.129272652979],[-89.3878149143406,43.12938449839949],[-89.38622664032896,43.12948830717989],[-89.38586737813961,43.12956610932953],[-89.38553788513637,43.12961098099318],[-89.3851782706934,43.1296340665099],[-89.38448874313292,43.12963636471049],[-89.38322141612068,43.129531146986835],[-89.38272619972305,43.129445244648124],[-89.38241093170602,43.129369688332126],[-89.38204295597554,43.129256005412586],[-89.38175739114635,43.129136576687436],[-89.38112568314234,43.12879943107716],[-89.380321465172,43.12844096443778],[-89.38011085450754,43.128321285549625],[-89.379583883006,43.127950958480824],[-89.37928251342167,43.12770026056176],[-89.37895821503814,43.12737850795953],[-89.37852906586559,43.127068040774176],[-89.37843149900918,43.12704647456648],[-89.37823742970025,43.12717295411558],[-89.3781327125333,43.12720612532629],[-89.37810249357364,43.127167923681675],[-89.37821412303909,43.12704171498694],[-89.37824365419488,43.12697048857653],[-89.37822075951972,43.126904906078344],[-89.37797887606203,43.126577409447975],[-89.37765455614242,43.12625018163061],[-89.37694515204052,43.125464606694266],[-89.3766354220991,43.12507167039449],[-89.37657020884396,43.12495370085553],[-89.3762930624751,43.12453841367183],[-89.37615474505975,43.12421645363437],[-89.3760620251298,43.12402489379043],[-89.37607674761821,43.12400288515162],[-89.37599166805703,43.123784282089844],[-89.37598046400572,43.123477548793865],[-89.37599385977595,43.12334597530168],[-89.3760658793053,43.12310445517556],[-89.37622728909056,43.12281853580878],[-89.37644917331747,43.12257605924687],[-89.37662006275679,43.12245443782848],[-89.37676177345294,43.12239874660441],[-89.377239754871,43.12226420683624],[-89.37749286847345,43.12212562249178],[-89.37783424045102,43.121849508095444],[-89.37832348008392,43.1214080861402],[-89.37863070306433,43.121047713477886],[-89.37892420030873,43.120662645264744],[-89.37941590376084,43.1200369059169],[-89.37965275209504,43.11979432676966],[-89.37988104017971,43.11946414371194],[-89.37996106590687,43.119266399181846],[-89.380001493593,43.11889359072935],[-89.38007482339356,43.11876163269779],[-89.38017839150899,43.11865139517052],[-89.38031199743646,43.11854644309701],[-89.3807585703451,43.11829703780622],[-89.381146129798,43.11812471025084],[-89.38135506133703,43.11805214600813],[-89.38162320115049,43.11791893481035],[-89.38184604813279,43.11775862038016],[-89.38200152657903,43.11760421897075],[-89.38207511802543,43.11749417168517],[-89.38215493311883,43.11727999052024],[-89.38224330907626,43.11715341346621],[-89.38298957215936,43.11628846002511],[-89.38332085220478,43.11580420343324],[-89.38339390316924,43.115650330135736],[-89.38348006602051,43.115342970035485],[-89.3834993316698,43.11507986949155],[-89.38347364158305,43.11481705980577],[-89.38338078786757,43.11457659667901],[-89.38314451058342,43.114249398936444],[-89.38203331531574,43.11345118755555],[-89.38168646867038,43.11327262196347],[-89.38111439095384,43.113057151015745],[-89.37997171161888,43.11274672349266],[-89.37967129230931,43.11268838432222],[-89.37937120642202,43.11265743630548],[-89.37892147773186,43.11264388142674],[-89.37832217098025,43.112653195939615],[-89.37787303953735,43.1126889418851],[-89.3776033217439,43.11269066644622],[-89.37736468308752,43.112727325517994],[-89.37619731175718,43.11290783479769],[-89.37541852154814,43.11294567346489],[-89.37509541276768,43.11292837502976],[-89.37484447583151,43.11288507401909],[-89.37454394070325,43.11278239875733],[-89.37403281710581,43.11258212593905],[-89.37379208015017,43.11246276740086],[-89.3730104889164,43.112170626667314],[-89.37282991606374,43.11207836995151],[-89.37233242077109,43.111713833308976],[-89.37150956732467,43.11096211080492],[-89.37128246098602,43.11067849089154],[-89.37082625364827,43.10987043560708],[-89.37058144789978,43.10925849712557],[-89.37032293379843,43.1087998681826],[-89.37014700825827,43.1083627727862],[-89.37002334121067,43.107903557959595],[-89.36992836961738,43.10729096770129],[-89.36988982675126,43.1071597776211],[-89.36956264084843,43.106548194358034],[-89.36940901781992,43.10608910814193],[-89.36933175510967,43.10580483480928],[-89.36931514226939,43.10560787031013],[-89.36917451421793,43.104907906149215],[-89.36905943742792,43.10458000973738],[-89.36889355752778,43.104449370547734],[-89.36875073817403,43.10438978353794],[-89.36869067729765,43.10437362339684],[-89.36842115103038,43.10439120932242],[-89.36830161778751,43.104430038635535],[-89.36819742674284,43.10451258842359],[-89.3681604696082,43.10457295304058],[-89.36814657287493,43.104704371084786],[-89.3680875520695,43.104814091197326],[-89.36798317852292,43.104874747993605],[-89.36787077306678,43.10486975971659],[-89.36769018492143,43.10477202154045],[-89.36764478955936,43.104717485615836],[-89.36745648563719,43.104592414215254],[-89.3673809473973,43.10451611512976],[-89.3673723290386,43.10437932104867],[-89.36745516099018,43.10418394605304],[-89.36757791342694,43.10387489599263],[-89.36770913248186,43.10343647068818],[-89.36781219374183,43.10321709658569],[-89.36789386557302,43.10312917198123],[-89.36799101614145,43.1031013855253],[-89.36806614697976,43.10312842702624],[-89.3683674831419,43.10333510692037],[-89.36848778324956,43.10338931938665],[-89.36860731435367,43.10335048895802],[-89.36870396646411,43.10326249965472],[-89.36880706966109,43.103048597149844],[-89.36891689177345,43.10274162012477],[-89.36907643052585,43.102106034145166],[-89.36935490447935,43.101360467498345],[-89.36948024529835,43.10111910127612],[-89.36984985999955,43.10052638927177],[-89.37020544112566,43.10004867413151],[-89.37025673744289,43.09991162008147],[-89.37042664913189,43.09962627409298],[-89.37057263621709,43.099165887824476],[-89.37060078023528,43.09894683641939],[-89.37056573582325,43.09833398553039],[-89.37070953918288,43.097610893347756],[-89.37072324733029,43.097457582876885],[-89.37070717837634,43.097326294919625],[-89.37060141343719,43.09721728972726],[-89.37053373383613,43.097184744739344],[-89.37018843513856,43.0970931991713],[-89.36967827262316,43.09699142176874],[-89.3695880337579,43.09694802711663],[-89.36952748182281,43.096871664233745],[-89.36948073151915,43.09665293694865],[-89.36946212947642,43.09621515843337],[-89.36947584037267,43.09606184899276],[-89.36951238215838,43.095952225655736],[-89.36983884196309,43.09557862937197],[-89.37009153635876,43.09534218318817],[-89.37023987406555,43.09516639549974],[-89.37025426394955,43.09509518107342],[-89.37021627240127,43.09502966662631],[-89.37021536421618,43.094920206125835],[-89.37002934129845,43.09483176976192],[-89.37010238597831,43.09479267366342],[-89.37012405596694,43.09478107486638],[-89.37020929272848,43.094735453319586],[-89.37034944860225,43.09483205209988],[-89.37058933783784,43.094858375759145],[-89.37091969138262,43.09495545794297],[-89.37130946186484,43.09499207532928],[-89.3717295086275,43.09506687182287],[-89.37198487914176,43.095153331255766],[-89.37215101354926,43.09531680483571],[-89.37216635652811,43.095360524077286],[-89.37216836044871,43.09560133788218],[-89.3721257909581,43.09588613198737],[-89.37212066983942,43.09617076234871],[-89.3721735514949,43.09622526471117],[-89.37224844788695,43.096224938111135],[-89.37229311240716,43.09619190371364],[-89.37232215951217,43.096082312205326],[-89.37230499490994,43.09581967112294],[-89.37231760480559,43.09553500797374],[-89.37235395929974,43.09540349176825],[-89.37241314642601,43.095315661994995],[-89.37241241748772,43.09522809341735],[-89.37223933981947,43.09513032962556],[-89.37205904579139,43.09506543619171],[-89.37175910249132,43.095022957101094],[-89.371128079184,43.09479582802023],[-89.37100765675744,43.09472519984767],[-89.37096231172525,43.09467613770475],[-89.37094669642893,43.0945995804175],[-89.37096040322515,43.09444626982979],[-89.37126346883765,43.09396330676493],[-89.37134548763608,43.093919163297706],[-89.37149518399262,43.09390756513589],[-89.37159953411724,43.09384690577473],[-89.37162871815775,43.09375373289381],[-89.37170270192283,43.09364394610844],[-89.37184399700497,43.093522919669425],[-89.37192610566987,43.09348972263886],[-89.37197853044799,43.093489493490246],[-89.37202373970574,43.09352213585036],[-89.37207698387587,43.09362042212217],[-89.37211447593162,43.0936257327312],[-89.37219649367256,43.093581588644724],[-89.37221110883418,43.09353773929482],[-89.37228545507172,43.093471735969516],[-89.37264352772735,43.09330050378157],[-89.37273321609428,43.09327821934855],[-89.37285304408168,43.09327769649992],[-89.37294314272309,43.09330466918794],[-89.3730936121463,43.093386110960495],[-89.37312356981505,43.09338597971923],[-89.37317567503102,43.09334743959889],[-89.37315928234916,43.09317784054171],[-89.37318124761947,43.09311753884079],[-89.37327783201859,43.09302407194629],[-89.37355329038012,43.092825831623806],[-89.37376102322592,43.09258957319318],[-89.37393779368955,43.09223303931643],[-89.37420191578681,43.09157509421191],[-89.37434237939064,43.09135554998109],[-89.37478024961895,43.090877459243806],[-89.37495719199029,43.09054281555545],[-89.37500778199016,43.09032366380452],[-89.37509224017234,43.090104579918226],[-89.37517771145417,43.08990942124026],[-89.37523551036408,43.089733735815734],[-89.37544740719939,43.08929409034546],[-89.37575586738066,43.088788085461736],[-89.37609295391873,43.08817232359166],[-89.3762548007502,43.087930228085],[-89.3766538452422,43.087483907287265],[-89.37695022478921,43.087219037996284],[-89.37736569719918,43.08689314040566],[-89.37760328814899,43.08672178164024],[-89.378146065591,43.086395067003444],[-89.3785765697005,43.086074546940274],[-89.37902873848492,43.08568814305012],[-89.37968726063772,43.08502647982783],[-89.38055065425458,43.08396903181311],[-89.38075031542688,43.08375955936377],[-89.38099370657054,43.08345118972423],[-89.38138566584239,43.083043247614185],[-89.38165124841323,43.082712819169124],[-89.38179226248194,43.08260781733211],[-89.38197847297283,43.08252443891312],[-89.38220112304305,43.082358645747526],[-89.38230475966266,43.082259362210095],[-89.38250380739814,43.08200058225394],[-89.3830467849241,43.08169575681399],[-89.38329189471571,43.08152981603845],[-89.383917301093,43.08122993399935],[-89.38481207815244,43.080911871624444],[-89.38511053562566,43.08082228463123],[-89.38558851038387,43.08071509899909],[-89.38585620847206,43.080559964621976],[-89.38595315231093,43.08052646514447],[-89.38678293338967,43.08040604068192],[-89.3870898154019,43.080393094981204],[-89.38753108114658,43.080346405021494],[-89.3883155909931,43.08019886902731],[-89.38874107019674,43.08008653323043],[-89.38932224742477,43.07984717305437],[-89.38991165160749,43.07966802201297],[-89.39017946889032,43.079523833514344],[-89.39098891424584,43.078970694890124],[-89.3912270443223,43.07884861151286],[-89.39143576273554,43.07877054942089],[-89.39181663575403,43.078685885611904],[-89.39196551695272,43.07861369180581],[-89.3922995650723,43.0783759287639],[-89.39246321672462,43.0782872013444],[-89.39268683960752,43.07820356099027],[-89.39318676888342,43.07805784960687],[-89.39352121723792,43.07785295219657],[-89.39390889202457,43.07771344949289],[-89.39418417911199,43.07756920287265],[-89.39474386656572,43.07741213601668],[-89.39531049562441,43.077211190536296],[-89.3959975373028,43.07705876159866],[-89.39653570527446,43.07697852854379],[-89.39740319595151,43.07688517215795],[-89.39810463573485,43.076842274864276],[-89.39812671348095,43.07665578891786],[-89.39835114022547,43.07663787591502],[-89.39840403273186,43.076675878364945],[-89.39839287769404,43.07698275923621],[-89.3984086035007,43.077042921033026],[-89.39843869107432,43.07705368071158],[-89.39855849477088,43.07705289215799],[-89.39861056885525,43.07702515598608],[-89.39862349671402,43.07686071006791],[-89.39867550133276,43.07682749579829],[-89.39888509081484,43.07682063658339],[-89.39957573983378,43.07695853320615],[-89.40023534707285,43.07700897093177],[-89.40038558201596,43.07704633087501],[-89.40098747913238,43.077272462411344],[-89.40116766562174,43.07730962331135],[-89.40143750127008,43.07732975629494],[-89.40176696474188,43.07732757907998],[-89.40212679120506,43.07735807187133],[-89.40296549449916,43.07735800134137],[-89.4032053108673,43.077372848825846],[-89.40374525833731,43.077435015893236],[-89.40422557879248,43.07751949129158],[-89.40593487140733,43.077672504213595],[-89.40758495981143,43.07788067263174],[-89.40833547468972,43.07801263809422],[-89.40890649098863,43.0781622325715],[-89.41005754391111,43.0785818851552],[-89.41038257468105,43.0788207754855],[-89.4104729858516,43.0788640003148],[-89.41089293693653,43.0789105005831],[-89.4114623026215,43.07892860447397],[-89.41200143806616,43.078924993293654],[-89.4122707468267,43.078901375472235],[-89.41322780074798,43.0787852821636],[-89.41463498452805,43.0787320001348],[-89.41523318500995,43.07866223294001],[-89.41571143837858,43.078582312216284],[-89.41613062368238,43.07856853193736],[-89.41664099252357,43.07865823053917],[-89.4183259269652,43.079244040006834],[-89.41859605644049,43.07928604392867],[-89.41889557770445,43.079284020067334],[-89.4191647259048,43.07924932804779],[-89.4193147672065,43.0792702281497],[-89.41955557645056,43.07936173692518],[-89.41964564292476,43.079377563354335],[-89.41988526053873,43.079375941773165],[-89.42002711263451,43.07934210886297],[-89.4201088494502,43.07929224764577],[-89.42012270342397,43.07920449453195],[-89.42009197892916,43.07914443621554],[-89.41980455844734,43.07892175510587],[-89.41971330031923,43.078812798230445],[-89.41968859228746,43.078637646725404],[-89.41970993445693,43.078549843376905],[-89.41979789589206,43.07840132255362],[-89.41996129730899,43.07829612140129],[-89.42019999876385,43.078223281684714],[-89.42034947567785,43.07820035505457],[-89.42100036135773,43.07815211492045],[-89.42108972481911,43.07811315783427],[-89.42113408946385,43.07806902755007],[-89.42191612248462,43.0748203250349],[-89.42203170333157,43.07449081742253],[-89.42221579384173,43.07424850466084],[-89.42268991999194,43.073850816965205],[-89.42277221129686,43.07384477914082],[-89.42281014102504,43.07388287225955],[-89.42281056341012,43.073915741529106],[-89.4223294413347,43.07435182839654],[-89.42214528082158,43.074588663277574],[-89.42205880691462,43.07485222894292],[-89.4217880634571,43.07592789350529],[-89.42146883250663,43.07731069472668],[-89.42143617277895,43.077683469057945],[-89.4214769856636,43.07794617018213],[-89.42152268632141,43.07800612554889],[-89.4216359189851,43.078076580698536],[-89.42214593891093,43.07813886448224],[-89.42238653755682,43.07821393224691],[-89.42262762802865,43.07832734770325],[-89.42298993608286,43.0785495132931],[-89.42334581505096,43.078853901808976],[-89.42381655503023,43.07935474111984],[-89.42446094136638,43.07996397083308],[-89.42478631848894,43.0802247336838],[-89.42513501085222,43.080551080385845],[-89.42573251420191,43.08100721849557],[-89.42621741905873,43.08144220726043],[-89.42656061745048,43.081921991239405],[-89.42664497088826,43.08207481965345],[-89.42672268551254,43.082293437177576],[-89.42677072990787,43.08253417250713],[-89.4267755418671,43.08290669180328],[-89.42669795246863,43.08329863973885],[-89.42656240369926,43.08382255343675],[-89.42651968082447,43.083971309650174],[-89.42639591201981,43.08424608969474],[-89.42613812231521,43.08458205061405],[-89.42587072231666,43.08475371467286],[-89.42551295923087,43.08488764319466],[-89.42527487540292,43.085009798063204],[-89.42488736643497,43.08516036400412],[-89.42414032600978,43.08530789705363],[-89.42375846884659,43.08531597386535],[-89.42340515729006,43.08521428093031],[-89.4232853364981,43.08521509539945],[-89.4230163047857,43.08526075393688],[-89.42206055627973,43.085486393073545],[-89.4212843226905,43.08569437125923],[-89.4201517753991,43.08615129841637],[-89.41988399983542,43.08629555714468],[-89.4194828951604,43.086555770692655],[-89.41925291186917,43.08672716597451],[-89.41905302334007,43.08690931507062],[-89.41881540782329,43.08706980357428],[-89.41866639753164,43.08713107617529],[-89.41845733684576,43.08718179672212],[-89.41798041886712,43.08737129391756],[-89.41759392822556,43.087604007449215],[-89.41750018243181,43.08763671702161],[-89.41705604311856,43.087711731055215],[-89.4167279916715,43.0878289954958],[-89.41605039382011,43.088140367899456],[-89.41567921800414,43.08840036593966],[-89.41547252112207,43.08863734091929],[-89.4152748460798,43.08899478708527],[-89.4149358492261,43.08942988382204],[-89.41492226458772,43.0895395491866],[-89.41499876140915,43.089665044693035],[-89.41505902428278,43.08969203342354],[-89.41530568332412,43.08965202357346],[-89.41582763252244,43.08946771391486],[-89.41609585021337,43.089356334080584],[-89.41643063297064,43.089178760262726],[-89.41688342326644,43.088857944094876],[-89.41721666279821,43.08855984726671],[-89.41766776583447,43.0881075502381],[-89.41797153028375,43.087848000711894],[-89.41814993783858,43.08774270126674],[-89.41898465039851,43.08741929663188],[-89.4195219667621,43.08726773771598],[-89.41985078288046,43.0872107264554],[-89.42068842821323,43.0871173945634],[-89.42170622751088,43.08705570720338],[-89.42254513481359,43.08706097108414],[-89.42296494081981,43.08709099141476],[-89.42335507302532,43.087143126246964],[-89.42380547025182,43.087222244797],[-89.42440635587283,43.087355123398176],[-89.4251582944645,43.0875855858637],[-89.42551268278937,43.087769446865096],[-89.42604949757177,43.08816025267803],[-89.42668573135356,43.08870926085392],[-89.4270108098038,43.088942625264885],[-89.42745812854804,43.08936142998162],[-89.42762423864333,43.08946438935191],[-89.4278287168168,43.0896383108846],[-89.42858956458186,43.09055352921226],[-89.42894866405423,43.0910989423119],[-89.42906271000567,43.09122965043001],[-89.42960848905271,43.09172995232832],[-89.43004885339015,43.092187145952984],[-89.43031404616234,43.09242091215779],[-89.43049536208666,43.09254019958625],[-89.43064600818172,43.09260491023233],[-89.43079615823737,43.092631273487754],[-89.43148378253368,43.09251697777268],[-89.43163364635218,43.09252142775035],[-89.43187402766212,43.09257456269128],[-89.43203131134207,43.09257348124761],[-89.43209843242171,43.09255110578523],[-89.43228403503961,43.09242381928131],[-89.43274282898227,43.09199332373047],[-89.43295817278911,43.09184939568367],[-89.43316688212035,43.09177125669464],[-89.43355512448885,43.09167544523675],[-89.43382424917003,43.09163524013654],[-89.43418246110959,43.09153415506315],[-89.43439116660457,43.09145601381586],[-89.435137257432,43.09123171897663],[-89.43563661995289,43.09104199543264],[-89.43615052838703,43.09081929603021],[-89.43621736050916,43.09077500505303],[-89.43655287915304,43.09065763239978],[-89.43688047860292,43.090507441888086],[-89.43775071053786,43.090041206815336],[-89.43839747083065,43.089669652079905],[-89.43906726611802,43.089341764275034],[-89.4392183528866,43.08928921907251],[-89.43952195373566,43.089174247655365],[-89.43981144384321,43.08897500404237],[-89.43993091086364,43.08894678117528],[-89.44014824211311,43.08895622914344],[-89.44023782461754,43.08893369223073],[-89.44145294098163,43.08849790410846],[-89.44259589286887,43.08827079811049],[-89.44285692845241,43.08818679811868],[-89.44325262350985,43.088090900806385],[-89.44424462128332,43.087777171031554],[-89.44490774460827,43.08751503887905],[-89.44537672831925,43.08729809071329],[-89.44631519310573,43.08690253575989],[-89.44731181365938,43.08637507517287],[-89.44771388779883,43.086196936804555],[-89.44818357863784,43.08603475925014],[-89.44833219120517,43.08594605687404],[-89.44883655755014,43.08557544106176],[-89.44942351217088,43.085220679147255],[-89.44981757470102,43.08500423825915],[-89.4500477573996,43.084854694077045],[-89.4507769102511,43.08449344594448],[-89.45130466325273,43.08419387761904],[-89.4523805019819,43.08343570748707],[-89.45282630390199,43.08316958220424],[-89.4532726876916,43.08294728134908],[-89.45372045796755,43.08282906526224],[-89.45398849855314,43.082712109756],[-89.4544353932355,43.08252815968673],[-89.45497808924542,43.082228468134794],[-89.4556948444425,43.08206451034136],[-89.45600054555757,43.08196372739197],[-89.4565516711993,43.081735192079485],[-89.45729748858226,43.08150527322695],[-89.45756692016856,43.0814924030339],[-89.45921036195881,43.08118487088059],[-89.4599884011372,43.08112454519469],[-89.46068495302701,43.08113054056629],[-89.46088684013307,43.08110718663779],[-89.46109584589865,43.08105638731718],[-89.46127438131177,43.080967454150866],[-89.46142348074163,43.0809170817806],[-89.46154329182623,43.08091622732236],[-89.46193341771585,43.080968230643435],[-89.46238278398921,43.08097050025361],[-89.4631011333676,43.08092701655231],[-89.46358037899228,43.080923589145385],[-89.46409046565809,43.080985684503055],[-89.46514222779626,43.08123017340128],[-89.46595437528268,43.08147637299208],[-89.4664961316262,43.08166424136878],[-89.46694810637815,43.081858230179904],[-89.46724987061843,43.08202042485431],[-89.46755066841428,43.082111402312854],[-89.4676405290776,43.082110756006166],[-89.46787125278442,43.08200500088715],[-89.46890619831845,43.0814349913785],[-89.46920915958924,43.08126122131886],[-89.46924570555475,43.08119521265397],[-89.46925919012273,43.0810855410466],[-89.46930344821779,43.081035912988845],[-89.46942251480584,43.080980268000644],[-89.469542176046,43.08096844816656],[-89.46968497438415,43.08100577091172],[-89.46983682794225,43.081158080737744],[-89.46986138233041,43.08131130901881],[-89.46975915847747,43.08150380216544],[-89.46956692521157,43.081685986110536],[-89.46944815723378,43.081763544334],[-89.46917977214879,43.08185313698457],[-89.46873114422411,43.08190567630919],[-89.46843317610674,43.082022874063135],[-89.46834398629947,43.082072824323944],[-89.46822558847235,43.08217777239924],[-89.46818184957083,43.08226574725221],[-89.46818281834284,43.08233696367286],[-89.46822849247886,43.08239142255049],[-89.46846998306171,43.08252665407307],[-89.46862034809426,43.082569401837034],[-89.46922299838371,43.08282804235203],[-89.46926807912878,43.082838675551145],[-89.46946083860237,43.0826948393952],[-89.46963441441648,43.08279220659894],[-89.46968743093767,43.082835654369795],[-89.46956910827049,43.08294608187097],[-89.4696302093269,43.08303330139903],[-89.47073487917926,43.08385810609351],[-89.47107575039867,43.084140540556696],[-89.4716901057305,43.08470589404979],[-89.4718422728142,43.08488011427041],[-89.47222419054027,43.085425229309976],[-89.47234850291188,43.08575305521738],[-89.47240152001564,43.08634437687209],[-89.47232775461255,43.08642709100174],[-89.47221624456593,43.08648816325642],[-89.47212757587198,43.086576464512326],[-89.4721210592659,43.08664773546834],[-89.47216674129963,43.08670219277413],[-89.47225750634111,43.08676728118762],[-89.4724608304805,43.086847992449016],[-89.47251385124531,43.08689143980345],[-89.47271275752603,43.08719681128298],[-89.47289526466201,43.0873982044221],[-89.47313775970234,43.08760464248003],[-89.47356089216905,43.08787551746279],[-89.47377186006166,43.08796712869125],[-89.47419199700805,43.088018872501586],[-89.47440274196553,43.08809404755213],[-89.47506748805218,43.08850561358482],[-89.47524827864956,43.08858100445508],[-89.47560850804207,43.08863317791769],[-89.47577394589852,43.08868128651935],[-89.47597091849099,43.088844218810905],[-89.4761219812308,43.08893626003938],[-89.4763324293916,43.08898951938708],[-89.47659830271103,43.08909837883526],[-89.4769351014089,43.089242641464544],[-89.47744986605917,43.08963884702205],[-89.47769102876936,43.089746668074895],[-89.47831761513942,43.090103704349694],[-89.4786504639715,43.09034234520813],[-89.47896107334411,43.09059758435877],[-89.47911161469668,43.090651274485545],[-89.47920163825118,43.0906615761391],[-89.47941103920273,43.09063813463046],[-89.47956899625562,43.09068629104889],[-89.4799319607029,43.09093566661534],[-89.48032034580147,43.09139852627378],[-89.48115591300922,43.09224163136428],[-89.48124790715673,43.09239436395062],[-89.48135730130114,43.092722290382845],[-89.48166354861283,43.09320218225517],[-89.48182673775372,43.0936283316635],[-89.48191010912655,43.09369894571496],[-89.48212111074605,43.0937905416313],[-89.48221121491392,43.09380631897092],[-89.48237583766921,43.093794157003856],[-89.48255430427868,43.093699711933226],[-89.48295480830637,43.093411885388896],[-89.48313418225335,43.0933831785079],[-89.4832539419787,43.09337682251119],[-89.48343422535088,43.09341385336758],[-89.48353968893804,43.093456910958174],[-89.48364568323923,43.09353831558761],[-89.48368434598119,43.09362569186415],[-89.483671111027,43.09375180004855],[-89.48348599170166,43.093906561485404],[-89.48324798803208,43.094028837205556],[-89.48297873415608,43.094058203483605],[-89.48264789511178,43.093967485695046],[-89.4824681404289,43.09396880163229],[-89.48228876446906,43.093997507455846],[-89.48216983626757,43.09406412260564],[-89.48212610987667,43.09415210267122],[-89.48220555301134,43.094480246539256],[-89.4824567007318,43.09511335758992],[-89.4827477307969,43.09576926504972],[-89.48298153025942,43.096425003183725],[-89.48321776064863,43.09725604406869],[-89.4834111807447,43.09824080212533],[-89.48349579557201,43.098941462612984],[-89.4835003480379,43.09927015424142],[-89.48352464087614,43.09940146631056],[-89.4835282708473,43.10128612963268],[-89.48356855341409,43.102030944156695],[-89.4835467854902,43.10262280849966],[-89.48343451955472,43.10317150539854],[-89.48337671649423,43.10332533363702],[-89.48329259067803,43.10374233461432],[-89.48323478671203,43.103896162761096],[-89.48297155668865,43.10436378416727],[-89.48275076801413,43.10465029482152],[-89.48238189600693,43.10506389949409],[-89.48235375044338,43.10519559489938],[-89.48245999104299,43.10529343552879],[-89.48305581273696,43.10557944901925],[-89.48337370684995,43.105812707719224],[-89.48344178923807,43.105874289813556],[-89.4834383595287,43.105920432540245]]]}},{"type":"Feature","properties":{"key":"venice","name":"Venice"},"geometry":{"type":"Polygon","coordinates":[[[12.756423,45.218499],[12.223871,45.218753],[12.223702,45.219078],[12.222496,45.21891],[12.221838,45.218714],[12.221232,45.218674],[12.22065,45.218646],[12.220156,45.218544],[12.21766,45.21877],[12.217631,45.219242],[12.217813,45.219532],[12.218154,45.219669],[12.218564,45.219798],[12.218985,45.219994],[12.219384,45.220355],[12.21978,45.220806],[12.220367,45.221146],[12.221044,45.22124],[12.221472,45.221122],[12.221673,45.220897],[12.221874,45.220504],[12.221977,45.220299],[12.222207,45.220209],[12.222627,45.220309],[12.223172,45.220526],[12.223686,45.220609],[12.224208,45.220521],[12.224853,45.220377],[12.225653,45.220206],[12.226575,45.220052],[12.227256,45.21992],[12.227649,45.219903],[12.227869,45.220041],[12.228092,45.220293],[12.228456,45.220557],[12.22883,45.220756],[12.229051,45.220988],[12.22903,45.221278],[12.228725,45.221484],[12.228206,45.221596],[12.227711,45.221703],[12.227347,45.221874],[12.227125,45.222298],[12.22696,45.223012],[12.226743,45.223702],[12.226806,45.224466],[12.227018,45.224854],[12.22703,45.225212],[12.226761,45.225406],[12.226276,45.225401],[12.22578,45.225267],[12.22526,45.225111],[12.224563,45.224943],[12.22369,45.224796],[12.223008,45.22468],[12.222493,45.224688],[12.221917,45.22482],[12.221159,45.224974],[12.220345,45.225083],[12.219471,45.225016],[12.218717,45.224778],[12.218151,45.224546],[12.217633,45.224347],[12.217067,45.224228],[12.216552,45.22427],[12.216154,45.224611],[12.215929,45.225088],[12.215777,45.225345],[12.215657,45.225309],[12.21558,45.225109],[12.214524,45.22427],[12.213902,45.224464],[12.213446,45.224735],[12.21315,45.224987],[12.212731,45.225111],[12.212045,45.225074],[12.211319,45.224966],[12.21066,45.224993],[12.21029,45.225253],[12.2104,45.225698],[12.210769,45.226277],[12.210821,45.226857],[12.210662,45.22741],[12.210934,45.227792],[12.211543,45.228035],[12.211932,45.228412],[12.211896,45.229038],[12.211533,45.229647],[12.21109,45.230137],[12.210542,45.230605],[12.210506,45.233397],[12.210758,45.233683],[12.210958,45.233969],[12.21115,45.234243],[12.211316,45.23447],[12.211524,45.234617],[12.211769,45.234722],[12.211954,45.234862],[12.212097,45.235013],[12.212345,45.235057],[12.212773,45.234987],[12.213261,45.235],[12.213534,45.235253],[12.213533,45.235739],[12.213415,45.236239],[12.213436,45.236691],[12.213578,45.237037],[12.213508,45.237275],[12.212934,45.237416],[12.211909,45.237516],[12.211036,45.237654],[12.210483,45.237847],[12.210348,45.238137],[12.210881,45.238427],[12.211943,45.238627],[12.21275,45.23899],[12.213002,45.239297],[12.213376,45.239568],[12.213794,45.239751],[12.214206,45.2399],[12.214635,45.240028],[12.215132,45.240167],[12.215693,45.240298],[12.216189,45.240441],[12.216613,45.240585],[12.217007,45.240763],[12.221344,45.24078],[12.22177,45.240598],[12.222199,45.240412],[12.222582,45.240141],[12.222836,45.239791],[12.223031,45.239353],[12.223189,45.238894],[12.22341,45.238671],[12.223726,45.238702],[12.22404,45.238842],[12.224257,45.23909],[12.224408,45.239452],[12.224607,45.239812],[12.224903,45.24013],[12.225399,45.24039],[12.22595,45.24057],[12.22628,45.240783],[12.226286,45.241063],[12.225946,45.241302],[12.225313,45.241564],[12.224649,45.241952],[12.224151,45.242336],[12.223634,45.242636],[12.223052,45.242833],[12.222502,45.243016],[12.221772,45.243005],[12.22161,45.243223],[12.221375,45.24346],[12.220969,45.24365],[12.220497,45.243753],[12.220122,45.243953],[12.220028,45.24429],[12.22019,45.24481],[12.2205,45.245474],[12.221007,45.245975],[12.221614,45.24623],[12.222152,45.246335],[12.222605,45.246258],[12.222964,45.246009],[12.223182,45.245749],[12.223395,45.245577],[12.223705,45.245461],[12.224115,45.245315],[12.224633,45.245123],[12.225245,45.244856],[12.225805,45.244596],[12.226178,45.244292],[12.226158,45.243974],[12.22571,45.243698],[12.225029,45.243516],[12.224557,45.243383],[12.224905,45.242934],[12.225506,45.24259],[12.226293,45.242345],[12.226938,45.242056],[12.227372,45.241697],[12.227704,45.241297],[12.227777,45.240947],[12.22761,45.240644],[12.227386,45.240343],[12.227185,45.240011],[12.227152,45.239688],[12.227316,45.239489],[12.227581,45.239321],[12.227831,45.238946],[12.228094,45.238299],[12.22843,45.237702],[12.228716,45.237334],[12.229069,45.237152],[12.229566,45.237042],[12.23004,45.236937],[12.230396,45.236924],[12.230616,45.237049],[12.230783,45.237284],[12.231001,45.237564],[12.231007,45.238011],[12.230755,45.238919],[12.230552,45.239923],[12.230348,45.240607],[12.230161,45.241004],[12.229957,45.241336],[12.229768,45.241702],[12.229561,45.24203],[12.229364,45.242305],[12.229144,45.242563],[12.228948,45.24289],[12.228797,45.243436],[12.228808,45.244269],[12.228931,45.245185],[12.228943,45.246166],[12.228804,45.246939],[12.228647,45.247533],[12.22848,45.247923],[12.228238,45.24816],[12.227606,45.248315],[12.226415,45.248492],[12.225034,45.24876],[12.223665,45.249016],[12.222656,45.249221],[12.221964,45.249275],[12.220742,45.249125],[12.220831,45.249738],[12.221185,45.250374],[12.221565,45.250863],[12.22205,45.25108],[12.222718,45.251077],[12.223305,45.251008],[12.223745,45.251031],[12.224066,45.25112],[12.224296,45.251304],[12.224539,45.251619],[12.224873,45.252008],[12.225167,45.252312],[12.22552,45.25248],[12.225959,45.252575],[12.226264,45.252706],[12.22634,45.252883],[12.226174,45.253041],[12.225682,45.253165],[12.224679,45.253263],[12.223194,45.253253],[12.221884,45.253167],[12.220828,45.25316],[12.220139,45.253257],[12.219663,45.25336],[12.219642,45.253447],[12.21935,45.253853],[12.218983,45.254311],[12.218689,45.254763],[12.218443,45.255179],[12.218244,45.255686],[12.218084,45.256441],[12.218084,45.257491],[12.218244,45.258462],[12.218444,45.259367],[12.218692,45.260149],[12.218986,45.260943],[12.219345,45.261668],[12.219614,45.262235],[12.219847,45.262527],[12.220087,45.262646],[12.220276,45.262764],[12.220458,45.262919],[12.220783,45.263045],[12.221224,45.263149],[12.221462,45.263338],[12.2213,45.263665],[12.220778,45.264017],[12.220222,45.264144],[12.219726,45.264067],[12.219104,45.263967],[12.218327,45.263739],[12.217373,45.263457],[12.216409,45.263049],[12.215637,45.262635],[12.215048,45.262188],[12.214712,45.261861],[12.214484,45.261804],[12.214324,45.262119],[12.214313,45.2628],[12.214212,45.263708],[12.213897,45.264328],[12.213537,45.264583],[12.21324,45.264742],[12.212952,45.265003],[12.212669,45.265391],[12.212682,45.265829],[12.212996,45.266318],[12.213297,45.266807],[12.213488,45.267254],[12.213516,45.267687],[12.21353,45.268038],[12.213781,45.268237],[12.214178,45.268231],[12.21461,45.268155],[12.215618,45.267598],[12.217031,45.267481],[12.21815,45.267356],[12.219043,45.267327],[12.21952,45.267444],[12.219722,45.267697],[12.219913,45.26807],[12.220185,45.268543],[12.220575,45.269012],[12.220899,45.2694],[12.221096,45.269762],[12.220991,45.270146],[12.220493,45.270501],[12.21976,45.270905],[12.219097,45.271575],[12.218731,45.272355],[12.218475,45.27282],[12.218135,45.273008],[12.21768,45.273116],[12.217217,45.273206],[12.216933,45.273337],[12.216711,45.273508],[12.216206,45.273671],[12.215274,45.273873],[12.214234,45.274191],[12.213036,45.274274],[12.212244,45.274833],[12.208653,45.274855],[12.208283,45.275012],[12.207969,45.275156],[12.207742,45.275395],[12.207511,45.275761],[12.207147,45.276096],[12.20673,45.276302],[12.206325,45.27645],[12.205932,45.276572],[12.205476,45.276712],[12.204988,45.276935],[12.204319,45.277207],[12.203641,45.277426],[12.203109,45.277578],[12.202746,45.277602],[12.202578,45.277474],[12.202624,45.277214],[12.202829,45.27686],[12.203058,45.276459],[12.203258,45.276114],[12.203281,45.275816],[12.203062,45.275493],[12.202598,45.275064],[12.201852,45.274557],[12.201108,45.274168],[12.200591,45.273824],[12.200426,45.273346],[12.200253,45.272915],[12.200224,45.272548],[12.200406,45.272358],[12.200752,45.272363],[12.201148,45.272489],[12.201481,45.272632],[12.201686,45.27281],[12.201817,45.273016],[12.20202,45.273137],[12.202356,45.273052],[12.202767,45.2727],[12.203216,45.272185],[12.2038,45.271696],[12.204351,45.271366],[12.204774,45.271078],[12.205035,45.270802],[12.205245,45.270525],[12.205432,45.270208],[12.205642,45.269787],[12.205811,45.269275],[12.2059,45.268854],[12.205826,45.268535],[12.205712,45.268258],[12.205043,45.26775],[12.205124,45.267402],[12.205024,45.267],[12.204779,45.266595],[12.2044,45.266464],[12.204025,45.266849],[12.20364,45.267542],[12.202848,45.268059],[12.201506,45.268466],[12.200301,45.268975],[12.199507,45.269427],[12.198671,45.269727],[12.197683,45.269804],[12.197044,45.269689],[12.19676,45.269445],[12.196706,45.269093],[12.197028,45.268584],[12.197679,45.267959],[12.198189,45.267522],[12.198623,45.267306],[12.199142,45.267151],[12.199602,45.266909],[12.199891,45.26662],[12.200092,45.266328],[12.200219,45.26604],[12.20033,45.26602],[12.20093,45.265706],[12.201547,45.265225],[12.202045,45.264668],[12.202407,45.264157],[12.202343,45.263764],[12.201716,45.263479],[12.200777,45.263304],[12.200024,45.263171],[12.199468,45.263082],[12.197497,45.264624],[12.197471,45.264066],[12.197616,45.263379],[12.197935,45.262794],[12.198199,45.262445],[12.198441,45.262283],[12.19875,45.262183],[12.199153,45.262034],[12.199708,45.261835],[12.200477,45.261622],[12.201318,45.261578],[12.201975,45.261647],[12.202461,45.261557],[12.2028,45.261135],[12.202901,45.260503],[12.202833,45.259951],[12.199151,45.260014],[12.198796,45.259863],[12.198492,45.259741],[12.198315,45.25961],[12.19824,45.259555],[12.197881,45.259235],[12.197255,45.258854],[12.196578,45.258587],[12.196036,45.258395],[12.195566,45.258248],[12.195029,45.258143],[12.19441,45.258219],[12.193972,45.258541],[12.194015,45.25898],[12.194608,45.259352],[12.195469,45.259624],[12.196067,45.259926],[12.196055,45.260245],[12.195377,45.260474],[12.194309,45.260461],[12.193409,45.260251],[12.192888,45.260056],[12.192625,45.259851],[12.192394,45.259551],[12.192068,45.25916],[12.191793,45.258772],[12.191467,45.25868],[12.190398,45.258577],[12.189601,45.258438],[12.188942,45.258302],[12.188259,45.258164],[12.187419,45.258062],[12.185183,45.256268],[12.18508,45.255291],[12.184874,45.254758],[12.18454,45.254559],[12.184135,45.254494],[12.183723,45.254591],[12.183365,45.254859],[12.183075,45.255136],[12.1826,45.255259],[12.18182,45.255122],[12.181085,45.254745],[12.180674,45.254352],[12.180455,45.254035],[12.180292,45.2538],[12.179999,45.253652],[12.179531,45.253544],[12.179054,45.253413],[12.17858,45.253279],[12.177984,45.253126],[12.177875,45.311994],[12.178074,45.311622],[12.178131,45.311224],[12.180128,45.309588],[12.18031,45.309438],[12.180324,45.309379],[12.180425,45.308937],[12.180651,45.308631],[12.181004,45.308432],[12.181363,45.308188],[12.181599,45.307945],[12.181713,45.307894],[12.181826,45.307773],[12.182149,45.307664],[12.182297,45.307827],[12.182574,45.307604],[12.183085,45.307656],[12.183595,45.307778],[12.18387,45.30801],[12.183846,45.308364],[12.183646,45.30869],[12.183432,45.309047],[12.183429,45.309351],[12.183806,45.309577],[12.184391,45.309625],[12.184465,45.309618],[12.18487,45.309578],[12.185114,45.309631],[12.185123,45.309787],[12.184926,45.309942],[12.184559,45.310068],[12.18405,45.310198],[12.183419,45.310295],[12.182438,45.310982],[12.182207,45.311293],[12.181855,45.311554],[12.181427,45.311688],[12.180866,45.311736],[12.180029,45.311813],[12.178941,45.312156],[12.178722,45.316255],[12.178462,45.316513],[12.178315,45.316805],[12.178334,45.317214],[12.178539,45.317824],[12.178613,45.318523],[12.178522,45.319035],[12.178508,45.319374],[12.178664,45.319656],[12.178927,45.319939],[12.179323,45.320202],[12.179756,45.320384],[12.180173,45.320535],[12.180574,45.320664],[12.180969,45.320805],[12.181366,45.320939],[12.181767,45.321084],[12.182169,45.321212],[12.182551,45.321338],[12.182871,45.321447],[12.18311,45.321617],[12.183362,45.321913],[12.183721,45.322309],[12.184074,45.322706],[12.184481,45.3231],[12.185042,45.323214],[12.185918,45.323731],[12.18663,45.324095],[12.187235,45.324382],[12.187718,45.324565],[12.188105,45.324699],[12.188416,45.324814],[12.188671,45.325009],[12.188992,45.325329],[12.189446,45.325639],[12.189776,45.325681],[12.189968,45.32551],[12.190185,45.325356],[12.190462,45.325414],[12.190655,45.325814],[12.190599,45.326461],[12.190167,45.326918],[12.189432,45.327206],[12.188839,45.32754],[12.188683,45.327865],[12.189009,45.327952],[12.189775,45.327751],[12.190745,45.327424],[12.191553,45.326992],[12.192057,45.326567],[12.192248,45.326416],[12.192933,45.326496],[12.193329,45.326631],[12.193598,45.3268],[12.194093,45.326937],[12.194841,45.327081],[12.195331,45.327362],[12.195438,45.32777],[12.195271,45.328057],[12.194923,45.328213],[12.194382,45.328358],[12.1935,45.328537],[12.192203,45.32878],[12.190831,45.329016],[12.19037,45.329354],[12.190846,45.329807],[12.191513,45.330124],[12.192058,45.330317],[12.192497,45.330439],[12.192874,45.330557],[12.193153,45.330668],[12.193274,45.330834],[12.193338,45.331084],[12.193598,45.331345],[12.193978,45.331532],[12.194574,45.332003],[12.194688,45.332312],[12.194888,45.332443],[12.195151,45.332455],[12.195378,45.332595],[12.19555,45.332917],[12.19568,45.333266],[12.195664,45.333565],[12.19558,45.333798],[12.195699,45.333968],[12.196098,45.334149],[12.196659,45.334397],[12.197173,45.334598],[12.197603,45.334764],[12.197992,45.334896],[12.198384,45.335033],[12.198817,45.335153],[12.199324,45.335283],[12.199845,45.335437],[12.200154,45.335718],[12.200153,45.336122],[12.199811,45.336434],[12.199172,45.336709],[12.198507,45.337087],[12.198038,45.337481],[12.196368,45.338837],[12.195784,45.33958],[12.195025,45.340332],[12.19435,45.340966],[12.193719,45.341535],[12.193234,45.342006],[12.192785,45.342437],[12.192395,45.342854],[12.192053,45.343308],[12.191972,45.34377],[12.192146,45.344257],[12.192378,45.344921],[12.192534,45.345868],[12.192379,45.347089],[12.191878,45.347968],[12.191314,45.348349],[12.19075,45.3485],[12.190142,45.348588],[12.189561,45.348698],[12.189065,45.348808],[12.188782,45.348952],[12.188609,45.34913],[12.188285,45.349294],[12.187692,45.349477],[12.187011,45.349734],[12.186468,45.349986],[12.186163,45.350276],[12.186133,45.350583],[12.186312,45.351562],[12.186308,45.351562],[12.186202,45.351663],[12.18602,45.352045],[12.186015,45.352485],[12.18618,45.352971],[12.18638,45.353492],[12.186589,45.353903],[12.186772,45.354237],[12.187,45.354615],[12.187325,45.355094],[12.187845,45.355547],[12.188476,45.355814],[12.189402,45.355968],[12.190742,45.356078],[12.192117,45.356255],[12.193539,45.356574],[12.194642,45.357075],[12.195205,45.357524],[12.195535,45.357889],[12.195771,45.361347],[12.196607,45.36208],[12.196935,45.362571],[12.196845,45.362885],[12.196635,45.363168],[12.196357,45.363534],[12.195954,45.364012],[12.195313,45.364466],[12.194636,45.364744],[12.19407,45.364941],[12.193487,45.365138],[12.192737,45.365349],[12.191931,45.365407],[12.191319,45.365338],[12.190832,45.365328],[12.190267,45.365429],[12.189536,45.365565],[12.188766,45.365719],[12.187864,45.365861],[12.186764,45.36602],[12.185402,45.366171],[12.184213,45.366305],[12.183265,45.36631],[12.182768,45.366116],[12.182575,45.365753],[12.182609,45.3656],[12.181919,45.365304],[12.181152,45.364905],[12.180451,45.364501],[12.179791,45.364015],[12.179129,45.363514],[12.17828,45.363138],[12.180583,45.369112],[12.18127,45.368498],[12.181976,45.367923],[12.182941,45.367429],[12.18391,45.367284],[12.184543,45.367483],[12.18484,45.367852],[12.185068,45.368361],[12.185408,45.368996],[12.185966,45.369495],[12.186524,45.369606],[12.186955,45.369381],[12.187205,45.369028],[12.187379,45.368645],[12.187535,45.368282],[12.187845,45.368047],[12.188429,45.367908],[12.189216,45.3678],[12.190068,45.367789],[12.190568,45.367895],[12.190776,45.368055],[12.191006,45.368217],[12.191429,45.368498],[12.191964,45.369103],[12.192378,45.369969],[12.191814,45.370221],[12.190481,45.370301],[12.189523,45.370437],[12.188837,45.37066],[12.188419,45.371076],[12.188348,45.371617],[12.188539,45.372067],[12.188844,45.372406],[12.189252,45.372655],[12.189611,45.372802],[12.189792,45.372952],[12.189807,45.373191],[12.189842,45.373528],[12.190093,45.373933],[12.190374,45.374318],[12.190597,45.374693],[12.190638,45.375039],[12.190464,45.375216],[12.190127,45.375201],[12.189698,45.375114],[12.18919,45.375165],[12.188612,45.375382],[12.188062,45.375591],[12.186045,45.37706],[12.185489,45.377849],[12.184806,45.378636],[12.184268,45.379199],[12.183665,45.379466],[12.182846,45.379575],[12.182187,45.379668],[12.181784,45.379761],[12.181548,45.379931],[12.181314,45.380237],[12.180966,45.380643],[12.180619,45.381022],[12.180214,45.381319],[12.179767,45.381504],[12.179251,45.38164],[12.178631,45.381729],[12.177676,45.387134],[12.177853,45.387499],[12.178107,45.38795],[12.178609,45.388355],[12.179363,45.388596],[12.180264,45.38855],[12.181142,45.387966],[12.18181,45.387064],[12.182486,45.386138],[12.186581,45.386241],[12.187196,45.386576],[12.187698,45.386799],[12.188116,45.386962],[12.188504,45.38707],[12.18889,45.387125],[12.189277,45.387096],[12.18967,45.387096],[12.190094,45.387124],[12.190593,45.387066],[12.191159,45.386958],[12.19167,45.386808],[12.192119,45.386623],[12.192522,45.386336],[12.192876,45.385965],[12.19328,45.385532],[12.193659,45.385101],[12.194035,45.38469],[12.194299,45.384383],[12.194546,45.384197],[12.194858,45.384082],[12.195167,45.384032],[12.195391,45.384179],[12.195568,45.384518],[12.195796,45.384901],[12.195915,45.385154],[12.195449,45.385258],[12.194901,45.385444],[12.19443,45.385842],[12.194132,45.386409],[12.193891,45.386986],[12.193679,45.387566],[12.193524,45.388068],[12.193653,45.388513],[12.1942,45.388845],[12.194972,45.389036],[12.195606,45.38918],[12.196069,45.389309],[12.19646,45.389465],[12.196849,45.389616],[12.197258,45.389725],[12.197679,45.38965],[12.198045,45.389343],[12.198276,45.388967],[12.198503,45.388715],[12.19882,45.388568],[12.199203,45.388431],[12.199607,45.38832],[12.200011,45.388261],[12.200412,45.388313],[12.200819,45.388299],[12.200904,45.388942],[12.201001,45.389635],[12.201261,45.389981],[12.201855,45.389861],[12.202798,45.389439],[12.203748,45.389112],[12.204353,45.389103],[12.204589,45.389676],[12.204547,45.390734],[12.204332,45.391546],[12.204043,45.391988],[12.203642,45.39217],[12.203213,45.392122],[12.202804,45.391975],[12.202418,45.391783],[12.202026,45.391612],[12.201561,45.391529],[12.200928,45.391739],[12.200169,45.392306],[12.199592,45.392946],[12.1992,45.393477],[12.199113,45.393851],[12.199259,45.394137],[12.199431,45.3944],[12.199147,45.394742],[12.199571,45.395162],[12.199824,45.395462],[12.200055,45.395626],[12.200467,45.395726],[12.201187,45.395855],[12.202122,45.396027],[12.202751,45.396294],[12.20287,45.396613],[12.202732,45.396978],[12.202788,45.397389],[12.203281,45.397775],[12.204121,45.398169],[12.204992,45.398672],[12.205492,45.399095],[12.205648,45.399407],[12.2055,45.399698],[12.205177,45.400077],[12.204748,45.400612],[12.204453,45.401204],[12.204417,45.401664],[12.204804,45.40199],[12.205506,45.402234],[12.206325,45.402485],[12.207162,45.402676],[12.207777,45.402859],[12.208511,45.402937],[12.208892,45.403087],[12.208911,45.403322],[12.208732,45.403579],[12.208532,45.403786],[12.208273,45.403927],[12.207913,45.404145],[12.207542,45.404696],[12.207279,45.405608],[12.209116,45.407059],[12.209582,45.407143],[12.210103,45.407264],[12.210636,45.407419],[12.210951,45.407702],[12.210895,45.408106],[12.210347,45.408424],[12.209366,45.408715],[12.208477,45.409122],[12.20794,45.40951],[12.20759,45.409731],[12.207435,45.409634],[12.207491,45.409284],[12.207624,45.408893],[12.207552,45.408574],[12.207198,45.408432],[12.206795,45.408561],[12.206524,45.408783],[12.206265,45.408969],[12.205916,45.409186],[12.205549,45.409588],[12.205284,45.410117],[12.205065,45.410552],[12.204869,45.410875],[12.204624,45.411152],[12.204692,45.413641],[12.203964,45.413723],[12.203156,45.413831],[12.202622,45.414055],[12.202369,45.414397],[12.20232,45.414695],[12.202654,45.414876],[12.203374,45.414988],[12.204174,45.415106],[12.204886,45.415216],[12.205258,45.415358],[12.205403,45.415535],[12.205682,45.415702],[12.206422,45.415899],[12.207778,45.416176],[12.209597,45.416419],[12.211136,45.416578],[12.212309,45.416473],[12.212888,45.415911],[12.21308,45.415005],[12.213225,45.414426],[12.213432,45.414294],[12.213651,45.414454],[12.213937,45.414798],[12.214392,45.415255],[12.214507,45.417289],[12.214735,45.41757],[12.215033,45.41781],[12.215664,45.417945],[12.2166,45.417938],[12.217196,45.417804],[12.217313,45.41761],[12.217101,45.417451],[12.216716,45.417334],[12.216291,45.417218],[12.215936,45.417125],[12.215753,45.416988],[12.21579,45.41672],[12.215991,45.416241],[12.216204,45.41553],[12.216364,45.414748],[12.21635,45.413935],[12.216239,45.413353],[12.216303,45.412976],[12.216615,45.412736],[12.216961,45.41269],[12.217212,45.412832],[12.217475,45.413097],[12.217946,45.413373],[12.218588,45.413567],[12.219365,45.41288],[12.21907,45.411697],[12.218675,45.410831],[12.218295,45.410224],[12.217923,45.40978],[12.217669,45.409491],[12.217402,45.409303],[12.216974,45.409113],[12.216406,45.408894],[12.215874,45.408858],[12.215463,45.409075],[12.215211,45.409477],[12.21499,45.4101],[12.214721,45.410867],[12.214314,45.411303],[12.2139,45.411251],[12.213618,45.410932],[12.213393,45.410467],[12.213202,45.409872],[12.212996,45.409231],[12.212837,45.408564],[12.212759,45.408077],[12.212808,45.40775],[12.212788,45.407483],[12.212622,45.407226],[12.212422,45.406894],[12.212913,45.406928],[12.213549,45.407027],[12.214216,45.407026],[12.214728,45.406538],[12.215084,45.405694],[12.215497,45.405141],[12.216015,45.40501],[12.216597,45.404946],[12.217095,45.404732],[12.217519,45.404434],[12.218103,45.404163],[12.218777,45.403973],[12.219209,45.403747],[12.219428,45.403417],[12.219607,45.403077],[12.21977,45.402723],[12.219951,45.402282],[12.220126,45.401791],[12.220387,45.401519],[12.22076,45.401606],[12.221071,45.402093],[12.221054,45.40283],[12.220742,45.403481],[12.220428,45.403976],[12.220116,45.404075],[12.219803,45.404474],[12.219499,45.405026],[12.219497,45.40582],[12.219818,45.406896],[12.220206,45.40813],[12.220631,45.408891],[12.220984,45.409082],[12.221191,45.408959],[12.221326,45.408749],[12.221571,45.408547],[12.222016,45.408236],[12.222535,45.407651],[12.222873,45.406979],[12.223138,45.406564],[12.223497,45.406369],[12.223981,45.40626],[12.224488,45.406299],[12.224774,45.406575],[12.22478,45.407042],[12.22461,45.407455],[12.224414,45.407771],[12.224151,45.408079],[12.223732,45.408497],[12.223043,45.409074],[12.222791,45.410019],[12.223214,45.410122],[12.223711,45.410231],[12.224186,45.410375],[12.224692,45.410512],[12.225393,45.410628],[12.226285,45.410658],[12.226991,45.410646],[12.227489,45.410667],[12.227893,45.410552],[12.228219,45.410178],[12.228431,45.409692],[12.228726,45.409374],[12.229311,45.409215],[12.230273,45.409088],[12.231637,45.408969],[12.233025,45.408829],[12.234494,45.408695],[12.235859,45.40855],[12.237264,45.408415],[12.238519,45.408271],[12.239798,45.408139],[12.241054,45.407995],[12.242393,45.407853],[12.24351,45.407675],[12.245263,45.407557],[12.245964,45.407406],[12.246648,45.407419],[12.247022,45.407687],[12.247042,45.408159],[12.246849,45.408586],[12.246612,45.408915],[12.246329,45.4092],[12.246265,45.411729],[12.246042,45.411987],[12.245824,45.412162],[12.245446,45.412177],[12.244869,45.412136],[12.244424,45.412353],[12.244532,45.412767],[12.245392,45.413092],[12.246701,45.413102],[12.247618,45.412806],[12.248009,45.412424],[12.248241,45.412157],[12.248548,45.411959],[12.248881,45.41171],[12.24911,45.411471],[12.249323,45.411306],[12.249605,45.411185],[12.249983,45.411043],[12.250577,45.410901],[12.251602,45.410775],[12.252903,45.410768],[12.253544,45.410915],[12.253422,45.411135],[12.253018,45.411297],[12.252618,45.411425],[12.252838,45.412408],[12.253764,45.412984],[12.254402,45.413321],[12.25484,45.413471],[12.255303,45.413451],[12.255989,45.413309],[12.256882,45.413144],[12.257568,45.412993],[12.257973,45.412956],[12.258212,45.413096],[12.258462,45.413443],[12.258826,45.413988],[12.259129,45.414587],[12.259311,45.415046],[12.259231,45.415374],[12.258886,45.415611],[12.258505,45.415763],[12.258229,45.415976],[12.258042,45.416371],[12.257923,45.416945],[12.258034,45.41767],[12.25837,45.418283],[12.258674,45.418689],[12.258911,45.418978],[12.259062,45.419235],[12.259846,45.419938],[12.259686,45.420659],[12.259471,45.421147],[12.25927,45.4215],[12.259143,45.421917],[12.259255,45.422493],[12.259549,45.42309],[12.259667,45.423627],[12.259545,45.42413],[12.259332,45.42466],[12.25905,45.425135],[12.259001,45.431524],[12.258211,45.43176],[12.257494,45.432003],[12.257095,45.432444],[12.256929,45.43309],[12.256746,45.433527],[12.256414,45.433722],[12.255933,45.433809],[12.255367,45.433793],[12.254861,45.433747],[12.254399,45.43382],[12.253894,45.434004],[12.253345,45.434263],[12.252924,45.43446],[12.252692,45.434631],[12.252555,45.434806],[12.25237,45.43494],[12.252129,45.435041],[12.251938,45.435179],[12.251798,45.435356],[12.251592,45.435504],[12.251269,45.435621],[12.250879,45.435756],[12.250472,45.435896],[12.250065,45.436074],[12.24964,45.436163],[12.24899,45.43652],[12.248358,45.436808],[12.247651,45.437101],[12.246904,45.437366],[12.24623,45.437635],[12.245684,45.437834],[12.245139,45.438012],[12.244494,45.43821],[12.243866,45.438463],[12.243389,45.438669],[12.242969,45.438862],[12.242339,45.439068],[12.241194,45.43928],[12.239629,45.439333],[12.238277,45.439273],[12.237123,45.439329],[12.236226,45.439588],[12.23549,45.439945],[12.234773,45.440364],[12.234213,45.440641],[12.233761,45.440748],[12.233257,45.440665],[12.232595,45.440447],[12.231839,45.440097],[12.230615,45.440036],[12.230443,45.439796],[12.23023,45.439532],[12.229938,45.43934],[12.229704,45.439365],[12.229514,45.439537],[12.229214,45.439682],[12.228807,45.439695],[12.228523,45.439573],[12.228366,45.439384],[12.228149,45.439214],[12.22774,45.439043],[12.227142,45.438822],[12.22645,45.438594],[12.225688,45.438272],[12.224996,45.438029],[12.224254,45.437861],[12.223443,45.437705],[12.222947,45.437421],[12.222732,45.437016],[12.222548,45.436736],[12.222317,45.436597],[12.222126,45.436463],[12.221998,45.436285],[12.221871,45.436101],[12.219473,45.436111],[12.219377,45.435886],[12.219259,45.435675],[12.218974,45.435601],[12.218411,45.435812],[12.217695,45.436299],[12.217218,45.436753],[12.216954,45.437096],[12.216821,45.437385],[12.218637,45.438599],[12.219449,45.438714],[12.220365,45.43883],[12.221362,45.438841],[12.221943,45.438714],[12.222151,45.438518],[12.222324,45.438388],[12.222695,45.438396],[12.22337,45.438517],[12.224273,45.438661],[12.225019,45.438836],[12.225613,45.439043],[12.226154,45.439296],[12.226541,45.439485],[12.226744,45.439652],[12.226905,45.439827],[12.227281,45.439966],[12.227966,45.440078],[12.228773,45.440227],[12.229711,45.440425],[12.230695,45.440699],[12.231686,45.440968],[12.232582,45.441262],[12.2334,45.44155],[12.234188,45.441906],[12.236033,45.441954],[12.237062,45.441764],[12.238184,45.441568],[12.23894,45.441295],[12.239257,45.440993],[12.239413,45.440712],[12.239643,45.440481],[12.240276,45.440308],[12.241365,45.440125],[12.242328,45.439878],[12.242947,45.439677],[12.243367,45.439512],[12.243736,45.439379],[12.244113,45.439238],[12.2445,45.439109],[12.244886,45.438969],[12.245272,45.43884],[12.245687,45.438681],[12.246207,45.43848],[12.246892,45.438203],[12.247654,45.437929],[12.24837,45.437629],[12.24899,45.437357],[12.249578,45.437085],[12.25011,45.436883],[12.25047,45.436689],[12.25088,45.436593],[12.251271,45.436466],[12.251592,45.436347],[12.251791,45.436196],[12.251919,45.436015],[12.252104,45.435867],[12.252396,45.435748],[12.25277,45.435612],[12.253283,45.43548],[12.254097,45.435335],[12.2552,45.435204],[12.256097,45.435067],[12.256691,45.434943],[12.256975,45.434781],[12.257102,45.434589],[12.257294,45.434476],[12.257655,45.434533],[12.25814,45.434752],[12.2581,45.442809],[12.257941,45.44351],[12.257958,45.444378],[12.258109,45.445269],[12.25815,45.446139],[12.257938,45.446661],[12.257472,45.446973],[12.256915,45.44733],[12.256545,45.447676],[12.256322,45.447968],[12.256175,45.448195],[12.255942,45.448364],[12.255523,45.448544],[12.254977,45.448789],[12.254483,45.448995],[12.254044,45.449184],[12.253555,45.449369],[12.252913,45.449538],[12.252108,45.449572],[12.251185,45.44959],[12.250516,45.449667],[12.250136,45.449762],[12.24988,45.449957],[12.249468,45.450373],[12.248715,45.451024],[12.248115,45.451141],[12.247965,45.451358],[12.247716,45.45162],[12.247214,45.451902],[12.246518,45.452159],[12.245831,45.452432],[12.245298,45.452639],[12.244877,45.452804],[12.24449,45.452915],[12.244101,45.452966],[12.243702,45.452928],[12.243302,45.45293],[12.242925,45.453019],[12.24261,45.453135],[12.242356,45.45333],[12.242026,45.453654],[12.241503,45.454031],[12.240989,45.454284],[12.240534,45.454468],[12.240044,45.454667],[12.239438,45.454968],[12.23872,45.455318],[12.237871,45.455685],[12.237093,45.455826],[12.236464,45.455756],[12.23622,45.455563],[12.235668,45.455436],[12.235032,45.455428],[12.234341,45.455529],[12.233649,45.455647],[12.233212,45.455803],[12.232997,45.45603],[12.232909,45.456329],[12.233049,45.456729],[12.233459,45.457232],[12.234227,45.457668],[12.235103,45.457813],[12.235764,45.457708],[12.236223,45.457496],[12.236563,45.457209],[12.236854,45.456954],[12.23737,45.456795],[12.238189,45.456686],[12.238922,45.456527],[12.239528,45.456271],[12.240053,45.455891],[12.240391,45.455569],[12.240733,45.455382],[12.241215,45.455259],[12.241728,45.455109],[12.242131,45.455043],[12.242838,45.454643],[12.243551,45.454272],[12.244299,45.453877],[12.244887,45.453631],[12.245322,45.45355],[12.245693,45.453602],[12.24606,45.453609],[12.246496,45.453472],[12.247116,45.453199],[12.247968,45.452798],[12.248826,45.452453],[12.24956,45.452142],[12.250172,45.451877],[12.250794,45.451572],[12.251476,45.451233],[12.252248,45.450822],[12.25294,45.450482],[12.253545,45.450191],[12.254033,45.449991],[12.254475,45.44981],[12.254967,45.449606],[12.255511,45.449373],[12.255957,45.449268],[12.256291,45.449288],[12.256306,45.449648],[12.256844,45.450117],[12.257273,45.45059],[12.257635,45.451136],[12.257743,45.451661],[12.257592,45.451961],[12.25733,45.452092],[12.257122,45.452217],[12.256956,45.452381],[12.256663,45.452525],[12.256172,45.452639],[12.255592,45.452766],[12.254903,45.452889],[12.254055,45.453059],[12.253048,45.453318],[12.252296,45.453721],[12.251924,45.454115],[12.251512,45.454419],[12.250972,45.454598],[12.250483,45.454723],[12.250114,45.45482],[12.249856,45.454982],[12.249634,45.455284],[12.249448,45.455716],[12.249492,45.456186],[12.250007,45.456185],[12.250599,45.455978],[12.251264,45.455767],[12.251891,45.455516],[12.252369,45.455313],[12.252828,45.455094],[12.253567,45.4548],[12.254829,45.454456],[12.2563,45.454381],[12.257206,45.454651],[12.257407,45.455088],[12.257216,45.455521],[12.261656,45.458752],[12.262297,45.458444],[12.262604,45.45821],[12.262922,45.457846],[12.263475,45.457301],[12.264123,45.45672],[12.264887,45.456184],[12.265509,45.455874],[12.265995,45.45568],[12.2665,45.455443],[12.267091,45.455024],[12.267713,45.454498],[12.268479,45.453947],[12.269182,45.453549],[12.269825,45.453229],[12.270464,45.452968],[12.271233,45.452707],[12.272078,45.452513],[12.272826,45.452336],[12.273538,45.452138],[12.274189,45.451883],[12.274702,45.451668],[12.275133,45.451459],[12.275237,45.451612],[12.275368,45.452066],[12.27558,45.452503],[12.27589,45.452991],[12.276366,45.453521],[12.438229,45.458251],[12.437946,45.457708],[12.437599,45.457244],[12.437338,45.456941],[12.437082,45.456771],[12.436744,45.456614],[12.43637,45.45635],[12.436005,45.456036],[12.435506,45.455757],[12.434912,45.455574],[12.43438,45.455417],[12.433921,45.45524],[12.43354,45.454975],[12.43329,45.454678],[12.433087,45.454391],[12.432911,45.454112],[12.43269,45.453818],[12.432404,45.453471],[12.432011,45.453058],[12.431632,45.452637],[12.431241,45.452221],[12.430898,45.451865],[12.430453,45.451553],[12.429821,45.451217],[12.428969,45.450729],[12.428411,45.450613],[12.427997,45.45022],[12.427567,45.449819],[12.426975,45.449403],[12.426332,45.449024],[12.425698,45.448584],[12.425152,45.448163],[12.424582,45.447847],[12.424147,45.447708],[12.423909,45.44748],[12.423758,45.447018],[12.423524,45.44643],[12.42314,45.445711],[12.422601,45.444988],[12.422206,45.444433],[12.421944,45.444063],[12.421759,45.443735],[12.421566,45.443279],[12.421383,45.442655],[12.421177,45.44204],[12.420984,45.441343],[12.420774,45.440441],[12.420582,45.439313],[12.420388,45.438456],[12.420244,45.437814],[12.421478,45.437081],[12.421638,45.434242],[12.422363,45.433521],[12.422871,45.432874],[12.423285,45.432299],[12.42362,45.431807],[12.424009,45.431467],[12.424457,45.431284],[12.424981,45.431143],[12.425576,45.430976],[12.426089,45.430696],[12.426476,45.430329],[12.426847,45.429914],[12.42712,45.429522],[12.430001,45.427706],[12.430899,45.426713],[12.43131,45.426155],[12.431848,45.425703],[12.432292,45.425455],[12.432568,45.425272],[12.432811,45.425039],[12.433166,45.424798],[12.433515,45.42463],[12.43374,45.424471],[12.433856,45.424274],[12.436401,45.422436],[12.436788,45.42234],[12.437115,45.422268],[12.437321,45.422332],[12.437426,45.42251],[12.434147,45.424738],[12.434291,45.425105],[12.434485,45.425598],[12.434677,45.426234],[12.434888,45.426791],[12.435081,45.427284],[12.435288,45.427775],[12.435475,45.428299],[12.435668,45.428706],[12.435838,45.428965],[12.43605,45.429104],[12.436302,45.429192],[12.4365,45.429322],[12.436648,45.429494],[12.436846,45.429634],[12.437094,45.429739],[12.437293,45.429879],[12.437442,45.430053],[12.437641,45.430193],[12.437889,45.430298],[12.438085,45.430439],[12.438229,45.430617],[12.438426,45.430758],[12.438694,45.430849],[12.438965,45.430937],[12.439036,45.431259],[12.439195,45.431334],[12.439433,45.431352],[12.441936,45.433036],[12.442333,45.433036],[12.444818,45.434672],[12.445699,45.434772],[12.446446,45.434929],[12.447159,45.435132],[12.447799,45.435387],[12.448233,45.435579],[12.448457,45.435747],[12.448586,45.435922],[12.448768,45.436056],[12.449011,45.436158],[12.44921,45.436296],[12.44936,45.436471],[12.449556,45.43661],[12.449792,45.436712],[12.449974,45.436846],[12.450133,45.437019],[12.450457,45.437181],[12.451035,45.437368],[12.45171,45.437635],[12.45237,45.437907],[12.453088,45.438207],[12.45384,45.43848],[12.454533,45.438753],[12.455118,45.438954],[12.458593,45.441097],[12.46008,45.4412],[12.461003,45.441338],[12.461502,45.441474],[12.461856,45.441613],[12.462194,45.441715],[12.464152,45.44303],[12.464695,45.443233],[12.465258,45.443486],[12.465745,45.443684],[12.466182,45.443862],[12.466663,45.444061],[12.467237,45.444335],[12.467861,45.444612],[12.468588,45.444915],[12.46936,45.445168],[12.470032,45.445364],[12.470464,45.445433],[12.47068,45.445524],[12.470858,45.445675],[12.471235,45.445806],[12.471805,45.44591],[12.472228,45.446073],[12.472523,45.446326],[12.472883,45.446594],[12.473282,45.446766],[12.473688,45.446852],[12.474141,45.446865],[12.474722,45.446926],[12.475412,45.447011],[12.476,45.447113],[12.475995,45.447732],[12.476467,45.448185],[12.476827,45.44856],[12.477221,45.448844],[12.477719,45.44902],[12.478431,45.449159],[12.479332,45.449277],[12.480041,45.449423],[12.480525,45.449615],[12.480889,45.449909],[12.481229,45.450235],[12.481803,45.450481],[12.48266,45.450527],[12.48367,45.450443],[12.484772,45.450428],[12.48556,45.450529],[12.486133,45.450666],[12.486809,45.45082],[12.487662,45.450959],[12.488344,45.451106],[12.488876,45.451241],[12.489465,45.451387],[12.490172,45.451522],[12.490769,45.451658],[12.491255,45.451759],[12.491621,45.451949],[12.492375,45.452154],[12.493075,45.452431],[12.493718,45.452705],[12.494397,45.452986],[12.495049,45.453194],[12.495568,45.453362],[12.495994,45.453493],[12.496391,45.453593],[12.496768,45.453591],[12.497077,45.45354],[12.497266,45.453599],[12.49741,45.453758],[12.497705,45.453912],[12.498245,45.454037],[12.498933,45.454175],[12.499687,45.454307],[12.500286,45.454452],[12.500788,45.454587],[12.501375,45.454732],[12.502082,45.454867],[12.502667,45.455014],[12.503139,45.455149],[12.503635,45.455286],[12.504232,45.455387],[12.504669,45.455606],[12.505114,45.455708],[12.505617,45.455847],[12.506174,45.455984],[12.506652,45.456128],[12.507046,45.456237],[12.507445,45.456321],[12.508013,45.456405],[12.508933,45.456634],[12.510132,45.456962],[12.51119,45.457362],[12.511863,45.457641],[12.512296,45.457822],[12.512691,45.45795],[12.513165,45.458085],[12.51372,45.458214],[12.514215,45.458359],[12.514634,45.458493],[12.515026,45.458638],[12.756423,45.458765],[12.756423,45.218499]]]}}],"crs":{"type":"name","properties":{"name":"urn:ogc:def:crs:OGC:1.3:CRS84"}}}